Price,Adj Close,Close,High,Low,Open,Volume
Ticker,AXISBANK.NS,AXISBANK.NS,AXISBANK.NS,AXISBANK.NS,AXISBANK.NS,AXISBANK.NS
Date,,,,,,
2020-01-01,745.0123901367188,748.7000122070312,759.9500122070312,747.2000122070312,754.9000244140625,4917748
2020-01-02,753.2216796875,756.9500122070312,759.0,747.5999755859375,750.0,5156046
2020-01-03,739.2907104492188,742.9500122070312,756.25,740.5,753.1500244140625,8489729
2020-01-06,719.6876831054688,723.25,739.5999755859375,721.7000122070312,739.4500122070312,6356198
2020-01-07,722.1754150390625,725.75,738.0,721.0499877929688,728.0,9103360
2020-01-08,720.9315185546875,724.5,725.75,709.0999755859375,715.25,8973215
2020-01-09,739.1910400390625,742.8499755859375,745.0,731.0,733.5499877929688,7559853
2020-01-10,736.4049682617188,740.0499877929688,751.7999877929688,734.7999877929688,743.0,8550490
2020-01-13,733.7680053710938,737.4000244140625,746.75,735.3499755859375,740.0,6423758
2020-01-14,744.21630859375,747.9000244140625,751.4000244140625,734.2000122070312,740.0,7237665
2020-01-15,742.6241455078125,746.2999877929688,749.0,738.0,747.0499877929688,7911661
2020-01-16,733.66845703125,737.2999877929688,750.4000244140625,735.0999755859375,746.5,6487613
2020-01-17,736.2556762695312,739.9000244140625,742.4500122070312,730.8499755859375,734.8499755859375,7678864
2020-01-20,723.6182250976562,727.2000122070312,746.2000122070312,725.0,742.9500122070312,10677371
2020-01-21,714.0654296875,717.5999755859375,729.5999755859375,716.0499877929688,726.3499755859375,8242803
2020-01-22,709.090087890625,712.5999755859375,722.75,706.5999755859375,717.0,13321307
2020-01-23,719.4389038085938,723.0,737.5499877929688,719.4000244140625,725.0499877929688,20643257
2020-01-24,733.7680053710938,737.4000244140625,741.7000122070312,720.4000244140625,723.4000244140625,9541490
2020-01-27,736.6039428710938,740.25,748.4500122070312,731.0,732.4500122070312,9170435
2020-01-28,733.5192260742188,737.1500244140625,746.5,735.0,738.4000244140625,7836737
2020-01-29,731.6285400390625,735.25,745.5,733.5499877929688,740.0,7985274
2020-01-30,727.300048828125,730.9000244140625,736.4000244140625,727.2999877929688,735.75,6041343
2020-01-31,725.7078247070312,729.2999877929688,737.25,725.2000122070312,734.7000122070312,8345819
2020-02-03,705.4581298828125,708.9500122070312,712.7999877929688,695.5499877929688,704.7000122070312,11594991
2020-02-04,711.4783325195312,715.0,720.5999755859375,710.0,712.4500122070312,9653925
2020-02-05,720.4837036132812,724.0499877929688,725.6500244140625,715.2000122070312,719.4500122070312,7975101
2020-02-06,733.3201904296875,736.9500122070312,745.0,723.0,727.4500122070312,9627252
2020-02-07,744.4650268554688,748.1500244140625,749.2000122070312,734.0,736.7000122070312,8438354
2020-02-10,737.44970703125,741.0999755859375,746.7999877929688,739.0,746.2999877929688,4713339
2020-02-11,746.2562255859375,749.9500122070312,757.0999755859375,742.0,743.0,7845657
2020-02-12,751.5300903320312,755.25,760.7000122070312,751.0,752.0,6190440
2020-02-13,744.1167602539062,747.7999877929688,753.4500122070312,742.2999877929688,751.0999755859375,5031706
2020-02-14,732.8723754882812,736.5,752.5499877929688,732.0999755859375,748.0999755859375,6155000
2020-02-17,734.7630004882812,738.4000244140625,743.0999755859375,730.2000122070312,737.4000244140625,4275465
2020-02-18,730.0364379882812,733.6500244140625,737.75,724.7000122070312,737.75,5215502
2020-02-19,737.3999633789062,741.0499877929688,745.0999755859375,735.3499755859375,740.6500244140625,4372673
2020-02-20,740.6339721679688,744.2999877929688,754.0,737.5999755859375,742.75,7529403
2020-02-24,721.8768310546875,725.4500122070312,738.4000244140625,723.0,737.9500122070312,6589087
2020-02-25,725.1605834960938,728.75,732.0,722.0499877929688,729.4000244140625,5419596
2020-02-26,725.8074340820312,729.4000244140625,735.75,722.0,725.2999877929688,7136975
2020-02-27,732.2255859375,735.8499755859375,739.4500122070312,716.5499877929688,728.7000122070312,8867328
2020-02-28,693.865478515625,697.2999877929688,724.7000122070312,691.0,718.9000244140625,16428944
2020-03-02,680.8300170898438,684.2000122070312,713.25,675.2999877929688,709.2999877929688,13854352
2020-03-03,683.7655029296875,687.1500244140625,695.7999877929688,675.0,689.9000244140625,11198145
2020-03-04,678.83984375,682.2000122070312,696.0,668.2999877929688,690.0,14802724
2020-03-05,674.56103515625,677.9000244140625,694.0,675.25,686.5,10508008
2020-03-06,654.4108276367188,657.6500244140625,660.7999877929688,641.0499877929688,650.0,12969235
2020-03-09,620.478759765625,623.5499877929688,641.8499755859375,615.0999755859375,639.0,14336369
2020-03-11,616.2994384765625,619.3499755859375,634.4000244140625,612.0999755859375,613.6500244140625,11021433
2020-03-12,540.5742797851562,543.25,594.0,528.1500244140625,592.0,29369378
2020-03-13,565.9984130859375,568.7999877929688,585.6500244140625,451.1000061035156,516.9500122070312,25599305
2020-03-16,506.0949401855469,508.6000061035156,545.0,502.3500061035156,542.3499755859375,21542970
2020-03-17,485.9447021484375,488.3500061035156,531.2999877929688,477.45001220703125,515.1500244140625,20590414
2020-03-18,471.1180725097656,473.45001220703125,506.04998779296875,392.1000061035156,490.0,36240904
2020-03-19,426.14068603515625,428.25,464.95001220703125,423.75,441.04998779296875,33243997
2020-03-20,426.0411682128906,428.1499938964844,449.70001220703125,414.20001220703125,431.3999938964844,30764236
2020-03-23,307.1297607421875,308.6499938964844,392.0,302.0,385.3500061035156,37622635
2020-03-24,301.6568603515625,303.1499938964844,337.5,291.0,331.95001220703125,50681510
2020-03-25,325.19036865234375,326.79998779296875,363.75,286.0,293.5,51993973
2020-03-26,339.71844482421875,341.3999938964844,399.0,332.0,335.95001220703125,62971564
2020-03-27,357.9780578613281,359.75,409.45001220703125,354.04998779296875,370.0,71042591
2020-03-30,366.336669921875,368.1499938964844,382.0,340.3500061035156,345.0,61772544
2020-03-31,377.13323974609375,379.0,389.79998779296875,372.6499938964844,384.3999938964844,34637148
2020-04-01,356.88348388671875,358.6499938964844,379.79998779296875,354.0,376.25,27744593
2020-04-03,323.8470458984375,325.45001220703125,362.29998779296875,324.0,360.20001220703125,41317365
2020-04-07,386.93475341796875,388.8500061035156,405.75,342.3500061035156,347.3999938964844,48093237
2020-04-08,389.42242431640625,391.3500061035156,427.70001220703125,373.5,383.75,64930598
2020-04-09,418.0805969238281,420.1499938964844,423.0,398.6499938964844,405.0,44090546
2020-04-13,416.886474609375,418.95001220703125,427.8999938964844,402.0,417.95001220703125,33431643
2020-04-15,415.24456787109375,417.29998779296875,451.6499938964844,412.45001220703125,434.0,48315019
2020-04-16,420.4687194824219,422.54998779296875,427.0,400.70001220703125,408.6000061035156,42344330
2020-04-17,476.44171142578125,478.79998779296875,485.8999938964844,432.3999938964844,450.0,47831797
2020-04-20,453.7042541503906,455.95001220703125,483.45001220703125,451.25,482.0,42163627
2020-04-21,418.5780944824219,420.6499938964844,439.95001220703125,412.95001220703125,436.0,33572119
2020-04-22,429.0263977050781,431.1499938964844,434.54998779296875,412.0,418.54998779296875,36619611
2020-04-23,427.93182373046875,430.04998779296875,439.8500061035156,426.04998779296875,434.6000061035156,29418000
2020-04-24,401.96038818359375,403.95001220703125,419.6499938964844,401.25,416.0,35773252
2020-04-27,425.19537353515625,427.29998779296875,429.5,409.1000061035156,415.0,35986805
2020-04-28,453.2066955566406,455.45001220703125,458.3999938964844,435.25,438.0,43938246
2020-04-29,436.9372253417969,439.1000061035156,448.8500061035156,425.95001220703125,430.75,61499689
2020-04-30,442.7087097167969,444.8999938964844,461.8999938964844,440.3999938964844,451.0,40382553
2020-05-04,400.8160095214844,402.79998779296875,424.0,399.70001220703125,424.0,37853978
2020-05-05,387.0840148925781,389.0,418.75,386.5,414.0,50981056
2020-05-06,386.93475341796875,388.8500061035156,394.45001220703125,368.04998779296875,385.0,67511628
2020-05-07,395.39288330078125,397.3500061035156,402.25,382.70001220703125,387.0,41339309
2020-05-08,380.16827392578125,382.04998779296875,409.45001220703125,379.6499938964844,403.5,33505509
2020-05-11,377.6805419921875,379.54998779296875,393.5,376.8500061035156,391.0,30141935
2020-05-12,384.9446105957031,386.8500061035156,391.79998779296875,370.0,376.29998779296875,38411107
2020-05-13,411.9609069824219,414.0,416.45001220703125,399.6000061035156,411.0,48206058
2020-05-14,399.9702453613281,401.95001220703125,411.0,397.6499938964844,405.04998779296875,31604212
2020-05-15,386.63623046875,388.54998779296875,403.8999938964844,386.79998779296875,402.75,25435025
2020-05-18,357.03271484375,358.79998779296875,389.0,352.29998779296875,389.0,47864748
2020-05-19,352.7539367675781,354.5,372.5,350.1000061035156,368.79998779296875,42889678
2020-05-20,360.7145080566406,362.5,366.29998779296875,350.0,353.0,30720803
2020-05-21,355.440673828125,357.20001220703125,369.0,355.70001220703125,363.0,24794914
2020-05-22,335.2903747558594,336.95001220703125,359.75,332.8500061035156,352.1000061035156,48367892
2020-05-26,339.6189270019531,341.29998779296875,347.70001220703125,336.3500061035156,342.0,30692834
2020-05-27,385.0938720703125,387.0,392.45001220703125,341.5,346.1000061035156,72430787
2020-05-28,389.0244140625,390.95001220703125,407.6499938964844,387.0,390.0,72693713
2020-05-29,383.053955078125,384.95001220703125,389.25,375.3500061035156,382.0,51056390
2020-06-01,394.9948425292969,396.95001220703125,409.5,392.54998779296875,394.29998779296875,44252980
2020-06-02,408.080078125,410.1000061035156,415.0,391.54998779296875,398.0,37508638
2020-06-03,407.5328063964844,409.54998779296875,432.0,405.25,422.0,49055899
2020-06-04,392.4076843261719,394.3500061035156,413.8999938964844,391.54998779296875,407.6000061035156,45553578
2020-06-05,403.3037109375,405.29998779296875,409.8999938964844,390.5,399.0,39002875
2020-06-08,428.1308288574219,430.25,444.75,414.0,415.0,60387580
2020-06-09,417.9810485839844,420.04998779296875,442.5,416.5,434.95001220703125,46273705
2020-06-10,425.3446350097656,427.45001220703125,432.70001220703125,415.29998779296875,422.20001220703125,36163051
2020-06-11,411.41357421875,413.45001220703125,435.54998779296875,408.70001220703125,426.5,45562670
2020-06-12,405.99041748046875,408.0,412.5,389.1499938964844,390.0,47813512
2020-06-15,387.6810607910156,389.6000061035156,405.95001220703125,383.6499938964844,405.95001220703125,39577100
2020-06-16,379.670654296875,381.54998779296875,405.0,360.3999938964844,404.8999938964844,96186227
2020-06-17,387.6810607910156,389.6000061035156,397.75,375.29998779296875,377.45001220703125,56949066
2020-06-18,403.4032287597656,405.3999938964844,408.04998779296875,384.0,386.0,43773580
2020-06-19,414.9958190917969,417.04998779296875,422.29998779296875,407.5,407.5,52085319
2020-06-22,428.03131103515625,430.1499938964844,435.8999938964844,418.1000061035156,420.0,40454004
2020-06-23,441.4648132324219,443.6499938964844,445.0,430.3999938964844,430.5,30757220
2020-06-24,422.5583801269531,424.6499938964844,448.5,422.20001220703125,448.0,33577082
2020-06-25,419.6229553222656,421.70001220703125,428.70001220703125,410.3500061035156,419.0,49853200
2020-06-26,422.7574462890625,424.8500061035156,428.75,418.0,426.0,32610915
2020-06-29,402.80615234375,404.79998779296875,415.79998779296875,402.3500061035156,415.0,36319455
2020-06-30,404.6470642089844,406.6499938964844,414.79998779296875,404.04998779296875,410.0,26951915
2020-07-01,431.1160888671875,433.25,437.3500061035156,406.6499938964844,410.0,53380512
2020-07-02,421.1156005859375,423.20001220703125,441.5,421.29998779296875,441.0,50362770
2020-07-03,426.3396911621094,428.45001220703125,431.6000061035156,423.6499938964844,430.0,31044457
2020-07-06,431.86236572265625,434.0,437.6000061035156,431.1000061035156,434.1499938964844,18424079
2020-07-07,445.1466064453125,447.3500061035156,449.0,426.20001220703125,433.5,37991679
2020-07-08,441.96234130859375,444.1499938964844,461.3999938964844,441.0,450.0,45877067
2020-07-09,451.51507568359375,453.75,457.0,446.04998779296875,447.8500061035156,29162679
2020-07-10,437.434814453125,439.6000061035156,451.45001220703125,437.0,449.8999938964844,25676354
2020-07-13,437.8825378417969,440.04998779296875,446.3999938964844,432.75,443.95001220703125,21326370
2020-07-14,415.64263916015625,417.70001220703125,435.79998779296875,415.3999938964844,434.8999938964844,25685579
2020-07-15,424.548583984375,426.6499938964844,444.45001220703125,422.75,424.0,43250557
2020-07-16,431.86236572265625,434.0,436.1499938964844,418.45001220703125,431.95001220703125,30183647
2020-07-17,430.966796875,433.1000061035156,439.8999938964844,424.6000061035156,434.0,33464985
2020-07-20,431.86236572265625,434.0,442.79998779296875,429.29998779296875,437.70001220703125,30400586
2020-07-21,444.00225830078125,446.20001220703125,451.0,438.5,440.0,43147019
2020-07-22,476.5909729003906,478.95001220703125,484.6000061035156,460.1000061035156,478.0,89611937
2020-07-23,458.58013916015625,460.8500061035156,474.75,459.20001220703125,472.95001220703125,40249567
2020-07-24,443.40521240234375,445.6000061035156,456.6000061035156,441.54998779296875,456.6000061035156,30566635
2020-07-27,429.4244079589844,431.54998779296875,448.0,429.8999938964844,447.0,21924237
2020-07-28,434.8973693847656,437.04998779296875,440.0,424.3999938964844,434.0,33057573
2020-07-29,438.7283935546875,440.8999938964844,447.0,434.29998779296875,435.75,24404819
2020-07-30,423.75250244140625,425.8500061035156,445.8999938964844,424.75,441.8999938964844,26861618
2020-07-31,429.5238952636719,431.6499938964844,434.45001220703125,421.29998779296875,429.0,27499638
2020-08-03,415.29437255859375,417.3500061035156,431.8999938964844,415.70001220703125,431.6000061035156,23824107
2020-08-04,427.0362854003906,429.1499938964844,431.20001220703125,417.3500061035156,421.8500061035156,24746211
2020-08-05,432.8077087402344,434.95001220703125,446.8500061035156,433.1499938964844,439.0,36932321
2020-08-06,430.8672790527344,433.0,438.29998779296875,427.1000061035156,436.0,33465135
2020-08-07,431.1658020019531,433.29998779296875,437.0,427.1499938964844,431.45001220703125,15569399
2020-08-10,428.9766845703125,431.1000061035156,437.0,429.29998779296875,434.0,14888044
2020-08-11,445.79339599609375,448.0,449.8999938964844,435.29998779296875,435.29998779296875,30469633
2020-08-12,448.8781433105469,451.1000061035156,452.75,438.95001220703125,444.79998779296875,23184137
2020-08-13,445.8929443359375,448.1000061035156,456.75,445.3500061035156,454.1000061035156,21885850
2020-08-14,433.7032470703125,435.8500061035156,451.5,425.6000061035156,451.5,36725538
2020-08-17,435.9919128417969,438.1499938964844,441.0,425.3500061035156,439.1000061035156,30198343
2020-08-18,443.6042175292969,445.79998779296875,447.25,435.29998779296875,439.5,21768516
2020-08-19,442.01214599609375,444.20001220703125,451.95001220703125,442.45001220703125,446.0,18127671
2020-08-20,432.8077087402344,434.95001220703125,441.29998779296875,433.25,437.8999938964844,16688938
2020-08-21,438.2806091308594,440.45001220703125,444.8500061035156,436.25,440.0,25087973
2020-08-24,443.6042175292969,445.79998779296875,449.45001220703125,442.29998779296875,444.0,18196776
2020-08-25,449.57464599609375,451.79998779296875,456.3999938964844,447.1000061035156,450.95001220703125,26273592
2020-08-26,461.06781005859375,463.3500061035156,464.79998779296875,449.0,452.0,25914508
2020-08-27,470.7200012207031,473.04998779296875,474.5,464.0,464.0,19544214
2020-08-28,506.6919860839844,509.20001220703125,513.0,476.04998779296875,476.45001220703125,59179945
2020-08-31,494.30328369140625,496.75,533.8499755859375,486.29998779296875,524.4500122070312,55830536
2020-09-01,483.3077087402344,485.70001220703125,503.3999938964844,479.6499938964844,495.04998779296875,33276725
2020-09-02,482.01409912109375,484.3999938964844,487.95001220703125,472.1000061035156,487.0,20750575
2020-09-03,472.61065673828125,474.95001220703125,489.95001220703125,473.1000061035156,488.3999938964844,14045705
2020-09-04,452.95794677734375,455.20001220703125,472.95001220703125,452.6000061035156,469.0,29405304
2020-09-07,456.4407043457031,458.70001220703125,467.1499938964844,450.6499938964844,457.0,25967554
2020-09-08,442.161376953125,444.3500061035156,462.3999938964844,441.25,459.79998779296875,21052285
2020-09-09,429.12591552734375,431.25,443.3500061035156,425.0,439.8999938964844,31657672
2020-09-10,444.6490783691406,446.8500061035156,448.70001220703125,430.75,436.45001220703125,34434841
2020-09-11,444.997314453125,447.20001220703125,449.8500061035156,439.25,446.0,18620781
2020-09-14,438.3800964355469,440.54998779296875,455.0,438.0,452.0,17622727
2020-09-15,447.33575439453125,449.54998779296875,451.8999938964844,435.8999938964844,441.04998779296875,17328721
2020-09-16,443.8032531738281,446.0,450.6000061035156,440.0,449.54998779296875,20016188
2020-09-17,440.718505859375,442.8999938964844,446.45001220703125,438.5,440.95001220703125,14306232
2020-09-18,441.16632080078125,443.3500061035156,449.29998779296875,436.04998779296875,444.54998779296875,20809690
2020-09-21,421.26483154296875,423.3500061035156,444.0,420.54998779296875,443.0,19013877
2020-09-22,409.970703125,412.0,426.6499938964844,406.29998779296875,424.0,27558176
2020-09-23,417.6825256347656,419.75,422.8999938964844,406.1000061035156,418.1000061035156,18612700
2020-09-24,400.4677734375,402.45001220703125,414.29998779296875,401.1499938964844,414.0,21177182
2020-09-25,413.00567626953125,415.04998779296875,416.70001220703125,400.1499938964844,407.5,20460096
2020-09-28,437.08648681640625,439.25,440.6000061035156,418.04998779296875,420.0,19387091
2020-09-29,424.7475891113281,426.8500061035156,443.29998779296875,424.79998779296875,442.3999938964844,19996904
2020-09-30,422.5583801269531,424.6499938964844,428.1000061035156,418.75,427.0,18485278
2020-10-01,441.51458740234375,443.70001220703125,445.29998779296875,427.3999938964844,430.20001220703125,21083211
2020-10-05,441.96234130859375,444.1499938964844,456.45001220703125,439.04998779296875,444.04998779296875,24252318
2020-10-06,447.43524169921875,449.6499938964844,452.70001220703125,442.70001220703125,449.5,19387351
2020-10-07,450.8683166503906,453.1000061035156,455.95001220703125,443.5,447.0,19873734
2020-10-08,449.6741943359375,451.8999938964844,461.6499938964844,447.25,455.54998779296875,20909290
2020-10-09,465.7446594238281,468.04998779296875,469.79998779296875,450.1499938964844,453.29998779296875,28048230
2020-10-12,465.69488525390625,468.0,480.0,462.29998779296875,473.5,21261504
2020-10-13,459.0776672363281,461.3500061035156,473.0,459.75,465.8999938964844,15582492
2020-10-14,468.9786071777344,471.29998779296875,474.6499938964844,454.0,458.0,13984621
2020-10-15,460.3215026855469,462.6000061035156,481.95001220703125,460.0,473.3999938964844,28971494
2020-10-16,470.0732116699219,472.3999938964844,475.5,463.0,465.1499938964844,16288157
2020-10-19,490.52203369140625,492.95001220703125,495.8999938964844,476.25,477.04998779296875,28131936
2020-10-20,491.5170593261719,493.95001220703125,498.6499938964844,485.1000061035156,485.8500061035156,21376064
2020-10-21,498.98016357421875,501.45001220703125,507.5,486.6000061035156,496.8999938964844,27029535
2020-10-22,507.7864990234375,510.29998779296875,513.0,495.6499938964844,496.0,30022336
2020-10-23,504.7018737792969,507.20001220703125,515.5,504.5,513.9000244140625,18810262
2020-10-26,490.9200134277344,493.3500061035156,509.8500061035156,490.8999938964844,508.25,17446937
2020-10-27,505.5974426269531,508.1000061035156,512.25,482.6499938964844,494.0,24239860
2020-10-28,502.2141418457031,504.70001220703125,517.5,493.5,510.79998779296875,30343575
2020-10-29,491.4176025390625,493.8500061035156,516.3499755859375,489.3500061035156,506.0,50934336
2020-10-30,490.0742492675781,492.5,501.54998779296875,481.6000061035156,495.0,23140833
2020-11-02,520.07568359375,522.6500244140625,531.7000122070312,495.1000061035156,496.8500061035156,37597227
2020-11-03,531.51904296875,534.1500244140625,537.0,524.0,525.0,25991938
2020-11-04,522.5634765625,525.1500244140625,533.8499755859375,511.0,525.0999755859375,28905623
2020-11-05,536.6436767578125,539.2999877929688,542.5,527.5499877929688,534.9000244140625,23728389
2020-11-06,539.0816650390625,541.75,546.0,531.2000122070312,538.75,22256961
2020-11-09,562.266845703125,565.0499877929688,568.0,548.25,550.0,26041462
2020-11-10,580.7254638671875,583.5999755859375,588.0,568.25,572.0,34935409
2020-11-11,605.6521606445312,608.6500244140625,611.1500244140625,576.4000244140625,579.8499755859375,50289937
2020-11-12,596.7462768554688,599.7000122070312,610.4500122070312,588.7999877929688,601.9500122070312,34244439
2020-11-13,607.3436889648438,610.3499755859375,612.3499755859375,584.2999877929688,595.0,28813262
2020-11-14,610.1300048828125,613.1500244140625,618.0,605.5499877929688,613.9500122070312,3211214
2020-11-17,625.702880859375,628.7999877929688,630.9000244140625,609.0,613.1500244140625,25960060
2020-11-18,633.1658325195312,636.2999877929688,640.0,622.0499877929688,625.0,24928180
2020-11-19,608.4881591796875,611.5,633.0,609.0499877929688,619.0,26525371
2020-11-20,604.8560180664062,607.8499755859375,616.5,592.0,615.0,29556191
2020-11-23,592.6663818359375,595.5999755859375,612.5999755859375,592.7000122070312,610.9500122070312,23728765
2020-11-24,616.5979614257812,619.6500244140625,622.5999755859375,600.5499877929688,603.0,30742369
2020-11-25,596.8954467773438,599.8499755859375,630.0,596.0,625.0,35115637
2020-11-26,609.5328979492188,612.5499877929688,618.2000122070312,594.0499877929688,602.25,35476456
2020-11-27,598.6368408203125,601.5999755859375,613.6500244140625,598.75,612.0,29921076
2020-12-01,600.6768188476562,603.6500244140625,615.0,596.2000122070312,611.0,21285697
2020-12-02,605.1048583984375,608.0999755859375,613.5,601.25,607.0,19070722
2020-12-03,599.7315063476562,602.7000122070312,611.0,600.3499755859375,610.1500244140625,17746316
2020-12-04,611.4733276367188,614.5,616.4500122070312,603.2000122070312,606.5999755859375,20019707
2020-12-07,616.199951171875,619.25,624.4000244140625,612.4500122070312,616.9500122070312,24658169
2020-12-08,617.5930786132812,620.6500244140625,623.8499755859375,611.5999755859375,619.0999755859375,16005349
2020-12-09,631.0763549804688,634.2000122070312,636.7000122070312,619.0,619.1500244140625,22000284
2020-12-10,623.9614868164062,627.0499877929688,632.4500122070312,620.3499755859375,624.5,16126862
2020-12-11,610.2294921875,613.25,631.6500244140625,608.3499755859375,626.3499755859375,17950692
2020-12-14,612.8663940429688,615.9000244140625,623.7999877929688,612.4000244140625,616.0,14567480
2020-12-15,604.1097412109375,607.0999755859375,615.75,602.2999877929688,615.75,22311290
2020-12-16,603.1146240234375,606.0999755859375,614.9000244140625,604.7999877929688,613.5499877929688,14860853
2020-12-17,602.4181518554688,605.4000244140625,611.0,603.2000122070312,607.25,14598759
2020-12-18,606.4979248046875,609.5,611.0,596.5,604.4000244140625,17301814
2020-12-21,579.6309204101562,582.5,607.25,573.4000244140625,605.25,18580262
2020-12-22,586.84521484375,589.75,593.9500122070312,568.4000244140625,585.0,19896386
2020-12-23,589.5320434570312,592.4500122070312,594.5,584.2999877929688,589.0,12247401
2020-12-24,607.1944580078125,610.2000122070312,614.0,594.1500244140625,595.0,15488083
2020-12-28,614.6077880859375,617.6500244140625,620.7999877929688,614.0,614.0,8444506
2020-12-29,627.095947265625,630.2000122070312,632.4000244140625,618.5999755859375,620.7000122070312,13765454
2020-12-30,622.0210571289062,625.0999755859375,634.0,618.2000122070312,632.25,10262221
2020-12-31,617.39404296875,620.4500122070312,625.9500122070312,616.0,622.4000244140625,12306502
2021-01-01,620.7275390625,623.7999877929688,625.4500122070312,617.5499877929688,620.25,6047062
2021-01-04,621.6231079101562,624.7000122070312,633.0,621.2999877929688,627.7999877929688,14068156
2021-01-05,661.1773681640625,664.4500122070312,667.9000244140625,618.0,618.0,37973963
2021-01-06,651.0275268554688,654.25,667.1500244140625,649.1500244140625,662.0,20829645
2021-01-07,667.7945556640625,671.0999755859375,676.5,659.0,659.0,17887570
2021-01-08,669.38671875,672.7000122070312,678.8499755859375,668.5,678.0,12272794
2021-01-11,663.6649780273438,666.9500122070312,676.6500244140625,660.1500244140625,676.0,7928365
2021-01-12,672.3718872070312,675.7000122070312,685.0,659.25,661.2999877929688,13301893
2021-01-13,684.4122924804688,687.7999877929688,691.2000122070312,669.0499877929688,676.0,15645903
2021-01-14,672.67041015625,676.0,687.7999877929688,674.6500244140625,678.5,9337503
2021-01-15,671.5260620117188,674.8499755859375,682.9500122070312,669.5999755859375,677.5999755859375,12339771
2021-01-18,653.7640380859375,657.0,675.0,651.1500244140625,674.4500122070312,13460603
2021-01-19,665.4561767578125,668.75,671.9500122070312,659.75,663.5499877929688,9010539
2021-01-20,672.4216918945312,675.75,680.9500122070312,664.0,664.0,9980614
2021-01-21,672.5211181640625,675.8499755859375,695.0,669.75,680.75,15849438
2021-01-22,641.3255615234375,644.5,673.9000244140625,638.7999877929688,670.0,21392223
2021-01-25,655.1571044921875,658.4000244140625,668.0,639.3499755859375,654.0,21325345
2021-01-27,628.9866333007812,632.0999755859375,663.7999877929688,627.4000244140625,659.9500122070312,24462588
2021-01-28,667.3965454101562,670.7000122070312,674.7000122070312,616.0,622.0,64303975
2021-01-29,659.6348876953125,662.9000244140625,675.8499755859375,653.0,671.0,31273252
2021-02-01,705.8561401367188,709.3499755859375,717.0,654.3499755859375,665.0,30648270
2021-02-02,710.6822509765625,714.2000122070312,744.9500122070312,704.2000122070312,719.25,28703320
2021-02-03,730.1856689453125,733.7999877929688,736.7999877929688,715.5499877929688,720.0,23541361
2021-02-04,740.2359619140625,743.9000244140625,745.5,720.5999755859375,730.0,20490289
2021-02-05,716.0556030273438,719.5999755859375,766.2999877929688,717.0,749.0,31121503
2021-02-08,732.5242309570312,736.1500244140625,747.7999877929688,726.0,726.0,15662890
2021-02-09,738.8428955078125,742.5,750.0,726.2000122070312,735.75,22307807
2021-02-10,731.1807861328125,734.7999877929688,746.4000244140625,726.0999755859375,741.5499877929688,15140744
2021-02-11,736.4546508789062,740.0999755859375,744.1500244140625,731.0,731.0,11897710
2021-02-12,746.7039794921875,750.4000244140625,754.7000122070312,734.5499877929688,735.5,15668442
2021-02-15,790.0892333984375,794.0,799.0,753.9000244140625,759.9000244140625,20648115
2021-02-16,771.2325439453125,775.0499877929688,799.0,767.0,799.0,23968943
2021-02-17,773.9192504882812,777.75,785.0,764.2999877929688,774.0,16956357
2021-02-18,773.1729736328125,777.0,782.0,764.0,775.0,19685663
2021-02-19,745.9576416015625,749.6500244140625,777.2000122070312,741.3499755859375,772.9000244140625,15634787
2021-02-22,715.906494140625,719.4500122070312,749.8499755859375,715.0,749.6500244140625,18123202
2021-02-23,712.4236450195312,715.9500122070312,734.9500122070312,712.5999755859375,732.3499755859375,16804763
2021-02-24,745.7089233398438,749.4000244140625,754.9000244140625,717.0499877929688,722.0,11207286
2021-02-25,766.854248046875,770.6500244140625,783.5,762.1500244140625,765.0,26635119
2021-02-26,721.2300415039062,724.7999877929688,758.7000122070312,718.6500244140625,746.0,31306177
2021-03-01,724.9615478515625,728.5499877929688,743.5,722.25,738.0,14301187
2021-03-02,727.6482543945312,731.25,740.5,722.0,730.4500122070312,14503453
2021-03-03,750.2364501953125,753.9500122070312,760.7999877929688,735.0999755859375,740.5,13603791
2021-03-04,733.1709594726562,736.7999877929688,751.4500122070312,731.0999755859375,731.0999755859375,16896947
2021-03-05,727.1507568359375,730.75,744.0999755859375,720.5,732.0,16358252
2021-03-08,739.6389770507812,743.2999877929688,752.5,732.0,735.0,13898556
2021-03-09,741.7783813476562,745.4500122070312,758.7000122070312,740.0,758.7000122070312,18951683
2021-03-10,757.0029907226562,760.75,765.7000122070312,749.1500244140625,750.5,13377990
2021-03-12,746.9028930664062,750.5999755859375,776.5999755859375,745.0,772.5999755859375,16343307
2021-03-15,740.733642578125,744.4000244140625,754.0,716.6500244140625,754.0,22466579
2021-03-16,734.1162719726562,737.75,752.0,735.9500122070312,751.0,11358574
2021-03-17,724.3148193359375,727.9000244140625,742.0,724.7000122070312,739.0,12380976
2021-03-18,715.2098388671875,718.75,743.0999755859375,707.25,736.0,12261544
2021-03-19,722.6728515625,726.25,729.3499755859375,703.5,709.0,20377672
2021-03-22,712.6724243164062,716.2000122070312,730.0,709.2999877929688,719.0,14802230
2021-03-23,726.9517211914062,730.5499877929688,739.5,714.0999755859375,718.0,15949688
2021-03-24,702.9207153320312,706.4000244140625,725.0,703.2999877929688,723.25,14379147
2021-03-25,691.1787719726562,694.5999755859375,710.9000244140625,680.0,709.5,21179280
2021-03-26,694.7610473632812,698.2000122070312,707.0,693.1500244140625,707.0,13143312
2021-03-30,691.9251098632812,695.3499755859375,713.2999877929688,691.0,705.0,25965218
2021-03-31,694.0147705078125,697.4500122070312,703.5499877929688,692.0999755859375,696.0,14924620
2021-04-01,709.4880981445312,713.0,717.0,695.5499877929688,706.2999877929688,13090326
2021-04-05,681.8748779296875,685.25,708.4500122070312,677.4500122070312,707.2000122070312,16239521
2021-04-06,674.56103515625,677.9000244140625,693.5,675.5,690.0999755859375,12062011
2021-04-07,684.860107421875,688.25,691.9000244140625,668.4000244140625,680.5,14433515
2021-04-08,678.2427368164062,681.5999755859375,695.5,679.3499755859375,691.5,9026398
2021-04-09,664.9088134765625,668.2000122070312,686.7999877929688,667.0,679.2999877929688,12509114
2021-04-12,632.4693603515625,635.5999755859375,655.0,626.6500244140625,651.0,14649541
2021-04-13,657.7442626953125,661.0,664.8499755859375,630.0,635.5999755859375,12737650
2021-04-15,665.5555419921875,668.8499755859375,671.3499755859375,652.2999877929688,666.4500122070312,15195951
2021-04-16,665.9039306640625,669.2000122070312,675.25,662.3499755859375,668.6500244140625,12242522
2021-04-19,644.9576416015625,648.1500244140625,655.2999877929688,631.0,650.0,17292072
2021-04-20,648.5398559570312,651.75,662.0,643.0,656.0,12296248
2021-04-22,655.45556640625,658.7000122070312,660.9500122070312,634.4000244140625,641.0,19385102
2021-04-23,668.0432739257812,671.3499755859375,677.5,650.9000244140625,656.0,19167768
2021-04-26,697.0,700.4500122070312,703.7999877929688,684.5,694.0,21646184
2021-04-27,696.1044311523438,699.5499877929688,703.9000244140625,684.0999755859375,691.0999755859375,46559967
2021-04-28,704.662109375,708.1500244140625,712.5,688.1500244140625,708.0,54060587
2021-04-29,715.856689453125,719.4000244140625,726.9000244140625,707.0,712.0,25939327
2021-04-30,711.3787841796875,714.9000244140625,729.8499755859375,705.0,705.0,23011654
2021-05-03,699.28857421875,702.75,708.0,692.0999755859375,706.0,13752878
2021-05-04,696.9004516601562,700.3499755859375,718.6500244140625,698.0999755859375,704.0,11980155
2021-05-05,713.66748046875,717.2000122070312,719.0499877929688,700.0,709.0,11155033
2021-05-06,712.2246704101562,715.75,722.8499755859375,710.25,718.0,9484934
2021-05-07,713.2197265625,716.75,726.9000244140625,714.0,721.0,7131970
2021-05-10,711.72705078125,715.25,725.0,714.0,723.5,7980462
2021-05-11,703.865966796875,707.3499755859375,713.7000122070312,703.0,704.7999877929688,12736700
2021-05-12,687.8950805664062,691.2999877929688,705.75,689.0499877929688,704.0,10856584
2021-05-14,681.6260986328125,685.0,698.5999755859375,681.4000244140625,695.0,9377968
2021-05-17,705.7566528320312,709.25,710.2999877929688,684.4000244140625,691.5,12099197
2021-05-18,708.144775390625,711.6500244140625,726.0,708.5,720.0,19519055
2021-05-19,713.2693481445312,716.7999877929688,723.7000122070312,702.2000122070312,704.0,20244016
2021-05-20,702.4231567382812,705.9000244140625,714.4000244140625,704.5499877929688,708.5999755859375,18840413
2021-05-21,727.300048828125,730.9000244140625,733.4000244140625,707.0,707.0,15883692
2021-05-24,737.4996337890625,741.1500244140625,747.5,726.75,730.4000244140625,15716900
2021-05-25,727.94677734375,731.5499877929688,745.0,725.8499755859375,744.4000244140625,11344261
2021-05-26,731.479248046875,735.0999755859375,741.4000244140625,729.5,738.0,9081086
2021-05-27,746.654296875,750.3499755859375,753.8499755859375,731.0,737.2000122070312,23040846
2021-05-28,736.2058715820312,739.8499755859375,759.7000122070312,738.5,752.5999755859375,17149692
2021-05-31,747.0025024414062,750.7000122070312,753.0,734.0,737.9000244140625,9275086
2021-06-01,741.4797973632812,745.1500244140625,754.0,741.1500244140625,753.5499877929688,6660243
2021-06-02,733.3699951171875,737.0,745.2999877929688,734.2000122070312,744.7999877929688,9973043
2021-06-03,746.9527587890625,750.6500244140625,752.25,739.0,743.0,8170508
2021-06-04,738.39501953125,742.0499877929688,759.9000244140625,740.0999755859375,751.0,10336011
2021-06-07,747.4004516601562,751.0999755859375,753.9500122070312,741.5,743.0999755859375,6986728
2021-06-08,742.673828125,746.3499755859375,751.0999755859375,739.5,751.0,6426815
2021-06-09,733.1211547851562,736.75,751.25,730.1500244140625,746.0,8004726
2021-06-10,740.5842895507812,744.25,745.3499755859375,732.9000244140625,739.4500122070312,7795125
2021-06-11,734.8129272460938,738.4500122070312,746.25,737.0,746.25,4840759
2021-06-14,732.6236572265625,736.25,741.4000244140625,725.0,735.9000244140625,5190670
2021-06-15,747.2015380859375,750.9000244140625,752.0,732.0,736.0,9686490
2021-06-16,746.1068725585938,749.7999877929688,756.8499755859375,746.25,748.7999877929688,8614096
2021-06-17,734.9620361328125,738.5999755859375,745.4000244140625,736.0,741.9500122070312,6674329
2021-06-18,732.67333984375,736.2999877929688,743.2000122070312,722.25,742.1500244140625,8143792
2021-06-21,735.9073486328125,739.5499877929688,740.9000244140625,720.5,725.0,6464497
2021-06-22,735.7083129882812,739.3499755859375,749.0,737.0499877929688,743.2000122070312,6727233
2021-06-23,728.742919921875,732.3499755859375,743.75,730.7999877929688,743.2000122070312,6154147
2021-06-24,735.5093994140625,739.1500244140625,742.9500122070312,731.0999755859375,735.9000244140625,5313822
2021-06-25,757.6000366210938,761.3499755859375,765.9500122070312,737.5499877929688,737.5499877929688,11170037
2021-06-28,758.6448364257812,762.4000244140625,769.5999755859375,757.75,764.5499877929688,7672743
2021-06-29,748.246337890625,751.9500122070312,763.5499877929688,750.0499877929688,761.0,7500655
2021-06-30,744.6143188476562,748.2999877929688,760.5,746.5499877929688,752.5,5459970
2021-07-01,742.7734375,746.4500122070312,754.4000244140625,744.5,750.0,5695690
2021-07-02,746.9527587890625,750.6500244140625,752.8499755859375,744.0,747.5999755859375,3557647
2021-07-05,756.6049194335938,760.3499755859375,762.0,753.4000244140625,757.0999755859375,4680089
2021-07-06,754.61474609375,758.3499755859375,767.0,755.2000122070312,757.0,5529485
2021-07-07,759.1423950195312,762.9000244140625,764.0,752.25,755.9000244140625,3573368
2021-07-08,750.6842651367188,754.4000244140625,767.1500244140625,751.7000122070312,760.0,4188267
2021-07-09,743.6688842773438,747.3499755859375,752.9000244140625,740.25,752.0,5782119
2021-07-12,749.8881225585938,753.5999755859375,757.7999877929688,748.2999877929688,752.5,4475466
2021-07-13,766.9537353515625,770.75,773.0,755.0,759.0,9810976
2021-07-14,766.2572021484375,770.0499877929688,773.4500122070312,764.0,770.9500122070312,5621924
2021-07-15,770.3370361328125,774.1500244140625,778.25,766.5,770.5,4239868
2021-07-16,767.3517456054688,771.1500244140625,776.0,766.5499877929688,776.0,2913553
2021-07-19,751.4803466796875,755.2000122070312,766.6500244140625,749.5999755859375,752.2999877929688,5554486
2021-07-20,742.076904296875,745.75,755.2000122070312,744.2000122070312,755.0,5815740
2021-07-22,743.0718994140625,746.75,758.5,741.0,750.0999755859375,7876163
2021-07-23,751.6793823242188,755.4000244140625,764.0,740.0999755859375,749.0,6604465
2021-07-26,752.574951171875,756.2999877929688,760.0,745.0,754.0,7890992
2021-07-27,728.0961303710938,731.7000122070312,756.0,729.0999755859375,750.5,15441543
2021-07-28,719.3394165039062,722.9000244140625,734.7999877929688,712.0999755859375,734.7999877929688,11102486
2021-07-29,713.7172241210938,717.25,728.5,716.0,720.0,6855673
2021-07-30,705.4083862304688,708.9000244140625,718.6500244140625,707.1500244140625,718.0499877929688,10358450
2021-08-02,717.5980224609375,721.1500244140625,725.5499877929688,712.0,715.0,6823345
2021-08-03,734.9620361328125,738.5999755859375,740.8499755859375,719.2999877929688,724.0,9265839
2021-08-04,750.087158203125,753.7999877929688,757.0,738.6500244140625,740.5,9744349
2021-08-05,745.609375,749.2999877929688,755.0,743.5,753.0,7246991
2021-08-06,737.2009887695312,740.8499755859375,757.6500244140625,738.7999877929688,747.0,6522599
2021-08-09,751.7788696289062,755.5,757.4000244140625,739.75,741.0,6064688
2021-08-10,757.7990112304688,761.5499877929688,764.0,755.0,755.5,8309248
2021-08-11,757.052734375,760.7999877929688,769.0,752.5,765.0,6429468
2021-08-12,753.6196899414062,757.3499755859375,763.4000244140625,753.3499755859375,759.0,3572081
2021-08-13,756.1571655273438,759.9000244140625,764.5,754.2000122070312,757.5,4239376
2021-08-16,758.246826171875,762.0,765.7999877929688,756.0,756.0,3967629
2021-08-17,753.0226440429688,756.75,760.0,749.2999877929688,759.0,5576110
2021-08-18,750.6842651367188,754.4000244140625,763.7999877929688,750.5,763.7999877929688,5370460
2021-08-20,736.6039428710938,740.25,749.0,736.2000122070312,745.7999877929688,6092036
2021-08-23,732.474365234375,736.0999755859375,749.5,734.4000244140625,749.5,3614761
2021-08-24,742.673828125,746.3499755859375,749.7000122070312,731.5,736.0,4537435
2021-08-25,735.4098510742188,739.0499877929688,751.4500122070312,735.2000122070312,748.2000122070312,6726509
2021-08-26,742.673828125,746.3499755859375,750.0,732.3499755859375,734.0999755859375,6492155
2021-08-27,748.6941528320312,752.4000244140625,759.5999755859375,741.0,746.5,5841967
2021-08-30,780.188232421875,784.0499877929688,789.5,754.0,756.0,12517507
2021-08-31,782.6260986328125,786.5,789.0,778.4000244140625,784.9000244140625,12114870
2021-09-01,794.965087890625,798.9000244140625,819.0,795.4000244140625,798.0999755859375,19972195
2021-09-02,798.746337890625,802.7000122070312,806.0999755859375,792.4000244140625,795.5,6799617
2021-09-03,794.0695190429688,798.0,809.9000244140625,787.7000122070312,804.5,7509746
2021-09-06,796.8556518554688,800.7999877929688,805.9000244140625,795.3499755859375,800.8499755859375,4539192
2021-09-07,783.9695434570312,787.8499755859375,799.4000244140625,782.0499877929688,798.0,6926921
2021-09-08,790.7857666015625,794.7000122070312,797.3499755859375,783.0,790.0,5903035
2021-09-09,786.2581176757812,790.1500244140625,793.7000122070312,784.2000122070312,789.0,4909325
2021-09-13,784.4669799804688,788.3499755859375,790.4500122070312,783.5,786.0,4814443
2021-09-14,790.4873046875,794.4000244140625,801.0,790.0,791.0,6301208
2021-09-15,787.5020751953125,791.4000244140625,797.4500122070312,787.0,796.0,4075592
2021-09-16,798.6468505859375,802.5999755859375,807.4500122070312,789.0999755859375,792.5,15446511
2021-09-17,803.3734130859375,807.3499755859375,820.7000122070312,797.25,808.8499755859375,14641298
2021-09-20,791.93017578125,795.8499755859375,808.5499877929688,791.5,800.0,6306484
2021-09-21,791.4325561523438,795.3499755859375,799.0,772.2999877929688,795.25,7833561
2021-09-22,784.4669799804688,788.3499755859375,796.7999877929688,786.0,792.5,4359142
2021-09-23,808.1498413085938,812.1500244140625,814.5,792.5499877929688,794.3499755859375,9043492
2021-09-24,794.1192626953125,798.0499877929688,816.9500122070312,795.0999755859375,812.5499877929688,5184626
2021-09-27,793.0247192382812,796.9500122070312,808.7999877929688,792.7999877929688,802.9000244140625,7715259
2021-09-28,785.3128662109375,789.2000122070312,805.5999755859375,778.0,802.0,7369680
2021-09-29,778.2975463867188,782.1500244140625,789.5,778.5,783.0,14241004
2021-09-30,762.7744750976562,766.5499877929688,787.3499755859375,764.8499755859375,779.9000244140625,9178187
2021-10-01,764.3665771484375,768.1500244140625,771.7000122070312,754.0,763.4000244140625,6089895
2021-10-04,775.1631469726562,779.0,781.1500244140625,770.2999877929688,771.0999755859375,5845527
2021-10-05,778.745361328125,782.5999755859375,784.0,771.2000122070312,774.4000244140625,3945224
2021-10-06,775.1134033203125,778.9500122070312,794.2000122070312,776.0,782.25,5092479
2021-10-07,773.2724609375,777.0999755859375,790.1500244140625,774.0999755859375,790.0,6622698
2021-10-08,778.0985717773438,781.9500122070312,785.0,776.0,781.9000244140625,4295686
2021-10-11,783.27294921875,787.1500244140625,793.0,779.0,782.0,4417455
2021-10-12,793.2236938476562,797.1500244140625,799.7000122070312,785.4500122070312,788.0,5098502
2021-10-13,790.6861572265625,794.5999755859375,804.5,793.2000122070312,799.9500122070312,4381414
2021-10-14,798.0994873046875,802.0499877929688,804.0,788.0,799.0,7157116
2021-10-18,809.2941284179688,813.2999877929688,820.0,802.0499877929688,820.0,11014585
2021-10-19,797.7015380859375,801.6500244140625,827.0,798.5,820.0,10633732
2021-10-20,800.8360595703125,804.7999877929688,813.7999877929688,792.0,800.5999755859375,9023067
2021-10-21,803.8212280273438,807.7999877929688,813.5,792.2999877929688,807.9500122070312,7405639
2021-10-22,812.6774291992188,816.7000122070312,825.0,806.7999877929688,812.0,10646970
2021-10-25,840.9374389648438,845.0999755859375,866.9000244140625,825.4500122070312,830.0999755859375,29193770
2021-10-26,837.7533569335938,841.9000244140625,851.6500244140625,823.5,848.4000244140625,16771909
2021-10-27,783.6211547851562,787.5,840.7999877929688,785.6500244140625,840.0,39606414
2021-10-28,754.61474609375,758.3499755859375,789.0,754.6500244140625,787.5,19320926
2021-10-29,738.3452758789062,742.0,762.0,714.0,762.0,21343427
2021-11-01,748.6443481445312,752.3499755859375,760.0,740.0,755.0,11694854
2021-11-02,752.1271362304688,755.8499755859375,761.3499755859375,748.0499877929688,752.5,11812106
2021-11-03,746.9028930664062,750.5999755859375,762.6500244140625,748.5,759.4500122070312,10529505
2021-11-04,749.2413940429688,752.9500122070312,757.0499877929688,751.4000244140625,757.0,793433
2021-11-08,747.3507690429688,751.0499877929688,761.0,741.5,761.0,13872770
2021-11-09,741.3803100585938,745.0499877929688,753.9500122070312,743.3499755859375,750.0,12120207
2021-11-10,745.6590576171875,749.3499755859375,753.3499755859375,732.0,742.7000122070312,10844883
2021-11-11,734.414794921875,738.0499877929688,748.0,735.0999755859375,748.0,6195359
2021-11-12,732.424560546875,736.0499877929688,742.7999877929688,733.5,742.7999877929688,9372897
2021-11-15,729.638427734375,733.25,744.0,728.0,738.0,12849161
2021-11-16,722.5734252929688,726.1500244140625,733.2999877929688,721.2999877929688,733.25,8978763
2021-11-17,708.8413696289062,712.3499755859375,724.9000244140625,706.75,721.0,18083445
2021-11-18,702.870849609375,706.3499755859375,716.0,701.9000244140625,715.0,13458109
2021-11-22,683.0191040039062,686.4000244140625,713.0,677.4000244140625,713.0,16741079
2021-11-23,682.27294921875,685.6500244140625,692.6500244140625,677.3499755859375,681.0,16575348
2021-11-24,681.7753295898438,685.1500244140625,695.0999755859375,682.0499877929688,690.0,11463429
2021-11-25,676.55126953125,679.9000244140625,687.0,676.5499877929688,686.0,9760486
2021-11-26,658.4906005859375,661.75,674.9000244140625,660.4500122070312,669.0,10252753
2021-11-29,647.89306640625,651.0999755859375,665.4500122070312,649.3499755859375,665.0499877929688,12084376
2021-11-30,652.420654296875,655.6500244140625,677.4500122070312,648.0,648.0,24699809
2021-12-01,676.2526245117188,679.5999755859375,681.4000244140625,660.0,664.9000244140625,16184200
2021-12-02,672.7698974609375,676.0999755859375,678.7999877929688,668.0499877929688,675.0,8612601
2021-12-03,669.6851196289062,673.0,687.3499755859375,671.0,679.0999755859375,9505985
2021-12-06,659.8339233398438,663.0999755859375,678.75,661.1500244140625,674.0,8022785
2021-12-07,683.6162109375,687.0,691.5499877929688,670.0,672.0,15123987
2021-12-08,693.6664428710938,697.0999755859375,701.5499877929688,687.6500244140625,695.0,11670826
2021-12-09,690.531982421875,693.9500122070312,699.9000244140625,688.0,698.1500244140625,7021395
2021-12-10,684.6610717773438,688.0499877929688,691.9500122070312,683.75,690.0999755859375,5549743
2021-12-13,700.5325317382812,704.0,711.9000244140625,693.0999755859375,699.0,13634563
2021-12-14,707.3985595703125,710.9000244140625,714.0,697.5999755859375,701.0,8612512
2021-12-15,708.9906005859375,712.5,720.0,707.5499877929688,712.4000244140625,7692888
2021-12-16,706.1546630859375,709.6500244140625,721.9500122070312,705.0499877929688,719.0,7309187
2021-12-17,685.5069580078125,688.9000244140625,708.0,685.0999755859375,707.5,7844705
2021-12-20,671.028564453125,674.3499755859375,681.8499755859375,660.0999755859375,680.9500122070312,9934646
2021-12-21,662.5703125,665.8499755859375,683.0,662.5,683.0,10116104
2021-12-22,666.0531005859375,669.3499755859375,676.8499755859375,664.0,670.0,7489534
2021-12-23,675.4566040039062,678.7999877929688,684.5,672.5999755859375,677.0,6884683
2021-12-24,664.2122192382812,667.5,682.0,662.4500122070312,681.1500244140625,6028893
2021-12-27,668.8394165039062,672.1500244140625,674.5999755859375,655.9500122070312,663.0499877929688,6996729
2021-12-28,672.1231079101562,675.4500122070312,680.8499755859375,672.0,677.2999877929688,4645547
2021-12-29,667.197509765625,670.5,679.5999755859375,667.25,674.5,3969894
2021-12-30,665.5555419921875,668.8499755859375,673.0999755859375,664.5,668.0,5119705
2021-12-31,675.2078247070312,678.5499877929688,686.5,671.2000122070312,672.9500122070312,5586980
2022-01-03,692.920166015625,696.3499755859375,698.5,679.0,680.25,8550860
2022-01-04,705.6571655273438,709.1500244140625,711.0499877929688,700.0499877929688,701.0,9705906
2022-01-05,723.3197631835938,726.9000244140625,730.9000244140625,707.75,711.9000244140625,11312955
2022-01-06,726.7029418945312,730.2999877929688,733.5,719.0,719.9500122070312,7955578
2022-01-07,727.00146484375,730.5999755859375,740.9000244140625,725.25,734.0,10454143
2022-01-10,739.1414184570312,742.7999877929688,744.0,733.2000122070312,733.6500244140625,9595787
2022-01-11,739.5891723632812,743.25,747.0499877929688,737.2999877929688,742.9000244140625,7252279
2022-01-12,743.1714477539062,746.8499755859375,751.4500122070312,743.1500244140625,749.6500244140625,5294563
2022-01-13,737.0516967773438,740.7000122070312,749.0,737.0499877929688,749.0,5196538
2022-01-14,718.1453247070312,721.7000122070312,735.9500122070312,716.0499877929688,734.7999877929688,16302342
2022-01-17,709.1399536132812,712.6500244140625,720.5999755859375,709.5,719.0,19680557
2022-01-18,721.6280517578125,725.2000122070312,735.9000244140625,714.25,717.5,24055886
2022-01-19,726.0064086914062,729.5999755859375,731.9500122070312,718.7000122070312,725.2000122070312,7746270
2022-01-20,725.3098754882812,728.9000244140625,737.1500244140625,722.1500244140625,731.0499877929688,8505400
2022-01-21,708.9906005859375,712.5,725.25,708.0499877929688,722.0,10689060
2022-01-24,701.1295776367188,704.5999755859375,716.4000244140625,688.2000122070312,715.0,8812501
2022-01-25,748.4951171875,752.2000122070312,755.0,708.5999755859375,714.0,38088158
2022-01-27,770.0385131835938,773.8499755859375,777.0,738.0999755859375,744.0,34927774
2022-01-28,760.9335327148438,764.7000122070312,784.7000122070312,761.5,778.0999755859375,17765524
2022-01-31,769.242431640625,773.0499877929688,777.7999877929688,762.3499755859375,775.4500122070312,12319200
2022-02-01,778.048828125,781.9000244140625,793.9000244140625,769.0999755859375,778.0999755859375,15457534
2022-02-02,800.139404296875,804.0999755859375,805.9000244140625,787.3499755859375,790.0,13478899
2022-02-03,795.61181640625,799.5499877929688,811.9000244140625,793.0499877929688,802.2000122070312,10802708
2022-02-04,794.6168212890625,798.5499877929688,804.5,791.1500244140625,796.9500122070312,10776387
2022-02-07,785.7108764648438,789.5999755859375,803.5999755859375,784.0999755859375,802.5,10939179
2022-02-08,794.6168212890625,798.5499877929688,801.0,776.1500244140625,794.0,12300670
2022-02-09,799.890625,803.8499755859375,809.5,800.1500244140625,801.0,9399830
2022-02-10,805.811279296875,809.7999877929688,815.9500122070312,803.0999755859375,807.5499877929688,12848281
2022-02-11,799.8408813476562,803.7999877929688,809.9000244140625,798.5,800.9500122070312,9717894
2022-02-14,769.5408935546875,773.3499755859375,803.0,769.9500122070312,790.0,8617389
2022-02-15,793.0247192382812,796.9500122070312,799.0999755859375,764.2999877929688,777.0,7426563
2022-02-16,793.1242065429688,797.0499877929688,808.2999877929688,789.2999877929688,795.0,7457765
2022-02-17,778.9443969726562,782.7999877929688,802.0,780.5,797.0,6516308
2022-02-18,783.521728515625,787.4000244140625,790.5499877929688,779.0,781.1500244140625,5466662
2022-02-21,784.964599609375,788.8499755859375,796.7999877929688,776.0999755859375,783.5499877929688,5635224
2022-02-22,775.3123779296875,779.1500244140625,787.0,766.0999755859375,766.0999755859375,6923558
2022-02-23,773.3720092773438,777.2000122070312,785.5,772.25,783.5,6303173
2022-02-24,726.7029418945312,730.2999877929688,769.1500244140625,725.2999877929688,752.4000244140625,13085009
2022-02-25,754.3162231445312,758.0499877929688,764.8499755859375,737.4000244140625,742.2999877929688,10066136
2022-02-28,738.7433471679688,742.4000244140625,749.9000244140625,736.2000122070312,749.9000244140625,14463418
2022-03-02,746.5546875,750.25,756.4500122070312,725.0,728.7000122070312,11691602
2022-03-03,734.016845703125,737.6500244140625,759.4500122070312,732.4000244140625,756.0,8357181
2022-03-04,711.4783325195312,715.0,732.5,710.0499877929688,723.0,11660648
2022-03-07,664.2620239257812,667.5499877929688,705.0,655.5999755859375,693.0,20147061
2022-03-08,667.0980834960938,670.4000244140625,673.75,637.0,665.0,24828458
2022-03-09,670.8792724609375,674.2000122070312,680.5,659.0999755859375,671.5,20438651
2022-03-10,691.5270385742188,694.9500122070312,720.4000244140625,688.25,707.9000244140625,23224756
2022-03-11,687.4471435546875,690.8499755859375,706.6500244140625,687.4500122070312,691.9000244140625,14224356
2022-03-14,706.5526733398438,710.0499877929688,712.4000244140625,685.0,694.7000122070312,10720884
2022-03-15,694.7113647460938,698.1500244140625,718.0,695.0,713.0,12157425
2022-03-16,720.28466796875,723.8499755859375,726.0,709.0999755859375,711.0,10038170
2022-03-17,735.60888671875,739.25,746.75,736.4500122070312,737.0,13657428
2022-03-21,722.3246459960938,725.9000244140625,749.4000244140625,723.7000122070312,745.0,7495685
2022-03-22,727.797607421875,731.4000244140625,736.0,706.3499755859375,729.0,11117081
2022-03-23,723.1704711914062,726.75,742.9000244140625,724.6500244140625,736.0999755859375,5886245
2022-03-24,718.692626953125,722.25,730.4500122070312,719.0,719.0999755859375,7559843
2022-03-25,717.697509765625,721.25,726.6500244140625,715.5,723.2999877929688,5430894
2022-03-28,732.3749389648438,736.0,737.9000244140625,715.0499877929688,726.0,7077669
2022-03-29,734.166015625,737.7999877929688,741.6500244140625,731.0,741.6500244140625,6174137
2022-03-30,746.7537231445312,750.4500122070312,765.8499755859375,741.2999877929688,747.0,16618114
2022-03-31,757.4010620117188,761.1500244140625,763.0,751.2999877929688,763.0,20449544
2022-04-01,770.7350463867188,774.5499877929688,775.75,755.1500244140625,760.0,9321859
2022-04-04,780.2379760742188,784.0999755859375,785.5,767.0,780.0,10959783
2022-04-05,779.242919921875,783.0999755859375,796.0,776.0,776.0,7334134
2022-04-06,769.8892211914062,773.7000122070312,779.9500122070312,769.2000122070312,777.0,9954921
2022-04-07,788.1985473632812,792.0999755859375,795.0,769.2000122070312,769.5,9820244
2022-04-08,790.9848022460938,794.9000244140625,800.7000122070312,789.0,794.9000244140625,8104237
2022-04-11,782.1783447265625,786.0499877929688,794.25,784.0499877929688,789.4500122070312,6340427
2022-04-12,794.517333984375,798.4500122070312,801.0,777.7999877929688,780.0999755859375,7672215
2022-04-13,789.1438598632812,793.0499877929688,805.7999877929688,790.8499755859375,805.7999877929688,7640132
2022-04-18,794.9153442382812,798.8499755859375,801.6500244140625,776.0,780.0,11478317
2022-04-19,793.8704833984375,797.7999877929688,816.2000122070312,785.5499877929688,805.0,8711816
2022-04-20,790.7857666015625,794.7000122070312,802.4500122070312,788.5999755859375,800.8499755859375,6676491
2022-04-21,797.8507690429688,801.7999877929688,804.0,790.5499877929688,795.0999755859375,6851615
2022-04-22,776.7551879882812,780.5999755859375,798.0,778.2000122070312,796.0,6255027
2022-04-25,776.8546752929688,780.7000122070312,788.7999877929688,761.25,772.0,8023525
2022-04-26,771.1827392578125,775.0,796.5999755859375,769.0,791.0,11087204
2022-04-27,762.127685546875,765.9000244140625,772.9500122070312,749.0,765.5999755859375,11485697
2022-04-28,775.9591674804688,779.7999877929688,785.4500122070312,766.3499755859375,776.9000244140625,11037317
2022-04-29,725.0112915039062,728.5999755859375,766.8499755859375,725.0,765.0,34401710
2022-05-02,723.7674560546875,727.3499755859375,738.2000122070312,718.5,722.0,16136040
2022-05-04,703.7166748046875,707.2000122070312,735.1500244140625,704.0,733.0,14548684
2022-05-05,698.8905639648438,702.3499755859375,721.7999877929688,698.9000244140625,716.0,12726146
2022-05-06,670.083251953125,673.4000244140625,692.5,668.0999755859375,690.0,15511195
2022-05-09,660.4309692382812,663.7000122070312,669.0,648.7999877929688,660.2000122070312,13999329
2022-05-10,656.5004272460938,659.75,672.0999755859375,657.5499877929688,663.7000122070312,9523698
2022-05-11,669.0382690429688,672.3499755859375,676.0,655.4500122070312,661.7000122070312,9352398
2022-05-12,646.4501953125,649.6500244140625,667.0,644.0,667.0,11166084
2022-05-13,632.8176879882812,635.9500122070312,659.4000244140625,633.4000244140625,656.4000244140625,9618627
2022-05-16,635.8029174804688,638.9500122070312,649.2000122070312,630.0499877929688,639.8499755859375,6159695
2022-05-17,651.72412109375,654.9500122070312,657.5,641.1500244140625,642.9000244140625,8152237
2022-05-18,656.201904296875,659.4500122070312,670.4000244140625,650.2999877929688,654.75,13013873
2022-05-19,646.9974975585938,650.2000122070312,657.75,641.2000122070312,643.2999877929688,9216948
2022-05-20,669.7847290039062,673.0999755859375,675.75,658.0,659.75,9708672
2022-05-23,672.0236206054688,675.3499755859375,684.7999877929688,668.5499877929688,673.0,7919353
2022-05-24,660.7792358398438,664.0499877929688,681.4500122070312,661.2000122070312,669.7000122070312,8088546
2022-05-25,661.7245483398438,665.0,672.6500244140625,660.0499877929688,668.0,5169619
2022-05-26,679.8846435546875,683.25,685.25,668.0,672.9500122070312,10114633
2022-05-27,684.9097900390625,688.2999877929688,693.7999877929688,684.25,689.0,5539060
2022-05-30,690.2334594726562,693.6500244140625,698.0,690.0999755859375,695.0999755859375,3818060
2022-05-31,681.8250732421875,685.2000122070312,696.0,683.0499877929688,689.0,10410424
2022-06-01,682.6708984375,686.0499877929688,692.4500122070312,680.5,683.0,6966674
2022-06-02,688.1438598632812,691.5499877929688,693.1500244140625,682.0,682.0,6347433
2022-06-03,673.9639282226562,677.2999877929688,698.0,673.1500244140625,697.2999877929688,8475726
2022-06-06,668.88916015625,672.2000122070312,684.0,670.2999877929688,677.0,6756864
2022-06-07,662.5703125,665.8499755859375,678.0,661.0999755859375,672.2000122070312,8312778
2022-06-08,655.3561401367188,658.5999755859375,673.5499877929688,655.4500122070312,670.0,9282494
2022-06-09,658.0428466796875,661.2999877929688,662.75,650.0,656.9500122070312,5682743
2022-06-10,657.4457397460938,660.7000122070312,663.7000122070312,652.2000122070312,655.5,6758832
2022-06-13,645.7537231445312,648.9500122070312,652.0,640.0999755859375,646.9500122070312,6135431
2022-06-14,647.5447998046875,650.75,655.7000122070312,643.0999755859375,645.0,5391833
2022-06-15,647.2960205078125,650.5,656.3499755859375,647.2000122070312,654.0,4638336
2022-06-16,631.7728271484375,634.9000244140625,658.2000122070312,631.0499877929688,657.5,5960283
2022-06-17,632.0713500976562,635.2000122070312,640.7999877929688,626.5999755859375,630.0,6849201
2022-06-20,625.2053833007812,628.2999877929688,637.1500244140625,622.2000122070312,635.25,5305222
2022-06-21,633.364990234375,636.5,645.3499755859375,628.1500244140625,632.0,10333886
2022-06-22,623.7127685546875,626.7999877929688,633.6500244140625,621.25,632.5499877929688,5899024
2022-06-23,626.2501220703125,629.3499755859375,640.8499755859375,618.25,627.4000244140625,8450777
2022-06-24,630.8772583007812,634.0,642.4500122070312,631.6500244140625,634.3499755859375,6918584
2022-06-27,633.9619750976562,637.0999755859375,646.9000244140625,634.7000122070312,644.0,4552114
2022-06-28,639.1860961914062,642.3499755859375,644.7000122070312,632.0,634.0,10711123
2022-06-29,622.4688720703125,625.5499877929688,637.7999877929688,623.5,636.3499755859375,13620084
2022-06-30,633.6634521484375,636.7999877929688,639.2999877929688,623.6500244140625,624.0,10563138
2022-07-01,640.7783203125,643.9500122070312,646.5999755859375,631.7999877929688,633.0,6549359
2022-07-04,651.126953125,654.3499755859375,655.1500244140625,640.5,641.5499877929688,3933384
2022-07-05,645.3058471679688,648.5,659.9000244140625,646.0,656.0999755859375,5044787
2022-07-06,654.7093505859375,657.9500122070312,659.4000244140625,651.0,652.0,6684686
2022-07-07,655.9052734375,658.1500244140625,664.5,651.6500244140625,663.4500122070312,11171714
2022-07-08,666.8677368164062,669.1500244140625,676.7999877929688,661.4000244140625,667.0,12669533
2022-07-11,677.5311279296875,679.8499755859375,681.9500122070312,665.3499755859375,666.5499877929688,14864123
2022-07-12,673.8936157226562,676.2000122070312,685.25,673.0,677.0,6446810
2022-07-13,677.5810546875,679.9000244140625,685.0,676.9500122070312,680.0,9614674
2022-07-14,665.9707641601562,668.25,680.4500122070312,665.5999755859375,678.5999755859375,8026311
2022-07-15,659.94140625,662.2000122070312,674.2000122070312,659.0999755859375,670.0,6015057
2022-07-18,682.1653442382812,684.5,688.0,663.4500122070312,668.0499877929688,12464664
2022-07-19,698.2103881835938,700.5999755859375,703.8499755859375,678.5999755859375,678.5999755859375,10171314
2022-07-20,703.2930908203125,705.7000122070312,714.5,702.7000122070312,706.2999877929688,11620331
2022-07-21,713.109375,715.5499877929688,718.4500122070312,704.3499755859375,707.9500122070312,8036515
2022-07-22,728.257568359375,730.75,735.0,715.0999755859375,717.0,9713490
2022-07-25,724.8692016601562,727.3499755859375,738.7999877929688,722.5,733.5,6230411
2022-07-26,704.0404663085938,706.4500122070312,723.4500122070312,702.0499877929688,722.9000244140625,14135744
2022-07-27,716.4978637695312,718.9500122070312,720.5499877929688,703.5999755859375,707.9500122070312,6106880
2022-07-28,723.4241333007812,725.9000244140625,733.7000122070312,723.0499877929688,725.0,6964838
2022-07-29,722.2780151367188,724.75,734.9500122070312,723.0,733.9000244140625,6624854
2022-08-01,728.3074340820312,730.7999877929688,732.2999877929688,720.4000244140625,726.0,5493105
2022-08-02,727.9586181640625,730.4500122070312,734.3499755859375,721.0999755859375,727.0,7275626
2022-08-03,728.0084228515625,730.5,738.5,727.5,730.0,9458761
2022-08-04,719.1387939453125,721.5999755859375,736.7000122070312,712.2000122070312,735.2000122070312,7466635
2022-08-05,726.0153198242188,728.5,731.2000122070312,721.2000122070312,724.0,4583196
2022-08-08,743.0071411132812,745.5499877929688,747.3499755859375,728.0999755859375,730.0,8191870
2022-08-10,736.4794921875,739.0,747.8499755859375,736.1500244140625,745.0,9069541
2022-08-11,756.26171875,758.8499755859375,760.6500244140625,743.0499877929688,743.0499877929688,12384073
2022-08-12,757.9559936523438,760.5499877929688,762.0,753.4000244140625,758.7000122070312,4614341
2022-08-16,762.0419921875,764.6500244140625,772.0,758.4500122070312,765.0,7051498
2022-08-17,769.466552734375,772.0999755859375,773.75,766.25,771.4000244140625,7674390
2022-08-18,762.4406127929688,765.0499877929688,776.0,762.0999755859375,772.0,9449924
2022-08-19,754.9163208007812,757.5,772.6500244140625,750.25,772.0,7553270
2022-08-22,739.3197021484375,741.8499755859375,754.4500122070312,739.2000122070312,753.4000244140625,4994311
2022-08-23,744.5020141601562,747.0499877929688,750.8499755859375,733.7999877929688,738.0,6594634
2022-08-24,747.5914306640625,750.1500244140625,752.0499877929688,742.0,745.0,6875820
2022-08-25,740.8145751953125,743.3499755859375,758.5999755859375,740.0,753.9000244140625,6320890
2022-08-26,742.3593139648438,744.9000244140625,755.0,741.2999877929688,748.0,4613713
2022-08-29,726.214599609375,728.7000122070312,734.9000244140625,722.0499877929688,730.0,5904146
2022-08-30,748.9368286132812,751.5,753.5499877929688,733.0,733.0,9193270
2022-09-01,741.6119384765625,744.1500244140625,754.9000244140625,733.5,733.5,9353805
2022-09-02,747.6412353515625,750.2000122070312,754.5499877929688,740.25,749.0,7767812
2022-09-05,753.5211181640625,756.0999755859375,758.7999877929688,749.3499755859375,750.2000122070312,5894055
2022-09-06,747.44189453125,750.0,761.5499877929688,748.7999877929688,758.0,7606181
2022-09-07,752.8235473632812,755.4000244140625,758.0,739.0499877929688,743.1500244140625,10156460
2022-09-08,777.0904541015625,779.75,782.2000122070312,757.0999755859375,761.75,13410790
2022-09-09,782.173095703125,784.8499755859375,787.9500122070312,780.0,787.9500122070312,8732302
2022-09-12,798.2680053710938,801.0,805.0,786.7999877929688,789.0,15521649
2022-09-13,802.802490234375,805.5499877929688,808.9500122070312,803.1500244140625,805.0,9887516
2022-09-14,800.3109741210938,803.0499877929688,811.3499755859375,794.4000244140625,794.4000244140625,10494713
2022-09-15,787.3055419921875,790.0,806.5,787.6500244140625,805.5,5996899
2022-09-16,786.60791015625,789.2999877929688,792.5999755859375,776.0999755859375,786.0499877929688,11467351
2022-09-19,795.3778686523438,798.0999755859375,802.0,786.7000122070312,789.2999877929688,11427799
2022-09-20,809.9779052734375,812.75,816.2000122070312,802.0,806.7999877929688,8274079
2022-09-21,803.7990112304688,806.5499877929688,816.0,803.3499755859375,809.25,6567084
2022-09-22,786.5082397460938,789.2000122070312,808.7999877929688,784.2999877929688,805.0,7804275
2022-09-23,765.9784545898438,768.5999755859375,789.0,764.25,789.0,10278805
2022-09-26,740.067138671875,742.5999755859375,763.5,741.0,759.0,11090327
2022-09-27,734.984619140625,737.5,754.1500244140625,730.5,746.3499755859375,11358306
2022-09-28,714.00634765625,716.4500122070312,733.9000244140625,707.7000122070312,733.9000244140625,13170668
2022-09-29,716.5477294921875,719.0,730.7999877929688,711.0,722.25,12090981
2022-09-30,730.69921875,733.2000122070312,737.75,714.4000244140625,720.0,9536017
2022-10-03,720.2848510742188,722.75,742.0,721.0499877929688,731.0,6405645
2022-10-04,740.2664794921875,742.7999877929688,744.5,732.0,733.4000244140625,5438934
2022-10-06,752.5244140625,755.0999755859375,760.4000244140625,746.0,750.0,9376433
2022-10-07,753.1224975585938,755.7000122070312,757.5,742.2999877929688,753.7999877929688,7500540
2022-10-10,774.2003173828125,776.8499755859375,778.7000122070312,745.0,748.0,14106654
2022-10-11,782.8706665039062,785.5499877929688,795.5,774.5,780.0,15953495
2022-10-12,805.9417114257812,808.7000122070312,810.7999877929688,783.4500122070312,789.5,21228018
2022-10-13,799.2645874023438,802.0,814.9500122070312,795.5999755859375,807.0,13024911
2022-10-14,797.7697143554688,800.5,820.7000122070312,794.4500122070312,815.5499877929688,8220645
2022-10-17,811.373046875,814.1500244140625,817.0,797.0999755859375,803.5,9463827
2022-10-18,813.565673828125,816.3499755859375,822.9000244140625,811.5499877929688,820.0,8470882
2022-10-19,827.01953125,829.8499755859375,838.4500122070312,816.9000244140625,818.4500122070312,10868663
2022-10-20,823.0332641601562,825.8499755859375,831.9000244140625,816.9500122070312,824.9000244140625,11813817
2022-10-21,897.3289794921875,900.4000244140625,906.0,855.8499755859375,860.0999755859375,58057724
2022-10-24,906.3480834960938,909.4500122070312,918.4500122070312,905.0,916.0,3085307
2022-10-25,899.7705688476562,902.8499755859375,910.5999755859375,891.5999755859375,905.7000122070312,13187308
2022-10-27,912.0286865234375,915.1500244140625,919.9500122070312,901.25,909.0,11967044
2022-10-28,899.9699096679688,903.0499877929688,917.9500122070312,898.9000244140625,915.0,7320207
2022-10-31,902.9098510742188,906.0,918.0,902.0999755859375,908.0,9038777
2022-11-01,868.7767333984375,871.75,904.0,869.0,904.0,29191921
2022-11-02,860.6045532226562,863.5499877929688,877.0,861.5999755859375,875.0,11029140
2022-11-03,861.1029052734375,864.0499877929688,880.4000244140625,856.0,857.9000244140625,10185978
2022-11-04,865.13916015625,868.0999755859375,872.9000244140625,862.2999877929688,869.0,7323879
2022-11-07,869.9725952148438,872.9500122070312,876.7999877929688,861.2999877929688,876.25,9931261
2022-11-09,870.7200317382812,873.7000122070312,880.75,868.5,875.0499877929688,10190209
2022-11-10,840.8223876953125,843.7000122070312,856.7000122070312,841.0,843.7000122070312,18956575
2022-11-11,847.7984619140625,850.7000122070312,854.7000122070312,844.1500244140625,847.0,19329819
2022-11-14,848.0974731445312,851.0,853.9000244140625,847.3499755859375,850.5,6985306
2022-11-15,855.7213745117188,858.6500244140625,859.8499755859375,847.2000122070312,851.25,7124767
2022-11-16,852.482421875,855.4000244140625,861.5999755859375,850.5999755859375,858.0,6521854
2022-11-17,855.27294921875,858.2000122070312,861.4000244140625,852.7000122070312,855.4000244140625,4909607
2022-11-18,856.2694702148438,859.2000122070312,865.7999877929688,855.0,859.2999877929688,7065304
2022-11-21,867.0824584960938,870.0499877929688,870.9500122070312,859.0,860.0,7209207
2022-11-22,867.0824584960938,870.0499877929688,877.0,868.3499755859375,874.9500122070312,5535233
2022-11-23,871.7166748046875,874.7000122070312,877.7999877929688,868.75,873.9000244140625,5861417
2022-11-24,875.553466796875,878.5499877929688,880.7999877929688,873.0999755859375,878.0,4928778
2022-11-25,884.7220458984375,887.75,891.7999877929688,880.9000244140625,883.0,7614047
2022-11-28,888.6586303710938,891.7000122070312,899.5,885.2999877929688,887.7000122070312,7928147
2022-11-29,889.5056762695312,892.5499877929688,901.9000244140625,890.0,894.4000244140625,5661158
2022-11-30,898.1760864257812,901.25,905.0999755859375,885.4500122070312,895.0,10452798
2022-12-01,900.7671508789062,903.8499755859375,909.5,899.5,909.5,7053100
2022-12-02,902.062744140625,905.1500244140625,907.0,891.4000244140625,898.2999877929688,7988851
2022-12-05,896.1329956054688,899.2000122070312,907.2999877929688,897.5999755859375,907.0,5098164
2022-12-06,901.5645141601562,904.6500244140625,906.9000244140625,895.7000122070312,897.5,5351099
2022-12-07,911.5304565429688,914.6500244140625,918.0,899.8499755859375,902.7999877929688,9103656
2022-12-08,936.1461181640625,939.3499755859375,943.9500122070312,913.75,915.6500244140625,17466047
2022-12-09,930.515380859375,933.7000122070312,945.0,927.5999755859375,944.0,8018981
2022-12-12,935.448486328125,938.6500244140625,941.1500244140625,922.0,929.9000244140625,7621788
2022-12-13,941.378173828125,944.5999755859375,949.2999877929688,936.5999755859375,940.2000122070312,8136559
2022-12-14,939.1857299804688,942.4000244140625,950.1500244140625,938.5,945.6500244140625,8573479
2022-12-15,934.9501953125,938.1500244140625,944.9500122070312,932.5999755859375,939.75,7359261
2022-12-16,931.9105834960938,935.0999755859375,945.2000122070312,929.0999755859375,932.25,6926928
2022-12-19,942.9727783203125,946.2000122070312,948.0999755859375,932.4000244140625,935.0999755859375,4842336
2022-12-20,946.5106201171875,949.75,952.75,940.4500122070312,943.75,9511818
2022-12-21,929.1201782226562,932.2999877929688,958.9000244140625,928.0,953.0999755859375,8368960
2022-12-22,916.4136352539062,919.5499877929688,936.0,912.9500122070312,936.0,9202717
2022-12-23,903.5077514648438,906.5999755859375,917.25,904.0,912.0,6371695
2022-12-26,925.5324096679688,928.7000122070312,932.9500122070312,905.0999755859375,908.0,4764440
2022-12-27,929.0205078125,932.2000122070312,937.7999877929688,922.5999755859375,932.4500122070312,3346083
2022-12-28,921.5460815429688,924.7000122070312,937.4500122070312,921.2999877929688,930.9500122070312,5956496
2022-12-29,931.3624267578125,934.5499877929688,944.0,915.7999877929688,922.7999877929688,12204113
2022-12-30,930.5652465820312,933.75,943.5,930.3499755859375,941.25,3704449
2023-01-02,938.388427734375,941.5999755859375,945.0,931.7999877929688,932.25,3498198
2023-01-03,959.017822265625,962.2999877929688,965.5999755859375,942.5999755859375,944.75,6927819
2023-01-04,954.1844482421875,957.4500122070312,970.0,955.0,963.5,9059392
2023-01-05,946.311279296875,949.5499877929688,961.9000244140625,938.25,960.0,6998980
2023-01-06,936.6942749023438,939.9000244140625,950.9500122070312,934.2999877929688,946.5499877929688,5787783
2023-01-09,955.4799194335938,958.75,960.0,941.3499755859375,946.7999877929688,7025747
2023-01-10,948.9024658203125,952.1500244140625,964.0,942.75,964.0,7140150
2023-01-11,946.5106201171875,949.75,955.75,942.7999877929688,953.0,7100355
2023-01-12,932.359130859375,935.5499877929688,949.7000122070312,924.0,949.3499755859375,8661375
2023-01-13,930.9638671875,934.1500244140625,937.4500122070312,923.0,935.5,9083608
2023-01-16,910.0355224609375,913.1500244140625,941.75,911.7000122070312,940.4500122070312,10008273
2023-01-17,914.5699462890625,917.7000122070312,919.7000122070312,906.7000122070312,914.9500122070312,6904960
2023-01-18,920.8484497070312,924.0,925.5999755859375,913.25,921.9000244140625,5730939
2023-01-19,925.5324096679688,928.7000122070312,938.0,920.75,923.5999755859375,7721730
2023-01-20,927.3760986328125,930.5499877929688,934.8499755859375,924.6500244140625,931.25,4511360
2023-01-23,929.518798828125,932.7000122070312,939.7000122070312,924.4500122070312,936.0,5236124
2023-01-24,907.0955810546875,910.2000122070312,935.0,903.75,935.0,18527897
2023-01-25,889.306396484375,892.3499755859375,907.4500122070312,884.2000122070312,905.0,11921748
2023-01-27,870.7698364257812,873.75,892.5,851.0,892.3499755859375,17300736
2023-01-30,868.8762817382812,871.8499755859375,885.5,846.1500244140625,851.9000244140625,21233998
2023-01-31,868.627197265625,871.5999755859375,879.2999877929688,861.0999755859375,873.0,16856151
2023-02-01,854.3261108398438,857.25,895.2000122070312,833.2999877929688,876.2999877929688,12409819
2023-02-02,865.4879150390625,868.4500122070312,872.0,837.0499877929688,850.9500122070312,9567053
2023-02-03,879.5896606445312,882.5999755859375,885.0,859.25,873.0,7365732
2023-02-06,879.6395263671875,882.6500244140625,899.1500244140625,870.5999755859375,871.8499755859375,10129098
2023-02-07,876.1015625,879.0999755859375,888.4000244140625,871.5,886.8499755859375,5055187
2023-02-08,868.7767333984375,871.75,886.4500122070312,868.25,882.0999755859375,6572818
2023-02-09,864.740478515625,867.7000122070312,876.1500244140625,862.5499877929688,876.1500244140625,5993312
2023-02-10,864.2920532226562,867.25,872.7000122070312,865.1500244140625,872.0499877929688,4603464
2023-02-13,856.1697998046875,859.0999755859375,870.4500122070312,856.5,867.25,5707194
2023-02-14,867.780029296875,870.75,871.9000244140625,854.25,862.5499877929688,7527755
2023-02-15,865.33837890625,868.2999877929688,872.2000122070312,861.5999755859375,872.0,7322266
2023-02-16,861.800537109375,864.75,874.2999877929688,862.25,872.7999877929688,5843235
2023-02-17,851.9841918945312,854.9000244140625,868.25,850.0,861.0,8420479
2023-02-20,843.8619384765625,846.75,861.2000122070312,842.5,859.7000122070312,5992322
2023-02-21,841.171142578125,844.0499877929688,849.0,837.4000244140625,849.0,9677064
2023-02-22,830.5076293945312,833.3499755859375,843.0,829.5499877929688,840.0,6984037
2023-02-23,841.4700927734375,844.3499755859375,848.25,830.2000122070312,833.0499877929688,8437003
2023-02-24,848.4961547851562,851.4000244140625,854.5999755859375,844.4500122070312,850.0999755859375,7763814
2023-02-27,851.4359741210938,854.3499755859375,858.4500122070312,845.9500122070312,851.8499755859375,8064267
2023-02-28,841.220947265625,844.0999755859375,857.5999755859375,840.0,855.9500122070312,13012372
2023-03-01,862.19921875,865.1500244140625,868.75,845.0499877929688,846.0499877929688,12345125
2023-03-02,842.56640625,845.4500122070312,866.7999877929688,843.5,866.0,13900508
2023-03-03,849.7418823242188,852.6500244140625,858.5999755859375,845.5999755859375,849.75,7977804
2023-03-06,856.5684204101562,859.5,863.75,855.5999755859375,856.9500122070312,10781567
2023-03-08,858.0135498046875,860.9500122070312,862.5,853.0499877929688,858.5,8785735
2023-03-09,864.8402099609375,867.7999877929688,874.25,862.0,862.5,14746065
2023-03-10,848.994384765625,851.9000244140625,861.5999755859375,845.5,859.5999755859375,11198583
2023-03-13,829.510986328125,832.3499755859375,857.0,828.4500122070312,845.5999755859375,8315798
2023-03-14,830.0093383789062,832.8499755859375,835.7000122070312,817.4000244140625,828.0,12573734
2023-03-15,821.2393798828125,824.0499877929688,843.5,819.3499755859375,838.0499877929688,6652641
2023-03-16,827.7171630859375,830.5499877929688,837.9000244140625,814.2999877929688,821.5,8791383
2023-03-17,834.5438842773438,837.4000244140625,841.5,823.0,835.0,7762461
2023-03-20,834.693359375,837.5499877929688,841.0,825.5499877929688,836.0,10744023
2023-03-21,852.6817626953125,855.5999755859375,857.3499755859375,838.75,840.0999755859375,11489951
2023-03-22,846.7521362304688,849.6500244140625,859.7999877929688,847.0499877929688,855.5999755859375,8018924
2023-03-23,845.9049072265625,848.7999877929688,861.1500244140625,845.0999755859375,847.0,9857892
2023-03-24,837.0353393554688,839.9000244140625,852.5,837.25,846.25,8078718
2023-03-27,830.5076293945312,833.3499755859375,842.2000122070312,829.2000122070312,841.0499877929688,10602508
2023-03-28,829.6107788085938,832.4500122070312,837.4000244140625,826.0499877929688,837.4000244140625,11002402
2023-03-29,839.72607421875,842.5999755859375,848.4500122070312,830.0,832.5,17121194
2023-03-31,855.5718994140625,858.5,860.9000244140625,847.5,854.9000244140625,12946752
2023-04-03,861.6510620117188,864.5999755859375,866.7999877929688,856.4500122070312,864.0,13266882
2023-04-05,857.5650634765625,860.5,871.0,857.0,871.0,11890015
2023-04-06,849.0442504882812,851.9500122070312,863.25,849.0,861.7999877929688,19677316
2023-04-10,844.4598999023438,847.3499755859375,854.9500122070312,843.9500122070312,854.7999877929688,15656078
2023-04-11,850.3896484375,853.2999877929688,855.7000122070312,844.0499877929688,848.25,23930907
2023-04-12,848.1472778320312,851.0499877929688,856.6500244140625,846.6500244140625,854.9000244140625,13480335
2023-04-13,861.40185546875,864.3499755859375,867.7000122070312,845.0,853.6500244140625,23934570
2023-04-17,861.6012573242188,864.5499877929688,882.0,861.0,882.0,22577380
2023-04-18,860.4053344726562,863.3499755859375,872.0,857.0999755859375,865.3499755859375,17238709
2023-04-19,870.4210815429688,873.4000244140625,874.5,862.5499877929688,865.0,23494247
2023-04-20,865.7869873046875,868.75,875.5999755859375,864.1500244140625,874.7999877929688,19444753
2023-04-21,861.25244140625,864.2000122070312,873.8499755859375,857.5,870.7999877929688,15520786
2023-04-24,879.2906494140625,882.2999877929688,884.4000244140625,860.5,868.0,18201632
2023-04-25,875.3541870117188,878.3499755859375,895.7999877929688,874.4000244140625,885.0,36394389
2023-04-26,884.6224975585938,887.6500244140625,889.4500122070312,875.2000122070312,877.4000244140625,19468723
2023-04-27,878.393798828125,881.4000244140625,890.0,877.5,888.0,15992383
2023-04-28,857.0667724609375,860.0,890.0499877929688,853.6500244140625,885.0999755859375,23004117
2023-05-02,867.6804809570312,870.6500244140625,876.4000244140625,864.25,870.0,12947953
2023-05-03,856.917236328125,859.8499755859375,866.8499755859375,854.0499877929688,863.8499755859375,15103015
2023-05-04,862.9964599609375,865.9500122070312,867.1500244140625,857.5,860.0,9756391
2023-05-05,862.3486328125,865.2999877929688,885.0,862.75,867.1500244140625,14343308
2023-05-08,875.4537963867188,878.4500122070312,881.4000244140625,865.2999877929688,865.2999877929688,7007882
2023-05-09,885.2203979492188,888.25,890.2000122070312,880.0,882.2000122070312,12117151
2023-05-10,886.86474609375,889.9000244140625,892.5,877.5499877929688,892.0,11893027
2023-05-11,892.8941650390625,895.9500122070312,900.0,889.0,891.0,13816121
2023-05-12,907.5440063476562,910.6500244140625,913.5999755859375,894.0,895.2000122070312,10533272
2023-05-15,912.6763916015625,915.7999877929688,919.5,909.1500244140625,910.6500244140625,7339579
2023-05-16,914.6696166992188,917.7999877929688,922.5,912.0,916.2000122070312,12567615
2023-05-17,911.6798095703125,914.7999877929688,918.9000244140625,911.25,917.7000122070312,10248327
2023-05-18,911.5802001953125,914.7000122070312,929.5,912.5999755859375,920.0,13614127
2023-05-19,920.8982543945312,924.0499877929688,927.0,908.9500122070312,920.9000244140625,8393002
2023-05-22,914.4204711914062,917.5499877929688,927.75,914.4000244140625,923.0,9383158
2023-05-23,913.0253295898438,916.1500244140625,922.5,912.4000244140625,917.5499877929688,8273445
2023-05-24,914.5699462890625,917.7000122070312,920.8499755859375,910.2000122070312,911.1500244140625,6248545
2023-05-25,917.9085083007812,921.0499877929688,923.5499877929688,912.4500122070312,916.7000122070312,8149350
2023-05-26,923.7883911132812,926.9500122070312,927.9000244140625,915.0,918.0,4908462
2023-05-29,926.628662109375,929.7999877929688,937.7000122070312,928.0499877929688,931.0,7133871
2023-05-30,934.2526245117188,937.4500122070312,939.7000122070312,928.0499877929688,930.7999877929688,7804403
2023-05-31,911.7296752929688,914.8499755859375,939.9000244140625,910.2000122070312,937.3499755859375,34757004
2023-06-01,916.5631713867188,919.7000122070312,930.9500122070312,916.0499877929688,922.0,11817533
2023-06-02,922.9412841796875,926.0999755859375,930.5,920.25,922.6500244140625,11616991
2023-06-05,947.6068725585938,950.8499755859375,953.9000244140625,927.5999755859375,927.5999755859375,14520005
2023-06-06,964.8977661132812,968.2000122070312,970.75,951.0999755859375,951.0999755859375,14457988
2023-06-07,973.4185180664062,976.75,981.25,968.0999755859375,972.9500122070312,15795824
2023-06-08,958.8184814453125,962.0999755859375,974.8499755859375,959.9000244140625,973.0499877929688,10209982
2023-06-09,971.4253540039062,974.75,981.7000122070312,963.2999877929688,967.0,12947464
2023-06-12,970.8772583007812,974.2000122070312,977.9000244140625,968.5999755859375,973.0,7465375
2023-06-13,982.4874877929688,985.8499755859375,989.7000122070312,974.2999877929688,974.2999877929688,15233785
2023-06-14,974.3652954101562,977.7000122070312,988.2000122070312,976.0,986.0,8644423
2023-06-15,973.8172607421875,977.1500244140625,989.0,972.2000122070312,988.3499755859375,15978311
2023-06-16,978.2021484375,981.5499877929688,985.4500122070312,977.2000122070312,982.7999877929688,8860900
2023-06-19,962.3563842773438,965.6500244140625,986.0,961.0,983.8499755859375,11025846
2023-06-20,971.5250244140625,974.8499755859375,977.0,958.5499877929688,965.9500122070312,7596593
2023-06-21,962.7052001953125,966.0,978.2999877929688,963.1500244140625,978.2999877929688,7805855
2023-06-22,963.3031005859375,966.5999755859375,973.4500122070312,958.7000122070312,962.2000122070312,10135883
2023-06-23,955.1311645507812,958.4000244140625,965.5,954.5499877929688,960.0,6188008
2023-06-26,957.2737426757812,960.5499877929688,963.5,953.0999755859375,959.5,5799528
2023-06-27,969.9304809570312,973.25,976.0,960.7999877929688,967.0,6921886
2023-06-28,974.8636474609375,978.2000122070312,984.0,967.0,979.0,10010996
2023-06-30,984.0820922851562,987.4500122070312,989.8499755859375,976.0,977.0999755859375,7096350
2023-07-03,978.750244140625,982.0999755859375,990.0,978.0,990.0,5562743
2023-07-04,967.38916015625,970.7000122070312,984.8499755859375,969.0,982.0999755859375,7396806
2023-07-05,963.2034301757812,966.5,975.5,962.0999755859375,969.0,8200047
2023-07-06,977.6041870117188,980.9500122070312,986.0999755859375,961.0,961.0,10221727
2023-07-07,974.362060546875,976.7000122070312,989.4500122070312,971.7999877929688,976.25,6236524
2023-07-10,961.7422485351562,964.0499877929688,986.0,960.4000244140625,976.7000122070312,7138850
2023-07-11,950.9182739257812,953.2000122070312,971.75,950.5999755859375,967.9000244140625,10616390
2023-07-12,947.7259521484375,950.0,957.5499877929688,947.0,956.7000122070312,10141257
2023-07-13,957.8516845703125,960.1500244140625,966.0,952.1500244140625,956.2999877929688,13079930
2023-07-14,954.759033203125,957.0499877929688,967.0,947.75,964.4500122070312,5383514
2023-07-17,962.540283203125,964.8499755859375,968.9000244140625,950.4500122070312,960.0,8472444
2023-07-18,961.34326171875,963.6500244140625,979.9500122070312,951.2999877929688,964.0,14457717
2023-07-19,961.9916381835938,964.2999877929688,969.9000244140625,956.5,964.0,7574544
2023-07-20,975.5591430664062,977.9000244140625,979.9000244140625,957.5999755859375,963.9000244140625,15329753
2023-07-21,968.9749145507812,971.2999877929688,985.0,968.0,971.5999755859375,6230317
2023-07-24,969.1743774414062,971.5,984.9500122070312,968.7999877929688,973.4500122070312,9167788
2023-07-25,960.1959838867188,962.5,977.6500244140625,953.7999877929688,977.6500244140625,13448045
2023-07-26,974.461669921875,976.7999877929688,980.0,963.2999877929688,966.8499755859375,8298226
2023-07-27,957.6022338867188,959.9000244140625,990.0,955.75,989.3499755859375,17858061
2023-07-28,947.676025390625,949.9500122070312,969.75,942.2000122070312,959.9000244140625,8504392
2023-07-31,951.6165771484375,953.9000244140625,958.5999755859375,948.2999877929688,954.7000122070312,6601991
2023-08-01,957.6022338867188,959.9000244140625,964.0,952.0,956.0,8409096
2023-08-02,942.9872436523438,945.25,958.9000244140625,936.5999755859375,951.5,9324465
2023-08-03,933.310546875,935.5499877929688,946.5999755859375,927.1500244140625,944.0999755859375,17076611
2023-08-04,949.9705200195312,952.25,954.8499755859375,934.6500244140625,947.0,12376086
2023-08-07,945.1321411132812,947.4000244140625,955.0,944.5499877929688,952.25,10922609
2023-08-08,950.6189575195312,952.9000244140625,959.9000244140625,944.0499877929688,950.0,11512735
2023-08-09,947.7259521484375,950.0,953.2999877929688,944.2999877929688,952.0,7701831
2023-08-10,937.5004272460938,939.75,951.9500122070312,937.2999877929688,948.0,13590891
2023-08-11,934.9566040039062,937.2000122070312,945.7000122070312,933.0,937.5,9558237
2023-08-14,937.699951171875,939.9500122070312,943.2999877929688,928.9000244140625,935.0,7172522
2023-08-16,930.8164672851562,933.0499877929688,940.0,931.2999877929688,935.9500122070312,7394623
2023-08-17,934.30810546875,936.5499877929688,943.0,931.6500244140625,935.9500122070312,9336994
2023-08-18,940.7925415039062,943.0499877929688,945.9500122070312,931.0499877929688,934.8499755859375,6648744
2023-08-21,950.3196411132812,952.5999755859375,954.25,943.9500122070312,944.2000122070312,6822155
2023-08-22,954.759033203125,957.0499877929688,959.0999755859375,948.6500244140625,953.8499755859375,10860061
2023-08-23,976.9058837890625,979.25,980.4500122070312,958.4000244140625,962.0,12677151
2023-08-24,979.0008544921875,981.3499755859375,994.25,979.0999755859375,984.7999877929688,11899556
2023-08-25,980.7466430664062,983.0999755859375,988.2000122070312,970.7999877929688,974.0,6228241
2023-08-28,987.8296508789062,990.2000122070312,992.5,980.0999755859375,980.0999755859375,8451441
2023-08-29,978.3524169921875,980.7000122070312,991.0,977.5,990.2000122070312,8114141
2023-08-30,980.99609375,983.3499755859375,998.0,980.0,983.0,9023083
2023-08-31,971.1696166992188,973.5,994.7000122070312,968.5999755859375,981.7999877929688,21558300
2023-09-01,988.7774047851562,991.1500244140625,993.0,969.0,974.25,10946742
2023-09-04,979.8987426757812,982.25,994.5499877929688,980.0,993.75,6727188
2023-09-05,979.1006469726562,981.4500122070312,986.2000122070312,977.9000244140625,985.4500122070312,10548660
2023-09-06,962.7399291992188,965.0499877929688,983.1500244140625,961.7999877929688,981.4500122070312,16351052
2023-09-07,975.8584594726562,978.2000122070312,979.7999877929688,963.0999755859375,965.0499877929688,8686550
2023-09-08,977.953369140625,980.2999877929688,987.2999877929688,972.5,978.2000122070312,6439351
2023-09-11,998.0053100585938,1000.4000244140625,1004.0,979.0,981.7999877929688,7130484
2023-09-12,998.5040893554688,1000.9000244140625,1010.0,998.0499877929688,1010.0,8958327
2023-09-13,1012.0216064453125,1014.4500122070312,1017.0,993.7000122070312,1002.9500122070312,12254423
2023-09-14,1018.4561767578125,1020.9000244140625,1022.4000244140625,1009.0499877929688,1014.4500122070312,7855558
2023-09-15,1024.6912841796875,1027.1500244140625,1031.75,1014.5499877929688,1021.0,8986157
2023-09-18,1022.2970581054688,1024.75,1029.9000244140625,1019.0,1021.5499877929688,6397319
2023-09-20,1024.8409423828125,1027.300048828125,1047.5,1012.2999877929688,1012.2999877929688,13619788
2023-09-21,1012.0216064453125,1014.4500122070312,1033.5999755859375,1012.0999755859375,1026.5999755859375,8156588
2023-09-22,1015.8125610351562,1018.25,1027.25,1008.0,1010.0,7108110
2023-09-25,1016.5109252929688,1018.9500122070312,1026.0,1005.1500244140625,1015.2000122070312,7123890
2023-09-26,1011.7223510742188,1014.1500244140625,1020.7000122070312,1011.0,1019.0,6387615
2023-09-27,1022.7457885742188,1025.199951171875,1027.949951171875,1004.0,1009.9500122070312,5158686
2023-09-28,1028.4322509765625,1030.9000244140625,1037.949951171875,1025.199951171875,1027.0,15818489
2023-09-29,1034.21826171875,1036.699951171875,1041.0,1024.5,1030.9000244140625,9528626
2023-10-03,1038.5579833984375,1041.050048828125,1044.699951171875,1032.5999755859375,1035.0,11589322
2023-10-04,993.1668090820312,995.5499877929688,1037.0,988.8499755859375,1035.3499755859375,22584212
2023-10-05,1000.8484497070312,1003.25,1009.2000122070312,988.9000244140625,1000.0,7950412
2023-10-06,998.553955078125,1000.9500122070312,1008.0,999.4000244140625,1005.0,5289753
2023-10-09,993.865234375,996.25,999.7000122070312,988.25,994.7999877929688,6823214
2023-10-10,1009.8268432617188,1012.25,1014.9500122070312,996.5,999.9000244140625,5728499
2023-10-11,1016.6605224609375,1019.0999755859375,1025.6500244140625,1012.0,1019.0,7396783
2023-10-12,1016.0120849609375,1018.4500122070312,1031.0,1014.9500122070312,1022.0,4920222
2023-10-13,991.67041015625,994.0499877929688,1011.4500122070312,992.25,1009.0,12173162
2023-10-16,1002.3947143554688,1004.7999877929688,1009.4500122070312,990.0,990.0,4646960
2023-10-17,1005.636962890625,1008.0499877929688,1014.7000122070312,1003.0999755859375,1008.8499755859375,6105067
2023-10-18,990.4733276367188,992.8499755859375,1014.0999755859375,989.3499755859375,1010.0,7818946
2023-10-19,989.0267944335938,991.4000244140625,999.0,979.7000122070312,979.7000122070312,4836625
2023-10-20,978.0032958984375,980.3499755859375,992.9000244140625,977.75,989.0,5664400
2023-10-23,961.9916381835938,964.2999877929688,984.9000244140625,961.0999755859375,980.0,5896695
2023-10-25,953.1629028320312,955.4500122070312,974.0,951.4000244140625,960.0,6957048
2023-10-26,969.7230834960938,972.0499877929688,975.0,952.75,956.0,17540495
2023-10-27,1000.349609375,1002.75,1004.75,973.2999877929688,980.0,13443016
2023-10-30,986.8320922851562,989.2000122070312,1002.75,979.2000122070312,1002.75,5270567
2023-10-31,979.4996948242188,981.8499755859375,998.0,978.0,998.0,7816805
2023-11-01,969.4737548828125,971.7999877929688,979.2999877929688,968.0,977.8499755859375,5703984
2023-11-02,980.5970458984375,982.9500122070312,988.3499755859375,974.0,978.0,5193982
2023-11-03,986.4828491210938,988.8499755859375,991.4000244140625,981.5,986.0,4268048
2023-11-06,1006.9837036132812,1009.4000244140625,1016.2000122070312,993.0999755859375,995.0,6552178
2023-11-07,1018.4561767578125,1020.9000244140625,1022.2000122070312,1005.25,1008.0,6559859
2023-11-08,1019.2542724609375,1021.7000122070312,1026.949951171875,1015.5999755859375,1024.0,7643314
2023-11-09,1019.4537963867188,1021.9000244140625,1028.8499755859375,1016.6500244140625,1024.75,4407935
2023-11-10,1026.736328125,1029.199951171875,1031.0,1016.6500244140625,1017.9000244140625,3294063
2023-11-13,1022.8954467773438,1025.3499755859375,1031.8499755859375,1023.5,1030.050048828125,5985481
2023-11-15,1038.857177734375,1041.3499755859375,1045.0,1031.550048828125,1045.0,7240388
2023-11-16,1023.8931274414062,1026.3499755859375,1044.0,1022.1500244140625,1042.800048828125,6908825
2023-11-17,991.9697265625,994.3499755859375,1020.0,991.8499755859375,1014.9000244140625,13268353
2023-11-20,986.333251953125,988.7000122070312,994.75,980.3499755859375,981.0,8215656
2023-11-21,989.4258422851562,991.7999877929688,997.5,986.6500244140625,989.9500122070312,7061614
2023-11-22,995.7107543945312,998.0999755859375,999.9000244140625,988.0,991.0,6103988
2023-11-23,996.6585083007812,999.0499877929688,1003.4000244140625,995.4000244140625,999.0,3112891
2023-11-24,1006.0859375,1008.5,1010.75,999.7000122070312,1002.0,6956281
2023-11-28,1018.7056274414062,1021.1500244140625,1021.9500122070312,1009.25,1013.0499877929688,6173384
2023-11-29,1057.6123046875,1060.1500244140625,1063.5,1021.1500244140625,1027.1500244140625,9422396
2023-11-30,1071.6785888671875,1074.25,1080.9000244140625,1055.449951171875,1062.699951171875,24755589
2023-12-01,1102.005859375,1104.6500244140625,1109.0,1070.199951171875,1075.4000244140625,14428758
2023-12-04,1122.905517578125,1125.5999755859375,1129.0,1099.0999755859375,1120.5,14043213
2023-12-05,1129.7391357421875,1132.449951171875,1151.8499755859375,1127.1500244140625,1136.800048828125,15804808
2023-12-06,1117.8177490234375,1120.5,1145.699951171875,1117.949951171875,1135.0999755859375,7342767
2023-12-07,1115.174072265625,1117.8499755859375,1129.5999755859375,1108.5,1119.25,6439419
2023-12-08,1128.4920654296875,1131.199951171875,1134.3499755859375,1111.5,1115.8499755859375,7300989
2023-12-11,1113.827392578125,1116.5,1139.4000244140625,1113.8499755859375,1129.0,6924589
2023-12-12,1128.292724609375,1131.0,1133.9000244140625,1109.0,1120.0,9044111
2023-12-13,1112.1812744140625,1114.8499755859375,1151.0,1111.449951171875,1150.0,8184523
2023-12-14,1117.767822265625,1120.449951171875,1138.5999755859375,1117.9000244140625,1132.4000244140625,9421193
2023-12-15,1117.6680908203125,1120.3499755859375,1127.8499755859375,1108.5999755859375,1119.199951171875,12048410
2023-12-18,1108.6895751953125,1111.3499755859375,1120.0,1107.199951171875,1119.699951171875,7922468
2023-12-19,1117.568359375,1120.25,1126.8499755859375,1114.199951171875,1123.800048828125,6824641
2023-12-20,1107.59228515625,1110.25,1123.8499755859375,1102.699951171875,1122.0,9848057
2023-12-21,1092.77783203125,1095.4000244140625,1103.9000244140625,1077.199951171875,1103.9000244140625,10914682
2023-12-22,1085.6949462890625,1088.300048828125,1106.300048828125,1085.800048828125,1095.4000244140625,10600025
2023-12-26,1091.6304931640625,1094.25,1100.6500244140625,1086.699951171875,1091.199951171875,5687517
2023-12-27,1103.70166015625,1106.3499755859375,1110.550048828125,1089.6500244140625,1096.050048828125,6132936
2023-12-28,1105.197998046875,1107.8499755859375,1113.0,1098.0,1107.25,14097667
2023-12-29,1099.661376953125,1102.300048828125,1106.8499755859375,1093.949951171875,1101.449951171875,8786731
2024-01-01,1095.072265625,1097.699951171875,1104.0,1093.0,1095.0,4083732
2024-01-02,1090.633056640625,1093.25,1099.3499755859375,1082.300048828125,1095.0999755859375,7895577
2024-01-03,1095.97021484375,1098.5999755859375,1102.5999755859375,1081.300048828125,1091.0,10225290
2024-01-04,1120.7108154296875,1123.4000244140625,1130.0,1100.050048828125,1103.0,11411683
2024-01-05,1134.228271484375,1136.949951171875,1139.9000244140625,1119.0,1124.0,8025466
2024-01-08,1119.314208984375,1122.0,1146.0,1118.5,1145.0,4735538
2024-01-09,1113.8773193359375,1116.550048828125,1135.550048828125,1112.3499755859375,1128.550048828125,6359362
2024-01-10,1104.35009765625,1107.0,1116.0,1099.050048828125,1115.25,5934163
2024-01-11,1123.05517578125,1125.75,1127.9000244140625,1111.050048828125,1111.050048828125,4683035
2024-01-12,1117.6680908203125,1120.3499755859375,1129.449951171875,1118.050048828125,1126.3499755859375,5616755
2024-01-15,1116.8201904296875,1119.5,1130.449951171875,1116.5999755859375,1122.0,6719079
2024-01-16,1116.421142578125,1119.0999755859375,1127.800048828125,1115.0999755859375,1116.6500244140625,5229753
2024-01-17,1079.7093505859375,1082.300048828125,1115.0,1079.199951171875,1082.0,24913719
2024-01-18,1094.8729248046875,1097.5,1108.75,1066.0,1066.0,11473135
2024-01-19,1113.8773193359375,1116.550048828125,1126.300048828125,1105.0,1107.1500244140625,12303696
2024-01-23,1086.642578125,1089.25,1141.5999755859375,1078.800048828125,1125.9000244140625,18924087
2024-01-24,1056.61474609375,1059.1500244140625,1073.199951171875,1020.9000244140625,1034.800048828125,20884046
2024-01-25,1039.755126953125,1042.25,1063.699951171875,1025.800048828125,1058.0,20835434
2024-01-29,1058.709716796875,1061.25,1068.0,1036.0,1036.0,11188604
2024-01-30,1051.5767822265625,1054.0999755859375,1070.449951171875,1050.800048828125,1060.050048828125,9426983
2024-01-31,1065.194091796875,1067.75,1084.0999755859375,1042.699951171875,1048.199951171875,12600390
2024-02-01,1081.6544189453125,1084.25,1087.6500244140625,1056.800048828125,1072.6500244140625,9756682
2024-02-02,1064.4957275390625,1067.050048828125,1096.199951171875,1065.0,1088.050048828125,8667415
2024-02-05,1058.958984375,1061.5,1079.5,1058.0,1067.050048828125,12569454
2024-02-06,1047.536376953125,1050.050048828125,1065.0999755859375,1048.199951171875,1061.550048828125,8011171
2024-02-07,1066.540771484375,1069.0999755859375,1073.699951171875,1057.5,1061.050048828125,7281793
2024-02-08,1033.4202880859375,1035.9000244140625,1075.5999755859375,1031.6500244140625,1072.0,9869141
2024-02-09,1048.88330078125,1051.4000244140625,1054.9000244140625,1034.550048828125,1039.949951171875,8233454
2024-02-12,1044.1943359375,1046.699951171875,1057.25,1035.3499755859375,1051.4000244140625,8694379
2024-02-13,1068.18701171875,1070.75,1075.550048828125,1044.800048828125,1051.0,8413609
2024-02-14,1094.224365234375,1096.8499755859375,1100.9000244140625,1060.550048828125,1061.300048828125,16609115
2024-02-15,1069.63330078125,1072.199951171875,1097.550048828125,1069.25,1097.5,11780823
2024-02-16,1066.1915283203125,1068.75,1076.0,1058.0,1073.0,8660907
2024-02-19,1060.405517578125,1062.949951171875,1070.0,1060.0999755859375,1069.0,7562645
2024-02-20,1085.994140625,1088.5999755859375,1090.5,1057.699951171875,1059.0,8722800
2024-02-21,1081.604736328125,1084.199951171875,1093.949951171875,1073.0999755859375,1093.8499755859375,9177213
2024-02-22,1098.2646484375,1100.9000244140625,1110.699951171875,1081.5,1090.300048828125,14633340
2024-02-23,1094.174560546875,1096.800048828125,1107.4000244140625,1090.0,1099.0,6250943
2024-02-26,1082.6021728515625,1085.199951171875,1094.800048828125,1079.6500244140625,1093.449951171875,5354189
2024-02-27,1076.467041015625,1079.050048828125,1088.550048828125,1072.050048828125,1081.6500244140625,6546815
2024-02-28,1071.6285400390625,1074.199951171875,1085.0,1064.050048828125,1077.4000244140625,7643191
2024-02-29,1072.5263671875,1075.0999755859375,1082.300048828125,1055.3499755859375,1071.0,13648997
2024-03-01,1096.61865234375,1099.25,1101.699951171875,1076.0,1076.0,4819390
2024-03-04,1104.1005859375,1106.75,1108.9000244140625,1093.0999755859375,1099.25,5895441
2024-03-05,1098.1650390625,1100.800048828125,1110.9000244140625,1094.5,1102.199951171875,4851446
2024-03-06,1122.3070068359375,1125.0,1131.949951171875,1095.3499755859375,1100.199951171875,13787638
2024-03-07,1108.7894287109375,1111.449951171875,1126.9000244140625,1107.550048828125,1126.0,6943879
2024-03-11,1102.4547119140625,1105.0999755859375,1120.0,1101.9000244140625,1112.25,6751641
2024-03-12,1094.3740234375,1097.0,1121.4000244140625,1084.25,1105.0,9817138
2024-03-13,1077.8138427734375,1080.4000244140625,1099.550048828125,1070.75,1096.0,11503890
2024-03-14,1055.716796875,1058.25,1081.25,1055.5999755859375,1075.0,10253613
2024-03-15,1043.8951416015625,1046.4000244140625,1056.25,1030.25,1056.25,17798175
2024-03-18,1058.809326171875,1061.3499755859375,1066.9000244140625,1043.5999755859375,1044.0,7612407
2024-03-19,1048.28466796875,1050.800048828125,1060.949951171875,1046.699951171875,1055.550048828125,6728886
2024-03-20,1032.2730712890625,1034.75,1057.449951171875,1030.949951171875,1050.0,12619644
2024-03-21,1033.1209716796875,1035.5999755859375,1050.550048828125,1028.1500244140625,1039.3499755859375,9903738
2024-03-22,1030.8265380859375,1033.300048828125,1047.25,1029.949951171875,1040.0999755859375,9891194
2024-03-26,1038.05908203125,1040.550048828125,1044.199951171875,1027.5,1029.0,9656767
2024-03-27,1050.3297119140625,1052.8499755859375,1057.550048828125,1044.25,1045.800048828125,17027308
2024-03-28,1044.693115234375,1047.199951171875,1058.4000244140625,1044.0999755859375,1052.8499755859375,10235318
2024-04-01,1050.5791015625,1053.0999755859375,1063.75,1048.9000244140625,1052.3499755859375,5484556
2024-04-02,1044.693115234375,1047.199951171875,1055.8499755859375,1040.199951171875,1051.0,13617893
2024-04-03,1060.704833984375,1063.25,1070.300048828125,1043.75,1043.800048828125,11573590
2024-04-04,1060.405517578125,1062.949951171875,1080.699951171875,1059.1500244140625,1070.0,17964844
2024-04-05,1056.564697265625,1059.0999755859375,1063.0,1048.0999755859375,1061.0999755859375,9210187
2024-04-08,1073.4742431640625,1076.050048828125,1079.449951171875,1063.550048828125,1067.0,4967186
2024-04-09,1077.4146728515625,1080.0,1090.0,1071.3499755859375,1090.0,11385226
2024-04-10,1085.196044921875,1087.800048828125,1093.0,1080.0,1086.199951171875,9064074
2024-04-12,1070.8804931640625,1073.449951171875,1096.4000244140625,1071.0999755859375,1079.5,18045983
2024-04-15,1055.41748046875,1057.949951171875,1071.0,1055.25,1063.0999755859375,8889435
2024-04-16,1049.3819580078125,1051.9000244140625,1057.8499755859375,1044.3499755859375,1049.949951171875,7107881
2024-04-18,1021.5487670898438,1024.0,1051.4000244140625,1013.8499755859375,1044.1500244140625,17832438
2024-04-19,1026.636474609375,1029.0999755859375,1036.949951171875,995.7000122070312,1015.0,21598007
2024-04-22,1051.4271240234375,1053.949951171875,1058.5,1032.0,1039.0,9410832
2024-04-23,1053.22265625,1055.75,1060.25,1048.75,1058.0,8300012
2024-04-24,1060.704833984375,1063.25,1068.949951171875,1056.0,1056.0,5641163
2024-04-25,1124.30224609375,1127.0,1133.949951171875,1086.0999755859375,1100.0,46136295
2024-04-26,1127.5943603515625,1130.300048828125,1141.3499755859375,1123.0,1130.0,10133766
2024-04-29,1156.4749755859375,1159.25,1164.0,1125.300048828125,1130.300048828125,15183242
2024-04-30,1163.109130859375,1165.9000244140625,1182.9000244140625,1155.1500244140625,1160.1500244140625,18965164
2024-05-02,1147.0975341796875,1149.8499755859375,1174.0,1148.0,1156.0,12302236
2024-05-03,1138.7674560546875,1141.5,1163.25,1134.0999755859375,1150.9000244140625,9993632
2024-05-06,1140.912353515625,1143.6500244140625,1156.0,1135.6500244140625,1143.9000244140625,7490104
2024-05-07,1125.00048828125,1127.699951171875,1148.800048828125,1124.050048828125,1146.050048828125,7115509
2024-05-08,1125.9482421875,1128.6500244140625,1135.449951171875,1118.25,1124.6500244140625,8175609
2024-05-09,1112.9793701171875,1115.6500244140625,1134.550048828125,1112.199951171875,1122.0,5226693
2024-05-10,1117.418701171875,1120.0999755859375,1140.0,1113.3499755859375,1123.699951171875,7242718
2024-05-13,1129.290283203125,1132.0,1135.4000244140625,1105.050048828125,1120.0999755859375,5513160
2024-05-14,1120.1622314453125,1122.8499755859375,1136.0999755859375,1118.0999755859375,1129.949951171875,5471143
2024-05-15,1125.3497314453125,1128.050048828125,1131.199951171875,1118.5999755859375,1125.550048828125,5436338
2024-05-16,1136.5728759765625,1139.300048828125,1143.949951171875,1111.300048828125,1134.1500244140625,10750526
2024-05-17,1138.6177978515625,1141.3499755859375,1146.0,1126.0999755859375,1132.0,9909986
2024-05-21,1134.9267578125,1137.6500244140625,1145.75,1129.199951171875,1136.0,8162017
2024-05-22,1123.3046875,1126.0,1142.0,1117.949951171875,1142.0,9094033
2024-05-23,1162.460693359375,1165.25,1169.6500244140625,1125.75,1126.0,12818081
2024-05-24,1171.1895751953125,1174.0,1177.0,1160.5999755859375,1165.5,8814997
2024-05-27,1184.1585693359375,1187.0,1196.0,1168.0,1178.9000244140625,10450046
2024-05-28,1180.5672607421875,1183.4000244140625,1192.4000244140625,1179.0,1188.0,4018776
2024-05-29,1156.9737548828125,1159.75,1185.9000244140625,1156.0,1172.0,9418064
2024-05-30,1165.1541748046875,1167.949951171875,1179.800048828125,1155.0,1155.199951171875,7232217
2024-05-31,1159.3680419921875,1162.1500244140625,1178.0,1153.4000244140625,1173.0,10057642
2024-06-03,1220.97021484375,1223.9000244140625,1242.199951171875,1193.4000244140625,1197.050048828125,22197339
2024-06-04,1128.5419921875,1131.25,1224.0,1101.550048828125,1224.0,24135989
2024-06-05,1181.66455078125,1184.5,1193.0,1110.699951171875,1138.0,21039499
2024-06-06,1168.1470947265625,1170.949951171875,1195.9000244140625,1163.25,1192.0999755859375,12006879
2024-06-07,1183.959228515625,1186.800048828125,1195.199951171875,1166.75,1178.0,8583998
2024-06-10,1197.12744140625,1200.0,1212.4000244140625,1185.0,1185.0,9995057
2024-06-11,1191.7403564453125,1194.5999755859375,1209.3499755859375,1190.449951171875,1204.449951171875,9390212
2024-06-12,1185.0565185546875,1187.9000244140625,1206.1500244140625,1184.0999755859375,1192.0999755859375,7199718
2024-06-13,1171.838134765625,1174.6500244140625,1202.0,1173.449951171875,1201.800048828125,5321148
2024-06-14,1178.222900390625,1181.050048828125,1184.6500244140625,1170.0,1180.949951171875,4451031
2024-06-18,1189.0467529296875,1191.9000244140625,1194.0,1181.1500244140625,1194.0,6837181
2024-06-19,1223.7137451171875,1226.6500244140625,1243.3499755859375,1185.5,1193.0,17987437
2024-06-20,1236.532958984375,1239.5,1241.5,1220.4000244140625,1230.0999755859375,8206858
2024-06-21,1234.48779296875,1237.449951171875,1246.0,1223.75,1246.0,29311314
2024-06-24,1225.1602783203125,1228.0999755859375,1235.75,1225.050048828125,1231.0,6676530
2024-06-25,1268.406494140625,1271.449951171875,1278.75,1226.0,1234.449951171875,17607952
2024-06-26,1282.3231201171875,1285.4000244140625,1292.949951171875,1259.199951171875,1281.0999755859375,13956370
2024-06-27,1285.864501953125,1288.949951171875,1310.0,1280.0,1310.0,22311393
2024-06-28,1262.2213134765625,1265.25,1289.9000244140625,1261.5999755859375,1283.0999755859375,7167069
2024-07-01,1258.8792724609375,1261.9000244140625,1273.0,1256.449951171875,1273.0,5797015
2024-07-02,1250.399658203125,1253.4000244140625,1267.8499755859375,1238.25,1265.0,9945447
2024-07-03,1276.93603515625,1280.0,1288.5999755859375,1243.5999755859375,1260.0,15171347
2024-07-04,1277.8338623046875,1280.9000244140625,1293.0,1268.5,1288.0,4817380
2024-07-05,1283.9691162109375,1287.050048828125,1295.4000244140625,1270.9000244140625,1272.0,8593502
2024-07-08,1284.76708984375,1287.8499755859375,1297.4000244140625,1279.5999755859375,1285.0,4216951
2024-07-09,1286.3133544921875,1289.4000244140625,1295.0,1279.199951171875,1284.0,6930340
2024-07-10,1288.55810546875,1291.6500244140625,1294.0,1275.1500244140625,1284.199951171875,9020489
2024-07-11,1293.6458740234375,1296.75,1301.4000244140625,1276.949951171875,1301.050048828125,7848846
2024-07-12,1315.160888671875,1317.300048828125,1339.6500244140625,1293.9000244140625,1293.9000244140625,11278987
2024-07-15,1305.3267822265625,1307.449951171875,1324.4000244140625,1305.0,1316.699951171875,11537127
2024-07-16,1301.8824462890625,1304.0,1318.449951171875,1299.699951171875,1307.449951171875,5433264
2024-07-18,1307.2738037109375,1309.4000244140625,1318.5999755859375,1294.5,1300.0,6787511
2024-07-19,1290.2513427734375,1292.3499755859375,1309.0,1288.199951171875,1305.6500244140625,4496066
2024-07-22,1280.41748046875,1282.5,1292.3499755859375,1278.199951171875,1283.3499755859375,6695557
2024-07-23,1261.1986083984375,1263.25,1291.0999755859375,1251.0,1288.5,8789327
2024-07-24,1237.2376708984375,1239.25,1267.3499755859375,1226.6500244140625,1262.9000244140625,10344860
2024-07-25,1173.9906005859375,1175.9000244140625,1200.0,1155.5,1200.0,32979871
2024-07-26,1175.4381103515625,1177.3499755859375,1183.1500244140625,1155.25,1165.0,18554648
2024-07-29,1168.1500244140625,1170.050048828125,1194.5999755859375,1163.6500244140625,1182.3499755859375,19598573
2024-07-30,1168.10009765625,1170.0,1180.0,1160.199951171875,1164.0999755859375,18090045
2024-07-31,1164.206298828125,1166.0999755859375,1171.0,1154.0,1157.0,17347076
2024-08-01,1170.3963623046875,1172.300048828125,1175.6500244140625,1165.449951171875,1168.0,11190500
2024-08-02,1158.9649658203125,1160.8499755859375,1167.800048828125,1156.0999755859375,1164.0,10581445
2024-08-05,1131.6593017578125,1133.5,1151.449951171875,1124.300048828125,1142.0,12013362
2024-08-06,1124.2713623046875,1126.0999755859375,1151.0,1123.0999755859375,1140.0,8571122
2024-08-07,1134.9539794921875,1136.800048828125,1144.800048828125,1127.0,1138.800048828125,8370312
2024-08-08,1136.3018798828125,1138.1500244140625,1142.800048828125,1126.0,1133.0999755859375,7903428
2024-08-09,1140.894287109375,1142.75,1155.699951171875,1139.949951171875,1152.0,6262086
2024-08-12,1162.409423828125,1164.300048828125,1169.0999755859375,1135.8499755859375,1146.0,9078384
2024-08-13,1157.7169189453125,1159.5999755859375,1179.5999755859375,1155.4000244140625,1161.3499755859375,6180463
2024-08-14,1151.2274169921875,1153.0999755859375,1159.0,1148.6500244140625,1159.0,5021841
2024-08-16,1164.9552001953125,1166.8499755859375,1170.0,1149.5999755859375,1166.4000244140625,6107134
2024-08-19,1151.3773193359375,1153.25,1171.300048828125,1150.199951171875,1169.0,6691823
2024-08-20,1166.103271484375,1168.0,1177.0,1154.6500244140625,1158.0,6721749
2024-08-21,1172.492919921875,1174.4000244140625,1178.0,1161.5,1166.5999755859375,9480630
2024-08-22,1168.050048828125,1169.949951171875,1181.0,1168.949951171875,1179.699951171875,5841326
2024-08-23,1164.0565185546875,1165.949951171875,1173.949951171875,1163.5,1170.0,5121962
2024-08-26,1168.399658203125,1170.300048828125,1175.25,1166.0999755859375,1171.699951171875,3392612
2024-08-27,1179.331787109375,1181.25,1184.8499755859375,1164.25,1170.0,8702113
2024-08-28,1169.0484619140625,1170.949951171875,1181.699951171875,1169.3499755859375,1177.0,5483503
2024-08-29,1173.4913330078125,1175.4000244140625,1179.9000244140625,1163.4000244140625,1169.0,7290114
2024-08-30,1173.341552734375,1175.25,1182.949951171875,1171.8499755859375,1177.0,10190506
2024-09-02,1186.86962890625,1188.800048828125,1194.0,1174.0999755859375,1176.0,6432362
2024-09-03,1189.6649169921875,1191.5999755859375,1193.550048828125,1176.699951171875,1188.0,7920246
2024-09-04,1175.7874755859375,1177.699951171875,1189.6500244140625,1173.300048828125,1182.699951171875,6527941
2024-09-05,1178.6329345703125,1180.550048828125,1182.8499755859375,1173.449951171875,1182.0,4234766
2024-09-06,1156.868408203125,1158.75,1181.3499755859375,1150.800048828125,1176.0,9874576
2024-09-09,1168.9486083984375,1170.8499755859375,1175.5999755859375,1145.0,1158.0,7700940
2024-09-10,1185.2720947265625,1187.199951171875,1190.8499755859375,1173.3499755859375,1178.9000244140625,8723854
2024-09-11,1184.173828125,1186.0999755859375,1194.8499755859375,1181.0,1187.199951171875,6000329
2024-09-12,1201.3958740234375,1203.3499755859375,1205.699951171875,1176.75,1190.0999755859375,7592871
2024-09-13,1215.472900390625,1217.449951171875,1219.550048828125,1201.0,1209.9000244140625,6762566
2024-09-16,1229.0509033203125,1231.050048828125,1234.0,1215.0,1222.0,4039284
2024-09-17,1230.0992431640625,1232.0999755859375,1240.5999755859375,1227.5999755859375,1235.199951171875,8030427
2024-09-18,1238.4356689453125,1240.449951171875,1250.4000244140625,1225.0,1231.9000244140625,8210034
2024-09-19,1240.6820068359375,1242.699951171875,1261.699951171875,1239.0,1248.449951171875,8449864
2024-09-20,1242.978271484375,1245.0,1250.0,1229.9000244140625,1244.0,15009629
2024-09-23,1244.775390625,1246.800048828125,1252.449951171875,1240.550048828125,1251.5,5462814
2024-09-24,1237.5372314453125,1239.550048828125,1247.0999755859375,1235.3499755859375,1241.0999755859375,9225946
2024-09-25,1266.0406494140625,1268.0999755859375,1271.0,1231.0999755859375,1238.0,6853324
2024-09-26,1275.026123046875,1277.0999755859375,1281.6500244140625,1262.25,1267.550048828125,7270078
2024-09-27,1271.0826416015625,1273.1500244140625,1281.550048828125,1257.25,1273.0,13372027
2024-09-30,1230.198974609375,1232.199951171875,1275.0,1229.3499755859375,1263.5,8466919
2024-10-01,1224.6580810546875,1226.6500244140625,1242.949951171875,1224.6500244140625,1228.0999755859375,11164280
2024-10-03,1173.790771484375,1175.699951171875,1219.1500244140625,1173.0999755859375,1207.5,17300892
2024-10-04,1176.4864501953125,1178.4000244140625,1202.800048828125,1174.0,1175.5,13064515
2024-10-07,1143.8394775390625,1145.699951171875,1184.8499755859375,1130.9000244140625,1182.949951171875,20047013
2024-10-08,1151.42724609375,1153.300048828125,1168.3499755859375,1142.5,1153.0,8464570
2024-10-09,1168.2498779296875,1170.1500244140625,1185.0,1154.0,1154.0,9807734
2024-10-10,1182.326904296875,1184.25,1191.0,1175.050048828125,1177.0,6806243
2024-10-11,1170.5460205078125,1172.449951171875,1188.199951171875,1166.0,1182.5,4754158
2024-10-14,1162.459228515625,1164.3499755859375,1175.0,1156.5999755859375,1171.550048828125,9765296
2024-10-15,1151.976318359375,1153.8499755859375,1172.0,1149.5,1166.0999755859375,8741516
2024-10-16,1151.3272705078125,1153.199951171875,1162.949951171875,1148.0999755859375,1151.0,7739854
2024-10-17,1130.0120849609375,1131.8499755859375,1151.3499755859375,1124.0,1151.0,6595231
2024-10-18,1194.9063720703125,1196.8499755859375,1203.8499755859375,1156.050048828125,1158.0,20829666
2024-10-21,1188.3671875,1190.300048828125,1214.800048828125,1185.550048828125,1196.8499755859375,7456038
2024-10-22,1173.8408203125,1175.75,1198.0,1173.3499755859375,1194.25,7256246
2024-10-23,1158.515625,1160.4000244140625,1183.1500244140625,1158.6500244140625,1175.0999755859375,6501834
2024-10-24,1165.4544677734375,1167.3499755859375,1175.199951171875,1154.6500244140625,1165.0,5046700
2024-10-25,1187.418701171875,1189.3499755859375,1201.75,1170.0,1187.0,12798716
2024-10-28,1169.697509765625,1171.5999755859375,1194.0,1167.050048828125,1194.0,8572243
2024-10-29,1184.922607421875,1186.8499755859375,1191.199951171875,1157.5999755859375,1176.4000244140625,9908946
2024-10-30,1168.4993896484375,1170.4000244140625,1187.6500244140625,1164.300048828125,1178.75,9686560
2024-10-31,1157.6671142578125,1159.550048828125,1178.0,1153.8499755859375,1165.5,8682294
2024-11-01,1167.65087890625,1169.550048828125,1172.5,1164.0,1164.050048828125,460781
2024-11-04,1137.4000244140625,1139.25,1176.949951171875,1135.449951171875,1172.0,9288653
2024-11-05,1169.7972412109375,1171.699951171875,1174.9000244140625,1133.449951171875,1138.949951171875,11701049
2024-11-06,1164.605712890625,1166.5,1183.550048828125,1161.449951171875,1171.800048828125,10353506
2024-11-07,1158.0166015625,1159.9000244140625,1172.9000244140625,1151.050048828125,1168.5999755859375,6252889
2024-11-08,1159.064697265625,1160.949951171875,1167.75,1151.0999755859375,1156.0,3786168
2024-11-11,1169.098388671875,1171.0,1176.800048828125,1142.949951171875,1152.0,6620678
2024-11-12,1156.2694091796875,1158.1500244140625,1187.0,1153.800048828125,1171.6500244140625,9606088
2024-11-13,1137.30029296875,1139.1500244140625,1165.5,1135.0999755859375,1151.9000244140625,8079113
2024-11-14,1138.84765625,1140.699951171875,1150.75,1131.5999755859375,1137.550048828125,5975873
2024-11-18,1124.37109375,1126.199951171875,1135.0,1121.550048828125,1131.199951171875,9474971
2024-11-19,1132.1085205078125,1133.949951171875,1139.0,1122.050048828125,1130.0,19225966
2024-11-21,1137.30029296875,1139.1500244140625,1152.0,1115.75,1138.0,8126248
2024-11-22,1140.544921875,1142.4000244140625,1147.9000244140625,1127.550048828125,1136.6500244140625,16687505
2024-11-25,1154.0230712890625,1155.9000244140625,1164.5,1142.0,1160.0,12385823
2024-11-26,1142.9410400390625,1144.800048828125,1159.5999755859375,1142.6500244140625,1157.0999755859375,5127437
2024-11-27,1147.7830810546875,1149.6500244140625,1155.449951171875,1133.550048828125,1145.199951171875,5989943
2024-11-28,1130.6610107421875,1132.5,1154.449951171875,1129.4000244140625,1148.5,10731275
2024-11-29,1134.4549560546875,1136.300048828125,1140.9000244140625,1127.699951171875,1133.550048828125,6406277
2024-12-02,1135.2535400390625,1137.0999755859375,1141.4000244140625,1126.5999755859375,1132.699951171875,4785858
2024-12-03,1158.615478515625,1160.5,1164.9000244140625,1138.0,1144.4000244140625,8382042
2024-12-04,1157.567138671875,1159.449951171875,1168.0,1153.9000244140625,1157.5,18379798
2024-12-05,1164.5059814453125,1166.4000244140625,1176.9000244140625,1150.0999755859375,1164.0,10640451
2024-12-06,1182.62646484375,1184.550048828125,1193.8499755859375,1160.0,1167.5,7542210
2024-12-09,1161.3609619140625,1163.25,1186.0,1161.0,1184.25,6308112
2024-12-10,1151.776611328125,1153.6500244140625,1165.050048828125,1151.25,1157.0,4714389
2024-12-11,1145.386962890625,1147.25,1158.3499755859375,1144.550048828125,1150.0,7788242
2024-12-12,1143.7896728515625,1145.6500244140625,1154.550048828125,1143.5999755859375,1145.0,4825283
2024-12-13,1146.28564453125,1148.1500244140625,1152.699951171875,1113.6500244140625,1141.0,8731618
2024-12-16,1149.0311279296875,1150.9000244140625,1155.0,1141.75,1146.5,3975202
2024-12-17,1134.4049072265625,1136.25,1151.8499755859375,1130.0,1145.25,7292817
2024-12-18,1120.4276123046875,1122.25,1139.9000244140625,1115.949951171875,1136.199951171875,7222127
2024-12-19,1107.099365234375,1108.9000244140625,1119.050048828125,1101.050048828125,1104.9000244140625,11677610
2024-12-20,1070.109375,1071.8499755859375,1105.8499755859375,1065.0,1103.949951171875,12623056
2024-12-23,1077.3975830078125,1079.1500244140625,1083.550048828125,1072.4000244140625,1075.0999755859375,3886921
2024-12-24,1077.1480712890625,1078.9000244140625,1084.75,1076.0,1077.300048828125,4343694
2024-12-26,1074.9515380859375,1076.699951171875,1092.5999755859375,1072.75,1083.0,4775460
2024-12-27,1075.7003173828125,1077.449951171875,1086.25,1076.0,1078.0999755859375,3801667
2024-12-30,1068.21240234375,1069.949951171875,1096.5,1063.949951171875,1074.0999755859375,9452155
2024-12-31,1062.9710693359375,1064.699951171875,1070.449951171875,1058.5,1062.0,5292136
2025-01-01,1070.0595703125,1071.800048828125,1076.949951171875,1053.949951171875,1064.1500244140625,2985355
2025-01-02,1084.83544921875,1086.5999755859375,1088.699951171875,1067.5,1072.0,6557076
2025-01-03,1083.1383056640625,1084.9000244140625,1093.5,1079.800048828125,1086.0,7357220
2025-01-06,1061.6732177734375,1063.4000244140625,1090.0,1059.9000244140625,1087.75,5283413
2025-01-07,1065.7664794921875,1067.5,1070.5,1056.0,1064.550048828125,4619462
2025-01-08,1073.204345703125,1074.949951171875,1082.3499755859375,1059.0999755859375,1063.75,8780098
2025-01-09,1060.02587890625,1061.75,1080.1500244140625,1054.25,1079.5999755859375,9054190
2025-01-10,1039.010009765625,1040.699951171875,1064.8499755859375,1037.0,1056.25,5612886
2025-01-13,1047.59619140625,1049.300048828125,1063.0,1023.25,1026.5999755859375,7180930
2025-01-14,1049.9422607421875,1051.6500244140625,1061.0,1045.5,1052.949951171875,6892897
2025-01-15,1025.1326904296875,1026.800048828125,1052.9000244140625,1014.6500244140625,1043.0,11418721
2025-01-16,1036.314453125,1038.0,1046.449951171875,1027.050048828125,1033.9000244140625,10261727
2025-01-17,989.440673828125,991.0499877929688,1011.7000122070312,974.5999755859375,1000.0,33831617
2025-01-20,986.445556640625,988.0499877929688,994.2000122070312,976.5,992.0499877929688,33440507
2025-01-21,968.62451171875,970.2000122070312,994.4500122070312,963.0,993.5999755859375,11894500
2025-01-22,957.7422485351562,959.2999877929688,975.75,954.0,975.75,17303146
2025-01-23,949.505615234375,951.0499877929688,963.7000122070312,948.0,954.0,24649522
2025-01-24,946.959716796875,948.5,961.7999877929688,946.0999755859375,948.0,14421921
2025-01-27,946.5603637695312,948.0999755859375,949.75,933.5,943.0999755859375,12713296
2025-01-28,982.2024536132812,983.7999877929688,993.8499755859375,958.2000122070312,960.0,21781371
2025-01-29,981.8031616210938,983.4000244140625,988.6500244140625,977.5999755859375,988.0,11175206
2025-01-30,983.1009521484375,984.7000122070312,991.4000244140625,974.7999877929688,984.6500244140625,10473118
2025-01-31,984.4987182617188,986.0999755859375,990.0,978.0499877929688,982.0,9036312
2025-02-01,996.5291137695312,998.1500244140625,1004.9500122070312,982.0,989.5,4830391
2025-02-03,987.7933959960938,989.4000244140625,1000.5,983.3499755859375,987.0999755859375,7124605
2025-02-04,1013.6513061523438,1015.2999877929688,1017.0999755859375,987.7999877929688,994.0,16058171
2025-02-05,1011.654541015625,1013.2999877929688,1022.0499877929688,1010.5,1020.5999755859375,7858373
2025-02-06,1019.0425415039062,1020.7000122070312,1021.8499755859375,1010.0499877929688,1012.0,5815563
2025-02-07,1022.43701171875,1024.0999755859375,1027.3499755859375,1007.6500244140625,1019.5,8638651
2025-02-10,1010.1070556640625,1011.75,1026.75,1006.2000122070312,1021.0,3960565
2025-02-11,1005.76416015625,1007.4000244140625,1016.3499755859375,1002.5999755859375,1009.0,4808215
2025-02-12,1005.2649536132812,1006.9000244140625,1010.6500244140625,984.0,1000.0,7669283
2025-02-13,1006.5628051757812,1008.2000122070312,1017.4500122070312,1001.0499877929688,1003.0,6348246
2025-02-14,995.8801879882812,997.5,1016.0,987.6500244140625,1010.5499877929688,5375755
2025-02-17,991.3375854492188,992.9500122070312,999.6500244140625,978.0499877929688,992.4500122070312,7166803
2025-02-18,992.53564453125,994.1500244140625,997.3499755859375,986.5499877929688,992.9500122070312,3090004
2025-02-19,1009.7077026367188,1011.3499755859375,1013.4500122070312,988.1500244140625,991.6500244140625,6401381
2025-02-20,1015.5482177734375,1017.2000122070312,1019.6500244140625,1006.5,1008.4000244140625,5011212
2025-02-21,1007.3115844726562,1008.9500122070312,1021.9000244140625,1000.6500244140625,1012.0,5019937
2025-02-24,1008.4097900390625,1010.0499877929688,1013.0,998.5499877929688,1001.3499755859375,4265454
2025-02-25,1007.4613037109375,1009.0999755859375,1013.7000122070312,997.0999755859375,1004.0,5708975
2025-02-27,1015.0490112304688,1016.7000122070312,1023.5499877929688,1005.1500244140625,1007.6500244140625,9777690
2025-02-28,1013.90087890625,1015.5499877929688,1035.5,1009.9500122070312,1014.7999877929688,15026849
2025-03-03,1005.6143188476562,1007.25,1019.4000244140625,992.0,1017.0499877929688,6763184
2025-03-04,1000.1731567382812,1001.7999877929688,1011.0999755859375,998.5999755859375,1001.0999755859375,5786420
2025-03-05,1012.802734375,1014.4500122070312,1017.4000244140625,1002.5499877929688,1003.0,5133873
2025-03-06,1032.4207763671875,1034.0999755859375,1039.5,1015.1500244140625,1022.5999755859375,7861120
2025-03-07,1035.9649658203125,1037.6500244140625,1050.3499755859375,1030.699951171875,1033.699951171875,7597321
2025-03-10,1034.16796875,1035.8499755859375,1050.5,1032.3499755859375,1036.0,5995655
2025-03-11,1023.9844970703125,1025.6500244140625,1036.800048828125,1021.0999755859375,1030.4000244140625,4771085
2025-03-12,1009.5579833984375,1011.2000122070312,1029.800048828125,999.2000122070312,1025.199951171875,7504702
2025-03-13,1008.5595703125,1010.2000122070312,1016.0,1005.0999755859375,1015.0,4004140
2025-03-17,1032.470703125,1034.1500244140625,1039.0,1011.0999755859375,1011.0999755859375,5938668
2025-03-18,1032.470703125,1034.1500244140625,1034.1500244140625,1034.1500244140625,1034.1500244140625,0
2025-03-19,1050.341552734375,1052.050048828125,1058.550048828125,1043.5,1047.800048828125,4822365
2025-03-20,1052.6378173828125,1054.3499755859375,1058.9000244140625,1046.9000244140625,1056.25,3742644
2025-03-21,1068.4122314453125,1070.1500244140625,1075.550048828125,1050.550048828125,1054.3499755859375,6848565
2025-03-24,1096.067138671875,1097.8499755859375,1104.949951171875,1073.699951171875,1082.0,8284863
2025-03-25,1116.7337646484375,1118.550048828125,1123.5,1096.3499755859375,1109.949951171875,11720528
2025-03-26,1094.4698486328125,1096.25,1118.8499755859375,1089.050048828125,1115.0,7127060
2025-03-27,1096.56640625,1098.3499755859375,1108.0,1088.0999755859375,1092.0,8508917
2025-03-28,1100.21044921875,1102.0,1107.0,1086.5,1098.4000244140625,4921190
2025-04-01,1083.837158203125,1085.5999755859375,1101.25,1070.0,1093.199951171875,6638140
2025-04-02,1082.68896484375,1084.449951171875,1095.5999755859375,1080.75,1091.699951171875,4065344
2025-04-03,1088.0802001953125,1089.8499755859375,1091.949951171875,1075.300048828125,1078.9000244140625,5345660
2025-04-04,1089.5279541015625,1091.300048828125,1101.9000244140625,1075.449951171875,1081.5,6059991
2025-04-07,1046.2481689453125,1047.949951171875,1069.0,1032.3499755859375,1035.0,9720457
2025-04-08,1076.0997314453125,1077.8499755859375,1084.949951171875,1060.300048828125,1061.0,8723357
2025-04-09,1059.926025390625,1061.6500244140625,1081.8499755859375,1058.0,1073.0999755859375,6690201
2025-04-11,1067.214111328125,1068.949951171875,1072.699951171875,1057.550048828125,1063.300048828125,8144072
2025-04-15,1110.9930419921875,1112.800048828125,1117.0,1083.0,1090.0,9320299
2025-04-16,1159.414306640625,1161.300048828125,1163.5,1112.5999755859375,1122.699951171875,12836428
2025-04-17,1188.8663330078125,1190.800048828125,1199.199951171875,1153.5999755859375,1155.5999755859375,13446336
2025-04-21,1221.0140380859375,1223.0,1238.699951171875,1198.0999755859375,1202.0,15166580
2025-04-22,1214.8240966796875,1216.800048828125,1235.0,1212.0999755859375,1230.4000244140625,8461710
2025-04-23,1204.940185546875,1206.9000244140625,1230.0,1194.9000244140625,1225.300048828125,9433911
2025-04-24,1205.139892578125,1207.0999755859375,1220.0,1199.0999755859375,1199.0999755859375,9078137
2025-04-25,1164.4061279296875,1166.300048828125,1179.9000244140625,1146.0,1177.0,17243807
2025-04-28,1190.8631591796875,1192.800048828125,1196.0,1164.300048828125,1166.300048828125,5523502
2025-04-29,1185.3720703125,1187.300048828125,1210.0,1184.4000244140625,1194.0,6074520
2025-04-30,1183.07568359375,1185.0,1193.9000244140625,1175.0,1185.0999755859375,6288257
2025-05-02,1181.478271484375,1183.4000244140625,1210.5,1180.0999755859375,1182.0999755859375,5249372
2025-05-05,1171.294921875,1173.199951171875,1190.0,1164.300048828125,1190.0,7236056
2025-05-06,1159.5140380859375,1161.4000244140625,1178.800048828125,1157.699951171875,1178.0,5348267
2025-05-07,1159.414306640625,1161.300048828125,1168.5999755859375,1152.9000244140625,1159.0,4263817
2025-05-08,1170.2965087890625,1172.199951171875,1179.0,1165.5999755859375,1170.0,9912347
2025-05-09,1149.230712890625,1151.0999755859375,1172.199951171875,1148.5,1160.0,5379571
2025-05-12,1201.04638671875,1203.0,1209.0,1175.199951171875,1185.0,7616208
2025-05-13,1191.6617431640625,1193.5999755859375,1214.800048828125,1190.0,1205.199951171875,5569926
2025-05-14,1193.5587158203125,1195.5,1199.4000244140625,1185.9000244140625,1195.9000244140625,4084921
2025-05-15,1207.1365966796875,1209.0999755859375,1217.0,1185.0,1197.0,6705748
2025-05-16,1206.837158203125,1208.800048828125,1213.300048828125,1203.199951171875,1206.0,4016269
2025-05-19,1200.846923828125,1202.800048828125,1219.0,1201.0999755859375,1208.0,4550022
2025-05-20,1193.8582763671875,1195.800048828125,1210.699951171875,1192.9000244140625,1208.0,4724482
2025-05-21,1195.85498046875,1197.800048828125,1204.9000244140625,1182.699951171875,1197.0999755859375,3712472
2025-05-22,1186.570068359375,1188.5,1196.699951171875,1177.5,1196.699951171875,4795583
2025-05-23,1208.135009765625,1210.0999755859375,1213.0999755859375,1188.0999755859375,1188.5,3676469
2025-05-26,1213.2265625,1215.199951171875,1224.199951171875,1208.699951171875,1216.199951171875,3607612
2025-05-27,1193.658447265625,1195.5999755859375,1216.699951171875,1190.4000244140625,1215.199951171875,7249163
2025-05-28,1192.7598876953125,1194.699951171875,1202.199951171875,1191.699951171875,1195.5999755859375,3525421
2025-05-29,1199.74853515625,1201.699951171875,1209.0,1189.0,1200.0,7788068
2025-05-30,1190.2640380859375,1192.199951171875,1208.800048828125,1189.5999755859375,1201.4000244140625,9998488
2025-06-02,1192.46044921875,1194.4000244140625,1200.9000244140625,1179.199951171875,1189.800048828125,3761853
2025-06-03,1179.5814208984375,1181.5,1198.9000244140625,1174.9000244140625,1195.0,8155665
2025-06-04,1169.098388671875,1171.0,1191.300048828125,1168.5999755859375,1181.800048828125,4306355
2025-06-05,1157.117919921875,1159.0,1175.5,1157.0,1172.5,10481600
2025-06-06,1192.66015625,1194.5999755859375,1201.199951171875,1151.199951171875,1158.9000244140625,14715421
2025-06-09,1217.9190673828125,1219.9000244140625,1224.5,1206.199951171875,1212.5,9138108
2025-06-10,1230.798095703125,1232.800048828125,1235.9000244140625,1218.4000244140625,1224.4000244140625,7747558
2025-06-11,1229.400390625,1231.4000244140625,1241.800048828125,1228.0999755859375,1232.5999755859375,4135775
2025-06-12,1210.930419921875,1212.9000244140625,1237.0999755859375,1210.800048828125,1231.0,3461744
2025-06-13,1203.842041015625,1205.800048828125,1211.699951171875,1195.5999755859375,1198.0,3906868
2025-06-16,1213.4263916015625,1215.4000244140625,1218.0,1196.0,1206.0999755859375,5697424
2025-06-17,1213.1268310546875,1215.0999755859375,1227.0,1211.300048828125,1215.4000244140625,4492946
2025-06-18,1219.017333984375,1221.0,1223.300048828125,1203.9000244140625,1209.800048828125,3135662
2025-06-19,1215.52294921875,1217.5,1227.800048828125,1213.800048828125,1218.0,4243763
2025-06-20,1218.7177734375,1220.699951171875,1226.0,1214.199951171875,1217.5,4652390
2025-06-23,1212.12841796875,1214.0999755859375,1222.9000244140625,1205.5999755859375,1212.5999755859375,2312469
2025-06-24,1219.2169189453125,1221.199951171875,1238.4000244140625,1215.5999755859375,1222.9000244140625,6745788
2025-06-25,1211.3297119140625,1213.300048828125,1226.300048828125,1211.0,1226.300048828125,4229259
2025-06-26,1231.4969482421875,1233.5,1239.0,1211.199951171875,1215.199951171875,8678448
2025-06-27,1223.110595703125,1225.0999755859375,1247.0,1220.4000244140625,1236.9000244140625,6068274
2025-06-30,1197.2525634765625,1199.199951171875,1236.0,1193.0999755859375,1228.9000244140625,6559872
2025-07-01,1171.394775390625,1173.300048828125,1202.0,1167.0,1202.0,8702198
2025-07-02,1173.3914794921875,1175.300048828125,1181.9000244140625,1172.0,1180.0,5471100
2025-07-03,1169.1982421875,1171.0999755859375,1181.0,1168.0,1178.0,6237185
2025-07-04,1176.6925048828125,1177.5999755859375,1179.5,1162.0,1174.0,3926186
2025-07-07,1174.1944580078125,1175.0999755859375,1177.5999755859375,1167.5999755859375,1177.5999755859375,5783402
2025-07-08,1164.501953125,1165.4000244140625,1180.0,1161.9000244140625,1180.0,9973619
2025-07-09,1163.8023681640625,1164.699951171875,1171.0,1158.5999755859375,1160.0,8674795
2025-07-10,1163.40283203125,1164.300048828125,1176.5999755859375,1163.0,1170.0999755859375,4339755
2025-07-11,1172.8955078125,1173.800048828125,1175.9000244140625,1160.5999755859375,1162.0,4468654
2025-07-14,1171.7962646484375,1172.699951171875,1179.9000244140625,1163.0,1179.0,4772502
2025-07-15,1165.0015869140625,1165.9000244140625,1179.0,1162.300048828125,1174.0,4776756
2025-07-16,1167.4996337890625,1168.4000244140625,1174.0,1157.0999755859375,1164.9000244140625,4388279
2025-07-17,1158.90625,1159.800048828125,1172.9000244140625,1154.800048828125,1170.0,5694428
2025-07-18,1098.452880859375,1099.300048828125,1115.9000244140625,1086.0,1090.0,38053695
2025-07-21,1098.7525634765625,1099.5999755859375,1101.5,1071.9000244140625,1086.0,15905500
2025-07-22,1097.15380859375,1098.0,1110.5999755859375,1095.0,1102.0,9999957
2025-07-23,1103.9486083984375,1104.800048828125,1110.5,1098.0999755859375,1099.5,6633979
2025-07-24,1094.256103515625,1095.0999755859375,1105.0,1089.4000244140625,1104.0,9901209
2025-07-25,1085.262939453125,1086.0999755859375,1101.0,1076.199951171875,1086.0999755859375,11779887
2025-07-28,1072.7725830078125,1073.5999755859375,1092.199951171875,1067.4000244140625,1080.9000244140625,9029557
2025-07-29,1063.3798828125,1064.199951171875,1078.699951171875,1055.4000244140625,1070.9000244140625,15599773
2025-07-30,1072.472900390625,1073.300048828125,1080.5999755859375,1062.0,1070.5,8247433
2025-07-31,1067.57666015625,1068.4000244140625,1081.300048828125,1063.9000244140625,1066.0,7634413
2025-08-01,1061.581298828125,1062.4000244140625,1070.9000244140625,1060.0,1065.0,5545447
2025-08-04,1067.7764892578125,1068.5999755859375,1070.0,1059.0,1064.4000244140625,4465845
2025-08-05,1069.974853515625,1070.800048828125,1079.9000244140625,1062.5,1068.0,5318081
2025-08-06,1070.1746826171875,1071.0,1077.699951171875,1065.5999755859375,1074.0,4216651
2025-08-07,1075.37060546875,1076.199951171875,1079.699951171875,1064.5,1067.800048828125,5321131
2025-08-08,1057.2845458984375,1058.0999755859375,1080.4000244140625,1054.199951171875,1073.0,5084903
2025-08-11,1072.472900390625,1073.300048828125,1075.4000244140625,1052.5999755859375,1058.0999755859375,5452775
2025-08-12,1069.1754150390625,1070.0,1076.5999755859375,1066.300048828125,1071.0999755859375,4573025
2025-08-13,1065.178466796875,1066.0,1072.800048828125,1063.199951171875,1071.0999755859375,4966778
2025-08-14,1067.376708984375,1068.199951171875,1072.4000244140625,1062.0,1067.0,6761305
2025-08-18,1081.7657470703125,1082.5999755859375,1090.0,1079.4000244140625,1080.0,7964987
2025-08-19,1082.365234375,1083.199951171875,1095.0,1075.800048828125,1078.0,5661531
2025-08-20,1079.3675537109375,1080.199951171875,1083.699951171875,1077.800048828125,1081.0,3034728
2025-08-21,1078.068603515625,1078.9000244140625,1090.0,1076.4000244140625,1090.0,6459262
2025-08-22,1070.07470703125,1070.9000244140625,1078.5,1069.5,1076.0,3853718
2025-08-25,1069.1754150390625,1070.0,1074.5,1068.199951171875,1073.0,2711278
2025-08-26,1049.290771484375,1050.0999755859375,1069.800048828125,1048.0,1068.0,7197666
2025-08-28,1051.08935546875,1051.9000244140625,1059.5,1047.0,1057.0,8564803
2025-08-29,1044.39453125,1045.199951171875,1063.0,1042.5,1052.0999755859375,4718016
2025-09-01,1060.6820068359375,1061.5,1064.0,1047.5999755859375,1047.5999755859375,3190426
2025-09-02,1055.385986328125,1056.199951171875,1064.9000244140625,1049.0,1061.5,4933541
2025-09-03,1053.88720703125,1054.699951171875,1064.9000244140625,1045.0,1056.199951171875,8303296
2025-09-04,1049.590576171875,1050.4000244140625,1062.199951171875,1047.300048828125,1058.199951171875,8088417
2025-09-05,1055.0863037109375,1055.9000244140625,1058.0,1047.800048828125,1056.5999755859375,2849589
2025-09-08,1054.6866455078125,1055.5,1063.0,1054.0,1055.9000244140625,2260147
2025-09-09,1051.3890380859375,1052.199951171875,1059.0,1048.699951171875,1057.5,4310419
2025-09-10,1069.2752685546875,1070.0999755859375,1074.0999755859375,1055.0999755859375,1058.0,5241075
2025-09-11,1086.56201171875,1087.4000244140625,1093.0,1069.0,1069.0,5227539
2025-09-12,1104.4482421875,1105.300048828125,1108.699951171875,1088.4000244140625,1088.4000244140625,6014850
2025-09-15,1103.5489501953125,1104.4000244140625,1110.0,1100.0,1105.0,3881807
2025-09-16,1120.3359375,1121.199951171875,1127.0999755859375,1104.0,1105.699951171875,7965606
2025-09-17,1125.13232421875,1126.0,1128.5,1116.0999755859375,1121.300048828125,5590739
2025-09-18,1132.1268310546875,1133.0,1134.4000244140625,1121.199951171875,1129.0,5713032
2025-09-19,1135.024658203125,1135.9000244140625,1144.0999755859375,1126.5999755859375,1133.0,8910732
2025-09-22,1143.51806640625,1144.4000244140625,1147.5999755859375,1131.199951171875,1136.0,7689900
2025-09-23,1169.8978271484375,1170.800048828125,1172.800048828125,1141.9000244140625,1146.0,16079093
2025-09-24,1158.0069580078125,1158.9000244140625,1172.800048828125,1154.0,1168.0,12812055
2025-09-25,1165.700927734375,1166.5999755859375,1171.800048828125,1153.4000244140625,1154.699951171875,11188302
2025-09-26,1153.1107177734375,1154.0,1169.699951171875,1148.0,1161.5999755859375,5618932
2025-09-29,1131.327392578125,1132.199951171875,1158.300048828125,1126.699951171875,1155.4000244140625,9693881
2025-09-30,1130.7279052734375,1131.5999755859375,1137.0,1125.4000244140625,1130.0,8165203
2025-10-01,1158.6064453125,1159.5,1164.800048828125,1131.0,1132.5,9655009
2025-10-03,1180.08984375,1181.0,1188.0,1169.5,1171.0,11095015
2025-10-06,1211.865478515625,1212.800048828125,1215.199951171875,1182.0999755859375,1185.0,20128505
2025-10-07,1185.885498046875,1186.800048828125,1212.0,1184.0,1212.0,8620156
2025-10-08,1179.690185546875,1180.5999755859375,1194.800048828125,1174.0999755859375,1180.0999755859375,5160430
2025-10-09,1166.5003662109375,1167.4000244140625,1187.300048828125,1163.0999755859375,1178.0,7194651
2025-10-10,1179.4903564453125,1180.4000244140625,1191.699951171875,1165.199951171875,1168.0,6933035
2025-10-13,1188.6832275390625,1189.5999755859375,1193.5999755859375,1167.5,1171.0,4138448
2025-10-14,1175.8931884765625,1176.800048828125,1191.800048828125,1166.5999755859375,1191.800048828125,5742538
2025-10-15,1168.6986083984375,1169.5999755859375,1181.699951171875,1164.0,1180.0,6328142
2025-10-16,1195.378173828125,1196.300048828125,1216.9000244140625,1185.300048828125,1216.4000244140625,17747171
2025-10-17,1199.2750244140625,1200.199951171875,1212.9000244140625,1191.5999755859375,1196.300048828125,6404414
2025-10-20,1225.05517578125,1226.0,1231.699951171875,1207.0,1207.9000244140625,7418616
2025-10-21,1236.3465576171875,1237.300048828125,1238.800048828125,1222.0,1225.800048828125,1940248
2025-10-23,1257.8299560546875,1258.800048828125,1276.0999755859375,1241.300048828125,1246.0,14611221
2025-10-24,1240.9429931640625,1241.9000244140625,1256.0,1240.0999755859375,1254.199951171875,4882046
2025-10-27,1253.133544921875,1254.0999755859375,1258.5,1242.5999755859375,1243.4000244140625,6185072
2025-10-28,1245.339599609375,1246.300048828125,1258.9000244140625,1236.5999755859375,1249.0,8146777
2025-10-29,1247.837646484375,1248.800048828125,1251.0,1239.199951171875,1246.9000244140625,4578825
2025-10-30,1237.6455078125,1238.5999755859375,1248.0,1235.0,1243.0,4017532
2025-10-31,1231.8499755859375,1232.800048828125,1245.4000244140625,1231.0,1243.0,4106607
2025-11-03,1232.749267578125,1233.699951171875,1241.0,1222.300048828125,1226.0,6118907
2025-11-04,1225.6546630859375,1226.5999755859375,1235.9000244140625,1222.800048828125,1230.0999755859375,3299345
2025-11-06,1227.55322265625,1228.5,1239.5999755859375,1225.0,1225.0,3733721
2025-11-07,1221.857666015625,1222.800048828125,1228.800048828125,1217.0,1227.0,3461466
2025-11-10,1216.0621337890625,1217.0,1232.800048828125,1215.5,1222.0,4140568
2025-11-11,1221.557861328125,1222.5,1225.0,1209.4000244140625,1218.0999755859375,5615453
2025-11-12,1220.6585693359375,1221.5999755859375,1232.699951171875,1216.5,1227.9000244140625,6782513
2025-11-13,1224.2557373046875,1225.199951171875,1234.800048828125,1213.199951171875,1219.0,3345231
2025-11-14,1240.6431884765625,1241.5999755859375,1246.0,1222.0,1224.0,5197740
2025-11-17,1248.636962890625,1249.5999755859375,1261.0,1240.4000244140625,1243.9000244140625,4088026
2025-11-18,1264.4249267578125,1265.4000244140625,1273.5,1247.5999755859375,1250.0,10175969
2025-11-19,1269.4210205078125,1270.4000244140625,1273.0,1257.800048828125,1268.0,4101288
2025-11-20,1284.2095947265625,1285.199951171875,1287.300048828125,1262.5999755859375,1275.0,4617594
2025-11-21,1274.81689453125,1275.800048828125,1284.5,1273.0,1284.0,6363593
2025-11-24,1268.0220947265625,1269.0,1290.9000244140625,1266.5999755859375,1279.199951171875,10491953
2025-11-25,1265.32421875,1266.300048828125,1276.699951171875,1263.699951171875,1269.0999755859375,5290156
2025-11-26,1289.2056884765625,1290.199951171875,1292.800048828125,1269.300048828125,1271.9000244140625,4842021
2025-11-27,1286.3079833984375,1287.300048828125,1304.0,1281.0,1297.0,5924706
2025-11-28,1278.7137451171875,1279.699951171875,1289.0,1275.0,1287.300048828125,3093636
2025-12-01,1274.7169189453125,1275.699951171875,1289.0,1268.5,1288.0,4098016
2025-12-02,1257.030517578125,1258.0,1281.0,1255.0999755859375,1270.699951171875,8115347
2025-12-03,1269.720703125,1270.699951171875,1272.9000244140625,1255.0,1255.0,3582794
2025-12-04,1279.0135498046875,1280.0,1282.800048828125,1269.4000244140625,1270.699951171875,3216108
2025-12-05,1281.51171875,1282.5,1285.0,1267.300048828125,1275.199951171875,2728214
2025-12-08,1272.8184814453125,1273.800048828125,1288.800048828125,1265.0999755859375,1284.0,2969478
2025-12-09,1274.916748046875,1275.9000244140625,1281.4000244140625,1263.199951171875,1272.0,4239279
2025-12-10,1277.6146240234375,1278.5999755859375,1284.0,1268.300048828125,1273.0,2928746
2025-12-11,1271.7191162109375,1272.699951171875,1282.0,1271.0,1277.4000244140625,2017404
2025-12-12,1285.10888671875,1286.0999755859375,1291.0,1277.9000244140625,1278.0,2281078
2025-12-15,1283.8099365234375,1284.800048828125,1290.4000244140625,1280.0,1285.0,1634472
2025-12-16,1218.66015625,1219.5999755859375,1277.5999755859375,1216.9000244140625,1277.0999755859375,11542048
2025-12-17,1223.756103515625,1224.699951171875,1236.0,1220.300048828125,1220.5999755859375,5147181
2025-12-18,1228.852294921875,1229.800048828125,1238.5,1220.199951171875,1226.0999755859375,3441592
2025-12-19,1229.651611328125,1230.5999755859375,1241.5,1229.0999755859375,1236.699951171875,5055047
2025-12-22,1232.2496337890625,1233.199951171875,1236.9000244140625,1226.800048828125,1235.0,2405809
2025-12-23,1224.0560302734375,1225.0,1239.0,1223.5,1239.0,2920318
2025-12-24,1225.35498046875,1226.300048828125,1235.4000244140625,1224.699951171875,1230.0,3155506
2025-12-26,1227.25341796875,1228.199951171875,1229.9000244140625,1222.0,1225.0,1665983
2025-12-29,1231.050537109375,1232.0,1233.9000244140625,1219.0,1228.199951171875,2209655
2025-12-30,1245.039794921875,1246.0,1252.0999755859375,1232.0,1233.0,5673233
2025-12-31,1268.4217529296875,1269.4000244140625,1271.5,1245.0,1246.0,3711090
