Price,Adj Close,Close,High,Low,Open,Volume
Ticker,BHARTIARTL.NS,BHARTIARTL.NS,BHARTIARTL.NS,BHARTIARTL.NS,BHARTIARTL.NS,BHARTIARTL.NS
Date,,,,,,
2020-01-01,427.9308776855469,444.9461364746094,452.0134582519531,441.4615478515625,447.64544677734375,5154996
2020-01-02,429.72454833984375,446.8111267089844,450.9337158203125,445.1424560546875,445.73138427734375,4933053
2020-01-03,429.6301574707031,446.71295166015625,450.7373962402344,443.1793212890625,447.3019104003906,5154587
2020-01-06,424.485107421875,441.3634033203125,449.0196533203125,436.4555358886719,445.5350646972656,7538915
2020-01-07,420.18975830078125,436.8972473144531,446.9092712402344,434.9341125488281,443.67010498046875,4353883
2020-01-08,433.1702575683594,450.39385986328125,452.25885009765625,432.23480224609375,434.4433288574219,14118818
2020-01-09,434.35028076171875,451.6208190917969,466.1971435546875,446.9092712402344,459.7678527832031,18180867
2020-01-10,431.4237976074219,448.57794189453125,457.3630065917969,445.8295593261719,456.23419189453125,37724966
2020-01-13,442.65777587890625,460.2586364746094,461.6328430175781,445.8786315917969,450.54107666015625,15206224
2020-01-14,443.0826110839844,460.7003479003906,463.9395446777344,458.00103759765625,460.2586364746094,8238486
2020-01-15,441.66656494140625,459.2279968261719,463.301513671875,456.4305114746094,460.84759521484375,10875259
2020-01-16,447.3779602050781,465.16650390625,468.1602783203125,459.375244140625,460.5531005859375,16290593
2020-01-17,472.06451416015625,490.8345947265625,494.5154724121094,466.3443908691406,466.3443908691406,61915666
2020-01-20,480.23040771484375,499.3251647949219,503.25146484375,485.1414794921875,489.8039245605469,45298836
2020-01-21,483.10968017578125,502.3189697265625,505.5090637207031,495.1044006347656,500.6012268066406,65202963
2020-01-22,485.70574951171875,505.0182800292969,514.0978393554688,497.3620300292969,505.263671875,20285793
2020-01-23,494.34368896484375,513.9996337890625,516.3063354492188,502.90789794921875,505.5090637207031,15772863
2020-01-24,494.9101257324219,514.588623046875,517.6314697265625,504.67474365234375,510.90771484375,23824625
2020-01-27,485.61138916015625,504.9201354980469,514.4413452148438,502.4661865234375,511.54571533203125,11856786
2020-01-28,463.7569274902344,482.1967468261719,504.9201354980469,477.14166259765625,504.87103271484375,31674769
2020-01-29,462.8128967285156,481.2151794433594,492.1596984863281,479.2520446777344,484.0126647949219,20037283
2020-01-30,462.3880920410156,480.7734680175781,483.81634521484375,471.2522277832031,482.93292236328125,15337903
2020-01-31,468.66595458984375,487.3009338378906,490.1965637207031,478.02508544921875,484.1108093261719,18356252
2020-02-03,481.50482177734375,500.6502990722656,503.88946533203125,486.9082946777344,486.9082946777344,15212799
2020-02-04,489.8594970703125,509.3371887207031,512.968994140625,494.17193603515625,504.5274963378906,14646591
2020-02-05,503.5008544921875,523.5208740234375,527.5944213867188,506.2943115234375,508.4537658691406,30647706
2020-02-06,516.1980590820312,536.7230224609375,542.6124267578125,524.257080078125,525.1895751953125,17180298
2020-02-07,509.2594299316406,529.5084838867188,538.8825073242188,528.33056640625,538.7843017578125,8967847
2020-02-10,508.5513916015625,528.7722778320312,533.631103515625,526.22021484375,530.24462890625,8570467
2020-02-11,504.3976135253906,524.453369140625,534.6126708984375,522.9319458007812,529.5575561523438,6622800
2020-02-12,509.4010009765625,529.6557006835938,532.3550415039062,525.1405029296875,526.1220703125,5160923
2020-02-13,509.73138427734375,529.999267578125,532.7476806640625,521.9503784179688,529.7538452148438,5729055
2020-02-14,533.3795776367188,554.587646484375,557.0906372070312,524.404296875,534.8580322265625,37517890
2020-02-17,533.2378540039062,554.4403686523438,558.2194213867188,546.2442626953125,554.5385131835938,23354434
2020-02-18,517.56689453125,538.1463012695312,558.3666381835938,527.3980712890625,552.968017578125,21865560
2020-02-19,512.9884033203125,533.3856811523438,543.397705078125,528.8213500976562,538.9806518554688,22088140
2020-02-20,515.0652465820312,535.545166015625,541.8272094726562,528.6741333007812,533.68017578125,16010058
2020-02-24,500.243896484375,520.1344604492188,532.060546875,517.3860473632812,532.011474609375,9834434
2020-02-25,505.2945251464844,525.3858642578125,528.0361328125,521.1651000976562,523.1773681640625,9804202
2020-02-26,505.9553527832031,526.072998046875,529.4594116210938,510.7113952636719,522.8828735351562,18965240
2020-02-27,501.89593505859375,521.8522338867188,525.9747924804688,517.2879028320312,524.8460083007812,11381143
2020-02-28,494.20208740234375,513.8524169921875,518.662109375,504.0367126464844,515.2266235351562,16934165
2020-03-02,489.3403015136719,508.7973327636719,526.1220703125,502.4171142578125,524.158935546875,10096159
2020-03-03,491.6531677246094,511.2021789550781,523.5208740234375,504.67474365234375,514.3432006835938,10563605
2020-03-04,487.8298645019531,507.226806640625,522.9810180664062,498.04913330078125,515.3247680664062,18066379
2020-03-05,497.41180419921875,517.1897583007812,520.9197387695312,507.128662109375,513.1653442382812,14344961
2020-03-06,490.0955505371094,509.58258056640625,513.9996337890625,502.02447509765625,508.2083740234375,9503868
2020-03-09,468.4771728515625,487.1046142578125,502.5643615722656,482.00042724609375,500.6012268066406,15664232
2020-03-11,466.1642761230469,484.69976806640625,499.12884521484375,478.02508544921875,478.02508544921875,21401999
2020-03-12,438.9288635253906,456.3814392089844,472.6264343261719,450.7373962402344,469.6817321777344,14471096
2020-03-13,464.3233947753906,482.78570556640625,499.6687316894531,412.25982666015625,445.4369201660156,24254296
2020-03-16,438.7872314453125,456.23419189453125,483.86541748046875,447.7436218261719,463.5469055175781,14936276
2020-03-17,429.25250244140625,446.3203430175781,472.1356506347656,436.16107177734375,456.4305114746094,12629709
2020-03-18,401.7339172363281,417.7075500488281,469.9761962890625,399.94110107421875,451.5226745605469,29342689
2020-03-19,419.859375,436.5537109375,443.3265380859375,355.08331298828125,408.7752380371094,24017236
2020-03-20,436.757568359375,454.1238098144531,463.301513671875,428.60296630859375,436.7991027832031,19758966
2020-03-23,384.5524597167969,399.84295654296875,437.4862060546875,392.1376037597656,408.7261657714844,14907385
2020-03-24,381.4371337890625,396.603759765625,429.7808532714844,392.775634765625,403.3275146484375,12947855
2020-03-25,405.085205078125,421.1921081542969,430.1734924316406,398.1252136230469,399.05767822265625,14093189
2020-03-26,444.3570556640625,462.0254821777344,484.356201171875,412.5052185058594,418.6400451660156,22302573
2020-03-27,423.8243103027344,440.6763000488281,466.0499267578125,429.43731689453125,462.0254821777344,16378409
2020-03-30,406.92608642578125,423.1061706542969,441.0198669433594,420.1123962402344,435.6702880859375,10210726
2020-03-31,416.224853515625,432.774658203125,438.7622375488281,416.18609619140625,432.872802734375,17059457
2020-04-01,397.7689208984375,413.5849304199219,431.8912353515625,404.7998962402344,431.8912353515625,9646905
2020-04-03,400.2234191894531,416.13702392578125,424.0386657714844,407.94091796875,424.0386657714844,14419445
2020-04-07,443.8850402832031,461.5346984863281,476.7981262207031,425.16748046875,425.16748046875,15553539
2020-04-08,435.81353759765625,453.1422424316406,482.0495300292969,444.65167236328125,465.60821533203125,13639333
2020-04-09,461.3497009277344,479.6937561035156,483.2274169921875,462.3199462890625,462.3199462890625,11962829
2020-04-13,483.5345153808594,502.76068115234375,511.3003234863281,481.95135498046875,481.95135498046875,24416550
2020-04-15,481.9296569824219,501.0920104980469,526.072998046875,495.742431640625,524.10986328125,26277115
2020-04-16,472.44207763671875,491.2272033691406,503.5459289550781,488.184326171875,490.7854919433594,17401120
2020-04-17,474.3301696777344,493.1903381347656,503.0551452636719,489.0186767578125,501.5827941894531,16430317
2020-04-20,462.8601379394531,481.2642517089844,498.3435974121094,477.9269104003906,498.3435974121094,11688508
2020-04-21,472.48931884765625,491.2762756347656,494.5154724121094,470.3197326660156,475.0803527832031,15781695
2020-04-22,473.33892822265625,492.1596984863281,507.52130126953125,482.9820251464844,506.4906311035156,18447565
2020-04-23,468.24114990234375,486.8592224121094,497.9509582519531,482.00042724609375,492.6014099121094,12767355
2020-04-24,466.5890808105469,485.1414794921875,489.8039245605469,475.5220642089844,485.77947998046875,12161869
2020-04-27,466.4002380371094,484.9451599121094,493.779296875,482.0495300292969,488.8714294433594,10074370
2020-04-28,458.4703674316406,476.699951171875,488.2825012207031,475.17852783203125,488.2825012207031,11729091
2020-04-29,468.24114990234375,486.8592224121094,489.2149963378906,478.07415771484375,481.90228271484375,8371711
2020-04-30,485.5169372558594,504.82196044921875,506.4415588378906,486.073974609375,493.828369140625,20170888
2020-05-04,502.698486328125,522.6865844726562,530.04833984375,490.6873474121094,493.1903381347656,34658164
2020-05-05,498.4974060058594,518.3185424804688,543.495849609375,516.3554077148438,528.085205078125,30498970
2020-05-06,515.4428100585938,535.937744140625,541.287353515625,520.28173828125,521.9503784179688,26074684
2020-05-07,498.4974060058594,518.3185424804688,535.2997436523438,514.784912109375,535.2997436523438,15823732
2020-05-08,500.3855285644531,520.28173828125,535.741455078125,518.56396484375,530.04833984375,13847608
2020-05-11,506.19134521484375,526.318359375,538.3917236328125,522.2939453125,523.2264404296875,14490804
2020-05-12,528.5177001953125,549.5325317382812,553.6060180664062,520.723388671875,523.1773681640625,23041211
2020-05-13,524.8360595703125,545.7044067382812,559.2500610351562,539.1769409179688,557.9249877929688,21509772
2020-05-14,509.63714599609375,529.901123046875,552.1336669921875,525.2386474609375,540.9437866210938,13428330
2020-05-15,523.0895385742188,543.8884887695312,546.6369018554688,529.4594116210938,533.4838256835938,14758117
2020-05-18,507.937744140625,528.13427734375,548.6981811523438,525.3367919921875,546.6369018554688,21991328
2020-05-19,565.2879028320312,587.7647094726562,592.3781127929688,546.7350463867188,548.2073974609375,73259076
2020-05-20,560.8037109375,583.1022338867188,600.721435546875,577.752685546875,593.8504638671875,36412918
2020-05-21,561.2756958007812,583.593017578125,593.3596801757812,574.6116943359375,579.61767578125,20673544
2020-05-22,560.0012817382812,582.2679443359375,586.3905029296875,576.1821899414062,585.9978637695312,11630640
2020-05-26,527.951416015625,548.943603515625,565.8265991210938,547.27490234375,561.4586181640625,77933211
2020-05-27,531.5857543945312,552.72265625,555.1275024414062,543.6431274414062,550.6613159179688,22948762
2020-05-28,531.2554321289062,552.3790893554688,557.5323486328125,545.7534790039062,554.2440795898438,16574283
2020-05-29,521.6735229492188,542.4161376953125,553.6060180664062,533.7783203125,547.7166137695312,55206200
2020-06-01,527.762451171875,548.7472534179688,551.2993774414062,540.0112915039062,548.6981811523438,40024637
2020-06-02,526.8656616210938,547.8147583007812,561.7531127929688,545.8516235351562,552.6244506835938,32573015
2020-06-03,520.776611328125,541.483642578125,557.8267822265625,539.1278686523438,557.5323486328125,29783799
2020-06-04,540.41259765625,561.9003295898438,574.6116943359375,539.42236328125,542.1216430664062,30007267
2020-06-05,551.6466064453125,573.5809936523438,579.1268920898438,556.9924926757812,573.2374877929688,48771843
2020-06-08,552.4017944335938,574.3662719726562,582.7587280273438,568.5259399414062,577.1637573242188,20813563
2020-06-09,536.0228271484375,557.3359985351562,580.7464599609375,555.2747192382812,569.3111572265625,15219451
2020-06-10,535.3619384765625,556.64892578125,565.3848876953125,552.673583984375,560.47705078125,19489440
2020-06-11,520.9653930664062,541.679931640625,563.2254638671875,536.6248779296875,559.4954833984375,27803048
2020-06-12,528.753662109375,549.7778930664062,551.6428833007812,530.04833984375,530.04833984375,19224358
2020-06-15,519.8798217773438,540.5511474609375,553.3606567382812,538.8825073242188,545.7534790039062,13838935
2020-06-16,514.4043579101562,534.8580322265625,548.99267578125,527.1036376953125,547.7166137695312,19430678
2020-06-17,531.9161376953125,553.066162109375,555.0784301757812,531.0299072265625,536.7720947265625,20916747
2020-06-18,529.5090942382812,550.5631713867188,562.342041015625,547.9129638671875,553.8514404296875,19692591
2020-06-19,540.4597778320312,561.9494018554688,567.5443725585938,550.6613159179688,551.5447387695312,41924711
2020-06-22,548.5313110351562,570.3418579101562,577.1637573242188,559.8881225585938,565.1885986328125,12954502
2020-06-23,546.4071655273438,568.13330078125,573.826416015625,563.7653198242188,570.3418579101562,9944839
2020-06-24,526.15771484375,547.07861328125,571.2743530273438,544.7719116210938,570.292724609375,12619809
2020-06-25,527.71533203125,548.6981811523438,553.3115844726562,539.8640747070312,543.6921997070312,15881470
2020-06-26,529.0369262695312,550.0723876953125,555.9617919921875,546.8822631835938,549.6797485351562,11317405
2020-06-29,535.3619384765625,556.64892578125,558.46484375,541.0419311523438,548.6000366210938,13162970
2020-06-30,528.5177001953125,549.5325317382812,566.366455078125,547.127685546875,561.4586181640625,13182057
2020-07-01,528.8009033203125,549.8270263671875,564.4033203125,548.0111083984375,564.4033203125,13894655
2020-07-02,527.1961059570312,548.1583251953125,556.55078125,547.323974609375,554.3912963867188,13795692
2020-07-03,548.908935546875,570.7344360351562,572.6976318359375,550.2686767578125,551.4465942382812,21005887
2020-07-06,544.3302612304688,565.9738159179688,578.4398193359375,564.452392578125,576.7711181640625,16114629
2020-07-07,535.4092407226562,556.697998046875,571.86328125,555.6182861328125,568.32958984375,12759442
2020-07-08,529.8865966796875,550.955810546875,563.4217529296875,548.6981811523438,561.4586181640625,9581306
2020-07-09,536.8251953125,558.1703491210938,559.7408447265625,549.9742431640625,553.6060180664062,8611659
2020-07-10,542.53662109375,564.1088256835938,568.32958984375,555.2256469726562,558.612060546875,13532330
2020-07-13,553.9594116210938,575.98583984375,578.1453247070312,559.4954833984375,563.9125366210938,16660491
2020-07-14,556.3667602539062,578.4888916015625,585.8015747070312,567.8878784179688,573.728271484375,32935464
2020-07-15,532.0579833984375,553.2134399414062,578.0962524414062,549.336181640625,578.0962524414062,20062926
2020-07-16,531.2554321289062,552.3790893554688,555.7655029296875,543.1032104492188,555.4710083007812,11528871
2020-07-17,535.0315551757812,556.3053588867188,563.3236083984375,551.3975219726562,552.72265625,12189475
2020-07-20,543.5280151367188,565.1395263671875,571.76513671875,557.1397094726562,560.47705078125,9789671
2020-07-21,535.9755859375,557.2869262695312,573.0411376953125,555.9127197265625,569.3111572265625,12005925
2020-07-22,537.2972412109375,558.6611328125,564.8941040039062,552.4281616210938,557.5323486328125,11034525
2020-07-23,535.4564208984375,556.7470703125,565.1395263671875,553.6060180664062,559.4954833984375,9718786
2020-07-24,528.14013671875,549.139892578125,556.943359375,545.16455078125,554.587646484375,9960443
2020-07-27,528.187255859375,549.18896484375,553.3606567382812,534.1218872070312,547.9129638671875,10895560
2020-07-28,533.001953125,554.1950073242188,563.6671752929688,545.06640625,548.2073974609375,14210206
2020-07-29,534.5123901367188,555.7655029296875,558.6611328125,549.9251708984375,554.8330078125,9979767
2020-07-30,521.767822265625,542.5142822265625,569.7528686523438,533.0421142578125,565.3848876953125,45326361
2020-07-31,523.797607421875,544.6246948242188,548.99267578125,536.2322387695312,540.7474365234375,13917435
2020-08-03,516.71728515625,537.2628784179688,546.2442626953125,536.3303833007812,544.2811279296875,9392745
2020-08-04,518.2750244140625,538.8825073242188,543.15234375,535.79052734375,537.9009399414062,12035116
2020-08-05,527.6680908203125,548.6491088867188,550.1705322265625,536.4776611328125,541.8272094726562,12920232
2020-08-06,526.1049194335938,545.06640625,551.3484497070312,542.4652099609375,551.3484497070312,10620956
2020-08-07,531.315673828125,550.4650268554688,553.01708984375,541.8762817382812,545.7534790039062,7346008
2020-08-10,529.46826171875,548.5509643554688,554.587646484375,544.5756225585938,553.9005126953125,9594610
2020-08-11,522.1256713867188,540.9437866210938,550.1705322265625,540.0603637695312,547.7166137695312,8290695
2020-08-12,518.9044189453125,537.6064453125,550.90673828125,535.2997436523438,539.8640747070312,12613101
2020-08-13,507.2037658691406,525.4840087890625,538.1953735351562,514.588623046875,524.158935546875,37464752
2020-08-14,500.8086242675781,518.8584594726562,532.8458251953125,515.3247680664062,532.8458251953125,18550546
2020-08-17,493.9871520996094,511.7911071777344,522.6865844726562,508.55194091796875,520.7725219726562,19369462
2020-08-18,498.6295166015625,516.600830078125,519.3492431640625,510.56414794921875,512.4291381835938,13771669
2020-08-19,507.6774597167969,525.9747924804688,529.9501953125,517.3860473632812,519.2510375976562,17395288
2020-08-20,497.9189147949219,515.8646240234375,523.7662963867188,513.067138671875,521.2142333984375,13690809
2020-08-21,492.89764404296875,510.6623229980469,520.0363159179688,506.4906311035156,520.0363159179688,22244899
2020-08-24,499.1980285644531,517.1897583007812,522.58837890625,498.8343811035156,508.3556213378906,29714401
2020-08-25,500.85601806640625,518.9075317382812,525.7785034179688,516.3063354492188,524.6497192382812,19881871
2020-08-26,487.449951171875,505.0182800292969,518.662109375,502.5643615722656,518.662109375,26386996
2020-08-27,484.27606201171875,501.7300109863281,508.944580078125,498.6380615234375,504.9201354980469,22268191
2020-08-28,495.9294128417969,513.8033447265625,519.7909545898438,502.6625061035156,502.6625061035156,22217757
2020-08-31,486.1235046386719,503.6440734863281,512.674560546875,499.1779479980469,508.944580078125,190329697
2020-09-01,517.5307006835938,536.1831665039062,545.213623046875,504.72381591796875,507.9629821777344,75732733
2020-09-02,521.6045532226562,540.4039306640625,548.6981811523438,535.0543823242188,539.8640747070312,35680638
2020-09-03,509.7143859863281,528.085205078125,542.7106323242188,525.7785034179688,540.4039306640625,25084656
2020-09-04,495.6451110839844,513.5088500976562,528.085205078125,509.9261474609375,521.7050170898438,28610361
2020-09-07,488.3500061035156,505.9507751464844,518.2694702148438,500.89569091796875,515.3247680664062,16450037
2020-09-08,471.9122009277344,488.9205322265625,507.3249816894531,484.8960876464844,506.4906311035156,33745174
2020-09-09,477.7388610839844,494.9571838378906,497.3129577636719,482.0495300292969,484.159912109375,32068518
2020-09-10,471.2016296386719,488.184326171875,498.6380615234375,482.1476745605469,498.6380615234375,21400064
2020-09-11,465.8012390136719,482.5893859863281,493.1903381347656,479.5465087890625,490.098388671875,15888599
2020-09-14,449.1739807128906,465.3628234863281,488.086181640625,459.6697082519531,486.8592224121094,53032505
2020-09-15,460.0220031738281,476.601806640625,478.6630859375,461.387451171875,466.3934631347656,31436333
2020-09-16,456.4217834472656,472.871826171875,481.6568908691406,471.6939392089844,478.02508544921875,13379581
2020-09-17,453.8163757324219,470.1725158691406,473.4607849121094,465.2646484375,471.1540832519531,13750507
2020-09-18,468.548828125,485.4359436035156,488.47882080078125,466.54071044921875,474.0987854003906,55830089
2020-09-21,443.1578063964844,459.12982177734375,486.8592224121094,452.7496337890625,486.8592224121094,23162880
2020-09-22,446.1895751953125,462.2708740234375,469.6817321777344,452.5042419433594,459.86602783203125,18950065
2020-09-23,410.9927978515625,425.8055114746094,458.3936462402344,416.08795166015625,458.3936462402344,86810146
2020-09-24,397.2550964355469,411.5727233886719,425.5110168457031,408.48077392578125,417.4130554199219,36458719
2020-09-25,416.5352478027344,431.5476989746094,436.7500305175781,414.3702087402344,417.16766357421875,34232784
2020-09-28,420.32489013671875,435.4739685058594,439.4002685546875,426.0509033203125,437.7806701660156,21445626
2020-09-29,412.6981201171875,427.57232666015625,436.3573913574219,421.5847473144531,435.8175354003906,18187111
2020-09-30,398.8183898925781,413.19232177734375,432.28387451171875,410.44390869140625,429.9281005859375,27686374
2020-10-01,409.6190185546875,424.3822326660156,426.59075927734375,415.8425598144531,418.1492614746094,13593932
2020-10-05,402.13433837890625,416.6278076171875,429.43731689453125,415.20452880859375,424.3822326660156,15282146
2020-10-06,404.3133850097656,418.88543701171875,422.0755310058594,415.3027038574219,419.1308288574219,11078299
2020-10-07,400.2395324707031,414.6646728515625,423.79327392578125,413.33953857421875,419.91607666015625,10393534
2020-10-08,402.13433837890625,416.6278076171875,427.47418212890625,411.37640380859375,418.1492614746094,17018635
2020-10-09,402.84490966796875,417.3639831542969,426.9833984375,415.4989929199219,420.1123962402344,20948615
2020-10-12,393.228515625,407.4010314941406,422.6644592285156,404.260009765625,420.1123962402344,14326607
2020-10-13,393.4653625488281,407.64642333984375,419.6216125488281,405.4869689941406,413.3886413574219,28303313
2020-10-14,391.5232238769531,405.63421630859375,411.76904296875,403.72015380859375,408.7261657714844,14374547
2020-10-15,378.2118835449219,391.8431396484375,407.8427429199219,387.7205505371094,405.7814636230469,28378188
2020-10-16,380.5330505371094,394.24798583984375,399.79388427734375,391.0088195800781,396.99639892578125,23786283
2020-10-19,376.7907409667969,390.37078857421875,397.1927185058594,386.7389831542969,396.11297607421875,17237471
2020-10-20,383.7069396972656,397.5362548828125,405.58514404296875,389.6346130371094,390.37078857421875,26395238
2020-10-21,396.9709167480469,411.27825927734375,412.4561462402344,396.11297607421875,398.2233581542969,23929199
2020-10-22,408.00836181640625,422.71356201171875,424.3822326660156,410.29669189453125,411.27825927734375,27014551
2020-10-23,411.56121826171875,426.3944396972656,429.53546142578125,419.42529296875,426.8852233886719,18512271
2020-10-26,411.2296142578125,426.0509033203125,431.35137939453125,420.1123962402344,426.3453674316406,11956996
2020-10-27,410.56640625,425.3638000488281,430.8115234375,419.6216125488281,426.0509033203125,13021129
2020-10-28,428.0937805175781,443.5228576660156,479.00665283203125,433.8543701171875,437.7806701660156,125905730
2020-10-29,427.0989685058594,442.4922180175781,448.6761169433594,436.7991027832031,439.4493408203125,25537340
2020-10-30,410.94537353515625,425.75640869140625,446.51666259765625,422.5663146972656,446.51666259765625,23483928
2020-11-02,433.3520202636719,448.9705810546875,451.5226745605469,426.9833984375,426.9833984375,28703578
2020-11-03,430.6991882324219,446.22216796875,452.2097473144531,439.2039489746094,449.55950927734375,16337850
2020-11-04,429.2306823730469,444.70074462890625,447.1546630859375,438.90948486328125,444.65167236328125,10191499
2020-11-05,433.2572326660156,448.8724060058594,453.38763427734375,444.259033203125,448.57794189453125,9407770
2020-11-06,426.2463073730469,441.6087951660156,451.8662109375,440.47998046875,448.57794189453125,12195207
2020-11-09,446.9949035644531,463.1051940917969,466.0008239746094,444.2099609375,447.8908386230469,24953555
2020-11-10,441.8788146972656,457.8047180175781,465.4118957519531,456.4305114746094,465.2646484375,9800899
2020-11-11,453.4374084472656,469.7798767089844,472.47918701171875,455.4980163574219,459.3261413574219,16032885
2020-11-12,454.6216735839844,471.0068359375,474.29510498046875,466.2953186035156,468.0621337890625,14785276
2020-11-13,450.7372131347656,466.9823913574219,469.1909484863281,461.33837890625,468.2093811035156,8428163
2020-11-14,456.1849060058594,472.6264343261719,478.02508544921875,470.1725158691406,478.02508544921875,4014491
2020-11-17,459.0745544433594,475.6202392578125,485.8285827636719,472.38104248046875,481.85321044921875,19050384
2020-11-18,453.2478942871094,469.58355712890625,476.06195068359375,462.4180908203125,475.0312805175781,10504589
2020-11-19,443.915771484375,459.91510009765625,472.5773620605469,458.3936462402344,467.227783203125,11541941
2020-11-20,458.2692565917969,474.785888671875,476.9944152832031,456.7740783691406,461.82916259765625,12090462
2020-11-23,452.15838623046875,468.45477294921875,477.7796936035156,466.3443908691406,477.7796936035156,10193531
2020-11-24,449.3160705566406,465.5100402832031,472.38104248046875,462.5162658691406,469.58355712890625,9346208
2020-11-25,439.6997375488281,455.5470886230469,469.0927734375,450.1975402832031,467.7185974121094,14497115
2020-11-26,443.7736511230469,459.7678527832031,460.99481201171875,451.6208190917969,460.06231689453125,11535113
2020-11-27,438.8944091796875,454.7127685546875,463.9395446777344,453.4858093261719,459.6697082519531,18491882
2020-12-01,454.2427062988281,470.6142272949219,473.6080017089844,452.0134582519531,459.12982177734375,18534936
2020-12-02,459.4061584472656,475.9637756347656,478.9084777832031,465.313720703125,472.1356506347656,20948620
2020-12-03,454.6690368652344,471.0559387207031,480.1354675292969,465.2646484375,478.12322998046875,20094168
2020-12-04,467.7908935546875,484.65069580078125,488.62603759765625,474.4914245605469,477.8778381347656,31622330
2020-12-07,482.19171142578125,499.570556640625,501.0920104980469,485.4850158691406,488.8223571777344,22541162
2020-12-08,477.12298583984375,494.31915283203125,506.73602294921875,490.44195556640625,504.5274963378906,19661141
2020-12-09,476.6019592285156,493.779296875,497.558349609375,489.902099609375,495.59521484375,11826802
2020-12-10,478.591552734375,495.8406066894531,499.3742370605469,484.9942321777344,492.2578430175781,13441906
2020-12-11,477.88092041015625,495.1044006347656,499.12884521484375,488.13525390625,499.12884521484375,14019094
2020-12-14,476.6019592285156,493.779296875,502.5643615722656,491.914306640625,497.656494140625,14147649
2020-12-15,477.69146728515625,494.9081115722656,497.4601745605469,488.9205322265625,496.5276794433594,13320211
2020-12-16,489.060546875,506.68695068359375,509.2390441894531,492.8468017578125,494.9081115722656,17707777
2020-12-17,488.01837158203125,505.60723876953125,512.870849609375,502.5643615722656,507.4721984863281,20023766
2020-12-18,483.8023376464844,501.2392272949219,505.4109191894531,495.742431640625,504.4293518066406,11000487
2020-12-21,465.0907287597656,481.85321044921875,501.7790832519531,471.30133056640625,498.14727783203125,15539470
2020-12-22,473.99652099609375,491.0799865722656,495.693359375,476.601806640625,484.8960876464844,21632475
2020-12-23,480.5337219238281,497.8528137207031,500.11041259765625,489.2149963378906,491.0799865722656,13326963
2020-12-24,490.102783203125,507.7666931152344,513.3616333007812,501.04290771484375,510.41693115234375,21241048
2020-12-28,494.1766052246094,511.9874267578125,517.2879028320312,507.07958984375,510.51507568359375,13124256
2020-12-29,492.89764404296875,510.6623229980469,515.2756958007812,505.60723876953125,513.3616333007812,11457626
2020-12-30,489.0132141113281,506.63787841796875,513.7542724609375,503.84039306640625,513.7542724609375,10691466
2020-12-31,482.90228271484375,500.3067321777344,508.8954772949219,496.9693908691406,507.57037353515625,15816475
2021-01-01,488.06573486328125,505.65631103515625,506.8832702636719,498.8343811035156,502.80975341796875,10377082
2021-01-04,489.9132080078125,507.57037353515625,510.90771484375,502.1717224121094,507.4721984863281,13489114
2021-01-05,486.9762268066406,504.5274963378906,507.3740539550781,501.6809387207031,504.5274963378906,10689423
2021-01-06,497.68212890625,515.6192626953125,521.9503784179688,503.6440734863281,505.5090637207031,30837593
2021-01-07,516.5831909179688,535.2015991210938,544.2320556640625,517.3860473632812,522.19580078125,39444841
2021-01-08,511.84613037109375,530.2937622070312,539.61865234375,527.3980712890625,539.1769409179688,14538362
2021-01-11,518.3833618164062,537.0665893554688,544.1339111328125,531.5206909179688,531.5206909179688,19892197
2021-01-12,536.0054931640625,555.3237915039062,558.513916015625,534.9561767578125,538.8825073242188,25857074
2021-01-13,547.8482666015625,567.5934448242188,590.6112670898438,556.55078125,577.1637573242188,85239439
2021-01-14,550.0272827148438,569.85107421875,574.022705078125,559.5445556640625,571.96142578125,16974338
2021-01-15,570.9654541015625,591.5437622070312,599.3963623046875,582.8568725585938,598.3165893554688,57451072
2021-01-18,556.0908203125,576.1331176757812,591.8873291015625,573.2374877929688,591.5437622070312,21359539
2021-01-19,561.1596069335938,581.384521484375,586.4395751953125,575.69140625,580.2066040039062,11034273
2021-01-20,564.8071899414062,585.16357421875,591.3965454101562,578.1453247070312,581.384521484375,13333007
2021-01-21,550.7852172851562,570.6362915039062,592.91796875,563.8143920898438,589.18798828125,17380638
2021-01-22,546.5217895507812,566.21923828125,574.7589111328125,562.1947631835938,573.1392822265625,12662954
2021-01-25,550.216796875,570.04736328125,577.0165405273438,559.0537719726562,568.32958984375,12503932
2021-01-27,540.7899169921875,560.2807006835938,571.0289306640625,551.9864501953125,569.3111572265625,15567653
2021-01-28,540.8846435546875,560.37890625,565.2376708984375,552.3790893554688,556.0599975585938,15201598
2021-01-29,524.4942016601562,543.397705078125,567.8388061523438,540.4530029296875,567.8388061523438,25521965
2021-02-01,548.700927734375,568.4768676757812,570.3909301757812,539.0787963867188,548.6981811523438,14212955
2021-02-02,567.8389282226562,588.3045654296875,594.4884643554688,568.5750122070312,574.120849609375,21711996
2021-02-03,576.8394165039062,597.6295166015625,611.0279541015625,588.4027099609375,598.1693725585938,30641248
2021-02-04,569.0231323242188,589.5315551757812,611.5187377929688,584.6727905273438,603.5679931640625,51976676
2021-02-05,550.54833984375,570.3909301757812,594.73388671875,565.6303100585938,592.6725463867188,35465208
2021-02-08,565.8966674804688,586.2923583984375,592.5253295898438,573.924560546875,578.1453247070312,21646080
2021-02-09,567.4598388671875,587.9119262695312,596.5498046875,584.0347290039062,587.8628540039062,20927436
2021-02-10,559.1698608398438,579.3231811523438,596.5498046875,569.5565795898438,593.8013916015625,31642664
2021-02-11,566.6546020507812,587.07763671875,592.4271850585938,578.1453247070312,581.0900268554688,19253595
2021-02-12,555.4276733398438,575.4459838867188,586.8322143554688,573.826416015625,586.8322143554688,15905053
2021-02-15,562.4860229492188,582.7587280273438,591.8873291015625,579.1268920898438,581.1881713867188,17972742
2021-02-16,562.7228393554688,583.0040893554688,590.5131225585938,582.0715942382812,584.0347290039062,15064854
2021-02-17,562.6280517578125,582.9059448242188,587.7647094726562,579.1759643554688,585.9487915039062,16436661
2021-02-18,558.0804443359375,578.1943969726562,586.9794311523438,574.4153442382812,585.9978637695312,22193564
2021-02-19,550.7852172851562,570.6362915039062,585.0162963867188,564.8941040039062,579.1268920898438,19465126
2021-02-22,540.3162231445312,559.7899169921875,574.120849609375,557.5323486328125,571.2743530273438,20227667
2021-02-23,535.8159790039062,555.1275024414062,566.366455078125,553.6060180664062,564.4033203125,23764401
2021-02-24,542.826904296875,562.39111328125,563.5198974609375,554.783935546875,557.6304931640625,8888950
2021-02-25,548.700927734375,568.4768676757812,573.67919921875,566.41552734375,569.2130126953125,16230241
2021-02-26,527.0521850585938,546.0479736328125,575.1515502929688,541.581787109375,563.9125366210938,198547005
2021-03-01,504.21929931640625,522.39208984375,548.7963256835938,511.39849853515625,547.7166137695312,55091122
2021-03-02,512.7461547851562,531.2262573242188,533.974609375,519.1038208007812,530.5391235351562,30622757
2021-03-03,517.5780639648438,536.2322387695312,540.6002197265625,530.04833984375,538.6370849609375,24669015
2021-03-04,511.23028564453125,529.6557006835938,535.937744140625,528.085205078125,530.04833984375,17678275
2021-03-05,504.7877502441406,522.9810180664062,528.5759887695312,514.73583984375,525.1405029296875,16658703
2021-03-08,498.0611572265625,516.0119018554688,525.5822143554688,515.0794067382812,521.2142333984375,15293359
2021-03-09,494.3187561035156,512.1346435546875,522.19580078125,504.82196044921875,520.330810546875,20181762
2021-03-10,498.20318603515625,516.1591186523438,520.723388671875,506.8341979980469,510.6132507324219,19013738
2021-03-12,496.6399230957031,514.5394897460938,522.9319458007812,511.9383544921875,520.7725219726562,11624491
2021-03-15,495.36090087890625,513.2144165039062,518.0731811523438,506.8832702636719,518.0731811523438,10875944
2021-03-16,501.4718017578125,519.5455322265625,523.9135131835938,514.3432006835938,514.3432006835938,13252045
2021-03-17,495.4083251953125,513.2634887695312,521.2142333984375,509.43536376953125,519.0547485351562,8482758
2021-03-18,499.4822692871094,517.4842529296875,522.39208984375,505.8526306152344,520.0853881835938,12465338
2021-03-19,502.0876159667969,520.1835327148438,524.8950805664062,515.8155517578125,518.2694702148438,49597558
2021-03-22,500.24017333984375,518.2694702148438,524.158935546875,513.3616333007812,523.2264404296875,13581706
2021-03-23,501.4244384765625,519.4964599609375,522.637451171875,512.5272827148438,519.9381713867188,15239339
2021-03-24,496.11883544921875,513.9996337890625,523.6190795898438,511.8892822265625,518.2694702148438,10801499
2021-03-25,481.0548095703125,498.3926696777344,513.9996337890625,490.3437805175781,513.7542724609375,17572322
2021-03-26,495.02935791015625,512.870849609375,515.2266235351562,501.1901550292969,502.6625061035156,11148490
2021-03-30,494.0819091796875,511.8892822265625,518.1713256835938,506.73602294921875,518.0731811523438,10691124
2021-03-31,490.102783203125,507.7666931152344,516.2081909179688,506.73602294921875,512.7236328125,7712521
2021-04-01,493.418701171875,511.2021789550781,514.2450561523438,505.0673522949219,510.3678283691406,7111516
2021-04-05,500.47705078125,518.514892578125,519.2510375976562,505.1164245605469,511.2021789550781,9376649
2021-04-06,504.21929931640625,522.39208984375,527.93798828125,514.883056640625,518.76025390625,13115141
2021-04-07,513.1251831054688,531.6188354492188,536.8211669921875,525.3858642578125,527.1036376953125,21391503
2021-04-08,514.4515991210938,532.9930419921875,538.4407958984375,530.5391235351562,536.7230224609375,11367448
2021-04-09,516.5831909179688,535.2015991210938,539.61865234375,526.6128540039062,529.5575561523438,11641539
2021-04-12,494.9819641113281,512.82177734375,528.9195556640625,508.944580078125,527.6434936523438,9869735
2021-04-13,507.96160888671875,526.269287109375,530.04833984375,513.4597778320312,516.698974609375,6657701
2021-04-15,510.99346923828125,529.4103393554688,536.0850219726562,520.47802734375,530.04833984375,9989813
2021-04-16,512.31982421875,530.7845458984375,534.1218872070312,528.085205078125,530.097412109375,6273393
2021-04-19,498.77166748046875,516.748046875,525.1405029296875,513.6070556640625,522.441162109375,7368743
2021-04-20,502.3244934082031,520.428955078125,527.1036376953125,516.2081909179688,519.2510375976562,7369109
2021-04-22,502.9402770996094,521.0669555664062,523.5699462890625,516.3554077148438,520.2326049804688,6675147
2021-04-23,495.1240539550781,512.968994140625,522.637451171875,509.53350830078125,519.2510375976562,7123670
2021-04-26,499.81378173828125,517.8277587890625,518.76025390625,513.1162719726562,513.1162719726562,5929161
2021-04-27,506.2088623046875,524.453369140625,528.6250610351562,516.5517578125,517.7296142578125,9875033
2021-04-28,515.6831665039062,534.2691040039062,537.9009399414062,525.7294311523438,526.072998046875,12195400
2021-04-29,512.4146118164062,530.8826904296875,539.8640747070312,529.1649169921875,539.569580078125,8846896
2021-04-30,508.5301208496094,526.8582153320312,536.9193115234375,523.6681518554688,523.6681518554688,8331737
2021-05-03,529.46826171875,548.5509643554688,552.1336669921875,519.3001098632812,520.2326049804688,14556346
2021-05-04,523.4047241210938,542.2689208984375,555.5200805664062,536.6248779296875,555.5200805664062,14196229
2021-05-05,530.5103149414062,549.6306762695312,554.5385131835938,543.7903442382812,546.6369018554688,12095639
2021-05-06,529.37353515625,548.4528198242188,553.9986572265625,542.4161376953125,549.6306762695312,9169742
2021-05-07,538.6109008789062,558.0231323242188,562.342041015625,546.6369018554688,550.857666015625,12894499
2021-05-10,542.4478759765625,561.9984741210938,566.366455078125,558.612060546875,561.4586181640625,8365615
2021-05-11,538.5161743164062,557.9249877929688,564.256103515625,553.6551513671875,555.0784301757812,8033470
2021-05-12,532.2158203125,551.3975219726562,558.6611328125,547.9129638671875,557.5323486328125,6815070
2021-05-14,530.9367065429688,550.0723876953125,558.857421875,545.9006958007812,553.6060180664062,7697716
2021-05-17,520.751953125,539.5205078125,553.5569458007812,535.741455078125,553.5569458007812,13677009
2021-05-18,508.1512145996094,526.4656372070312,542.7106323242188,524.6987915039062,537.4100952148438,34968901
2021-05-19,500.4296569824219,518.4658203125,530.5881958007812,516.502685546875,527.987060546875,19583966
2021-05-20,493.276611328125,511.054931640625,521.2142333984375,510.41693115234375,521.2142333984375,14036583
2021-05-21,503.0350341796875,521.1651000976562,523.4718017578125,512.3800659179688,513.6070556640625,10492773
2021-05-24,499.103271484375,517.0916137695312,523.1773681640625,516.3063354492188,521.2142333984375,6386039
2021-05-25,498.4400329589844,516.4044799804688,521.0178833007812,514.833984375,520.1344604492188,9412913
2021-05-26,498.1084899902344,516.0609741210938,521.0178833007812,515.3247680664062,519.2510375976562,6908901
2021-05-27,492.4712829589844,510.2206115722656,517.2879028320312,509.140869140625,516.4044799804688,22783169
2021-05-28,496.07147216796875,513.9505615234375,518.76025390625,510.8095397949219,512.6254272460938,10248988
2021-05-31,506.7774353027344,525.0423583984375,526.1220703125,515.4229125976562,515.8155517578125,12803471
2021-06-01,504.88250732421875,523.0791625976562,528.4778442382812,520.527099609375,527.5453491210938,8435896
2021-06-02,501.6612854003906,519.7418212890625,524.7478637695312,518.2694702148438,520.1344604492188,10567595
2021-06-03,504.0772705078125,522.244873046875,523.5699462890625,518.76025390625,520.2326049804688,6290021
2021-06-04,504.69305419921875,522.8828735351562,525.9257202148438,521.4105224609375,524.10986328125,4878809
2021-06-07,508.24591064453125,526.5637817382812,531.0299072265625,523.1773681640625,524.158935546875,9674473
2021-06-08,518.0517578125,536.7230224609375,537.9009399414062,524.158935546875,528.183349609375,12822963
2021-06-09,511.6092224121094,530.04833984375,541.33642578125,525.4840087890625,539.765869140625,12674395
2021-06-10,516.488525390625,535.1034545898438,537.753662109375,530.3919067382812,533.87646484375,7018193
2021-06-11,512.4146118164062,530.8826904296875,539.61865234375,530.097412109375,535.4469604492188,7777365
2021-06-14,510.99346923828125,529.4103393554688,530.8826904296875,519.5455322265625,530.8826904296875,5714387
2021-06-15,513.977783203125,532.5022583007812,533.631103515625,528.4778442382812,531.0299072265625,7264778
2021-06-16,508.5301208496094,526.8582153320312,533.7783203125,525.0423583984375,533.7783203125,10045600
2021-06-17,500.85601806640625,518.9075317382812,531.2753295898438,517.3369750976562,529.5575561523438,10214732
2021-06-18,510.42498779296875,528.8213500976562,531.913330078125,509.43536376953125,521.6068115234375,15000348
2021-06-21,511.23028564453125,529.6557006835938,531.913330078125,523.1773681640625,525.1405029296875,5742834
2021-06-22,508.1985778808594,526.5147094726562,538.8825073242188,525.6312866210938,537.9500122070312,9114558
2021-06-23,505.97210693359375,524.2080078125,529.2630615234375,522.8828735351562,528.085205078125,4767421
2021-06-24,500.95074462890625,519.0056762695312,525.5822143554688,517.6805419921875,525.1405029296875,6419922
2021-06-25,506.9669189453125,525.2386474609375,526.02392578125,519.5946044921875,521.5086669921875,5504204
2021-06-28,503.27197265625,521.4105224609375,527.1036376953125,520.67431640625,527.1036376953125,5265796
2021-06-29,497.3505554199219,515.2756958007812,522.441162109375,514.3432006835938,521.4595947265625,8713975
2021-06-30,498.013671875,515.9627685546875,520.625244140625,514.686767578125,517.2879028320312,5760552
2021-07-01,495.17144775390625,513.01806640625,521.2142333984375,512.3800659179688,519.2510375976562,6575188
2021-07-02,497.39788818359375,515.3247680664062,523.1773681640625,510.41693115234375,515.9136962890625,13309063
2021-07-05,496.403076171875,514.2941284179688,518.76025390625,513.6561279296875,518.2694702148438,6373586
2021-07-06,498.4400329589844,516.4044799804688,517.9750366210938,511.49664306640625,513.8524169921875,10494366
2021-07-07,501.7560729980469,519.8400268554688,520.8215942382812,513.5579223632812,513.5579223632812,6669192
2021-07-08,497.68212890625,515.6192626953125,522.9810180664062,513.9014892578125,520.2326049804688,5400962
2021-07-09,508.0563659667969,526.367431640625,527.5944213867188,513.3616333007812,515.8155517578125,7303645
2021-07-12,501.80340576171875,519.8890991210938,529.0177001953125,518.9075317382812,529.0177001953125,8932790
2021-07-13,502.182373046875,520.28173828125,525.6312866210938,518.4658203125,523.7172241210938,8138019
2021-07-14,502.182373046875,520.28173828125,521.6068115234375,516.9443969726562,519.2510375976562,6666859
2021-07-15,497.82421875,515.7664794921875,522.6865844726562,515.3247680664062,522.6865844726562,6886797
2021-07-16,512.6988525390625,531.1771240234375,533.3856811523438,516.2572631835938,517.2879028320312,11251138
2021-07-19,510.1407470703125,528.5269165039062,534.6617431640625,519.5455322265625,529.0667724609375,9130551
2021-07-20,498.1084899902344,516.0609741210938,526.9072875976562,513.3616333007812,526.5637817382812,7646460
2021-07-22,517.9569702148438,536.6248779296875,537.9009399414062,513.9996337890625,521.3123779296875,20220601
2021-07-23,519.4728393554688,538.1953735351562,550.3178100585938,522.9319458007812,537.6064453125,33200836
2021-07-26,515.4462890625,534.023681640625,543.6431274414062,532.109619140625,534.9561767578125,5214592
2021-07-27,512.1303100585938,530.5881958007812,535.741455078125,526.269287109375,535.741455078125,5835018
2021-07-28,538.0423583984375,557.4341430664062,560.1825561523438,527.93798828125,529.5575561523438,32532037
2021-07-29,537.3318481445312,556.697998046875,566.072021484375,554.587646484375,563.5198974609375,15844335
2021-07-30,532.1210327148438,551.2993774414062,558.0231323242188,547.5203247070312,555.4710083007812,10125413
2021-08-02,535.43701171875,554.73486328125,559.4464111328125,549.6797485351562,555.5692138671875,6372299
2021-08-03,549.6956787109375,569.5075073242188,571.2743530273438,551.7410888671875,557.5323486328125,21680353
2021-08-04,544.2006225585938,563.8143920898438,576.0840454101562,559.7899169921875,564.4033203125,21816567
2021-08-05,567.2230834960938,587.6665649414062,607.5924682617188,566.8572387695312,566.8572387695312,72423461
2021-08-06,575.939453125,596.697021484375,605.5802612304688,577.654541015625,583.5439453125,29055626
2021-08-09,567.7442016601562,588.2064208984375,601.4085693359375,586.5377807617188,598.75830078125,10078649
2021-08-10,589.487548828125,610.7334594726562,616.4265747070312,587.3720703125,591.10205078125,34514358
2021-08-11,588.20849609375,609.4083862304688,617.653564453125,602.39013671875,610.7334594726562,18731287
2021-08-12,590.3875732421875,611.6659545898438,617.3590698242188,605.6293334960938,611.5187377929688,8430316
2021-08-13,603.556884765625,625.309814453125,627.0275268554688,606.7090454101562,611.6659545898438,21079044
2021-08-16,600.714599609375,622.3651123046875,632.1317138671875,620.3528442382812,626.9784545898438,10506327
2021-08-17,593.4193725585938,614.8070068359375,626.2423095703125,611.5187377929688,622.3651123046875,11311229
2021-08-18,590.1981201171875,611.4696655273438,622.3160400390625,609.4083862304688,614.3652954101562,7136872
2021-08-20,581.4345092773438,602.39013671875,621.33447265625,595.8135986328125,608.083251953125,12770173
2021-08-23,589.9139404296875,611.1751708984375,618.8804931640625,596.4025268554688,607.0034790039062,12790616
2021-08-24,587.4978637695312,608.6721801757812,616.3775024414062,605.6784057617188,616.3775024414062,5885050
2021-08-25,580.2501831054688,601.1631469726562,610.8807373046875,599.7398681640625,610.8807373046875,8127668
2021-08-26,556.0435180664062,576.0840454101562,600.2306518554688,573.5319213867188,598.75830078125,26316897
2021-08-27,563.8597412109375,584.1820068359375,594.2431030273438,574.2681274414062,577.9490356445312,16444274
2021-08-30,587.8295288085938,609.0157470703125,613.4818725585938,579.2250366210938,585.0162963867188,40506274
2021-08-31,629.1372680664062,651.8121948242188,655.78759765625,613.4818725585938,614.5125122070312,60781970
2021-09-01,631.3637084960938,654.118896484375,660.8917846679688,641.9474487304688,655.689453125,30796359
2021-09-02,631.4584350585938,654.2171020507812,661.3334350585938,651.8121948242188,657.603515625,18951106
2021-09-03,623.8316650390625,646.3154296875,657.2599487304688,641.9474487304688,655.689453125,7920313
2021-09-06,620.18408203125,642.536376953125,653.4808959960938,641.3585205078125,652.15576171875,10223448
2021-09-07,635.2955932617188,658.1924438476562,667.9590454101562,636.0579833984375,645.8246459960938,28185127
2021-09-08,632.7374877929688,655.5421752929688,671.1982421875,652.7446899414062,665.505126953125,20876941
2021-09-09,650.0753784179688,673.5049438476562,675.5171508789062,654.7569580078125,655.5421752929688,19784500
2021-09-13,656.8494873046875,680.523193359375,684.1549682617188,673.21044921875,679.2471313476562,19704664
2021-09-14,657.7021484375,681.4066162109375,686.8052368164062,676.4005737304688,682.1918334960938,11694600
2021-09-15,687.3564453125,712.1297607421875,721.4055786132812,683.3206787109375,684.1549682617188,56796797
2021-09-16,680.8192749023438,705.35693359375,723.4178466796875,702.2158813476562,721.4547119140625,45001991
2021-09-17,689.8670654296875,714.7308959960938,721.2092895507812,707.7127075195312,707.7127075195312,26649321
2021-09-20,686.8353881835938,711.5899047851562,720.1786499023438,707.0255737304688,711.6389770507812,14330899
2021-09-21,688.446044921875,713.258544921875,727.0986938476562,708.6942749023438,709.5776977539062,14216876
2021-09-22,688.5408325195312,713.3567504882812,718.55908203125,710.7555541992188,713.6021118164062,16348622
2021-09-23,688.588134765625,713.4058227539062,726.460693359375,709.8721313476562,719.8841552734375,26497345
2021-09-24,700.5256958007812,725.7736206054688,739.1229858398438,714.5836791992188,715.6143188476562,72175065
2021-09-27,697.4142456054688,722.5499877929688,731.9000244140625,718.1500244140625,731.0,11282248
2021-09-28,671.9326171875,696.1500244140625,726.7999877929688,686.0,724.4000244140625,21944239
2021-09-29,669.9539794921875,694.0999755859375,702.0,689.1500244140625,697.0,16729859
2021-09-30,664.355712890625,688.2999877929688,709.7999877929688,686.7999877929688,695.7999877929688,13911568
2021-10-01,652.3870849609375,675.9000244140625,687.3499755859375,667.6500244140625,687.3499755859375,14952128
2021-10-04,657.69580078125,681.4000244140625,686.2000122070312,669.7000122070312,675.0,8917898
2021-10-05,674.9248657226562,699.25,703.4500122070312,680.4000244140625,684.4000244140625,25598885
2021-10-06,667.3479614257812,691.4000244140625,707.9500122070312,688.2000122070312,705.75,10406502
2021-10-07,668.4096069335938,692.5,702.2000122070312,691.2999877929688,695.75,8121590
2021-10-08,671.30517578125,695.5,699.5499877929688,688.9000244140625,695.1500244140625,6297352
2021-10-11,666.8170166015625,690.8499755859375,696.0499877929688,685.0,693.0999755859375,8792050
2021-10-12,662.4735717773438,686.3499755859375,698.4000244140625,684.2000122070312,691.0,8579567
2021-10-13,665.900146484375,689.9000244140625,696.7999877929688,683.0999755859375,689.0,7062149
2021-10-14,661.9426879882812,685.7999877929688,694.0,681.8499755859375,693.0,9820591
2021-10-18,656.9234619140625,680.5999755859375,701.9500122070312,679.6500244140625,700.0,8574445
2021-10-19,657.4061279296875,681.0999755859375,699.0,675.4500122070312,699.0,7328862
2021-10-20,683.8047485351562,708.4500122070312,713.9000244140625,681.4000244140625,683.4000244140625,21217306
2021-10-21,671.8359985351562,696.0499877929688,712.3499755859375,689.2000122070312,710.9500122070312,8908979
2021-10-22,670.3400268554688,694.5,705.2999877929688,684.25,698.5,6587256
2021-10-25,667.0582885742188,691.0999755859375,704.0,675.0,693.0,9540441
2021-10-26,671.9808959960938,696.2000122070312,709.8499755859375,689.0,695.0,10953878
2021-10-27,677.9169311523438,702.3499755859375,714.6500244140625,694.0,699.4000244140625,11878571
2021-10-28,665.75537109375,689.75,706.0499877929688,684.4000244140625,702.75,8884507
2021-10-29,661.50830078125,685.3499755859375,701.0,677.0499877929688,692.2000122070312,8602343
2021-11-01,687.7138061523438,712.5,722.7999877929688,689.5999755859375,689.9500122070312,17121001
2021-11-02,689.1134033203125,713.9500122070312,723.0999755859375,709.5499877929688,712.5,7725455
2021-11-03,674.780029296875,699.0999755859375,732.5,696.0,725.75,23261507
2021-11-04,676.7103881835938,701.0999755859375,704.7999877929688,699.2000122070312,704.0,1064714
2021-11-08,684.3356323242188,709.0,714.9000244140625,704.0,707.4500122070312,7565546
2021-11-09,688.3894653320312,713.2000122070312,716.4500122070312,705.1500244140625,711.7000122070312,5278131
2021-11-10,709.8655395507812,735.4500122070312,738.0,707.3499755859375,717.5,15180490
2021-11-11,703.2537841796875,728.5999755859375,738.5999755859375,724.25,735.0,7421118
2021-11-12,717.6353759765625,743.5,745.0,725.25,733.0,9207508
2021-11-15,711.8923950195312,737.5499877929688,746.0,736.2000122070312,740.0,5454742
2021-11-16,704.8946533203125,730.2999877929688,742.0499877929688,727.0499877929688,741.3499755859375,4639931
2021-11-17,695.001220703125,720.0499877929688,732.3499755859375,716.25,724.5499877929688,8002927
2021-11-18,689.49951171875,714.3499755859375,723.4500122070312,708.0,720.5999755859375,4469597
2021-11-22,716.2841186523438,742.0999755859375,755.9500122070312,733.0999755859375,740.0,36884348
2021-11-23,732.499755859375,758.9000244140625,761.0,735.7000122070312,745.0,18240414
2021-11-24,732.499755859375,758.9000244140625,781.7999877929688,756.25,764.0,21653712
2021-11-25,738.5323486328125,765.1500244140625,768.5,752.7999877929688,759.0499877929688,8483653
2021-11-26,713.0506591796875,738.75,763.0,733.0999755859375,763.0,11142921
2021-11-29,713.6297607421875,739.3499755859375,755.0,727.0999755859375,752.0,15885643
2021-11-30,702.9159545898438,728.25,750.2000122070312,722.6500244140625,740.0,14272616
2021-12-01,697.1246948242188,722.25,737.4000244140625,718.25,733.0,10488561
2021-12-02,707.06640625,732.5499877929688,735.7000122070312,714.1500244140625,723.9000244140625,11507427
2021-12-03,693.3604125976562,718.3499755859375,734.6500244140625,716.2999877929688,730.0,11024093
2021-12-06,673.3322143554688,697.5999755859375,721.9000244140625,693.8499755859375,718.0,8804487
2021-12-07,674.5386962890625,698.8499755859375,705.7000122070312,694.0999755859375,702.3499755859375,10238693
2021-12-08,690.271728515625,715.1500244140625,719.0,702.2999877929688,705.0,8296393
2021-12-09,689.1134033203125,713.9500122070312,723.9500122070312,711.0,716.7999877929688,9069515
2021-12-10,685.9764404296875,710.7000122070312,718.9000244140625,707.0,711.0,4251339
2021-12-13,678.6408081054688,703.0999755859375,718.4000244140625,698.3499755859375,715.0,9896899
2021-12-14,667.5408935546875,691.5999755859375,706.2999877929688,688.4000244140625,701.0,9275631
2021-12-15,661.6049194335938,685.4500122070312,694.9000244140625,684.0999755859375,691.75,7674319
2021-12-16,657.69580078125,681.4000244140625,689.9000244140625,677.5999755859375,689.9000244140625,9633006
2021-12-17,642.8796997070312,666.0499877929688,685.7000122070312,661.0999755859375,681.0,13850460
2021-12-20,635.3511352539062,658.25,661.1500244140625,645.0999755859375,659.1500244140625,11812939
2021-12-21,643.7966918945312,667.0,670.9000244140625,659.2000122070312,663.9500122070312,8084499
2021-12-22,660.9292602539062,684.75,686.0,667.0,667.0,8522226
2021-12-23,655.137939453125,678.75,689.0,675.5,689.0,5602466
2021-12-24,653.4970703125,677.0499877929688,682.8499755859375,672.6500244140625,682.0999755859375,3756020
2021-12-27,652.2423095703125,675.75,678.3499755859375,668.6500244140625,674.9500122070312,3658572
2021-12-28,656.3926391601562,680.0499877929688,683.5,675.0499877929688,679.8499755859375,3892590
2021-12-29,653.3040771484375,676.8499755859375,683.5,675.0,679.9500122070312,3847574
2021-12-30,655.7169799804688,679.3499755859375,685.7999877929688,674.2000122070312,677.5,5701612
2021-12-31,660.0123291015625,683.7999877929688,694.0999755859375,680.0,680.5,4598628
2022-01-03,667.2513427734375,691.2999877929688,692.5999755859375,683.0999755859375,687.7999877929688,2939833
2022-01-04,673.1873168945312,697.4500122070312,703.25,690.4000244140625,692.25,6473875
2022-01-05,675.6487426757812,700.0,702.75,691.75,700.9000244140625,4586105
2022-01-06,685.68701171875,710.4000244140625,720.5,700.0,702.0,21642414
2022-01-07,680.1852416992188,704.7000122070312,715.1500244140625,701.4500122070312,713.9000244140625,4315015
2022-01-10,680.4265747070312,704.9500122070312,711.3499755859375,703.6500244140625,705.4000244140625,3565324
2022-01-11,678.978759765625,703.4500122070312,709.5499877929688,694.5999755859375,703.0,10642484
2022-01-12,704.798095703125,730.2000122070312,732.7000122070312,704.2000122070312,707.9500122070312,12366953
2022-01-13,706.3424682617188,731.7999877929688,735.6500244140625,726.1500244140625,729.0,5829874
2022-01-14,695.5320434570312,720.5999755859375,730.9000244140625,718.4500122070312,729.9500122070312,5344096
2022-01-17,703.2537841796875,728.5999755859375,734.75,719.5499877929688,720.0,4340924
2022-01-18,689.49951171875,714.3499755859375,730.7000122070312,712.5499877929688,727.0,4312058
2022-01-19,679.2200317382812,703.7000122070312,715.0,701.7000122070312,714.0,5879490
2022-01-20,690.5130615234375,715.4000244140625,719.6500244140625,705.25,706.0,4812496
2022-01-21,671.0639038085938,695.25,714.0,689.3499755859375,709.5999755859375,6704622
2022-01-24,665.900146484375,689.9000244140625,707.0,677.3499755859375,690.2999877929688,11091633
2022-01-25,687.08642578125,711.8499755859375,720.4500122070312,682.1500244140625,684.0,14128764
2022-01-27,682.6465454101562,707.25,716.0,701.5,706.5,8937312
2022-01-28,690.8990478515625,715.7999877929688,754.0,701.6500244140625,714.9000244140625,21450677
2022-01-31,703.9293823242188,729.2999877929688,735.0,719.5499877929688,728.0,10745370
2022-02-01,697.8968505859375,723.0499877929688,735.0,718.2999877929688,733.0,4814511
2022-02-02,699.8272094726562,725.0499877929688,731.75,720.5,726.0999755859375,3286577
2022-02-03,696.545654296875,721.6500244140625,729.0,718.5,726.0,3651578
2022-02-04,695.1460571289062,720.2000122070312,723.25,716.5,721.0999755859375,3284198
2022-02-07,681.922607421875,706.5,720.0999755859375,699.5,718.0,6833983
2022-02-08,684.2391357421875,708.9000244140625,714.7000122070312,701.0,711.2000122070312,7167684
2022-02-09,694.3255615234375,719.3499755859375,726.0999755859375,702.1500244140625,707.0999755859375,10185173
2022-02-10,698.862060546875,724.0499877929688,726.9500122070312,708.5999755859375,722.9500122070312,6074014
2022-02-11,690.271728515625,715.1500244140625,725.4000244140625,710.9000244140625,721.7000122070312,5646980
2022-02-14,665.7069702148438,689.7000122070312,704.0,685.0,704.0,7441445
2022-02-15,686.796875,711.5499877929688,713.0999755859375,686.5999755859375,696.0,4650249
2022-02-16,696.6903686523438,721.7999877929688,728.2000122070312,708.0,717.4000244140625,5433910
2022-02-17,692.0573120117188,717.0,727.5,715.0,724.4500122070312,5107708
2022-02-18,687.7621459960938,712.5499877929688,719.5499877929688,711.3499755859375,712.0499877929688,4099366
2022-02-21,685.2525024414062,709.9500122070312,716.5499877929688,703.0,708.0499877929688,4307430
2022-02-22,674.9248657226562,699.25,702.5,687.5,694.2000122070312,9148804
2022-02-23,679.8956909179688,704.4000244140625,708.9500122070312,699.5,700.0999755859375,4124469
2022-02-24,647.5610961914062,670.9000244140625,688.5499877929688,645.4500122070312,682.0,14139461
2022-02-25,664.693603515625,688.6500244140625,695.1500244140625,677.5,677.5,6452099
2022-02-28,662.618408203125,686.5,690.0,666.4500122070312,681.0,8301523
2022-03-02,650.7944946289062,674.25,684.0,666.0,684.0,10220908
2022-03-03,648.6710815429688,672.0499877929688,679.7999877929688,668.5999755859375,675.0,6517030
2022-03-04,630.95947265625,653.7000122070312,667.9500122070312,650.0,665.0,7094874
2022-03-07,651.9044799804688,675.4000244140625,679.3499755859375,639.0,640.0,12615451
2022-03-08,659.2400512695312,683.0,686.8499755859375,667.5999755859375,675.0,8462985
2022-03-09,667.4443969726562,691.5,698.0,674.2999877929688,682.0,9896395
2022-03-10,673.4769897460938,697.75,707.5,690.5999755859375,699.9500122070312,5989327
2022-03-11,670.6777954101562,694.8499755859375,702.4000244140625,691.5,696.7000122070312,3353880
2022-03-14,676.0347900390625,700.4000244140625,704.8499755859375,688.1500244140625,688.1500244140625,4016137
2022-03-15,678.6408081054688,703.0999755859375,709.5,695.5,699.0,6006439
2022-03-16,687.231201171875,712.0,715.5,705.0,710.0,3843706
2022-03-17,697.7521362304688,722.9000244140625,727.9500122070312,715.0,720.0,8168953
2022-03-21,683.5634765625,708.2000122070312,724.3499755859375,706.7999877929688,722.0,6317305
2022-03-22,694.2290649414062,719.25,721.0,705.8499755859375,708.5,3000133
2022-03-23,680.4265747070312,704.9500122070312,719.8499755859375,703.0,719.25,7974713
2022-03-24,681.7777709960938,706.3499755859375,708.8499755859375,697.8499755859375,698.0,3597143
2022-03-25,684.6734008789062,709.3499755859375,714.4500122070312,705.8499755859375,712.2999877929688,2930336
2022-03-28,707.5490112304688,733.0499877929688,737.0,710.0999755859375,715.25,7960258
2022-03-29,728.6871337890625,754.9500122070312,763.0,737.0,740.4000244140625,15833573
2022-03-30,723.4267578125,749.5,769.9000244140625,744.5999755859375,762.75,9938988
2022-03-31,728.6871337890625,754.9500122070312,759.0,739.7000122070312,753.0,7371181
2022-04-01,732.1136474609375,758.5,766.6500244140625,749.25,759.7999877929688,5920139
2022-04-04,741.090087890625,767.7999877929688,775.0,756.2000122070312,757.8499755859375,5783224
2022-04-05,739.931884765625,766.5999755859375,773.7999877929688,761.0,767.7999877929688,3990794
2022-04-06,748.6670532226562,775.6500244140625,780.7000122070312,763.0,764.0,7490027
2022-04-07,735.8779907226562,762.4000244140625,777.8499755859375,759.5499877929688,775.0,5818505
2022-04-08,735.5883178710938,762.0999755859375,768.3499755859375,757.5999755859375,768.3499755859375,5583587
2022-04-11,731.6792602539062,758.0499877929688,765.2000122070312,756.0,757.0,4927865
2022-04-12,715.849853515625,741.6500244140625,759.9500122070312,740.0999755859375,759.9500122070312,3904026
2022-04-13,714.8846435546875,740.6500244140625,756.5,737.9500122070312,742.0,6343030
2022-04-18,704.1224365234375,729.5,740.1500244140625,723.4000244140625,736.6500244140625,8950327
2022-04-19,698.3311767578125,723.5,739.0,716.8499755859375,739.0,9957060
2022-04-20,713.6297607421875,739.3499755859375,744.5,723.9500122070312,730.0499877929688,6632292
2022-04-21,710.1550903320312,735.75,743.9000244140625,730.0,743.9000244140625,6111830
2022-04-22,713.0506591796875,738.75,740.9000244140625,729.0,731.0,5182247
2022-04-25,713.6297607421875,739.3499755859375,743.0,729.1500244140625,729.9500122070312,3571031
2022-04-26,729.9901733398438,756.2999877929688,758.9000244140625,739.0999755859375,745.0,4987848
2022-04-27,726.3223876953125,752.5,761.5499877929688,746.4000244140625,750.0,4571399
2022-04-28,721.3515625,747.3499755859375,754.2999877929688,744.5999755859375,751.0,6101866
2022-04-29,713.2919921875,739.0,761.0,735.5499877929688,752.0,7219115
2022-05-02,715.5601806640625,741.3499755859375,742.9500122070312,730.3499755859375,734.0,3938533
2022-05-04,697.26953125,722.4000244140625,739.3499755859375,717.0,737.0,6785271
2022-05-05,693.9395141601562,718.9500122070312,733.0999755859375,714.25,726.0,4836692
2022-05-06,685.5421752929688,710.25,723.9000244140625,707.75,711.25,5912312
2022-05-09,686.7486572265625,711.5,720.5,704.4500122070312,706.0999755859375,4819274
2022-05-10,694.615234375,719.6500244140625,728.5,710.1500244140625,711.0,6746893
2022-05-11,697.7037353515625,722.8499755859375,735.0,716.9000244140625,719.6500244140625,6919703
2022-05-12,680.8609008789062,705.4000244140625,722.7999877929688,701.25,715.25,6754953
2022-05-13,665.900146484375,689.9000244140625,713.0,684.75,713.0,11938252
2022-05-16,669.0852661132812,693.2000122070312,698.0,679.6500244140625,685.8499755859375,5412233
2022-05-17,682.4534301757812,707.0499877929688,710.0,690.8499755859375,695.0,4847812
2022-05-18,671.9326171875,696.1500244140625,727.1500244140625,689.2000122070312,721.0,18992703
2022-05-19,650.7944946289062,674.25,693.0,667.8499755859375,685.0,7322668
2022-05-20,663.9696044921875,687.9000244140625,691.5,683.0,688.5,5577407
2022-05-23,661.990966796875,685.8499755859375,693.9000244140625,679.5999755859375,681.7999877929688,3788601
2022-05-24,654.6070556640625,678.2000122070312,689.25,675.8499755859375,689.25,4053608
2022-05-25,664.2591552734375,688.2000122070312,689.9000244140625,679.5499877929688,681.25,4188088
2022-05-26,669.5195922851562,693.6500244140625,695.5,675.9000244140625,690.0,5780597
2022-05-27,660.5913696289062,684.4000244140625,700.0,676.0,697.0499877929688,7131633
2022-05-30,674.7317504882812,699.0499877929688,703.75,683.0,687.4500122070312,4675033
2022-05-31,675.841796875,700.2000122070312,706.5999755859375,692.5999755859375,697.5,44593174
2022-06-01,670.48486328125,694.6500244140625,706.2000122070312,691.25,701.5499877929688,3749781
2022-06-02,671.7396240234375,695.9500122070312,696.9500122070312,683.0499877929688,688.9000244140625,3466993
2022-06-03,662.618408203125,686.5,700.7999877929688,685.25,697.0499877929688,6673615
2022-06-06,659.19189453125,682.9500122070312,689.7999877929688,676.5,682.2000122070312,6407024
2022-06-07,661.4600830078125,685.2999877929688,687.25,673.2999877929688,678.1500244140625,8349903
2022-06-08,640.2254028320312,663.2999877929688,687.7999877929688,660.4500122070312,682.5,13904149
2022-06-09,652.8214111328125,676.3499755859375,679.4000244140625,655.0999755859375,660.0,6774925
2022-06-10,649.92578125,673.3499755859375,676.4500122070312,668.0,668.0,3221484
2022-06-13,647.9471435546875,671.2999877929688,673.3499755859375,658.0,660.0999755859375,5982102
2022-06-14,658.3231201171875,682.0499877929688,689.4000244140625,669.0999755859375,669.0999755859375,8878530
2022-06-15,658.3713989257812,682.0999755859375,685.0,673.5,681.9500122070312,6005970
2022-06-16,631.4420166015625,654.2000122070312,683.9000244140625,650.0,683.0999755859375,9525587
2022-06-17,621.2589721679688,643.6500244140625,661.75,638.0,656.0,11085830
2022-06-20,618.6046752929688,640.9000244140625,647.4500122070312,634.2000122070312,644.9500122070312,3883001
2022-06-21,631.5385131835938,654.2999877929688,658.1500244140625,640.5,642.0999755859375,3515991
2022-06-22,620.48681640625,642.8499755859375,650.3499755859375,641.4500122070312,648.5999755859375,4348884
2022-06-23,637.2332763671875,660.2000122070312,664.5999755859375,647.75,648.1500244140625,4336533
2022-06-24,647.8505859375,671.2000122070312,675.7000122070312,662.0999755859375,662.0999755859375,5621332
2022-06-27,660.1571044921875,683.9500122070312,687.0,671.2000122070312,675.0,5284297
2022-06-28,657.4544677734375,681.1500244140625,684.9000244140625,676.2999877929688,683.0,3216376
2022-06-29,663.8731079101562,687.7999877929688,689.0999755859375,675.0,677.0,5011798
2022-06-30,661.1222534179688,684.9500122070312,691.5999755859375,679.0,689.7999877929688,6505666
2022-07-01,650.0223999023438,673.4500122070312,685.7999877929688,666.0,684.8499755859375,4488771
2022-07-04,658.1783447265625,681.9000244140625,685.5,666.0499877929688,670.5,4229588
2022-07-05,660.6397094726562,684.4500122070312,689.2999877929688,680.0499877929688,683.2999877929688,3494504
2022-07-06,669.8092041015625,693.9500122070312,694.9500122070312,684.2000122070312,684.5,4697006
2022-07-07,662.9078369140625,686.7999877929688,696.5,685.4500122070312,692.0,3485283
2022-07-08,670.9674072265625,695.1500244140625,696.5999755859375,686.6500244140625,688.0,2732170
2022-07-11,637.5711059570312,660.5499877929688,681.0,658.9500122070312,675.0,18687521
2022-07-12,639.935791015625,663.0,666.9000244140625,660.0,663.25,7416645
2022-07-13,621.1141967773438,643.5,670.0,641.0,670.0,12030163
2022-07-14,619.32861328125,641.6500244140625,652.2000122070312,628.75,650.0,11379990
2022-07-15,629.12548828125,651.7999877929688,657.5,643.25,648.9500122070312,5567877
2022-07-18,639.9840698242188,663.0499877929688,670.0,649.1500244140625,657.0,8982417
2022-07-19,649.491455078125,672.9000244140625,677.0,663.0999755859375,675.0,7836419
2022-07-20,647.3197631835938,670.6500244140625,680.0,668.2000122070312,680.0,4458819
2022-07-21,654.7518920898438,678.3499755859375,679.9500122070312,671.2000122070312,671.5,3550107
2022-07-22,655.2344360351562,678.8499755859375,681.9000244140625,675.2000122070312,679.7000122070312,2415220
2022-07-25,654.8001098632812,678.4000244140625,686.5499877929688,676.5499877929688,680.0,2913348
2022-07-26,660.3018798828125,684.0999755859375,685.3499755859375,670.25,682.5999755859375,5016687
2022-07-27,651.4219360351562,674.9000244140625,683.9500122070312,669.7000122070312,683.9500122070312,6237523
2022-07-28,643.6519165039062,666.8499755859375,679.4000244140625,664.2000122070312,678.7999877929688,7374170
2022-07-29,654.3657836914062,677.9500122070312,680.6500244140625,671.0,672.7999877929688,7669970
2022-08-01,673.2711181640625,694.4500122070312,697.7999877929688,677.0499877929688,677.9500122070312,8812526
2022-08-02,665.8543090820312,686.7999877929688,700.2999877929688,681.1500244140625,700.0,6236599
2022-08-03,672.0107421875,693.1500244140625,696.8499755859375,687.0,688.0,5237250
2022-08-04,673.1256103515625,694.2999877929688,698.5,680.7000122070312,698.2000122070312,6352142
2022-08-05,682.1905517578125,703.6500244140625,710.0,696.3499755859375,698.0,5811092
2022-08-08,682.869140625,704.3499755859375,709.8499755859375,699.0,707.9500122070312,5918607
2022-08-10,693.436767578125,715.25,718.0,706.0,713.9000244140625,12201239
2022-08-11,688.1528930664062,709.7999877929688,719.4000244140625,705.7000122070312,718.7999877929688,7142902
2022-08-12,688.0560302734375,709.7000122070312,712.5,706.6500244140625,709.8499755859375,4540159
2022-08-16,682.6267700195312,704.0999755859375,716.0,700.5,715.0,6679663
2022-08-17,700.9019775390625,722.9500122070312,724.6500244140625,702.2999877929688,707.0,8812954
2022-08-18,710.8392944335938,733.2000122070312,736.0,720.9000244140625,725.0,10354897
2022-08-19,709.9667358398438,732.2999877929688,737.5999755859375,726.0,730.2000122070312,13743828
2022-08-22,705.4100952148438,727.5999755859375,734.4000244140625,724.4000244140625,731.8499755859375,8118490
2022-08-23,715.1051025390625,737.5999755859375,742.5999755859375,722.5499877929688,725.0,8229797
2022-08-24,716.2200317382812,738.75,754.2000122070312,718.0,722.8499755859375,14922081
2022-08-25,718.4014892578125,741.0,754.0499877929688,735.25,744.7999877929688,9849958
2022-08-26,708.5609741210938,730.8499755859375,741.5,728.0,741.5,5928897
2022-08-29,698.62353515625,720.5999755859375,724.9000244140625,715.0999755859375,717.7000122070312,5878942
2022-08-30,704.4406127929688,726.5999755859375,730.0999755859375,711.7999877929688,722.0,8894800
2022-09-01,712.6328735351562,735.0499877929688,746.0,726.5,726.5,11869518
2022-09-02,712.5844116210938,735.0,740.9000244140625,719.6500244140625,725.0,5693707
2022-09-05,717.8197631835938,740.4000244140625,741.9500122070312,733.25,735.0,3660135
2022-09-06,738.0338134765625,761.25,765.0,740.4000244140625,740.4000244140625,10166270
2022-09-07,730.1323852539062,753.0999755859375,761.9000244140625,686.2000122070312,755.5,126794211
2022-09-08,746.3230590820312,769.7999877929688,776.0,757.0499877929688,759.0,10648073
2022-09-09,742.3966064453125,765.75,774.7999877929688,762.9000244140625,773.0,4627905
2022-09-12,745.6929321289062,769.1500244140625,771.4000244140625,764.5,767.0,2654087
2022-09-13,760.3323974609375,784.25,788.9000244140625,770.0,774.0,8335652
2022-09-14,759.4598999023438,783.3499755859375,788.4000244140625,775.75,776.0,6645392
2022-09-15,761.156494140625,785.0999755859375,790.6500244140625,782.0,788.0,5485310
2022-09-16,755.872802734375,779.6500244140625,788.0,776.4500122070312,788.0,20211162
2022-09-19,758.8781127929688,782.75,786.0,772.2000122070312,773.5,5760313
2022-09-20,767.9915161132812,792.1500244140625,796.9500122070312,785.0,786.7000122070312,7936714
2022-09-21,756.4059448242188,780.2000122070312,797.0,779.0,792.1500244140625,9966193
2022-09-22,760.18701171875,784.0999755859375,794.7999877929688,776.3499755859375,791.2000122070312,7721133
2022-09-23,747.8258056640625,771.3499755859375,788.0,768.7000122070312,788.0,9271829
2022-09-26,732.02294921875,755.0499877929688,771.1500244140625,753.2000122070312,769.9500122070312,13144297
2022-09-27,737.4036254882812,760.5999755859375,765.0,757.2000122070312,758.8499755859375,5965026
2022-09-28,738.227783203125,761.4500122070312,771.0,755.0,755.5,5546932
2022-09-29,741.3302001953125,764.6500244140625,769.0,759.2999877929688,763.9500122070312,5413233
2022-09-30,775.505126953125,799.9000244140625,809.0,761.4500122070312,765.9500122070312,7469164
2022-10-03,778.849853515625,803.3499755859375,815.5499877929688,798.0499877929688,803.4000244140625,12619046
2022-10-04,784.0368041992188,808.7000122070312,816.75,807.5,813.0,5772140
2022-10-06,764.5497436523438,788.5999755859375,815.8499755859375,786.6500244140625,810.5499877929688,6503205
2022-10-07,768.9124755859375,793.0999755859375,796.7999877929688,784.7000122070312,792.0,6025982
2022-10-10,768.1853637695312,792.3499755859375,794.7999877929688,779.7000122070312,784.9500122070312,3519416
2022-10-11,756.5028686523438,780.2999877929688,797.5,776.0,797.5,3699862
2022-10-12,751.8977661132812,775.5499877929688,781.3499755859375,769.2000122070312,780.2999877929688,5984299
2022-10-13,745.4506225585938,768.9000244140625,779.0,767.6500244140625,775.0,2842056
2022-10-14,742.5905151367188,765.9500122070312,779.9500122070312,763.0499877929688,779.9500122070312,3608210
2022-10-17,742.6390380859375,766.0,771.0,759.8499755859375,761.0,4566333
2022-10-18,759.2659912109375,783.1500244140625,785.5999755859375,768.6500244140625,769.8499755859375,4391263
2022-10-19,759.5083618164062,783.4000244140625,788.6500244140625,779.5,787.9500122070312,5219180
2022-10-20,768.7186889648438,792.9000244140625,794.0,778.2999877929688,782.0,4756732
2022-10-21,773.1298217773438,797.4500122070312,802.8499755859375,789.75,790.0,4807736
2022-10-24,777.6380004882812,802.0999755859375,807.5,800.0,800.0,522406
2022-10-25,777.8319091796875,802.2999877929688,806.3499755859375,798.7000122070312,806.1500244140625,3184277
2022-10-27,792.1805419921875,817.0999755859375,822.2000122070312,804.2000122070312,806.5,8159181
2022-10-28,791.9381713867188,816.8499755859375,824.4000244140625,811.2999877929688,819.0,3905093
2022-10-31,806.6260986328125,832.0,833.7999877929688,820.0,823.0,5487233
2022-11-01,810.0679321289062,835.5499877929688,841.4500122070312,821.0499877929688,828.0,10488759
2022-11-02,785.1516723632812,809.8499755859375,830.0,807.25,830.0,11729925
2022-11-03,793.683349609375,818.6500244140625,824.4000244140625,804.2000122070312,809.75,5897840
2022-11-04,791.5018920898438,816.4000244140625,821.7999877929688,809.2000122070312,815.7000122070312,3768226
2022-11-07,797.6098022460938,822.7000122070312,824.0499877929688,809.0,817.0,7171570
2022-11-09,794.0711059570312,819.0499877929688,825.5,814.4500122070312,824.2000122070312,3969171
2022-11-10,800.5667724609375,825.75,830.7000122070312,817.5499877929688,819.7999877929688,4425290
2022-11-11,801.6817016601562,826.9000244140625,836.9000244140625,823.7999877929688,830.75,4325441
2022-11-14,796.834228515625,821.9000244140625,830.7999877929688,817.0,818.0,10406576
2022-11-15,809.7770385742188,835.25,838.75,822.6500244140625,822.6500244140625,6229710
2022-11-16,815.545654296875,841.2000122070312,844.0499877929688,828.0499877929688,837.5,3445345
2022-11-17,820.3447265625,846.1500244140625,849.4000244140625,838.4000244140625,841.7999877929688,4545534
2022-11-18,811.7644653320312,837.2999877929688,851.8499755859375,831.0999755859375,849.9500122070312,7405949
2022-11-21,825.2406616210938,851.2000122070312,852.7999877929688,835.0,837.0,5527122
2022-11-22,821.7504272460938,847.5999755859375,860.5499877929688,845.0999755859375,853.4000244140625,7601660
2022-11-23,817.5330810546875,843.25,851.8499755859375,841.5999755859375,851.8499755859375,4596816
2022-11-24,822.4775390625,848.3499755859375,851.0,837.75,846.0,3455310
2022-11-25,821.023193359375,846.8499755859375,860.0,841.5999755859375,852.0,2991065
2022-11-28,811.8615112304688,837.4000244140625,852.5499877929688,836.0499877929688,840.25,3668846
2022-11-29,810.3587036132812,835.8499755859375,844.7999877929688,835.0,839.0,2680296
2022-11-30,822.8653564453125,848.75,852.0,832.5999755859375,834.7999877929688,6874390
2022-12-01,822.7199096679688,848.5999755859375,853.2000122070312,841.5999755859375,853.0,4506664
2022-12-02,822.7684326171875,848.6500244140625,851.9500122070312,839.0999755859375,851.4000244140625,3505272
2022-12-05,818.3571166992188,844.0999755859375,851.5999755859375,840.8499755859375,851.0,3311316
2022-12-06,807.9349365234375,833.3499755859375,845.0,829.7000122070312,844.9000244140625,5567349
2022-12-07,808.565185546875,834.0,841.5999755859375,832.0,837.5499877929688,3771882
2022-12-08,807.2078247070312,832.5999755859375,840.2000122070312,826.2999877929688,833.0,4822179
2022-12-09,809.437744140625,834.9000244140625,836.5999755859375,823.9500122070312,830.2999877929688,4615843
2022-12-12,803.135986328125,828.4000244140625,836.9500122070312,825.4000244140625,832.5999755859375,3149823
2022-12-13,812.4916381835938,838.0499877929688,840.0,822.0,822.0,3832999
2022-12-14,803.9115600585938,829.2000122070312,842.0,828.1500244140625,840.6500244140625,7491333
2022-12-15,801.1483764648438,826.3499755859375,831.0,824.3499755859375,829.0,2996482
2022-12-16,797.6582641601562,822.75,832.7000122070312,819.9000244140625,825.0,4309644
2022-12-19,814.77001953125,840.4000244140625,845.0499877929688,822.0,822.7000122070312,6397169
2022-12-20,803.669189453125,828.9500122070312,839.75,822.0,839.75,2828863
2022-12-21,789.1751098632812,814.0,833.0499877929688,812.3499755859375,833.0,5079337
2022-12-22,791.69580078125,816.5999755859375,824.7000122070312,809.5,819.0,3626834
2022-12-23,783.9883422851562,808.6500244140625,817.9500122070312,805.0,814.0,2804496
2022-12-26,786.2666015625,811.0,815.2000122070312,801.1500244140625,805.0499877929688,6023206
2022-12-27,789.9507446289062,814.7999877929688,819.4500122070312,805.0,815.0,1782053
2022-12-28,779.2862548828125,803.7999877929688,813.9000244140625,801.4500122070312,813.0,2907741
2022-12-29,795.7192993164062,820.75,824.75,760.0999755859375,807.0499877929688,6110313
2022-12-30,781.5160522460938,806.0999755859375,824.7999877929688,804.9500122070312,824.7000122070312,3113243
2023-01-02,788.6903686523438,813.5,816.2000122070312,805.5999755859375,806.25,1626846
2023-01-03,792.665283203125,817.5999755859375,818.7999877929688,808.5,810.3499755859375,1717603
2023-01-04,787.042236328125,811.7999877929688,820.4500122070312,806.2000122070312,818.9500122070312,2970216
2023-01-05,782.4855346679688,807.0999755859375,825.0,803.75,825.0,5297349
2023-01-06,771.7240600585938,796.0,812.25,792.0,807.5499877929688,3199618
2023-01-09,794.410400390625,819.4000244140625,821.5,801.0499877929688,802.7000122070312,4340729
2023-01-10,768.670166015625,792.8499755859375,826.0999755859375,790.2999877929688,826.0999755859375,8392344
2023-01-11,742.20263671875,765.5499877929688,779.6500244140625,751.6500244140625,775.0,28389020
2023-01-12,733.8165893554688,756.9000244140625,769.2999877929688,753.5499877929688,765.0,12732671
2023-01-13,740.9907836914062,764.2999877929688,765.9500122070312,752.0,757.0,12279288
2023-01-16,735.9979248046875,759.1500244140625,768.0999755859375,754.6500244140625,766.4000244140625,5779293
2023-01-17,742.34814453125,765.7000122070312,768.9000244140625,758.75,759.1500244140625,6594428
2023-01-18,752.8671875,776.5499877929688,780.0,766.0,768.2000122070312,5800899
2023-01-19,748.4559936523438,772.0,776.5,765.6500244140625,776.0,4169463
2023-01-20,741.1362915039062,764.4500122070312,775.8499755859375,758.2999877929688,775.8499755859375,6289718
2023-01-23,749.1347045898438,772.7000122070312,776.0,763.8499755859375,767.9000244140625,2685320
2023-01-24,751.9947509765625,775.6500244140625,777.5499877929688,761.0,773.0,5012125
2023-01-25,752.8187255859375,776.5,780.5,768.0,774.9500122070312,6560514
2023-01-27,750.8796997070312,774.5,778.9000244140625,765.7999877929688,774.9500122070312,6745926
2023-01-30,746.7109375,770.2000122070312,774.9500122070312,763.0,771.5999755859375,5420851
2023-01-31,746.807861328125,770.2999877929688,779.0,768.4000244140625,775.0,8537557
2023-02-01,745.6444091796875,769.0999755859375,784.6500244140625,756.5999755859375,775.9500122070312,4472974
2023-02-02,754.0305786132812,777.75,781.0,765.0499877929688,765.0999755859375,2841909
2023-02-03,768.7186889648438,792.9000244140625,794.9500122070312,778.4000244140625,779.9000244140625,5493687
2023-02-06,765.179931640625,789.25,794.6500244140625,778.7999877929688,789.7000122070312,2407975
2023-02-07,761.93212890625,785.9000244140625,795.8499755859375,783.0,793.9000244140625,4126502
2023-02-08,751.46142578125,775.0999755859375,781.0,765.0,778.0,9951783
2023-02-09,743.2691650390625,766.6500244140625,775.0999755859375,761.2999877929688,770.0,5913945
2023-02-10,748.4075317382812,771.9500122070312,773.2000122070312,761.0,768.9500122070312,2954992
2023-02-13,745.15966796875,768.5999755859375,779.5999755859375,766.7000122070312,771.0,3705892
2023-02-14,751.5584106445312,775.2000122070312,777.5999755859375,766.2000122070312,769.0,3502010
2023-02-15,761.4473876953125,785.4000244140625,787.1500244140625,772.2000122070312,775.0,3602838
2023-02-16,760.5263061523438,784.4500122070312,790.5,780.5999755859375,789.6500244140625,3399428
2023-02-17,753.109619140625,776.7999877929688,787.4500122070312,770.2999877929688,785.9500122070312,3093216
2023-02-20,755.387939453125,779.1500244140625,793.7999877929688,777.0999755859375,781.25,3381774
2023-02-21,755.2909545898438,779.0499877929688,788.0,778.1500244140625,783.0499877929688,2769616
2023-02-22,748.6015014648438,772.1500244140625,781.6500244140625,766.5,777.0,3261898
2023-02-23,739.6820678710938,762.9500122070312,777.5,761.8499755859375,774.0,4062194
2023-02-24,734.0103759765625,757.0999755859375,775.7999877929688,755.0,775.7000122070312,4357223
2023-02-27,729.9385375976562,752.9000244140625,754.4000244140625,738.4500122070312,753.0,6719439
2023-02-28,719.6134033203125,742.25,757.0999755859375,739.6500244140625,755.0,10562614
2023-03-01,727.3208618164062,750.2000122070312,753.4500122070312,741.0,742.4000244140625,3744982
2023-03-02,717.52880859375,740.0999755859375,751.7999877929688,735.7999877929688,751.0,4910541
2023-03-03,741.0877685546875,764.4000244140625,765.9000244140625,743.5499877929688,745.0,5759333
2023-03-06,743.220703125,766.5999755859375,775.9000244140625,765.0999755859375,766.7000122070312,4597345
2023-03-08,743.1721801757812,766.5499877929688,769.9000244140625,760.7000122070312,764.0,3546995
2023-03-09,749.8133544921875,773.4000244140625,795.0,770.2000122070312,795.0,5240056
2023-03-10,750.1526489257812,773.75,778.9500122070312,768.2000122070312,773.0,4113931
2023-03-13,741.9603881835938,765.2999877929688,777.7999877929688,763.1500244140625,777.4500122070312,3447889
2023-03-14,748.2620239257812,771.7999877929688,776.75,764.0,764.0,3753502
2023-03-15,733.57421875,756.6500244140625,765.5499877929688,752.5,758.0,8101060
2023-03-16,723.2005615234375,745.9500122070312,759.0,743.5,750.0,7465693
2023-03-17,734.1558227539062,757.25,759.4500122070312,739.1500244140625,750.0,9306857
2023-03-20,731.780517578125,754.7999877929688,759.7999877929688,748.7999877929688,754.9500122070312,3566109
2023-03-21,733.864990234375,756.9500122070312,766.0,755.1500244140625,760.0,5332221
2023-03-22,733.6226806640625,756.7000122070312,763.2000122070312,753.1500244140625,761.0,2680654
2023-03-23,740.263671875,763.5499877929688,765.7999877929688,756.8499755859375,758.0,2454948
2023-03-24,739.197265625,762.4500122070312,767.0,758.8499755859375,763.5499877929688,2336818
2023-03-27,738.5186767578125,761.75,769.7000122070312,759.3499755859375,763.0,2258853
2023-03-28,725.6242065429688,748.4500122070312,765.5999755859375,742.7999877929688,765.5999755859375,4166723
2023-03-29,720.922119140625,743.5999755859375,754.9000244140625,738.8499755859375,751.0,4891868
2023-03-31,726.157470703125,749.0,753.0,742.0499877929688,752.1500244140625,5796532
2023-04-03,737.3551635742188,760.5499877929688,761.9000244140625,752.0499877929688,755.0,2120667
2023-04-05,740.1668090820312,763.4500122070312,768.0,756.0,768.0,3197932
2023-04-06,742.5905151367188,765.9500122070312,768.7000122070312,759.0999755859375,762.5999755859375,1777379
2023-04-10,746.274658203125,769.75,776.2999877929688,766.4500122070312,768.9500122070312,1701065
2023-04-11,750.5404663085938,774.1500244140625,776.0,768.1500244140625,776.0,3485481
2023-04-12,747.5834350585938,771.0999755859375,774.5499877929688,765.0999755859375,774.0,3794841
2023-04-13,743.656982421875,767.0499877929688,771.1500244140625,765.4500122070312,770.0,4292170
2023-04-17,736.482666015625,759.6500244140625,789.0,754.3499755859375,789.0,9083437
2023-04-18,736.5796508789062,759.75,765.0,752.5499877929688,765.0,4051481
2023-04-19,741.3302001953125,764.6500244140625,766.8499755859375,756.0,761.3499755859375,3429794
2023-04-20,748.7468872070312,772.2999877929688,773.75,762.5999755859375,764.0,2355441
2023-04-21,741.8634643554688,765.2000122070312,775.25,764.4500122070312,769.5999755859375,4524208
2023-04-24,737.0643310546875,760.25,767.4000244140625,755.6500244140625,765.2000122070312,5271105
2023-04-25,749.0377197265625,772.5999755859375,777.0,761.75,764.9500122070312,5773233
2023-04-26,749.86181640625,773.4500122070312,779.9000244140625,767.0999755859375,779.9000244140625,5057352
2023-04-27,762.5137939453125,786.5,789.2000122070312,771.3499755859375,772.0,4129769
2023-04-28,774.92333984375,799.2999877929688,802.0499877929688,787.2000122070312,789.8499755859375,6572656
2023-05-02,766.1010131835938,790.2000122070312,806.7999877929688,788.5499877929688,800.25,6301210
2023-05-03,755.5333251953125,779.2999877929688,794.5,777.2000122070312,794.5,3908267
2023-05-04,765.0344848632812,789.0999755859375,792.7000122070312,773.6500244140625,779.2999877929688,2457671
2023-05-05,763.289306640625,787.2999877929688,790.9500122070312,780.25,789.0999755859375,1438467
2023-05-08,769.5426635742188,793.75,795.2999877929688,785.2000122070312,789.9000244140625,2489174
2023-05-09,769.397216796875,793.5999755859375,798.3499755859375,790.5,796.9000244140625,2486331
2023-05-10,771.7725219726562,796.0499877929688,797.5499877929688,788.0499877929688,797.0,2737334
2023-05-11,764.5497436523438,788.5999755859375,794.5499877929688,783.7000122070312,794.5499877929688,4808171
2023-05-12,767.797607421875,791.9500122070312,793.7000122070312,784.5,787.5,2576010
2023-05-15,772.7420043945312,797.0499877929688,802.5,789.5499877929688,793.0,7569060
2023-05-16,763.337890625,787.3499755859375,801.25,784.0,800.8499755859375,4846217
2023-05-17,768.0884399414062,792.25,797.6500244140625,783.9000244140625,788.0,6529233
2023-05-18,774.9718627929688,799.3499755859375,803.0,794.6500244140625,797.9500122070312,11383252
2023-05-19,781.1766967773438,805.75,808.3499755859375,793.25,799.3499755859375,3432240
2023-05-22,777.3956298828125,801.8499755859375,804.0,799.5,801.0,9996762
2023-05-23,775.5535888671875,799.9500122070312,808.9500122070312,797.9500122070312,808.9500122070312,6516636
2023-05-24,776.95947265625,801.4000244140625,802.9000244140625,795.0,802.9000244140625,9104329
2023-05-25,797.6098022460938,822.7000122070312,825.5,797.8499755859375,799.5999755859375,9570396
2023-05-26,793.004638671875,817.9500122070312,829.3499755859375,813.4000244140625,827.9000244140625,6150206
2023-05-29,796.2039184570312,821.25,829.4000244140625,818.0,829.4000244140625,3684829
2023-05-30,793.489501953125,818.4500122070312,826.3499755859375,812.7999877929688,821.25,5148256
2023-05-31,823.9802856445312,849.9000244140625,888.75,818.0,819.0,47342125
2023-06-01,802.6996459960938,827.9500122070312,837.9500122070312,823.0,837.9500122070312,9713155
2023-06-02,810.9889526367188,836.5,839.2999877929688,826.9500122070312,832.7999877929688,6834131
2023-06-05,809.0499267578125,834.5,841.3499755859375,832.1500244140625,838.5,5298053
2023-06-06,804.1539916992188,829.4500122070312,838.25,826.1500244140625,834.5,2722174
2023-06-07,818.5025634765625,844.25,847.5,827.25,828.9000244140625,4110739
2023-06-08,810.504150390625,836.0,849.4000244140625,834.5499877929688,847.7000122070312,4050621
2023-06-09,808.0804443359375,833.5,839.7999877929688,828.9500122070312,838.5499877929688,3332436
2023-06-12,810.843505859375,836.3499755859375,843.0999755859375,831.75,834.8499755859375,1569715
2023-06-13,808.904541015625,834.3499755859375,844.0,832.75,838.0999755859375,3224345
2023-06-14,802.6996459960938,827.9500122070312,833.9500122070312,819.0,832.0,5108720
2023-06-15,804.3963012695312,829.7000122070312,833.7999877929688,824.2000122070312,827.0,3865201
2023-06-16,812.2493286132812,837.7999877929688,840.0,820.7999877929688,822.5,4907797
2023-06-19,802.8936157226562,828.1500244140625,840.0,827.5,840.0,3017364
2023-06-20,805.8505249023438,831.2000122070312,833.7000122070312,826.8499755859375,828.0999755859375,2691557
2023-06-21,813.4127197265625,839.0,840.75,830.4000244140625,832.0,3022724
2023-06-22,817.0968017578125,842.7999877929688,843.5,834.7000122070312,836.7000122070312,4380046
2023-06-23,828.7307739257812,854.7999877929688,862.75,841.3499755859375,844.0,7667340
2023-06-26,825.9677124023438,851.9500122070312,857.3499755859375,846.3499755859375,857.3499755859375,4431992
2023-06-27,838.5227661132812,864.9000244140625,871.3499755859375,853.5999755859375,856.5,5533649
2023-06-28,845.6001586914062,872.2000122070312,873.5999755859375,863.5999755859375,869.5,6272649
2023-06-30,851.950439453125,878.75,883.0,867.0499877929688,880.0,5217511
2023-07-03,852.3381958007812,879.1500244140625,884.1500244140625,874.5999755859375,880.0,3333167
2023-07-04,838.76513671875,865.1500244140625,873.7999877929688,853.2999877929688,873.7999877929688,7397493
2023-07-05,840.219482421875,866.6500244140625,871.0,863.0499877929688,868.0,4284477
2023-07-06,843.1279296875,869.6500244140625,877.9000244140625,863.4500122070312,864.3499755859375,6365222
2023-07-07,843.903564453125,870.4500122070312,883.5999755859375,862.5,865.0,18763997
2023-07-10,858.3976440429688,885.4000244140625,889.5999755859375,865.0,867.0,4310681
2023-07-11,864.6994018554688,891.9000244140625,893.1500244140625,886.2999877929688,890.0,3353977
2023-07-12,862.8088989257812,889.9500122070312,895.7000122070312,883.0999755859375,889.9500122070312,3033186
2023-07-13,858.0582275390625,885.0499877929688,893.2999877929688,883.25,891.3499755859375,4228714
2023-07-14,859.4639892578125,886.5,890.25,879.6500244140625,885.0,3860080
2023-07-17,851.3201904296875,878.0999755859375,896.6500244140625,876.0,886.0,5614592
2023-07-18,848.7510986328125,875.4500122070312,880.2000122070312,863.1500244140625,877.0499877929688,4731911
2023-07-19,844.1943969726562,870.75,877.0,867.2000122070312,875.4500122070312,6641825
2023-07-20,857.8643798828125,884.8499755859375,886.7000122070312,868.0,871.0,3779959
2023-07-21,858.9793090820312,886.0,891.9000244140625,874.7999877929688,878.0999755859375,7001587
2023-07-24,861.063720703125,888.1500244140625,892.5999755859375,880.7999877929688,885.0,4125577
2023-07-25,856.7009887695312,883.6500244140625,894.7000122070312,879.0999755859375,888.0,3652262
2023-07-26,862.2756958007812,889.4000244140625,896.5,883.2999877929688,886.5,2845581
2023-07-27,867.8502197265625,895.1500244140625,901.4000244140625,888.1500244140625,889.3499755859375,3445446
2023-07-28,867.8017578125,895.0999755859375,899.9000244140625,890.5499877929688,899.9000244140625,2314339
2023-07-31,862.7603759765625,889.9000244140625,897.7999877929688,885.25,894.0,4424817
2023-08-01,864.45703125,891.6500244140625,897.4000244140625,888.1500244140625,894.5,2087412
2023-08-02,851.3201904296875,878.0999755859375,890.6500244140625,872.5999755859375,883.2000122070312,3328903
2023-08-03,845.115478515625,871.7000122070312,882.0499877929688,865.0999755859375,875.0,4642067
2023-08-04,862.51806640625,889.6500244140625,892.9500122070312,866.2000122070312,869.0,7066276
2023-08-07,864.214599609375,891.4000244140625,900.5499877929688,884.0999755859375,885.1500244140625,4086452
2023-08-08,858.3976440429688,885.4000244140625,894.2999877929688,880.4500122070312,892.0,3282856
2023-08-09,856.74951171875,883.7000122070312,897.4500122070312,878.7999877929688,885.0,3185159
2023-08-10,848.120849609375,874.7999877929688,883.9000244140625,868.2000122070312,882.0,3439922
2023-08-11,847.8773803710938,870.5499877929688,873.7000122070312,865.0,872.0,2812690
2023-08-14,844.468505859375,867.0499877929688,870.5999755859375,857.5999755859375,870.5,2665905
2023-08-16,834.631591796875,856.9500122070312,874.0,853.2000122070312,870.0,3962408
2023-08-17,834.3881225585938,856.7000122070312,859.8499755859375,850.0,857.2000122070312,3013019
2023-08-18,833.9498291015625,856.25,862.0,852.25,856.7000122070312,4929835
2023-08-21,849.2409057617188,871.9500122070312,874.0,854.0999755859375,855.6500244140625,3220142
2023-08-22,854.79248046875,877.6500244140625,879.9500122070312,866.2000122070312,871.0,3333869
2023-08-23,845.5399169921875,868.1500244140625,877.0,866.7999877929688,877.0,1860153
2023-08-24,846.8060302734375,869.4500122070312,874.7000122070312,864.2000122070312,873.0,2842728
2023-08-25,850.75048828125,873.5,875.9500122070312,861.0999755859375,869.4500122070312,3124339
2023-08-28,847.6825561523438,870.3499755859375,875.75,865.8499755859375,874.0499877929688,3094455
2023-08-29,832.9271240234375,855.2000122070312,870.0,848.5,870.0,14064286
2023-08-30,835.4107055664062,857.75,862.5999755859375,856.4500122070312,859.8499755859375,3261665
2023-08-31,834.0958862304688,856.4000244140625,859.5,847.0499877929688,855.5,12528190
2023-09-01,843.3971557617188,865.9500122070312,867.5499877929688,852.75,853.1500244140625,4427899
2023-09-04,842.7640991210938,865.2999877929688,869.4500122070312,859.7000122070312,865.75,3102649
2023-09-05,843.3484497070312,865.9000244140625,867.7999877929688,858.4000244140625,863.0999755859375,2216754
2023-09-06,857.3734741210938,880.2999877929688,882.4000244140625,865.7999877929688,867.1500244140625,4235096
2023-09-07,852.503662109375,875.2999877929688,883.7000122070312,873.1500244140625,880.2999877929688,4532834
2023-09-08,862.7788696289062,885.8499755859375,890.6500244140625,878.1500244140625,881.7999877929688,3741470
2023-09-11,867.5999755859375,890.7999877929688,892.2999877929688,883.5999755859375,888.0,2733894
2023-09-12,867.21044921875,890.4000244140625,896.5,885.0,894.9000244140625,4106031
2023-09-13,891.3157958984375,915.1500244140625,918.0,885.5499877929688,888.0499877929688,5222561
2023-09-14,891.1210327148438,914.9500122070312,920.5999755859375,910.0999755859375,920.2999877929688,5513106
2023-09-15,911.7689208984375,936.1500244140625,948.7000122070312,910.0,912.5999755859375,14003428
2023-09-18,896.2343139648438,920.2000122070312,935.7999877929688,918.0,929.4000244140625,2977375
2023-09-20,886.981689453125,910.7000122070312,919.2999877929688,904.7999877929688,911.0,5241903
2023-09-21,894.0428466796875,917.9500122070312,920.1500244140625,903.3499755859375,910.2000122070312,4896202
2023-09-22,887.6635131835938,911.4000244140625,922.3499755859375,903.7999877929688,917.9500122070312,6112928
2023-09-25,886.6895751953125,910.4000244140625,913.3499755859375,902.0499877929688,912.0,5278045
2023-09-26,888.9296264648438,912.7000122070312,920.9500122070312,908.0,910.0,5355047
2023-09-27,896.282958984375,920.25,921.0499877929688,907.4500122070312,914.9500122070312,4713145
2023-09-28,901.5423583984375,925.6500244140625,932.0,918.5999755859375,926.0,7386917
2023-09-29,902.2728271484375,926.4000244140625,936.4000244140625,921.7999877929688,932.0,5608557
2023-10-03,901.201416015625,925.2999877929688,928.25,916.0499877929688,918.25,4338272
2023-10-04,900.1787719726562,924.25,925.9500122070312,918.2999877929688,918.2999877929688,5603669
2023-10-05,904.6589965820312,928.8499755859375,929.5999755859375,919.4000244140625,925.0499877929688,7063132
2023-10-06,901.9319458007812,926.0499877929688,929.2000122070312,924.2999877929688,929.2000122070312,2420855
2023-10-09,900.4710083007812,924.5499877929688,928.0499877929688,916.5499877929688,918.0,2248103
2023-10-10,923.651123046875,948.3499755859375,954.0499877929688,921.0499877929688,924.5499877929688,7897875
2023-10-11,930.7122802734375,955.5999755859375,956.7999877929688,948.0,948.5,5645289
2023-10-12,925.5990600585938,950.3499755859375,956.7999877929688,947.0,955.5999755859375,5544735
2023-10-13,929.3487548828125,954.2000122070312,955.9500122070312,946.2999877929688,946.2999877929688,4421671
2023-10-16,921.8980102539062,946.5499877929688,958.75,943.8499755859375,957.9500122070312,1881721
2023-10-17,928.8131713867188,953.6500244140625,960.25,946.0,946.5499877929688,3863410
2023-10-18,928.033935546875,952.8499755859375,958.9000244140625,950.6500244140625,953.0,2334392
2023-10-19,918.3917846679688,942.9500122070312,951.2999877929688,941.3499755859375,945.7999877929688,4306963
2023-10-20,920.5831909179688,945.2000122070312,947.5,937.0,937.7999877929688,3125104
2023-10-23,914.8368530273438,939.2999877929688,949.0999755859375,937.0,941.5999755859375,2180066
2023-10-25,898.57177734375,922.5999755859375,939.6500244140625,919.0,924.5999755859375,6365249
2023-10-26,881.9171752929688,905.5,924.5999755859375,900.0499877929688,921.6500244140625,6595332
2023-10-27,890.7800903320312,914.5999755859375,918.4000244140625,906.4500122070312,910.75,3508393
2023-10-30,902.1267700195312,926.25,931.9500122070312,910.3499755859375,914.7999877929688,3686768
2023-10-31,890.5853881835938,914.4000244140625,923.5499877929688,912.4000244140625,920.2999877929688,5697563
2023-11-01,889.6600952148438,913.4500122070312,914.5499877929688,895.4500122070312,903.0,4821458
2023-11-02,899.7892456054688,923.8499755859375,925.9500122070312,916.4000244140625,920.0,6611573
2023-11-03,906.509521484375,930.75,933.7000122070312,922.2000122070312,925.0,3895154
2023-11-06,914.739501953125,939.2000122070312,940.7000122070312,930.0,934.2000122070312,2760800
2023-11-07,912.742919921875,937.1500244140625,938.9500122070312,932.4500122070312,936.0499877929688,3616946
2023-11-08,912.353271484375,936.75,941.7999877929688,934.4000244140625,941.7999877929688,1808553
2023-11-09,908.06787109375,932.3499755859375,937.2999877929688,930.5499877929688,936.75,3914416
2023-11-10,911.1358032226562,935.5,937.0,929.0,929.0,1345614
2023-11-13,910.6488037109375,935.0,940.2999877929688,933.7999877929688,938.0,1656368
2023-11-15,925.2581787109375,950.0,952.7000122070312,936.2000122070312,948.0,4816316
2023-11-16,924.8198852539062,949.5499877929688,953.9000244140625,943.25,949.0,5310736
2023-11-17,922.6284790039062,947.2999877929688,954.0,946.0,948.7999877929688,3249469
2023-11-20,936.361328125,961.4000244140625,964.2999877929688,941.9500122070312,949.0,4646962
2023-11-21,945.5651245117188,970.8499755859375,976.3499755859375,961.0,967.0,5704644
2023-11-22,944.4938354492188,969.75,976.2999877929688,965.9500122070312,974.2999877929688,3309732
2023-11-23,951.214111328125,976.6500244140625,981.0,963.7000122070312,970.0,2749555
2023-11-24,947.8052978515625,973.1500244140625,977.1500244140625,971.0,975.0,2322104
2023-11-28,959.2492065429688,984.9000244140625,988.0,971.2000122070312,974.0499877929688,5096984
2023-11-29,969.4757690429688,995.4000244140625,1007.0999755859375,990.9500122070312,995.9000244140625,5647918
2023-11-30,988.2730712890625,1014.7000122070312,1018.2000122070312,992.7000122070312,995.0,9934052
2023-12-01,988.2730712890625,1014.7000122070312,1022.5499877929688,1008.2000122070312,1015.0,5544950
2023-12-04,1005.9991455078125,1032.9000244140625,1044.0,1025.199951171875,1036.0,5164902
2023-12-05,1004.2460327148438,1031.0999755859375,1045.949951171875,1022.0999755859375,1038.800048828125,4266159
2023-12-06,997.7691040039062,1024.449951171875,1035.0,1013.4500122070312,1029.0999755859375,4121251
2023-12-07,973.9559936523438,1000.0,1019.7000122070312,998.0,1015.0,13805235
2023-12-08,974.1994018554688,1000.25,1004.0,991.2999877929688,998.7000122070312,6630766
2023-12-11,974.7838134765625,1000.8499755859375,1004.5999755859375,992.0499877929688,996.0999755859375,6195119
2023-12-12,969.3296508789062,995.25,1000.8499755859375,987.0,999.25,7119331
2023-12-13,973.8585815429688,999.9000244140625,1002.0,991.5,993.2000122070312,4153219
2023-12-14,979.0205078125,1005.2000122070312,1011.2000122070312,999.1500244140625,1006.0,6541673
2023-12-15,966.7000122070312,992.5499877929688,1010.8499755859375,988.25,999.6500244140625,10119597
2023-12-18,964.4598999023438,990.25,998.7999877929688,982.1500244140625,995.0,5750263
2023-12-19,962.706787109375,988.4500122070312,997.9500122070312,985.9000244140625,995.4500122070312,3912964
2023-12-20,946.2468872070312,971.5499877929688,993.6500244140625,969.0,992.9000244140625,3990591
2023-12-21,952.4315795898438,977.9000244140625,981.5499877929688,960.0,968.0,4294277
2023-12-22,963.778076171875,989.5499877929688,998.9500122070312,975.5499877929688,981.9000244140625,4605120
2023-12-26,973.8098754882812,999.8499755859375,1002.5,989.6500244140625,995.0,2460643
2023-12-27,994.6038208007812,1021.2000122070312,1024.050048828125,998.0,1000.0,4791379
2023-12-28,1009.7000122070312,1036.699951171875,1041.949951171875,1022.2000122070312,1023.9000244140625,5288328
2023-12-29,1005.3173217773438,1032.199951171875,1043.25,1024.4000244140625,1033.1500244140625,4631749
2024-01-01,986.6660766601562,1013.0499877929688,1031.949951171875,1007.0,1031.949951171875,3804406
2024-01-02,995.0908813476562,1021.7000122070312,1025.449951171875,1016.0,1017.4000244140625,6865791
2024-01-03,1008.2392578125,1035.199951171875,1037.0,1021.3499755859375,1031.949951171875,3604276
2024-01-04,1020.6085205078125,1047.9000244140625,1058.800048828125,1027.550048828125,1035.25,4664043
2024-01-05,1019.3423461914062,1046.5999755859375,1063.6500244140625,1038.949951171875,1053.800048828125,4008221
2024-01-08,1021.7285766601562,1049.050048828125,1059.0,1045.25,1050.0,4489695
2024-01-09,1036.776123046875,1064.5,1067.9000244140625,1048.050048828125,1057.0,3371125
2024-01-10,1035.02294921875,1062.699951171875,1073.300048828125,1055.300048828125,1066.949951171875,3111573
2024-01-11,1035.1690673828125,1062.8499755859375,1073.9000244140625,1057.3499755859375,1065.75,2604325
2024-01-12,1048.3173828125,1076.3499755859375,1078.550048828125,1051.5999755859375,1058.0999755859375,3394013
2024-01-15,1073.6890869140625,1102.4000244140625,1104.699951171875,1074.550048828125,1078.050048828125,3312897
2024-01-16,1067.3583984375,1095.9000244140625,1117.0,1093.0,1107.0,5025540
2024-01-17,1056.9857177734375,1085.25,1108.949951171875,1078.800048828125,1092.0,4568700
2024-01-18,1058.739013671875,1087.050048828125,1096.0,1075.199951171875,1075.199951171875,4407330
2024-01-19,1095.700439453125,1125.0,1136.3499755859375,1089.800048828125,1091.0,11753391
2024-01-23,1127.841064453125,1158.0,1172.550048828125,1135.0,1145.0,18194595
2024-01-24,1158.9588623046875,1189.949951171875,1194.0,1140.0999755859375,1140.0999755859375,9546592
2024-01-25,1130.3245849609375,1160.550048828125,1200.6500244140625,1157.050048828125,1186.0,11424697
2024-01-29,1131.8829345703125,1162.1500244140625,1169.75,1158.0,1158.0,4015858
2024-01-30,1128.47412109375,1158.6500244140625,1180.8499755859375,1154.550048828125,1162.1500244140625,3902023
2024-01-31,1140.210205078125,1170.699951171875,1175.050048828125,1146.199951171875,1159.0,5981966
2024-02-01,1121.218017578125,1151.199951171875,1170.199951171875,1148.949951171875,1165.050048828125,3606209
2024-02-02,1120.8284912109375,1150.800048828125,1175.199951171875,1145.300048828125,1155.0,4969983
2024-02-05,1084.5487060546875,1113.550048828125,1159.6500244140625,1110.0,1154.3499755859375,7809331
2024-02-06,1104.5147705078125,1134.050048828125,1156.0999755859375,1123.0,1125.0,9863065
2024-02-07,1104.7581787109375,1134.300048828125,1148.25,1131.800048828125,1138.800048828125,2770694
2024-02-08,1112.40380859375,1142.1500244140625,1146.5,1116.199951171875,1144.4000244140625,6519392
2024-02-09,1091.0740966796875,1120.25,1145.949951171875,1116.25,1145.949951171875,4203171
2024-02-12,1089.5645751953125,1118.699951171875,1129.0,1111.300048828125,1122.9000244140625,3887976
2024-02-13,1088.736572265625,1117.8499755859375,1125.0,1103.800048828125,1111.0,3211554
2024-02-14,1086.7886962890625,1115.8499755859375,1121.1500244140625,1104.699951171875,1110.0,4653070
2024-02-15,1091.512451171875,1120.699951171875,1131.449951171875,1109.4000244140625,1122.300048828125,5056712
2024-02-16,1090.8306884765625,1120.0,1127.050048828125,1116.8499755859375,1124.0,3091952
2024-02-19,1112.4525146484375,1142.199951171875,1145.0,1118.3499755859375,1121.050048828125,4711035
2024-02-20,1114.15673828125,1143.949951171875,1151.5999755859375,1135.0,1145.0,5397418
2024-02-21,1110.21240234375,1139.9000244140625,1159.1500244140625,1132.5999755859375,1155.0,4570259
2024-02-22,1105.975830078125,1135.550048828125,1138.75,1097.6500244140625,1137.5999755859375,8642368
2024-02-23,1096.4310302734375,1125.75,1131.8499755859375,1115.300048828125,1127.0,6709844
2024-02-26,1081.1397705078125,1110.050048828125,1125.9000244140625,1104.3499755859375,1118.0999755859375,3186134
2024-02-27,1098.1353759765625,1127.5,1131.0,1101.300048828125,1113.0,7149094
2024-02-28,1099.352783203125,1128.75,1152.6500244140625,1123.5,1133.4000244140625,5302711
2024-02-29,1094.093505859375,1123.3499755859375,1137.949951171875,1099.0,1118.8499755859375,13818650
2024-03-01,1099.3040771484375,1128.699951171875,1140.75,1117.4000244140625,1128.0,5927490
2024-03-04,1103.9791259765625,1133.5,1149.25,1132.0,1132.0,5855090
2024-03-05,1138.4571533203125,1168.9000244140625,1179.75,1133.050048828125,1133.050048828125,5375008
2024-03-06,1162.6112060546875,1193.699951171875,1196.5999755859375,1157.3499755859375,1173.949951171875,5464839
2024-03-07,1168.454833984375,1199.699951171875,1213.5999755859375,1189.449951171875,1209.8499755859375,8903981
2024-03-11,1165.4356689453125,1196.5999755859375,1218.300048828125,1186.0,1186.0,6679208
2024-03-12,1172.886474609375,1204.25,1208.0,1197.800048828125,1200.0,4249548
2024-03-13,1138.3109130859375,1168.75,1212.0,1151.699951171875,1212.0,7528096
2024-03-14,1163.48779296875,1194.5999755859375,1199.699951171875,1163.550048828125,1173.949951171875,8569080
2024-03-15,1188.226318359375,1220.0,1222.800048828125,1187.8499755859375,1190.0,10115416
2024-03-18,1193.3883056640625,1225.300048828125,1230.550048828125,1215.199951171875,1225.0,4141080
2024-03-19,1196.3587646484375,1228.3499755859375,1240.4000244140625,1214.5999755859375,1216.199951171875,7703719
2024-03-20,1199.718994140625,1231.800048828125,1239.0,1223.6500244140625,1228.25,6596032
2024-03-21,1189.0054931640625,1220.800048828125,1242.9000244140625,1214.0999755859375,1238.0,9952250
2024-03-22,1203.906982421875,1236.0999755859375,1245.0,1222.0,1226.949951171875,7840007
2024-03-26,1181.5059814453125,1213.0999755859375,1234.0,1210.0,1225.0,10898138
2024-03-27,1192.9013671875,1224.800048828125,1228.25,1210.550048828125,1210.550048828125,5779169
2024-03-28,1196.6021728515625,1228.5999755859375,1238.5,1220.300048828125,1226.949951171875,10518377
2024-04-01,1185.645263671875,1217.3499755859375,1231.9000244140625,1208.0,1228.0,5461473
2024-04-02,1176.7823486328125,1208.25,1227.75,1203.199951171875,1225.0,3625577
2024-04-03,1193.77783203125,1225.699951171875,1240.5999755859375,1189.449951171875,1195.0,9532291
2024-04-04,1175.418701171875,1206.8499755859375,1233.0,1201.300048828125,1231.949951171875,7327626
2024-04-05,1159.9815673828125,1191.0,1211.3499755859375,1188.949951171875,1205.9000244140625,4227519
2024-04-08,1173.3245849609375,1204.699951171875,1210.550048828125,1183.0999755859375,1188.0,4827733
2024-04-09,1173.0811767578125,1204.449951171875,1214.949951171875,1198.300048828125,1214.949951171875,3372798
2024-04-10,1197.3814697265625,1229.4000244140625,1230.699951171875,1208.75,1213.25,6442196
2024-04-12,1193.6318359375,1225.550048828125,1231.8499755859375,1219.550048828125,1226.0999755859375,7877073
2024-04-15,1192.6578369140625,1224.550048828125,1235.0,1210.3499755859375,1210.5999755859375,4281602
2024-04-16,1184.7686767578125,1216.449951171875,1233.949951171875,1212.050048828125,1223.9000244140625,5235632
2024-04-18,1232.7847900390625,1265.75,1281.8499755859375,1215.800048828125,1220.0,19939924
2024-04-19,1255.42919921875,1289.0,1296.5,1253.3499755859375,1280.0,13103862
2024-04-22,1263.756591796875,1297.550048828125,1305.4000244140625,1288.25,1304.0,7894656
2024-04-23,1307.3897705078125,1342.3499755859375,1351.0,1302.0999755859375,1310.0,12074766
2024-04-24,1301.5947265625,1336.4000244140625,1354.0,1333.550048828125,1352.0,6277492
2024-04-25,1303.8348388671875,1338.699951171875,1343.800048828125,1324.3499755859375,1331.0,8512627
2024-04-26,1291.465576171875,1326.0,1345.699951171875,1322.0,1338.0,5289771
2024-04-29,1297.74755859375,1332.449951171875,1346.0,1320.0,1324.5,3195888
2024-04-30,1287.862060546875,1322.300048828125,1334.800048828125,1319.949951171875,1323.1500244140625,5272565
2024-05-02,1270.0872802734375,1304.050048828125,1319.9000244140625,1293.5999755859375,1315.25,7995432
2024-05-03,1244.13134765625,1277.4000244140625,1310.5,1258.1500244140625,1306.0,11290875
2024-05-06,1249.97509765625,1283.4000244140625,1298.449951171875,1273.199951171875,1275.0,5555467
2024-05-07,1252.653564453125,1286.1500244140625,1294.449951171875,1271.0,1286.3499755859375,5767030
2024-05-08,1255.0396728515625,1288.5999755859375,1299.4000244140625,1274.699951171875,1276.1500244140625,2682816
2024-05-09,1242.2320556640625,1275.449951171875,1295.300048828125,1270.050048828125,1283.0,4809145
2024-05-10,1267.2628173828125,1301.1500244140625,1308.5,1271.75,1275.050048828125,5532513
2024-05-13,1252.458740234375,1285.949951171875,1302.9000244140625,1281.4000244140625,1301.1500244140625,3703942
2024-05-14,1250.8516845703125,1284.300048828125,1299.9000244140625,1280.699951171875,1290.550048828125,3262908
2024-05-15,1275.784912109375,1309.9000244140625,1318.25,1280.5,1281.550048828125,6891004
2024-05-16,1310.068115234375,1345.0999755859375,1356.8499755859375,1321.300048828125,1328.0,11932181
2024-05-17,1309.43505859375,1344.449951171875,1360.0,1339.25,1353.5999755859375,6614017
2024-05-21,1309.2891845703125,1344.300048828125,1362.75,1335.75,1356.0,5422220
2024-05-22,1312.7952880859375,1347.9000244140625,1351.0,1329.550048828125,1342.1500244140625,3026723
2024-05-23,1338.26416015625,1374.050048828125,1377.300048828125,1344.300048828125,1350.75,7147341
2024-05-24,1352.337890625,1388.5,1397.75,1374.050048828125,1375.5,5622368
2024-05-27,1348.2958984375,1384.3499755859375,1407.0,1378.0,1396.0,6553974
2024-05-28,1335.34228515625,1371.050048828125,1386.949951171875,1366.9000244140625,1384.800048828125,2068963
2024-05-29,1341.2347412109375,1377.0999755859375,1390.25,1355.5,1355.5,4445083
2024-05-30,1341.283447265625,1377.1500244140625,1386.449951171875,1363.5,1378.800048828125,7100303
2024-05-31,1336.998046875,1372.75,1388.0,1338.0,1380.0,24825643
2024-06-03,1354.8701171875,1391.0999755859375,1420.449951171875,1385.0,1415.300048828125,6017122
2024-06-04,1265.8504638671875,1299.699951171875,1397.0,1219.050048828125,1391.0999755859375,19924421
2024-06-05,1309.337646484375,1344.3499755859375,1348.75,1279.8499755859375,1325.6500244140625,12175520
2024-06-06,1334.9041748046875,1370.5999755859375,1376.25,1329.0,1359.0,10279789
2024-06-07,1388.130615234375,1425.25,1430.6500244140625,1363.1500244140625,1370.5999755859375,12280748
2024-06-10,1388.909912109375,1426.050048828125,1436.6500244140625,1421.050048828125,1421.050048828125,5318477
2024-06-11,1390.07861328125,1427.25,1434.5999755859375,1413.0,1426.0,4416792
2024-06-12,1400.938232421875,1438.4000244140625,1447.8499755859375,1422.0999755859375,1425.0,4876138
2024-06-13,1388.6177978515625,1425.75,1455.949951171875,1420.449951171875,1449.0,7990376
2024-06-14,1390.2247314453125,1427.4000244140625,1434.0,1420.949951171875,1434.0,3978442
2024-06-18,1391.1500244140625,1428.3499755859375,1444.0,1418.0,1444.0,8671131
2024-06-19,1356.087646484375,1392.3499755859375,1434.800048828125,1388.300048828125,1433.949951171875,8640918
2024-06-20,1345.1793212890625,1381.1500244140625,1406.949951171875,1376.25,1405.949951171875,8742855
2024-06-21,1379.17041015625,1416.050048828125,1423.949951171875,1372.8499755859375,1384.949951171875,43929578
2024-06-24,1382.82275390625,1419.800048828125,1423.800048828125,1389.3499755859375,1402.0,6195831
2024-06-25,1378.098876953125,1414.949951171875,1434.0,1409.8499755859375,1434.0,6353748
2024-06-26,1421.48876953125,1459.5,1479.949951171875,1408.949951171875,1414.949951171875,9579826
2024-06-27,1437.3642578125,1475.800048828125,1489.0,1440.050048828125,1464.0,19675528
2024-06-28,1406.441162109375,1444.050048828125,1536.25,1436.6500244140625,1536.25,29145832
2024-07-01,1416.1319580078125,1454.0,1466.800048828125,1449.25,1450.0,6011806
2024-07-02,1381.994873046875,1418.949951171875,1473.4000244140625,1417.0,1462.0,7792632
2024-07-03,1382.871337890625,1419.8499755859375,1432.4000244140625,1408.449951171875,1427.949951171875,8261388
2024-07-04,1385.988037109375,1423.050048828125,1441.0999755859375,1411.5,1418.0,9570938
2024-07-05,1392.4647216796875,1429.699951171875,1433.5999755859375,1416.8499755859375,1422.5,4881198
2024-07-08,1397.77294921875,1435.1500244140625,1438.8499755859375,1423.1500244140625,1431.0,3261797
2024-07-09,1398.16259765625,1435.550048828125,1441.6500244140625,1428.1500244140625,1436.0,2897480
2024-07-10,1407.4151611328125,1445.050048828125,1448.75,1426.1500244140625,1441.0,3416762
2024-07-11,1400.5,1437.949951171875,1450.8499755859375,1428.0,1450.0,4178558
2024-07-12,1395.92236328125,1433.25,1447.5999755859375,1421.449951171875,1442.0,6342135
2024-07-15,1400.1590576171875,1437.5999755859375,1440.0,1426.050048828125,1433.25,3324806
2024-07-16,1428.306396484375,1466.5,1473.300048828125,1445.0,1452.0,6967651
2024-07-18,1445.009765625,1483.6500244140625,1485.949951171875,1459.050048828125,1466.0,6470342
2024-07-19,1423.6800537109375,1461.75,1480.0,1451.949951171875,1480.0,3858596
2024-07-22,1427.2352294921875,1465.4000244140625,1472.0,1449.050048828125,1450.0,3560584
2024-07-23,1427.527099609375,1465.699951171875,1470.0,1428.449951171875,1470.0,2936143
2024-07-24,1417.30078125,1455.199951171875,1475.5999755859375,1436.550048828125,1466.0,4529339
2024-07-25,1411.408203125,1449.1500244140625,1454.0,1440.0999755859375,1445.0,4277756
2024-07-26,1474.9588623046875,1514.4000244140625,1520.0,1449.1500244140625,1450.25,9564987
2024-07-29,1442.7696533203125,1481.3499755859375,1525.0,1477.050048828125,1525.0,4589313
2024-07-30,1432.0560302734375,1470.3499755859375,1484.9000244140625,1464.050048828125,1484.4000244140625,4263689
2024-07-31,1452.7042236328125,1491.550048828125,1504.1500244140625,1473.1500244140625,1477.8499755859375,5634305
2024-08-01,1466.2906494140625,1505.5,1511.0,1485.0,1485.0,4531379
2024-08-02,1454.8955078125,1493.800048828125,1505.1500244140625,1483.5999755859375,1494.0999755859375,3335905
2024-08-05,1427.527099609375,1465.699951171875,1488.0,1451.5,1482.0,5111901
2024-08-06,1405.9542236328125,1443.550048828125,1492.9000244140625,1431.0999755859375,1483.0999755859375,8249573
2024-08-07,1412.0263671875,1441.75,1454.9000244140625,1422.5999755859375,1452.0,5700734
2024-08-08,1421.8692626953125,1451.800048828125,1466.5,1430.0,1435.0,5986360
2024-08-09,1433.91552734375,1464.0999755859375,1482.0,1457.300048828125,1465.0,3615910
2024-08-12,1428.5289306640625,1458.5999755859375,1477.5,1445.0,1466.0,4028226
2024-08-13,1429.606201171875,1459.699951171875,1478.4000244140625,1450.3499755859375,1468.0,4495208
2024-08-14,1441.3587646484375,1471.699951171875,1480.0999755859375,1453.0999755859375,1453.0999755859375,5891784
2024-08-16,1452.964599609375,1483.550048828125,1491.0,1468.0999755859375,1480.0,7176426
2024-08-19,1439.3511962890625,1469.6500244140625,1489.0999755859375,1464.300048828125,1487.0,4404075
2024-08-20,1419.2738037109375,1449.1500244140625,1484.75,1446.5,1480.0,10046892
2024-08-21,1433.2789306640625,1463.449951171875,1466.5999755859375,1447.699951171875,1453.0,6175510
2024-08-22,1455.706787109375,1486.3499755859375,1499.9000244140625,1465.0,1473.699951171875,6781325
2024-08-23,1475.686279296875,1506.75,1510.0,1479.3499755859375,1493.0,6238112
2024-08-26,1482.34619140625,1513.550048828125,1520.699951171875,1505.0,1509.0,4307432
2024-08-27,1491.3564453125,1522.75,1526.3499755859375,1502.0,1518.0,3965066
2024-08-28,1524.263671875,1556.3499755859375,1564.5,1521.6500244140625,1527.949951171875,6225319
2024-08-29,1533.616943359375,1565.9000244140625,1571.699951171875,1545.949951171875,1565.0,8036748
2024-08-30,1556.28955078125,1589.050048828125,1608.4000244140625,1561.5999755859375,1576.0,37820442
2024-09-02,1538.954345703125,1571.3499755859375,1605.0,1565.5,1605.0,4890314
2024-09-03,1528.4261474609375,1560.5999755859375,1579.0,1558.5999755859375,1579.0,4546295
2024-09-04,1529.6993408203125,1561.9000244140625,1566.0,1542.0,1558.0,5213811
2024-09-05,1515.3023681640625,1547.199951171875,1563.0,1541.5,1559.0,5652812
2024-09-06,1507.516357421875,1539.25,1555.5999755859375,1530.199951171875,1552.800048828125,5497805
2024-09-09,1510.84619140625,1542.6500244140625,1546.75,1523.25,1523.25,3912508
2024-09-10,1545.3204345703125,1577.8499755859375,1586.0,1545.1500244140625,1545.1500244140625,6163457
2024-09-11,1545.271484375,1577.800048828125,1598.9000244140625,1574.449951171875,1578.449951171875,5994914
2024-09-12,1612.7999267578125,1646.75,1652.800048828125,1590.0999755859375,1596.1500244140625,12204496
2024-09-13,1600.7535400390625,1634.449951171875,1654.9000244140625,1631.050048828125,1651.0,5609618
2024-09-16,1601.73291015625,1635.449951171875,1652.949951171875,1630.0999755859375,1634.449951171875,3762063
2024-09-17,1627.49072265625,1661.75,1666.050048828125,1638.5,1650.0,4223072
2024-09-18,1620.781982421875,1654.9000244140625,1670.949951171875,1647.8499755859375,1655.199951171875,3171195
2024-09-19,1630.5267333984375,1664.8499755859375,1711.699951171875,1647.699951171875,1647.699951171875,8498240
2024-09-20,1676.4599609375,1711.75,1723.4000244140625,1666.0,1671.0,21646275
2024-09-23,1714.362060546875,1750.449951171875,1754.25,1719.0,1719.0,5001827
2024-09-24,1720.4342041015625,1756.6500244140625,1767.550048828125,1746.0999755859375,1752.0,7579205
2024-09-25,1724.1070556640625,1760.4000244140625,1766.9000244140625,1745.0,1755.550048828125,4017103
2024-09-26,1734.5863037109375,1771.0999755859375,1779.0,1746.1500244140625,1770.0,7417423
2024-09-27,1698.8388671875,1734.5999755859375,1763.449951171875,1722.5,1755.199951171875,7116861
2024-09-30,1674.3052978515625,1709.550048828125,1733.0,1704.199951171875,1714.0,6907288
2024-10-01,1663.678955078125,1698.699951171875,1722.8499755859375,1696.0,1705.0,3649090
2024-10-03,1638.949462890625,1673.449951171875,1695.0,1665.0,1665.0,7200276
2024-10-04,1607.0706787109375,1640.9000244140625,1686.699951171875,1630.1500244140625,1670.050048828125,8576527
2024-10-07,1627.7845458984375,1662.050048828125,1670.0,1642.449951171875,1651.0,5387707
2024-10-08,1623.2794189453125,1657.449951171875,1679.5,1652.0,1662.5999755859375,5224335
2024-10-09,1643.503662109375,1678.0999755859375,1704.5999755859375,1661.050048828125,1666.75,3414614
2024-10-10,1643.503662109375,1678.0999755859375,1698.949951171875,1665.0,1686.5999755859375,5047657
2024-10-11,1652.612060546875,1687.4000244140625,1690.25,1658.6500244140625,1678.0999755859375,2367678
2024-10-14,1660.6429443359375,1695.5999755859375,1710.050048828125,1679.3499755859375,1686.0,2069815
2024-10-15,1681.8465576171875,1717.25,1732.75,1699.949951171875,1708.0,5891334
2024-10-16,1698.2021484375,1733.949951171875,1742.25,1717.0999755859375,1720.0,3299887
2024-10-17,1666.0784912109375,1701.1500244140625,1737.949951171875,1694.4000244140625,1736.75,4373392
2024-10-18,1672.640380859375,1707.8499755859375,1716.0999755859375,1685.199951171875,1710.0,4154915
2024-10-21,1657.6558837890625,1692.550048828125,1708.949951171875,1662.0,1705.550048828125,3836168
2024-10-22,1657.3619384765625,1692.25,1712.9000244140625,1687.3499755859375,1692.0,3070057
2024-10-23,1651.044921875,1685.800048828125,1701.3499755859375,1680.0999755859375,1690.0,2764757
2024-10-24,1643.846435546875,1678.449951171875,1693.0,1657.4000244140625,1687.0,3669575
2024-10-25,1631.653076171875,1666.0,1684.75,1655.8499755859375,1681.0999755859375,3434386
2024-10-28,1629.0577392578125,1663.3499755859375,1677.8499755859375,1645.6500244140625,1658.1500244140625,2811651
2024-10-29,1603.348876953125,1637.0999755859375,1667.949951171875,1610.0,1650.5,6990747
2024-10-30,1599.67626953125,1633.3499755859375,1651.0,1617.800048828125,1627.800048828125,4622628
2024-10-31,1579.35400390625,1612.5999755859375,1638.800048828125,1602.1500244140625,1634.0,4921681
2024-11-01,1583.1246337890625,1616.449951171875,1626.3499755859375,1605.3499755859375,1620.0,279441
2024-11-04,1558.4442138671875,1591.25,1623.8499755859375,1573.050048828125,1619.1500244140625,6094029
2024-11-05,1545.8592529296875,1578.4000244140625,1593.9000244140625,1566.0,1583.25,6473278
2024-11-06,1565.838623046875,1598.800048828125,1610.75,1566.5,1583.0,6631728
2024-11-07,1543.312744140625,1575.800048828125,1608.550048828125,1569.6500244140625,1595.949951171875,5160994
2024-11-08,1537.534423828125,1569.9000244140625,1579.5,1558.8499755859375,1571.0,3096384
2024-11-11,1528.377197265625,1560.550048828125,1581.5999755859375,1551.800048828125,1561.0,3664301
2024-11-12,1523.5782470703125,1555.6500244140625,1595.0,1550.0999755859375,1568.800048828125,4479934
2024-11-13,1518.4853515625,1550.449951171875,1572.5,1546.3499755859375,1559.9000244140625,5816699
2024-11-14,1518.5343017578125,1550.5,1568.0,1536.550048828125,1550.0,5139154
2024-11-18,1505.3126220703125,1537.0,1568.949951171875,1529.449951171875,1568.949951171875,4816078
2024-11-19,1494.0496826171875,1525.5,1558.0,1519.300048828125,1537.0,6238241
2024-11-21,1493.7069091796875,1525.1500244140625,1542.050048828125,1511.0,1538.0,7356679
2024-11-22,1536.94677734375,1569.300048828125,1575.0,1520.199951171875,1533.0,7640321
2024-11-25,1546.201904296875,1578.75,1609.25,1562.550048828125,1581.949951171875,12155641
2024-11-26,1544.73291015625,1577.25,1604.8499755859375,1566.0,1590.0,4030593
2024-11-27,1545.1246337890625,1577.6500244140625,1583.75,1554.1500244140625,1569.1500244140625,4982785
2024-11-28,1528.230224609375,1560.4000244140625,1588.5,1556.949951171875,1571.0,6714728
2024-11-29,1593.6041259765625,1627.1500244140625,1648.9000244140625,1551.1500244140625,1551.1500244140625,10775801
2024-12-02,1609.71484375,1643.5999755859375,1646.199951171875,1617.199951171875,1627.1500244140625,3790108
2024-12-03,1587.1402587890625,1620.550048828125,1652.9000244140625,1613.1500244140625,1652.9000244140625,9131055
2024-12-04,1551.4415283203125,1584.0999755859375,1630.5,1582.4000244140625,1629.75,8772014
2024-12-05,1582.04736328125,1615.3499755859375,1622.050048828125,1585.3499755859375,1600.0,10324005
2024-12-06,1564.908203125,1597.8499755859375,1624.6500244140625,1594.800048828125,1618.0,4296866
2024-12-09,1569.51123046875,1602.550048828125,1605.9000244140625,1589.050048828125,1595.9000244140625,4264409
2024-12-10,1546.10400390625,1578.6500244140625,1611.8499755859375,1570.050048828125,1610.550048828125,14645786
2024-12-11,1553.3023681640625,1586.0,1588.0,1571.199951171875,1588.0,3853182
2024-12-12,1577.3463134765625,1610.550048828125,1617.9000244140625,1578.5,1578.5,13120939
2024-12-13,1647.078369140625,1681.75,1685.0,1606.800048828125,1618.0,12900707
2024-12-16,1628.2742919921875,1662.550048828125,1687.0,1660.1500244140625,1681.75,4375126
2024-12-17,1581.9984130859375,1615.300048828125,1658.6500244140625,1608.5,1650.5,6182486
2024-12-18,1568.874755859375,1601.9000244140625,1623.0,1596.0999755859375,1621.4000244140625,3905144
2024-12-19,1567.3076171875,1600.300048828125,1609.75,1585.449951171875,1586.4000244140625,5865855
2024-12-20,1545.5653076171875,1578.0999755859375,1622.300048828125,1573.4000244140625,1610.0,9738879
2024-12-23,1554.183837890625,1586.9000244140625,1607.449951171875,1578.3499755859375,1586.0,4363599
2024-12-24,1551.2457275390625,1583.9000244140625,1598.800048828125,1575.0,1590.0,3610076
2024-12-26,1566.524169921875,1599.5,1606.8499755859375,1581.0999755859375,1583.9000244140625,3400479
2024-12-27,1566.866943359375,1599.8499755859375,1628.449951171875,1596.300048828125,1599.5,2559578
2024-12-30,1554.183837890625,1586.9000244140625,1613.050048828125,1581.0999755859375,1605.0,4438130
2024-12-31,1555.016357421875,1587.75,1597.199951171875,1563.3499755859375,1583.0,2249626
2025-01-01,1562.802490234375,1595.699951171875,1606.550048828125,1584.050048828125,1593.0,1405565
2025-01-02,1576.5137939453125,1609.699951171875,1619.5999755859375,1588.4000244140625,1599.9000244140625,3728040
2025-01-03,1565.8875732421875,1598.8499755859375,1617.0,1593.300048828125,1615.0,3669685
2025-01-06,1555.701904296875,1588.449951171875,1609.8499755859375,1567.0999755859375,1596.1500244140625,4584188
2025-01-07,1558.0523681640625,1590.8499755859375,1603.0,1584.050048828125,1594.0,2830856
2025-01-08,1566.230224609375,1599.199951171875,1613.449951171875,1577.8499755859375,1598.75,3674564
2025-01-09,1573.9185791015625,1607.050048828125,1620.199951171875,1592.4000244140625,1600.0,4684859
2025-01-10,1582.5860595703125,1615.9000244140625,1625.0,1591.800048828125,1608.0,4145892
2025-01-13,1564.271484375,1597.199951171875,1614.699951171875,1578.0999755859375,1580.0,3705039
2025-01-14,1567.1116943359375,1600.0999755859375,1633.4000244140625,1578.5,1604.699951171875,7284572
2025-01-15,1574.3101806640625,1607.449951171875,1613.8499755859375,1593.0,1608.050048828125,2960985
2025-01-16,1596.5911865234375,1630.199951171875,1635.0,1600.550048828125,1619.050048828125,5299325
2025-01-17,1593.9468994140625,1627.5,1639.0,1623.0,1630.0999755859375,2678801
2025-01-20,1607.3155517578125,1641.1500244140625,1645.0,1618.0999755859375,1638.0,3933044
2025-01-21,1592.624755859375,1626.1500244140625,1656.699951171875,1620.300048828125,1654.0,7958844
2025-01-22,1598.1092529296875,1631.75,1641.0,1622.550048828125,1627.5,3262136
2025-01-23,1602.271728515625,1636.0,1645.4000244140625,1617.199951171875,1624.5,2457080
2025-01-24,1610.8902587890625,1644.800048828125,1661.9000244140625,1634.050048828125,1634.050048828125,3620058
2025-01-27,1569.5601806640625,1602.5999755859375,1647.199951171875,1593.699951171875,1638.949951171875,6622807
2025-01-28,1584.9854736328125,1618.3499755859375,1630.300048828125,1597.0,1607.6500244140625,5216471
2025-01-29,1567.4544677734375,1600.449951171875,1626.9000244140625,1593.1500244140625,1620.0,5009227
2025-01-30,1606.9237060546875,1640.75,1644.949951171875,1595.199951171875,1606.699951171875,4283637
2025-01-31,1592.7716064453125,1626.300048828125,1639.0999755859375,1574.25,1639.0999755859375,8340866
2025-02-01,1589.7845458984375,1623.25,1644.0,1609.199951171875,1627.0,2741589
2025-02-03,1618.2845458984375,1652.3499755859375,1661.0,1608.0999755859375,1619.9000244140625,4146970
2025-02-04,1627.1968994140625,1661.449951171875,1668.300048828125,1629.050048828125,1662.1500244140625,6385876
2025-02-05,1626.217529296875,1660.449951171875,1675.199951171875,1649.0999755859375,1670.0,3920893
2025-02-06,1586.3565673828125,1619.75,1667.300048828125,1613.25,1665.9000244140625,5229162
2025-02-07,1642.1815185546875,1676.75,1707.550048828125,1635.0,1635.050048828125,14873255
2025-02-10,1658.1455078125,1693.050048828125,1700.0,1678.050048828125,1698.8499755859375,6782878
2025-02-11,1661.7691650390625,1696.75,1706.6500244140625,1686.199951171875,1706.0,8965266
2025-02-12,1676.26416015625,1711.550048828125,1713.699951171875,1684.5,1704.0,7148192
2025-02-13,1679.2510986328125,1714.5999755859375,1728.4000244140625,1703.9000244140625,1710.0,5356002
2025-02-14,1681.6507568359375,1717.050048828125,1724.0999755859375,1705.25,1714.0,5125863
2025-02-17,1641.0062255859375,1675.550048828125,1716.9000244140625,1666.25,1711.75,4906462
2025-02-18,1634.493408203125,1668.9000244140625,1695.949951171875,1655.800048828125,1692.0,7529598
2025-02-19,1611.281982421875,1645.199951171875,1673.449951171875,1638.449951171875,1670.0,7776555
2025-02-20,1609.616943359375,1643.5,1649.800048828125,1627.25,1639.8499755859375,5524503
2025-02-21,1605.45458984375,1639.25,1658.699951171875,1629.199951171875,1643.5,5447583
2025-02-24,1568.2869873046875,1601.300048828125,1637.550048828125,1598.0,1627.0,4673190
2025-02-25,1607.560302734375,1641.4000244140625,1649.1500244140625,1597.0,1597.0,6286808
2025-02-27,1616.3748779296875,1650.4000244140625,1656.0,1638.6500244140625,1643.4000244140625,7568745
2025-02-28,1537.8282470703125,1570.199951171875,1648.449951171875,1559.5,1641.949951171875,13640211
2025-03-03,1562.9005126953125,1595.800048828125,1602.75,1572.75,1579.0,6993525
2025-03-04,1542.8720703125,1575.3499755859375,1590.5,1568.0,1589.0,5219668
2025-03-05,1584.8875732421875,1618.25,1626.0999755859375,1577.0999755859375,1578.0,6295425
2025-03-06,1593.3592529296875,1626.9000244140625,1631.75,1590.449951171875,1618.0,5174009
2025-03-07,1597.0809326171875,1630.699951171875,1642.4000244140625,1615.5999755859375,1629.0,3035558
2025-03-10,1597.32568359375,1630.949951171875,1654.9000244140625,1626.5999755859375,1640.0,3778450
2025-03-11,1628.6658935546875,1662.949951171875,1676.4000244140625,1624.050048828125,1630.0,6078564
2025-03-12,1608.9803466796875,1642.8499755859375,1716.6500244140625,1634.0,1690.0,9907628
2025-03-13,1598.84375,1632.5,1656.9000244140625,1629.5999755859375,1650.800048828125,8317331
2025-03-17,1605.356689453125,1639.1500244140625,1648.4000244140625,1612.199951171875,1612.199951171875,6405522
2025-03-18,1605.356689453125,1639.1500244140625,1639.1500244140625,1639.1500244140625,1639.1500244140625,0
2025-03-19,1603.3978271484375,1637.1500244140625,1642.050048828125,1627.5,1635.0,6283464
2025-03-20,1670.0938720703125,1705.25,1709.6500244140625,1646.0999755859375,1660.0,12074465
2025-03-21,1690.2203369140625,1725.800048828125,1731.4000244140625,1692.0,1709.6500244140625,14715349
2025-03-24,1683.3646240234375,1718.800048828125,1740.0,1714.8499755859375,1740.0,4120999
2025-03-25,1694.8233642578125,1730.5,1740.5,1706.0999755859375,1725.0,4857399
2025-03-26,1702.70751953125,1738.550048828125,1765.0,1726.1500244140625,1739.1500244140625,7142394
2025-03-27,1689.142822265625,1724.699951171875,1746.4000244140625,1713.25,1739.949951171875,6222339
2025-03-28,1697.6636962890625,1733.4000244140625,1745.75,1660.0,1733.300048828125,4133264
2025-04-01,1688.6043701171875,1724.1500244140625,1765.0,1708.449951171875,1715.0,6773056
2025-04-02,1718.426513671875,1754.5999755859375,1760.4000244140625,1716.949951171875,1720.0,6431226
2025-04-03,1710.00390625,1746.0,1754.949951171875,1735.449951171875,1748.0,2341989
2025-04-04,1707.50634765625,1743.449951171875,1770.800048828125,1740.0,1754.5,7817334
2025-04-07,1651.87744140625,1686.6500244140625,1774.75,1669.4000244140625,1730.0,14870388
2025-04-08,1684.9315185546875,1720.4000244140625,1742.300048828125,1706.800048828125,1720.699951171875,7206935
2025-04-09,1680.181640625,1715.550048828125,1726.8499755859375,1711.5999755859375,1719.6500244140625,5600666
2025-04-11,1720.38525390625,1756.5999755859375,1767.0,1732.3499755859375,1760.0,8340002
2025-04-15,1761.71533203125,1798.800048828125,1820.0,1781.0999755859375,1808.199951171875,10313411
2025-04-16,1785.0245361328125,1822.5999755859375,1826.5,1794.0999755859375,1802.4000244140625,6180958
2025-04-17,1850.153564453125,1889.0999755859375,1897.699951171875,1825.699951171875,1834.0,10894325
2025-04-21,1844.5711669921875,1883.4000244140625,1904.300048828125,1868.5999755859375,1898.4000244140625,3501123
2025-04-22,1814.0142822265625,1852.199951171875,1888.0,1836.800048828125,1888.0,6155127
2025-04-23,1842.8082275390625,1881.5999755859375,1885.9000244140625,1836.0999755859375,1867.0,6855027
2025-04-24,1807.5504150390625,1845.5999755859375,1877.800048828125,1839.5,1874.5,5180688
2025-04-25,1779.73583984375,1817.199951171875,1861.699951171875,1806.0,1846.699951171875,4570083
2025-04-28,1784.2412109375,1821.800048828125,1838.9000244140625,1813.4000244140625,1836.0,3301891
2025-04-29,1786.199951171875,1823.800048828125,1847.800048828125,1817.5999755859375,1823.699951171875,4684155
2025-04-30,1826.060791015625,1864.5,1876.9000244140625,1827.0,1837.0,9139821
2025-05-02,1810.0968017578125,1848.199951171875,1883.5999755859375,1832.0999755859375,1852.0,3866806
2025-05-05,1827.5299072265625,1866.0,1873.5,1849.199951171875,1868.0,3548839
2025-05-06,1861.808349609375,1901.0,1912.0,1882.5999755859375,1888.300048828125,8597920
2025-05-07,1857.6949462890625,1896.800048828125,1917.0,1885.5,1901.0,5554616
2025-05-08,1836.246337890625,1874.9000244140625,1905.800048828125,1862.4000244140625,1897.0,5500724
2025-05-09,1810.292724609375,1848.4000244140625,1871.0999755859375,1836.5,1855.0,3686209
2025-05-12,1832.23095703125,1870.800048828125,1883.4000244140625,1854.0,1868.9000244140625,3936019
2025-05-13,1783.0657958984375,1820.5999755859375,1883.699951171875,1816.5999755859375,1870.0,8817763
2025-05-14,1796.385498046875,1834.199951171875,1870.699951171875,1820.199951171875,1830.0,7401614
2025-05-15,1828.705078125,1867.199951171875,1869.9000244140625,1825.0,1849.9000244140625,8788351
2025-05-16,1776.601806640625,1814.0,1834.0,1810.0999755859375,1834.0,100662047
2025-05-19,1780.813232421875,1818.300048828125,1828.699951171875,1809.0,1822.0,5799804
2025-05-20,1771.6070556640625,1808.9000244140625,1824.9000244140625,1799.5,1809.800048828125,12512596
2025-05-21,1784.9266357421875,1822.5,1826.5,1805.300048828125,1813.0,6849562
2025-05-22,1793.6431884765625,1831.4000244140625,1836.699951171875,1816.300048828125,1819.9000244140625,6496923
2025-05-23,1793.9368896484375,1831.699951171875,1841.800048828125,1821.5,1825.0,3460945
2025-05-26,1809.3133544921875,1847.4000244140625,1850.0,1830.9000244140625,1834.0,3254715
2025-05-27,1805.78759765625,1843.800048828125,1857.5999755859375,1833.699951171875,1844.0,5847725
2025-05-28,1817.8338623046875,1856.0999755859375,1867.0,1845.0999755859375,1848.0,3713699
2025-05-29,1825.1793212890625,1863.5999755859375,1867.0,1850.5,1858.0,5786774
2025-05-30,1817.9317626953125,1856.199951171875,1867.0,1843.0,1854.0,16712960
2025-06-02,1815.8751220703125,1854.0999755859375,1859.0,1831.5,1844.0,3199499
2025-06-03,1803.339111328125,1841.300048828125,1869.5,1832.0,1867.0,5596977
2025-06-04,1836.736083984375,1875.4000244140625,1884.5999755859375,1850.0,1855.0,5892170
2025-06-05,1840.06591796875,1878.800048828125,1889.0,1868.5999755859375,1884.0,8999675
2025-06-06,1831.643310546875,1870.199951171875,1881.9000244140625,1867.300048828125,1872.0999755859375,4644174
2025-06-09,1826.6484375,1865.0999755859375,1875.0,1848.699951171875,1874.0,3649505
2025-06-10,1818.813232421875,1857.0999755859375,1875.5999755859375,1850.300048828125,1866.5999755859375,7925901
2025-06-11,1821.849365234375,1860.199951171875,1866.5,1847.800048828125,1857.9000244140625,8907265
2025-06-12,1806.17919921875,1844.199951171875,1883.0,1831.5999755859375,1871.9000244140625,7346031
2025-06-13,1802.4576416015625,1840.4000244140625,1844.5999755859375,1815.0,1815.0,4613000
2025-06-16,1822.9267578125,1861.300048828125,1870.0,1838.800048828125,1842.0999755859375,5722187
2025-06-17,1816.560791015625,1854.800048828125,1879.0,1847.5999755859375,1879.0,6561555
2025-06-18,1827.4320068359375,1865.9000244140625,1871.0,1843.0999755859375,1847.5999755859375,5069427
2025-06-19,1838.3031005859375,1877.0,1879.0,1864.0999755859375,1872.0,4712312
2025-06-20,1896.772216796875,1936.699951171875,1949.0,1874.0,1880.0,16228526
2025-06-23,1896.3804931640625,1936.300048828125,1949.0,1927.0999755859375,1930.0,2946463
2025-06-24,1893.7362060546875,1933.5999755859375,1963.0,1929.0999755859375,1950.9000244140625,6837210
2025-06-25,1925.076416015625,1965.5999755859375,1970.0,1938.0,1942.0,4152765
2025-06-26,1972.7725830078125,2014.300048828125,2018.4000244140625,1966.300048828125,1970.0,9413241
2025-06-27,1985.3084716796875,2027.0999755859375,2039.0,2008.5999755859375,2010.0,6405854
2025-06-30,1968.1693115234375,2009.5999755859375,2023.9000244140625,2000.199951171875,2018.0,5597484
2025-07-01,1977.767333984375,2019.4000244140625,2030.800048828125,2006.9000244140625,2009.0,3769165
2025-07-02,1991.3807373046875,2033.300048828125,2045.800048828125,2018.300048828125,2037.0,6513288
2025-07-03,1977.66943359375,2019.300048828125,2044.9000244140625,2012.9000244140625,2041.800048828125,5558647
2025-07-04,1975.6126708984375,2017.199951171875,2036.5,2005.0999755859375,2027.0,2178315
2025-07-07,1991.9683837890625,2033.9000244140625,2036.0,2010.5999755859375,2018.0,4165432
2025-07-08,1988.148681640625,2030.0,2035.0,2014.800048828125,2026.0,3624619
2025-07-09,1978.06103515625,2019.699951171875,2040.699951171875,1998.5,2035.0,2937734
2025-07-10,1923.9991455078125,1964.5,2028.5999755859375,1962.300048828125,2028.5999755859375,5695845
2025-07-11,1882.27734375,1921.9000244140625,1959.0999755859375,1914.199951171875,1942.0,13103980
2025-07-14,1881.2979736328125,1920.9000244140625,1927.5,1900.199951171875,1915.0,5269381
2025-07-15,1894.32373046875,1934.199951171875,1943.0,1923.199951171875,1924.800048828125,4163140
2025-07-16,1896.67431640625,1936.5999755859375,1944.0,1928.800048828125,1944.0,4211258
2025-07-17,1890.112548828125,1929.9000244140625,1944.9000244140625,1927.5999755859375,1943.699951171875,6256455
2025-07-18,1877.372802734375,1901.0,1916.0,1891.800048828125,1915.0999755859375,4643961
2025-07-21,1885.4708251953125,1909.199951171875,1919.9000244140625,1892.5999755859375,1894.800048828125,5109654
2025-07-22,1883.100830078125,1906.800048828125,1911.300048828125,1883.0,1909.199951171875,4513541
2025-07-23,1919.640869140625,1943.800048828125,1949.0,1907.300048828125,1920.0,5194282
2025-07-24,1912.0364990234375,1936.0999755859375,1970.4000244140625,1933.699951171875,1943.800048828125,4150685
2025-07-25,1913.814208984375,1937.9000244140625,1952.699951171875,1925.0,1936.0999755859375,3896884
2025-07-28,1866.805908203125,1890.300048828125,1930.0,1885.0,1930.0,3575044
2025-07-29,1894.4578857421875,1918.300048828125,1923.5999755859375,1880.0,1880.0,3748040
2025-07-30,1908.580078125,1932.5999755859375,1939.199951171875,1922.0999755859375,1934.0,5044683
2025-07-31,1890.507568359375,1914.300048828125,1926.5,1895.5999755859375,1913.0,4674966
2025-08-01,1860.9791259765625,1884.4000244140625,1919.699951171875,1878.0,1914.0,5192594
2025-08-04,1890.8037109375,1914.5999755859375,1919.9000244140625,1878.5,1892.0,3074380
2025-08-05,1907.7900390625,1931.800048828125,1937.5999755859375,1912.0999755859375,1920.0,5167672
2025-08-06,1905.716064453125,1929.699951171875,1964.800048828125,1921.5999755859375,1930.0,5461349
2025-08-07,1898.704345703125,1922.5999755859375,1933.300048828125,1909.0999755859375,1928.0999755859375,4268534
2025-08-08,1835.499755859375,1858.5999755859375,1893.800048828125,1856.0,1886.300048828125,93801105
2025-08-11,1834.314697265625,1857.4000244140625,1866.0,1845.699951171875,1863.0,5266532
2025-08-12,1827.302978515625,1850.300048828125,1865.0,1847.0999755859375,1857.4000244140625,4645011
2025-08-13,1844.1904296875,1867.4000244140625,1872.5,1851.800048828125,1853.0,6697206
2025-08-14,1850.5108642578125,1873.800048828125,1883.0,1866.800048828125,1873.0,3958631
2025-08-18,1868.781005859375,1892.300048828125,1912.5999755859375,1870.300048828125,1892.5,7146376
2025-08-19,1885.964599609375,1909.699951171875,1931.800048828125,1900.0,1901.0999755859375,5706265
2025-08-20,1904.4322509765625,1928.4000244140625,1952.0,1926.0,1937.0,6962619
2025-08-21,1905.9136962890625,1929.9000244140625,1940.9000244140625,1927.699951171875,1930.0,3376913
2025-08-22,1909.2713623046875,1933.300048828125,1947.699951171875,1917.4000244140625,1934.0,3271920
2025-08-25,1906.70361328125,1930.699951171875,1940.0999755859375,1913.199951171875,1940.0,2451388
2025-08-26,1881.0267333984375,1904.699951171875,1925.800048828125,1896.199951171875,1922.0999755859375,5984656
2025-08-28,1857.7200927734375,1881.0999755859375,1899.800048828125,1878.199951171875,1893.0,5494113
2025-08-29,1865.324462890625,1888.800048828125,1900.0999755859375,1872.5,1872.5,4339042
2025-09-01,1876.977783203125,1900.5999755859375,1904.800048828125,1884.199951171875,1889.0,3421488
2025-09-02,1863.7442626953125,1887.199951171875,1917.5,1878.0,1904.5,4423049
2025-09-03,1860.4853515625,1883.9000244140625,1892.0999755859375,1870.0,1891.0,3803044
2025-09-04,1857.0289306640625,1880.4000244140625,1903.5,1876.5999755859375,1899.0,5205333
2025-09-05,1871.74365234375,1895.300048828125,1910.699951171875,1875.699951171875,1887.0,2620140
2025-09-08,1864.238037109375,1887.699951171875,1899.0,1884.0999755859375,1898.0,2547552
2025-09-09,1870.1634521484375,1893.699951171875,1904.0,1883.0,1892.0,4517793
2025-09-10,1867.8922119140625,1891.4000244140625,1905.0,1883.0,1904.0,3566139
2025-09-11,1889.2236328125,1913.0,1916.0,1882.0999755859375,1884.0,4718266
2025-09-12,1878.952880859375,1902.5999755859375,1925.0,1901.5999755859375,1925.0,3192824
2025-09-15,1880.829345703125,1904.5,1913.0,1898.4000244140625,1904.0,3553258
2025-09-16,1915.394287109375,1939.5,1942.0,1902.5,1903.300048828125,5427586
2025-09-17,1917.1719970703125,1941.300048828125,1950.0999755859375,1932.5999755859375,1938.0999755859375,4234637
2025-09-18,1916.974365234375,1941.0999755859375,1949.800048828125,1920.5,1944.5,5080814
2025-09-19,1938.009765625,1962.4000244140625,1976.800048828125,1927.800048828125,1930.199951171875,11287603
2025-09-22,1931.88671875,1956.199951171875,1966.0,1944.0,1954.0,4469137
2025-09-23,1914.604248046875,1938.699951171875,1955.0,1930.0999755859375,1950.0,4348633
2025-09-24,1907.0986328125,1931.0999755859375,1937.300048828125,1918.800048828125,1926.0,5237977
2025-09-25,1911.542724609375,1935.5999755859375,1950.0,1928.800048828125,1930.0,7133365
2025-09-26,1892.7789306640625,1916.5999755859375,1944.699951171875,1911.9000244140625,1931.0999755859375,3239306
2025-09-29,1878.557861328125,1902.199951171875,1928.0,1897.5,1928.0,5072608
2025-09-30,1855.0537109375,1878.4000244140625,1907.5999755859375,1875.199951171875,1896.0,5945625
2025-10-01,1844.387939453125,1867.5999755859375,1877.0,1855.9000244140625,1868.0,5675393
2025-10-03,1873.126220703125,1896.699951171875,1900.300048828125,1848.0999755859375,1851.199951171875,5828332
2025-10-06,1879.4466552734375,1903.0999755859375,1907.0,1887.5,1892.5999755859375,2809218
2025-10-07,1905.0247802734375,1929.0,1946.0,1900.0,1900.0,5713060
2025-10-08,1919.3446044921875,1943.5,1962.5999755859375,1927.5999755859375,1929.0,4957406
2025-10-09,1917.86328125,1942.0,1948.800048828125,1931.300048828125,1945.0,3945737
2025-10-10,1915.789306640625,1939.9000244140625,1947.5999755859375,1935.4000244140625,1937.0,2512581
2025-10-13,1930.6029052734375,1954.9000244140625,1965.9000244140625,1936.0,1937.9000244140625,3672419
2025-10-14,1922.406005859375,1946.5999755859375,1964.0,1939.199951171875,1964.0,4454239
2025-10-15,1944.0338134765625,1968.5,1976.0,1951.5999755859375,1957.199951171875,3447352
2025-10-16,1942.947509765625,1967.4000244140625,1986.9000244140625,1962.0,1962.300048828125,3700674
2025-10-17,1986.9931640625,2012.0,2034.300048828125,1970.300048828125,1973.5999755859375,6743801
2025-10-20,2026.0023193359375,2051.5,2057.0,2019.699951171875,2026.0,7387180
2025-10-21,2018.1016845703125,2043.5,2058.5,2038.5,2051.800048828125,240850
2025-10-23,1982.9442138671875,2007.9000244140625,2067.0,2003.5999755859375,2063.89990234375,8790128
2025-10-24,2004.0782470703125,2029.300048828125,2033.0,2006.9000244140625,2008.0,3236799
2025-10-27,2054.246826171875,2080.10009765625,2094.0,2030.0,2030.0,5796831
2025-10-28,2064.22119140625,2090.199951171875,2102.60009765625,2071.699951171875,2092.0,9891522
2025-10-29,2074.4921875,2100.60009765625,2110.39990234375,2081.60009765625,2083.0,2742750
2025-10-30,2040.618408203125,2066.300048828125,2088.0,2058.60009765625,2070.0,4222189
2025-10-31,2028.9649658203125,2054.5,2073.800048828125,2051.699951171875,2056.0,4659723
2025-11-03,2048.22265625,2074.0,2081.0,2047.199951171875,2055.0,2979629
2025-11-04,2087.0341796875,2113.300048828125,2135.60009765625,2103.5,2107.0,12263078
2025-11-06,2068.86279296875,2094.89990234375,2123.300048828125,2080.5,2115.0,9546299
2025-11-07,1976.327392578125,2001.199951171875,2048.0,1995.5999755859375,2048.0,70392750
2025-11-10,1994.6962890625,2019.800048828125,2028.800048828125,1992.199951171875,1995.0,7457061
2025-11-11,2016.9166259765625,2042.300048828125,2056.89990234375,2017.4000244140625,2020.0999755859375,14825625
2025-11-12,2048.025146484375,2073.800048828125,2079.800048828125,2054.89990234375,2060.0,8210277
2025-11-13,2065.801513671875,2091.800048828125,2107.0,2079.0,2099.89990234375,5958875
2025-11-14,2074.5908203125,2100.699951171875,2107.89990234375,2081.89990234375,2090.0,6312655
2025-11-17,2085.94775390625,2112.199951171875,2122.0,2100.89990234375,2112.0,5998770
2025-11-18,2122.488037109375,2149.199951171875,2159.0,2110.300048828125,2122.0,10972556
2025-11-19,2132.956298828125,2159.800048828125,2166.199951171875,2146.699951171875,2155.0,7419461
2025-11-20,2131.474853515625,2158.300048828125,2169.300048828125,2149.89990234375,2153.10009765625,7452899
2025-11-21,2135.820068359375,2162.699951171875,2174.5,2148.60009765625,2150.10009765625,6720938
2025-11-24,2125.35205078125,2152.10009765625,2165.800048828125,2140.39990234375,2162.10009765625,9686848
2025-11-25,2134.73388671875,2161.60009765625,2170.699951171875,2138.699951171875,2159.0,7102592
2025-11-26,2100.366455078125,2126.800048828125,2134.89990234375,2097.5,2104.0,43174047
2025-11-27,2089.3056640625,2115.60009765625,2136.89990234375,2103.800048828125,2132.0,4444877
2025-11-28,2075.479736328125,2101.60009765625,2129.5,2096.39990234375,2118.0,6263457
2025-12-01,2063.7275390625,2089.699951171875,2119.0,2083.10009765625,2114.699951171875,5058900
2025-12-02,2077.849853515625,2104.0,2114.800048828125,2087.10009765625,2089.800048828125,6591396
2025-12-03,2060.073486328125,2086.0,2109.89990234375,2081.60009765625,2100.10009765625,4357641
2025-12-04,2077.65234375,2103.800048828125,2108.5,2074.10009765625,2094.800048828125,4611819
2025-12-05,2082.590087890625,2108.800048828125,2111.89990234375,2090.0,2092.60009765625,2938290
2025-12-08,2060.27099609375,2086.199951171875,2114.39990234375,2078.89990234375,2114.39990234375,4327091
2025-12-09,2063.7275390625,2089.699951171875,2100.39990234375,2080.39990234375,2086.800048828125,5139229
2025-12-10,2041.3095703125,2067.0,2096.89990234375,2062.199951171875,2072.0,3987451
2025-12-11,2027.68115234375,2053.199951171875,2069.199951171875,2038.0,2066.0,3254850
2025-12-12,2057.505615234375,2083.39990234375,2087.10009765625,2050.60009765625,2053.10009765625,2706420
2025-12-15,2043.97607421875,2069.699951171875,2078.89990234375,2061.5,2070.10009765625,3233614
2025-12-16,2075.87451171875,2102.0,2106.60009765625,2070.10009765625,2070.10009765625,5756692
2025-12-17,2081.800048828125,2108.0,2128.0,2096.39990234375,2117.60009765625,6412516
2025-12-18,2065.9990234375,2092.0,2116.60009765625,2088.10009765625,2099.0,3760341
2025-12-19,2071.6279296875,2097.699951171875,2115.0,2082.0,2113.89990234375,10127415
2025-12-22,2120.907958984375,2147.60009765625,2151.699951171875,2101.699951171875,2118.0,7670853
2025-12-23,2096.5146484375,2122.89990234375,2164.0,2119.199951171875,2157.0,4110853
2025-12-24,2097.304931640625,2123.699951171875,2137.199951171875,2111.0,2111.0,3145464
2025-12-26,2079.232177734375,2105.39990234375,2123.0,2101.800048828125,2123.0,1297870
2025-12-29,2055.728271484375,2081.60009765625,2112.699951171875,2079.39990234375,2105.39990234375,2371034
2025-12-30,2073.701904296875,2099.800048828125,2102.800048828125,2071.60009765625,2077.0,6983390
2025-12-31,2079.429931640625,2105.60009765625,2121.0,2090.10009765625,2096.0,2991434
