Price,Adj Close,Close,High,Low,Open,Volume
Ticker,HDFCBANK.NS,HDFCBANK.NS,HDFCBANK.NS,HDFCBANK.NS,HDFCBANK.NS,HDFCBANK.NS
Date,,,,,,
2020-01-01,595.67724609375,639.2999877929688,640.0,635.2999877929688,638.0499877929688,3673698
2020-01-02,599.4741821289062,643.375,644.0,639.5,639.5,6137166
2020-01-03,590.9252319335938,634.2000122070312,642.5,631.7999877929688,641.0999755859375,10855550
2020-01-06,578.1367797851562,620.4749755859375,630.9000244140625,618.0,630.0,10890186
2020-01-07,587.2913208007812,630.2999877929688,635.7249755859375,626.125,629.4500122070312,14724494
2020-01-08,585.7539672851562,628.6500244140625,631.0750122070312,620.0250244140625,623.4749755859375,11332110
2020-01-09,592.3228759765625,635.7000122070312,637.9000244140625,631.5499877929688,632.5,9546316
2020-01-10,597.58740234375,641.3499755859375,643.4500122070312,637.5499877929688,642.0499877929688,9214580
2020-01-13,599.1246948242188,643.0,648.25,638.0,641.3499755859375,7451568
2020-01-14,600.75537109375,644.75,646.2750244140625,638.75,644.5,7886290
2020-01-15,598.3094482421875,642.125,643.9749755859375,637.0499877929688,643.2000122070312,11787448
2020-01-16,599.8934326171875,643.8250122070312,645.5,639.6749877929688,641.0250244140625,7150400
2020-01-17,595.4675903320312,639.0750122070312,642.4500122070312,635.9500122070312,640.875,16918814
2020-01-20,584.6357421875,627.4500122070312,652.4249877929688,626.25,652.4249877929688,22178450
2020-01-21,579.720703125,622.1749877929688,625.0,619.2000122070312,625.0,14984804
2020-01-22,578.0901489257812,620.4249877929688,627.5,617.2000122070312,624.0250244140625,18368310
2020-01-23,579.95361328125,622.4249877929688,623.4249877929688,615.5,620.0,11508920
2020-01-24,579.8139038085938,622.2750244140625,627.0,619.5499877929688,623.0,11831756
2020-01-27,565.2085571289062,606.5999755859375,617.5,605.875,617.5,18888552
2020-01-28,569.8673706054688,611.5999755859375,613.9000244140625,606.625,609.4000244140625,13412158
2020-01-29,575.7606811523438,617.9249877929688,621.0,611.125,612.6500244140625,13788350
2020-01-30,571.195068359375,613.0250244140625,619.4749755859375,608.5999755859375,619.4749755859375,12111984
2020-01-31,571.3115234375,613.1500244140625,618.9000244140625,610.125,615.7249755859375,11178268
2020-02-03,555.7045288085938,596.4000244140625,598.9749755859375,588.8499755859375,598.5,13077010
2020-02-04,572.9422607421875,614.9000244140625,617.0,599.0,599.0,20897704
2020-02-05,579.8604736328125,622.3250122070312,624.0,613.6500244140625,617.4500122070312,18020682
2020-02-06,577.6010131835938,619.9000244140625,624.3499755859375,618.5999755859375,622.3250122070312,11827550
2020-02-07,578.7191162109375,621.0999755859375,623.5,615.7999877929688,623.0,6815448
2020-02-10,577.8339233398438,620.1500244140625,621.4749755859375,613.0250244140625,621.4749755859375,9219834
2020-02-11,577.9736938476562,620.2999877929688,627.5,619.0250244140625,621.6500244140625,11613520
2020-02-12,581.8870849609375,624.5,626.4500122070312,622.0250244140625,622.5999755859375,6297930
2020-02-13,578.346435546875,620.7000122070312,629.9500122070312,616.7999877929688,629.9500122070312,9112140
2020-02-14,568.07373046875,609.6749877929688,624.2000122070312,607.5,621.5999755859375,14688858
2020-02-17,567.0487670898438,608.5750122070312,616.5,607.2249755859375,612.5,10152690
2020-02-18,565.2318115234375,606.625,609.25,601.75,608.4500122070312,10529116
2020-02-19,571.7307739257812,613.5999755859375,615.0,606.9500122070312,611.25,10012268
2020-02-20,567.025390625,608.5499877929688,615.0,607.0499877929688,615.0,11123414
2020-02-24,563.6943359375,604.9749755859375,607.375,600.0,604.4749755859375,16568084
2020-02-25,559.1985473632812,600.1500244140625,604.5,599.0,602.0,13886680
2020-02-26,558.7094116210938,599.625,602.3499755859375,592.8250122070312,598.75,13814786
2020-02-27,558.8026123046875,599.7249755859375,601.25,590.5,597.5,20655098
2020-02-28,548.6463623046875,588.8250122070312,592.5,585.0499877929688,587.75,24313056
2020-03-02,549.5548095703125,589.7999877929688,600.5750122070312,583.0750122070312,600.0999755859375,14664898
2020-03-03,550.579833984375,590.9000244140625,592.6749877929688,584.0,587.5,22369550
2020-03-04,535.2289428710938,574.4249877929688,590.0,566.5499877929688,589.1749877929688,34288870
2020-03-05,536.3936767578125,575.6749877929688,582.5,571.375,576.5,19549708
2020-03-06,528.72998046875,567.4500122070312,570.4500122070312,550.5,562.5,23053566
2020-03-09,515.87158203125,553.6500244140625,559.2000122070312,532.5,555.0,34420590
2020-03-11,518.8997802734375,556.9000244140625,560.0,546.0,552.5,35538240
2020-03-12,475.8056335449219,510.6499938964844,540.0,501.7250061035156,537.5,59000770
2020-03-13,498.4010009765625,534.9000244140625,540.7249755859375,459.6000061035156,490.0249938964844,66342364
2020-03-16,465.6494445800781,499.75,518.5,497.5,517.5,31986322
2020-03-17,454.28192138671875,487.54998779296875,505.0,477.3500061035156,504.0,42676838
2020-03-18,408.53228759765625,438.45001220703125,496.5,432.5,492.5,61181406
2020-03-19,417.2209777832031,447.7749938964844,459.9750061035156,397.5,423.5,67220048
2020-03-20,411.30426025390625,441.42498779296875,457.29998779296875,412.2749938964844,437.5,88637464
2020-03-23,359.4515380859375,385.7749938964844,419.375,382.5,397.29998779296875,50276954
2020-03-24,357.65789794921875,383.8500061035156,405.0,369.375,397.625,61057272
2020-03-25,399.14471435546875,428.375,433.7250061035156,377.625,385.2250061035156,47228042
2020-03-26,419.806640625,450.54998779296875,468.8500061035156,420.5,435.04998779296875,57043156
2020-03-27,421.3673400878906,452.2250061035156,494.32501220703125,436.04998779296875,472.4750061035156,55235936
2020-03-30,387.4510803222656,415.82501220703125,443.5,414.0,440.0,39268444
2020-03-31,401.5440368652344,430.95001220703125,436.79998779296875,419.0,426.8999938964844,35211092
2020-04-01,386.5193176269531,414.82501220703125,431.92498779296875,410.0,431.92498779296875,29103504
2020-04-03,379.1583557128906,406.92498779296875,422.0,405.0,421.5,34996280
2020-04-07,417.47723388671875,448.04998779296875,453.6499938964844,422.67498779296875,437.0,60412638
2020-04-08,414.12286376953125,444.45001220703125,472.5,433.04998779296875,439.9750061035156,56219352
2020-04-09,430.96453857421875,462.5249938964844,465.45001220703125,445.0,456.5,44457146
2020-04-13,417.1277770996094,447.67498779296875,473.3500061035156,443.1000061035156,467.0,34158056
2020-04-15,402.1962585449219,431.6499938964844,465.25,421.5,465.25,57978752
2020-04-16,409.8599853515625,439.875,445.3500061035156,428.125,432.5,53854396
2020-04-17,424.0927429199219,455.1499938964844,460.0,443.625,457.5,55883462
2020-04-20,440.18896484375,472.42498779296875,480.4750061035156,467.5,475.5,66232986
2020-04-21,429.3804626464844,460.82501220703125,467.0,454.0,462.5,33178006
2020-04-22,432.6183776855469,464.29998779296875,466.5,453.6499938964844,459.57501220703125,38289354
2020-04-23,444.8943786621094,477.4750061035156,479.25,456.2749938964844,467.5,40901222
2020-04-24,437.0209655761719,469.0249938964844,479.20001220703125,463.0,466.5,33284568
2020-04-27,433.130859375,464.8500061035156,478.70001220703125,463.1499938964844,472.57501220703125,27421072
2020-04-28,433.92291259765625,465.70001220703125,471.8999938964844,461.0,471.8999938964844,29441436
2020-04-29,455.2136535644531,488.54998779296875,496.3500061035156,467.04998779296875,467.5,55877778
2020-04-30,466.720947265625,500.8999938964844,509.5,496.04998779296875,500.70001220703125,43793134
2020-05-04,430.0094299316406,461.5,480.0,458.75,478.75,26722324
2020-05-05,424.6285400390625,455.7250061035156,472.0,454.0249938964844,469.0,29672858
2020-05-06,440.9111022949219,473.20001220703125,475.0,452.82501220703125,459.5,33785846
2020-05-07,430.9411926269531,462.5,471.6499938964844,460.67498779296875,470.25,21831730
2020-05-08,432.8280334472656,464.5249938964844,471.9750061035156,462.6000061035156,471.0,20807484
2020-05-11,426.6551208496094,457.8999938964844,477.0,457.0,468.5,28550784
2020-05-12,420.0162658691406,450.7749938964844,454.70001220703125,435.54998779296875,450.5,49568418
2020-05-13,432.17578125,463.82501220703125,480.0,461.04998779296875,475.5,44346966
2020-05-14,416.35906982421875,446.8500061035156,455.5,445.0,449.0,39554890
2020-05-15,413.7734680175781,444.07501220703125,446.20001220703125,437.5,445.25,24349628
2020-05-18,389.7804870605469,418.32501220703125,444.0,415.6499938964844,444.0,46649964
2020-05-19,386.9851989746094,415.32501220703125,433.6499938964844,413.04998779296875,430.42498779296875,47460692
2020-05-20,399.30780029296875,428.54998779296875,432.0,416.1000061035156,418.2250061035156,40014306
2020-05-21,400.44921875,429.7749938964844,442.0,426.1499938964844,430.7250061035156,48478908
2020-05-22,390.805419921875,419.42498779296875,435.1499938964844,416.5249938964844,425.0,42047432
2020-05-26,397.1181640625,426.20001220703125,435.875,424.375,428.5,38005152
2020-05-27,420.99462890625,451.82501220703125,454.8999938964844,428.57501220703125,429.95001220703125,56025754
2020-05-28,440.37530517578125,472.625,475.0,456.9750061035156,460.0,75488806
2020-05-29,443.35693359375,475.82501220703125,477.5,461.7250061035156,472.0,53025166
2020-06-01,460.1287536621094,493.82501220703125,497.5,483.04998779296875,487.5,39190230
2020-06-02,466.3482666015625,500.5,502.5,487.6000061035156,493.3500061035156,41623594
2020-06-03,476.248291015625,511.125,523.125,507.7250061035156,510.0,50546088
2020-06-04,466.6744079589844,500.8500061035156,519.4749755859375,495.54998779296875,514.0250244140625,54275882
2020-06-05,481.4195251464844,516.6749877929688,521.2000122070312,501.3999938964844,501.54998779296875,35195984
2020-06-08,473.2898864746094,507.95001220703125,533.3250122070312,503.20001220703125,530.0,49812664
2020-06-09,459.9656982421875,493.6499938964844,513.375,489.7749938964844,510.0,61844146
2020-06-10,462.0854187011719,495.92498779296875,499.92498779296875,489.1000061035156,495.0,36497730
2020-06-11,451.2536315917969,484.29998779296875,494.20001220703125,482.5,492.5,30897714
2020-06-12,457.8459167480469,491.375,493.32501220703125,464.0,464.0,42644876
2020-06-15,442.5184020996094,474.92498779296875,487.0,471.5,484.0,32009936
2020-06-16,461.4099426269531,495.20001220703125,496.9750061035156,476.0,487.5,45399970
2020-06-17,456.21533203125,489.625,499.45001220703125,486.625,494.5,36957838
2020-06-18,475.1767578125,509.9750061035156,512.4500122070312,486.0,490.0,40870126
2020-06-19,481.4195251464844,516.6749877929688,521.5,506.07501220703125,508.9750061035156,47877752
2020-06-22,479.2765197753906,514.375,522.9749755859375,511.8999938964844,519.7249755859375,29694474
2020-06-23,485.5892028808594,521.1500244140625,522.5,508.2749938964844,519.5,28830512
2020-06-24,481.0235290527344,516.25,528.75,515.0250244140625,524.25,39429246
2020-06-25,479.2765197753906,514.375,524.5,503.5,510.95001220703125,70646790
2020-06-26,492.1814270019531,528.2249755859375,531.5,514.0,520.5,39969138
2020-06-29,501.3127746582031,538.0250244140625,541.2999877929688,518.5,518.5,46005956
2020-06-30,496.56072998046875,532.9249877929688,539.2750244140625,528.1500244140625,537.0,35746130
2020-07-01,505.29608154296875,542.2999877929688,548.0,530.6500244140625,532.9249877929688,34846718
2020-07-02,507.5323181152344,544.7000122070312,555.625,542.5999755859375,545.1500244140625,36954496
2020-07-03,500.3343811035156,536.9749755859375,547.9000244140625,535.0,546.5,27597254
2020-07-06,513.8682250976562,551.5,559.9500122070312,550.0,553.9749755859375,35558216
2020-07-07,514.8699951171875,552.5750122070312,555.8499755859375,546.5250244140625,554.7000122070312,24349850
2020-07-08,517.29248046875,555.1749877929688,562.4500122070312,552.5,553.5,30056350
2020-07-09,524.0944213867188,562.4749755859375,564.8499755859375,553.625,559.0,20114484
2020-07-10,514.8465576171875,552.5499877929688,560.0,549.7750244140625,558.9500122070312,17562978
2020-07-13,503.2694396972656,540.125,556.5,535.6500244140625,554.9500122070312,29922114
2020-07-14,493.2995300292969,529.4249877929688,534.4500122070312,525.0,531.2999877929688,26612674
2020-07-15,490.64404296875,526.5750122070312,539.5,525.0499877929688,535.0999755859375,20974394
2020-07-16,495.02337646484375,531.2750244140625,532.75,517.0499877929688,526.8250122070312,23662456
2020-07-17,511.7484436035156,549.2249755859375,552.0,529.1500244140625,529.5250244140625,28405738
2020-07-20,527.8680419921875,566.5250244140625,576.4500122070312,562.0750122070312,567.5,65124096
2020-07-21,530.4303588867188,569.2750244140625,578.9749755859375,567.0,576.0250244140625,47512422
2020-07-22,524.74658203125,563.1749877929688,572.25,558.7750244140625,569.25,24718012
2020-07-23,526.6334838867188,565.2000122070312,571.9500122070312,558.125,562.5,20149122
2020-07-24,521.368896484375,559.5499877929688,561.4500122070312,550.625,561.4500122070312,19598440
2020-07-27,502.9200439453125,539.75,551.5,537.6749877929688,549.9249877929688,37970094
2020-07-28,506.2511291503906,543.3250122070312,547.2000122070312,529.75,539.5,35596450
2020-07-29,495.9783935546875,532.2999877929688,544.25,527.7750244140625,540.5,33592086
2020-07-30,489.47930908203125,525.3250122070312,541.8250122070312,523.3499755859375,537.0,26956266
2020-07-31,481.163330078125,516.4000244140625,528.8499755859375,510.0249938964844,528.8499755859375,37726696
2020-08-03,466.8141174316406,501.0,513.4749755859375,496.5,512.9749755859375,31783542
2020-08-04,485.2864074707031,520.8250122070312,530.5250244140625,501.5,504.0,60306168
2020-08-05,478.7174377441406,513.7750244140625,527.9000244140625,510.0,523.9749755859375,33221360
2020-08-06,484.8437805175781,520.3499755859375,527.5,513.125,518.5,33646888
2020-08-07,486.3113098144531,521.9249877929688,523.5999755859375,510.29998779296875,517.4249877929688,24836784
2020-08-10,489.47930908203125,525.3250122070312,532.0,521.9000244140625,522.0,22172854
2020-08-11,496.9334411621094,533.3250122070312,535.5,524.25,524.25,20136148
2020-08-12,495.55908203125,531.8499755859375,533.0,524.0,532.5,20666432
2020-08-13,493.3927307128906,529.5250244140625,535.6749877929688,528.25,533.9749755859375,19892740
2020-08-14,481.9320068359375,517.2249755859375,532.9500122070312,513.6500244140625,532.9500122070312,20924512
2020-08-17,481.1400146484375,516.375,523.5,510.1000061035156,523.5,19561012
2020-08-18,492.20477294921875,528.25,530.8250122070312,511.0,514.0,24040824
2020-08-19,496.9101257324219,533.2999877929688,534.9000244140625,528.125,532.5,17715624
2020-08-20,493.3694152832031,529.5,534.4749755859375,526.0,527.4749755859375,19216734
2020-08-21,505.7852783203125,542.8250122070312,544.4000244140625,532.2999877929688,532.7000122070312,28924302
2020-08-24,520.4139404296875,558.5250244140625,561.4749755859375,542.8250122070312,543.0,36779740
2020-08-25,521.6484375,559.8499755859375,563.5,553.0999755859375,559.5,27601738
2020-08-26,521.0661010742188,559.2249755859375,565.875,554.75,560.5,25190062
2020-08-27,518.1077880859375,556.0499877929688,564.9500122070312,553.125,562.9000244140625,20645996
2020-08-28,519.2259521484375,557.25,562.5,547.5,555.9749755859375,38696610
2020-08-31,519.8547973632812,557.9249877929688,574.4000244140625,550.3499755859375,564.75,38501166
2020-09-01,525.189208984375,563.6500244140625,571.7999877929688,554.0,564.0,28877884
2020-09-02,528.3804931640625,567.0750122070312,569.5,560.3499755859375,562.0499877929688,19761682
2020-09-03,526.8663940429688,565.4500122070312,572.9749755859375,564.0,568.625,19833362
2020-09-04,521.4622192382812,559.6500244140625,562.7000122070312,552.2000122070312,555.0,23661370
2020-09-07,517.3623657226562,555.25,559.75,549.5,558.1500244140625,17615466
2020-09-08,518.2708740234375,556.2249755859375,559.4000244140625,551.5,557.0,14624918
2020-09-09,510.8399963378906,548.25,555.0,545.625,550.5,15728872
2020-09-10,508.068115234375,545.2750244140625,552.4249877929688,542.0,551.5,15188088
2020-09-11,502.5240783691406,539.3250122070312,552.4249877929688,535.5,548.2249755859375,20794730
2020-09-14,492.8802185058594,528.9749755859375,547.0,526.1749877929688,544.0,21650590
2020-09-15,498.72705078125,535.25,538.0750122070312,529.0499877929688,534.0,16505110
2020-09-16,509.5122985839844,546.8250122070312,548.0,534.1749877929688,535.0999755859375,18710112
2020-09-17,504.8301696777344,541.7999877929688,547.0,539.0,542.0,18318686
2020-09-18,492.57745361328125,528.6500244140625,546.0999755859375,523.5999755859375,546.0,23481778
2020-09-21,488.85040283203125,524.6500244140625,535.6749877929688,520.75,527.5,19842878
2020-09-22,482.3746337890625,517.7000122070312,529.0750122070312,514.75,527.0250244140625,18620678
2020-09-23,487.8952941894531,523.625,527.5,517.1749877929688,523.0,16079828
2020-09-24,480.04522705078125,515.2000122070312,523.5,512.5,519.0,19809510
2020-09-25,486.3811950683594,522.0,525.9749755859375,512.8250122070312,525.0,20321544
2020-09-28,491.13323974609375,527.0999755859375,529.5,521.3250122070312,524.4749755859375,16152422
2020-09-29,495.02337646484375,531.2750244140625,534.9500122070312,525.5,529.0,12644446
2020-09-30,502.500732421875,539.2999877929688,543.4500122070312,526.0,530.0,18813842
2020-10-01,515.7084350585938,553.4749755859375,555.0,545.0499877929688,545.0499877929688,21203080
2020-10-05,519.1561279296875,557.1749877929688,566.0,555.5,556.0,16940126
2020-10-06,533.01611328125,572.0499877929688,574.0,563.0999755859375,567.5250244140625,19371990
2020-10-07,541.4718627929688,581.125,582.4249877929688,568.7999877929688,572.4500122070312,21248778
2020-10-08,555.2386474609375,595.9000244140625,601.5,581.6749877929688,590.0,35060674
2020-10-09,574.6892700195312,616.7750244140625,618.5,595.8250122070312,600.5,44972388
2020-10-12,565.4181518554688,606.8250122070312,621.375,602.7999877929688,615.7750244140625,19220546
2020-10-13,558.3367919921875,599.2249755859375,611.2249755859375,597.5,606.7000122070312,18353952
2020-10-14,564.4165649414062,605.75,607.1500244140625,587.75,597.7750244140625,22582918
2020-10-15,544.73291015625,584.625,608.5,582.0,607.0999755859375,28246896
2020-10-16,558.7559814453125,599.6749877929688,601.75,586.5,590.0,25822848
2020-10-19,560.7127685546875,601.7750244140625,617.5,596.2999877929688,617.5,42359556
2020-10-20,570.2166137695312,611.9749755859375,613.7000122070312,602.9500122070312,603.75,27411978
2020-10-21,580.8154907226562,623.3499755859375,625.5,610.8499755859375,615.2999877929688,35640752
2020-10-22,574.57275390625,616.6500244140625,625.0,611.5,619.9749755859375,21913060
2020-10-23,575.7374877929688,617.9000244140625,624.2249755859375,615.5999755859375,621.75,15866230
2020-10-26,564.136962890625,605.4500122070312,621.0,602.2999877929688,614.9000244140625,19571976
2020-10-27,574.4796142578125,616.5499877929688,618.0,598.9249877929688,613.0,24317780
2020-10-28,563.5313110351562,604.7999877929688,616.0,600.75,614.0,16571186
2020-10-29,553.0955810546875,593.5999755859375,602.2249755859375,589.25,600.2999877929688,23060024
2020-10-30,551.3952026367188,591.7750244140625,599.6500244140625,588.1749877929688,591.2750244140625,11522716
2020-11-02,566.16357421875,607.625,612.5,588.75,597.1749877929688,21926080
2020-11-03,581.39794921875,623.9749755859375,625.375,612.75,613.2249755859375,28164230
2020-11-04,585.8004760742188,628.7000122070312,632.4000244140625,615.0,626.0,23404822
2020-11-05,591.2979736328125,634.5999755859375,638.0,626.1749877929688,633.0,21433928
2020-11-06,609.211181640625,653.8250122070312,655.0,632.75,633.125,35705724
2020-11-09,624.5386352539062,670.2750244140625,672.9749755859375,657.5999755859375,657.5999755859375,26288440
2020-11-10,649.2769775390625,696.8250122070312,697.5,675.7750244140625,678.5,41517356
2020-11-11,647.55322265625,694.9749755859375,707.4000244140625,685.25,699.9500122070312,36116194
2020-11-12,639.05078125,685.8499755859375,694.2750244140625,680.0,688.7000122070312,27053948
2020-11-13,633.041015625,679.4000244140625,684.4000244140625,673.5,684.4000244140625,22472480
2020-11-14,638.119140625,684.8499755859375,687.4749755859375,682.5999755859375,683.9000244140625,1835066
2020-11-17,656.1720581054688,704.2249755859375,706.2999877929688,690.2999877929688,692.9000244140625,31059900
2020-11-18,656.28857421875,704.3499755859375,709.5,699.5250244140625,701.5,18862776
2020-11-19,640.285400390625,687.1749877929688,699.7249755859375,684.0,694.8499755859375,20266882
2020-11-20,653.9358520507812,701.8250122070312,704.2000122070312,682.5250244140625,686.3250122070312,20405362
2020-11-23,649.7195434570312,697.2999877929688,711.8250122070312,687.6749877929688,707.5,25246636
2020-11-24,670.0320434570312,719.0999755859375,722.5,701.0250244140625,704.0,40154400
2020-11-25,653.539794921875,701.4000244140625,732.2000122070312,698.5,725.6500244140625,24152602
2020-11-26,664.651123046875,713.3250122070312,716.0,693.5,707.5,27943126
2020-11-27,671.2665405273438,720.4249877929688,723.0,707.7750244140625,715.9000244140625,17994580
2020-12-01,667.7492065429688,716.6500244140625,724.5,712.75,720.4249877929688,17147574
2020-12-02,655.4732055664062,703.4749755859375,715.9000244140625,697.4000244140625,715.5,17892150
2020-12-03,641.6132202148438,688.5999755859375,716.0,687.0250244140625,714.5,37933222
2020-12-04,645.5265502929688,692.7999877929688,700.7249755859375,686.6500244140625,690.5,26912322
2020-12-07,639.3069458007812,686.125,689.9749755859375,679.0499877929688,687.5,24316318
2020-12-08,641.1939697265625,688.1500244140625,694.4000244140625,682.5750122070312,687.5,19457896
2020-12-09,655.5896606445312,703.5999755859375,705.0250244140625,687.5250244140625,688.5,22069074
2020-12-10,645.6431274414062,692.9249877929688,701.0,687.875,699.0,19727966
2020-12-11,644.2221069335938,691.4000244140625,697.5,686.5,695.0250244140625,21356384
2020-12-14,639.2605590820312,686.0750122070312,694.0,684.0,691.5,17222050
2020-12-15,648.1821899414062,695.6500244140625,697.4749755859375,683.0,690.4000244140625,21561436
2020-12-16,657.2201538085938,705.3499755859375,708.4000244140625,697.25,702.0,16832092
2020-12-17,671.709228515625,720.9000244140625,722.5,702.25,709.2999877929688,21924478
2020-12-18,657.5230712890625,705.6749877929688,719.8499755859375,703.1500244140625,717.5,22995918
2020-12-21,639.4935302734375,686.3250122070312,711.9249877929688,683.3499755859375,708.75,23761824
2020-12-22,639.7030639648438,686.5499877929688,692.4000244140625,672.5,692.4000244140625,22851558
2020-12-23,640.89111328125,687.8250122070312,690.4749755859375,680.5250244140625,683.75,15467394
2020-12-24,650.88427734375,698.5499877929688,702.0,688.5,694.7000122070312,14952188
2020-12-28,658.2218627929688,706.4249877929688,710.5,702.0,702.5,11699194
2020-12-29,664.9072875976562,713.5999755859375,717.375,710.0,710.5250244140625,14495346
2020-12-30,667.3765258789062,716.25,719.9500122070312,706.5,719.9500122070312,16216726
2020-12-31,669.1469116210938,718.1500244140625,722.0,712.5250244140625,717.5,22145750
2021-01-01,663.9057006835938,712.5250244140625,721.5,710.2999877929688,720.0,8810938
2021-01-04,659.6893920898438,708.0,719.0,699.5,719.0,15740192
2021-01-05,664.6743774414062,713.3499755859375,715.375,704.5,709.5999755859375,14386824
2021-01-06,661.8092041015625,710.2750244140625,720.0,706.5499877929688,717.5,22134050
2021-01-07,659.8059692382812,708.125,716.2999877929688,706.2750244140625,716.25,19894842
2021-01-08,666.9805297851562,715.8250122070312,721.0,711.5499877929688,716.0,13768764
2021-01-11,676.2048950195312,725.7249755859375,732.4500122070312,718.1500244140625,725.0,17331392
2021-01-12,689.9718017578125,740.5,743.8499755859375,724.5499877929688,726.2249755859375,20388156
2021-01-13,685.1499633789062,735.3250122070312,748.4500122070312,731.0499877929688,746.4500122070312,16934650
2021-01-14,684.2647705078125,734.375,744.0,728.0,735.5750122070312,12297166
2021-01-15,683.286376953125,733.3250122070312,735.8250122070312,722.5,734.5499877929688,14165236
2021-01-18,690.9501342773438,741.5499877929688,751.4249877929688,733.5,734.9500122070312,42825632
2021-01-19,700.6173095703125,751.9249877929688,755.8250122070312,733.5,745.9000244140625,17360254
2021-01-20,695.0965576171875,746.0,750.5,743.0,750.5,13346052
2021-01-21,687.0834350585938,737.4000244140625,747.1749877929688,734.0750122070312,746.0,26333054
2021-01-22,672.5245361328125,721.7750244140625,733.9500122070312,720.0750122070312,733.9500122070312,15392364
2021-01-25,681.5159912109375,731.4249877929688,740.5,727.5750122070312,732.5499877929688,20344718
2021-01-27,656.7078857421875,704.7999877929688,735.9500122070312,703.0750122070312,734.0,23556276
2021-01-28,638.934326171875,685.7249755859375,700.6500244140625,671.0,694.9500122070312,42704446
2021-01-29,647.8095092773438,695.25,704.375,682.25,695.6749877929688,28704502
2021-02-01,687.9917602539062,738.375,741.25,700.5,705.125,26370544
2021-02-02,727.03271484375,780.2750244140625,789.25,748.7000122070312,750.5,42420206
2021-02-03,733.6716918945312,787.4000244140625,790.8499755859375,771.0,789.5,20237254
2021-02-04,735.6748657226562,789.5499877929688,794.0,771.7249755859375,783.0,24484684
2021-02-05,744.2936401367188,798.7999877929688,809.125,774.0,774.0,27054716
2021-02-08,747.8577270507812,802.625,815.8250122070312,797.8499755859375,810.0,17447580
2021-02-09,750.9324951171875,805.9249877929688,814.0,793.3499755859375,805.0,18421366
2021-02-10,736.909423828125,790.875,807.4249877929688,783.5,804.1749877929688,19788006
2021-02-11,732.5302124023438,786.1749877929688,798.9000244140625,782.0999755859375,791.0,13648618
2021-02-12,737.0025634765625,790.9749755859375,796.25,786.5,786.9500122070312,9910106
2021-02-15,753.1455078125,808.2999877929688,812.5,798.3499755859375,800.0499877929688,10355244
2021-02-16,757.8275756835938,813.3250122070312,820.5,804.2249755859375,810.5999755859375,13897358
2021-02-17,739.1223754882812,793.25,810.9000244140625,791.5,810.0,12794426
2021-02-18,724.1209716796875,777.1500244140625,802.9749755859375,774.0,802.9749755859375,14720560
2021-02-19,717.03955078125,769.5499877929688,782.0999755859375,766.5,772.5,17139508
2021-02-22,721.1859741210938,774.0,786.9500122070312,769.7249755859375,772.5250244140625,29451838
2021-02-23,712.404052734375,764.5750122070312,778.8499755859375,761.3250122070312,776.875,18239906
2021-02-24,748.4168090820312,803.2249755859375,806.9749755859375,758.125,763.25,14314332
2021-02-25,748.3934326171875,803.2000122070312,818.125,801.0,804.875,20109570
2021-02-26,714.8499145507812,767.2000122070312,794.4500122070312,760.5,793.5250244140625,27912846
2021-03-01,726.2640380859375,779.4500122070312,786.2750244140625,770.3499755859375,782.0,13536018
2021-03-02,730.5966796875,784.0999755859375,793.75,775.5,787.8499755859375,16110038
2021-03-03,739.2855224609375,793.4249877929688,798.0,782.5,792.0,11222410
2021-03-04,723.07275390625,776.0250244140625,785.5,769.5499877929688,774.2750244140625,16291438
2021-03-05,712.8001098632812,765.0,772.7999877929688,760.5499877929688,765.5,17445822
2021-03-08,707.9083251953125,759.75,777.5,756.25,771.0,15117050
2021-03-09,727.941162109375,781.25,782.8499755859375,769.125,772.5,15066696
2021-03-10,724.7965087890625,777.875,787.5,776.0750122070312,786.0,11055016
2021-03-12,723.0261840820312,775.9749755859375,800.0,767.5250244140625,800.0,15631204
2021-03-15,712.1710815429688,764.3250122070312,774.2000122070312,757.6500244140625,774.2000122070312,12230386
2021-03-16,704.4840087890625,756.0750122070312,770.2000122070312,755.0,765.4500122070312,13722366
2021-03-17,696.6572265625,747.6749877929688,769.5,745.0999755859375,762.125,21064428
2021-03-18,694.630615234375,745.5,761.0250244140625,740.5750122070312,755.875,18065540
2021-03-19,697.658935546875,748.75,755.5999755859375,737.0250244140625,742.5,21235020
2021-03-22,684.4511108398438,734.5750122070312,747.4500122070312,730.2000122070312,747.4500122070312,14015632
2021-03-23,698.8934326171875,750.0750122070312,753.7249755859375,734.5499877929688,735.0,19761428
2021-03-24,688.9468994140625,739.4000244140625,753.2249755859375,735.5,745.4500122070312,16368900
2021-03-25,681.7489624023438,731.6749877929688,747.7750244140625,725.125,745.0999755859375,23964356
2021-03-26,694.7703857421875,745.6500244140625,749.5,737.0,747.0,12021258
2021-03-30,723.8414306640625,776.8499755859375,781.2750244140625,750.7750244140625,753.3250122070312,25607644
2021-03-31,695.865234375,746.8250122070312,774.0,744.0,774.0,30774506
2021-04-01,692.650634765625,743.375,749.7000122070312,732.5,749.7000122070312,35763762
2021-04-05,675.3430786132812,724.7999877929688,742.5,715.5,740.0,16006586
2021-04-06,670.9869995117188,720.125,731.3250122070312,716.3250122070312,730.0,15075734
2021-04-07,674.2249755859375,723.5999755859375,728.3499755859375,710.7750244140625,719.6500244140625,25088180
2021-04-08,667.5162963867188,716.4000244140625,730.4500122070312,715.25,726.5,17613592
2021-04-09,662.3682861328125,710.875,716.4000244140625,707.5499877929688,713.0,28157816
2021-04-12,636.884521484375,683.5250244140625,699.5,676.5,696.5,22549128
2021-04-13,652.3983764648438,700.1749877929688,703.2249755859375,680.5,684.0,18600682
2021-04-15,666.2584838867188,715.0499877929688,718.3499755859375,695.5,702.5,34444984
2021-04-16,665.5828857421875,714.3250122070312,722.5,711.75,717.4749755859375,15606526
2021-04-19,658.0122680664062,706.2000122070312,708.8499755859375,686.1500244140625,695.0,24069242
2021-04-20,648.2286376953125,695.7000122070312,713.2000122070312,691.9749755859375,712.5,23186270
2021-04-22,662.7176513671875,711.25,713.4000244140625,685.5250244140625,690.0,38485312
2021-04-23,658.8275756835938,707.0750122070312,717.2999877929688,700.0999755859375,704.5,22713528
2021-04-26,654.4716186523438,702.4000244140625,714.5,701.375,706.5,30170952
2021-04-27,670.2649536132812,719.3499755859375,721.0,702.4000244140625,703.625,20592906
2021-04-28,688.01513671875,738.4000244140625,739.5,715.5,718.125,24103940
2021-04-29,686.0118408203125,736.25,751.8250122070312,730.5,743.0999755859375,24078552
2021-04-30,657.9656982421875,706.1500244140625,726.9000244140625,703.75,722.5,35232902
2021-05-03,658.9673461914062,707.2249755859375,710.9500122070312,688.6500244140625,696.5,22473700
2021-05-04,646.8077392578125,694.1749877929688,711.5,691.6500244140625,704.9749755859375,21486328
2021-05-05,653.4466552734375,701.2999877929688,704.7999877929688,690.8499755859375,700.5,14421612
2021-05-06,652.6547241210938,700.4500122070312,705.4000244140625,697.5,703.7999877929688,11477044
2021-05-07,659.107177734375,707.375,712.4749755859375,705.125,706.4749755859375,12048334
2021-05-10,661.4830932617188,709.9249877929688,715.0,706.4000244140625,713.5,11060050
2021-05-11,653.8892211914062,701.7750244140625,712.0999755859375,697.5250244140625,698.0,14519034
2021-05-12,652.00244140625,699.75,704.2999877929688,694.4249877929688,699.875,13774926
2021-05-14,646.1090087890625,693.4249877929688,699.4500122070312,691.1749877929688,697.1749877929688,10604142
2021-05-17,670.9869995117188,720.125,721.2999877929688,690.6500244140625,697.5750122070312,15120692
2021-05-18,687.968505859375,738.3499755859375,741.375,727.5,729.4749755859375,22165280
2021-05-19,679.3497314453125,729.0999755859375,739.4249877929688,726.2750244140625,735.0999755859375,10130916
2021-05-20,667.5162963867188,716.4000244140625,732.9500122070312,714.25,729.1749877929688,10684184
2021-05-21,697.565673828125,748.6500244140625,750.9500122070312,721.5,721.5,19341646
2021-05-24,703.4590454101562,754.9749755859375,760.2249755859375,749.25,751.625,22146102
2021-05-25,689.0167236328125,739.4749755859375,756.875,735.25,755.25,19236974
2021-05-26,688.1316528320312,738.5250244140625,743.5,735.0,740.0,12283990
2021-05-27,690.7405395507812,741.3250122070312,744.5,731.2249755859375,736.5499877929688,20439496
2021-05-28,700.4307861328125,751.7249755859375,756.5,739.375,745.4500122070312,17750020
2021-05-31,706.207763671875,757.9249877929688,759.75,743.75,750.0,15661054
2021-06-01,704.2743530273438,755.8499755859375,763.5,753.625,760.1500244140625,11030162
2021-06-02,700.6871948242188,752.0,755.0999755859375,746.5,755.0,10624016
2021-06-03,708.3973999023438,760.2750244140625,762.4749755859375,743.875,754.0,10287260
2021-06-04,699.26611328125,750.4749755859375,760.3250122070312,749.5999755859375,758.0,9424476
2021-06-07,698.753662109375,749.9249877929688,757.0,748.0,755.0,8091668
2021-06-08,690.9268188476562,741.5250244140625,750.6500244140625,740.75,748.2750244140625,9872540
2021-06-09,689.6456909179688,740.1500244140625,751.0,736.0250244140625,741.9500122070312,10223442
2021-06-10,689.9951171875,740.5250244140625,744.5,736.8250122070312,741.0499877929688,11483540
2021-06-11,692.4642944335938,743.1749877929688,748.2750244140625,740.5250244140625,745.5,7205974
2021-06-14,689.2496948242188,739.7249755859375,743.0,731.2750244140625,739.125,8881964
2021-06-15,694.2811889648438,745.125,748.0,737.4000244140625,743.0,7569602
2021-06-16,691.6489868164062,742.2999877929688,747.0,739.0499877929688,744.0,7702098
2021-06-17,683.0302124023438,733.0499877929688,739.375,730.0,733.0,9283802
2021-06-18,689.4126586914062,739.9000244140625,745.0,727.5,734.75,11938060
2021-06-21,693.5591430664062,744.3499755859375,745.9000244140625,729.5,730.6749877929688,7260472
2021-06-22,691.2763061523438,741.9000244140625,754.0,740.0,748.5,14366824
2021-06-23,692.068359375,742.75,748.9000244140625,739.2999877929688,745.0,7844868
2021-06-24,701.7353515625,753.125,756.7249755859375,744.0,745.0,14785024
2021-06-25,705.8584594726562,757.5499877929688,761.0,753.5,755.5499877929688,10383176
2021-06-28,702.7137451171875,754.1749877929688,761.5,752.5,760.0,9356786
2021-06-29,702.8073120117188,751.0250244140625,754.0999755859375,746.0750122070312,753.5,10971692
2021-06-30,700.8656005859375,748.9500122070312,754.5,747.0499877929688,749.0,9679022
2021-07-01,695.6484375,743.375,751.0,741.5,751.0,16911442
2021-07-02,692.6773071289062,740.2000122070312,744.625,738.5,742.5,14827036
2021-07-05,699.7191772460938,747.7249755859375,752.25,742.2750244140625,744.9749755859375,7373882
2021-07-06,718.0841064453125,767.3499755859375,770.0,748.0,748.5,17669032
2021-07-07,720.330078125,769.75,772.6749877929688,763.8499755859375,767.0,9629190
2021-07-08,711.4165649414062,760.2249755859375,768.8499755859375,756.7249755859375,762.5,8420922
2021-07-09,702.7838745117188,751.0,758.0,748.75,756.2750244140625,10695842
2021-07-12,695.765380859375,743.5,751.0,742.0,751.0,14458978
2021-07-13,702.7136840820312,750.9249877929688,753.0499877929688,742.0499877929688,748.0499877929688,18178142
2021-07-14,701.4503784179688,749.5750122070312,753.6749877929688,745.5499877929688,748.75,9788494
2021-07-15,711.5335083007812,760.3499755859375,763.375,749.8250122070312,752.5,10438802
2021-07-16,712.3056030273438,761.1749877929688,764.9749755859375,759.4000244140625,763.9749755859375,5170628
2021-07-19,688.279052734375,735.5,744.4249877929688,733.0,743.5,25111600
2021-07-20,675.248046875,721.5750122070312,727.0,718.0750122070312,721.0,24174250
2021-07-22,677.8449096679688,724.3499755859375,734.25,722.5,728.0499877929688,13207114
2021-07-23,675.0609130859375,721.375,728.7249755859375,717.6500244140625,725.75,13126684
2021-07-26,671.22412109375,717.2750244140625,722.0,714.0499877929688,715.0,13167166
2021-07-27,673.6572265625,719.875,724.9500122070312,718.0499877929688,718.0499877929688,22401430
2021-07-28,663.1528930664062,708.6500244140625,719.3499755859375,702.0,717.5250244140625,20670342
2021-07-29,663.5973510742188,709.125,714.9749755859375,706.6500244140625,714.125,13702230
2021-07-30,667.43408203125,713.2249755859375,715.875,703.9749755859375,709.5,11655488
2021-08-02,665.6560668945312,711.3250122070312,717.5,708.125,717.5,13258786
2021-08-03,671.2943115234375,717.3499755859375,719.9500122070312,705.0,705.0,12033120
2021-08-04,685.6119995117188,732.6500244140625,737.25,720.0,720.5,22053948
2021-08-05,694.7594604492188,742.4249877929688,753.5250244140625,728.7000122070312,733.5499877929688,18822408
2021-08-06,698.4090576171875,746.3250122070312,750.0,737.0,741.7750244140625,13339270
2021-08-09,703.6728515625,751.9500122070312,753.6749877929688,738.0,746.0,10998048
2021-08-10,705.4275512695312,753.8250122070312,759.875,744.5,744.5,14838346
2021-08-11,699.4852294921875,747.4749755859375,759.4249877929688,745.5250244140625,757.4500122070312,12585786
2021-08-12,702.503173828125,750.7000122070312,753.7999877929688,744.6500244140625,748.5,8597674
2021-08-13,714.10693359375,763.0999755859375,765.5,750.5,750.5999755859375,16658428
2021-08-16,716.1657104492188,765.2999877929688,767.5,760.7249755859375,763.0750122070312,6252778
2021-08-17,708.7028198242188,757.3250122070312,762.0,752.6500244140625,758.5999755859375,8282666
2021-08-18,707.9307250976562,756.5,782.6749877929688,754.1749877929688,778.3499755859375,22985932
2021-08-20,708.7496337890625,757.375,759.9000244140625,743.0250244140625,743.0250244140625,13150406
2021-08-23,713.3583984375,762.2999877929688,766.5750122070312,754.3250122070312,764.9249877929688,10843054
2021-08-24,729.3838500976562,779.4249877929688,782.25,763.7249755859375,765.0,18381314
2021-08-25,728.7055053710938,778.7000122070312,782.4000244140625,774.0,776.0499877929688,7727974
2021-08-26,727.4889526367188,777.4000244140625,785.5,771.7249755859375,775.0,11119002
2021-08-27,724.5177612304688,774.2249755859375,779.3250122070312,772.625,776.0,6382138
2021-08-30,733.7821655273438,784.125,785.0,775.7999877929688,777.7999877929688,9049166
2021-08-31,739.9349975585938,790.7000122070312,791.6749877929688,781.0999755859375,781.75,12062576
2021-09-01,738.85888671875,789.5499877929688,799.0,787.25,787.5,12422558
2021-09-02,743.4910888671875,794.5,796.0,785.625,787.0499877929688,9618524
2021-09-03,737.4318237304688,788.0250244140625,799.0,784.1500244140625,793.0499877929688,10735334
2021-09-06,732.5890502929688,782.8499755859375,790.4749755859375,780.9749755859375,789.9749755859375,7876896
2021-09-07,734.2500610351562,784.625,791.0,777.5999755859375,781.25,7245496
2021-09-08,737.5955810546875,788.2000122070312,790.25,782.7999877929688,785.9749755859375,6724080
2021-09-09,733.9458618164062,784.2999877929688,789.7249755859375,780.5,787.0,8250948
2021-09-13,727.8399047851562,777.7750244140625,792.0,776.8250122070312,781.0,8959164
2021-09-14,724.5645751953125,774.2750244140625,782.25,773.2999877929688,780.0,9758506
2021-09-15,723.7457885742188,773.4000244140625,777.4000244140625,767.5,767.5,14822998
2021-09-16,729.8985595703125,779.9749755859375,782.1500244140625,768.1500244140625,768.875,10260550
2021-09-17,740.2860107421875,791.0750122070312,794.5,779.5999755859375,784.5,20498102
2021-09-20,729.851806640625,779.9249877929688,790.8499755859375,779.0,782.0,8781610
2021-09-21,726.1554565429688,775.9749755859375,784.3250122070312,764.4749755859375,781.0,14774996
2021-09-22,717.6162109375,766.8499755859375,775.0750122070312,765.0,774.5,10582202
2021-09-23,734.6010131835938,785.0,786.0,771.0,771.0,13664304
2021-09-24,749.3632202148438,800.7750244140625,803.9749755859375,787.5,789.5,20806702
2021-09-27,760.3822631835938,812.5499877929688,817.75,804.0,807.8499755859375,16415462
2021-09-28,755.6798706054688,807.5250244140625,816.0,791.0,816.0,12773790
2021-09-29,745.7603759765625,796.9249877929688,803.2999877929688,792.5750122070312,798.5,16263036
2021-09-30,746.2750244140625,797.4749755859375,803.1749877929688,791.5499877929688,793.0,15975348
2021-10-01,740.5432739257812,791.3499755859375,794.5,782.625,791.5,11128596
2021-10-04,741.970458984375,792.875,800.6749877929688,791.7999877929688,794.5,7051028
2021-10-05,746.5089721679688,797.7249755859375,798.75,788.125,796.0,10257178
2021-10-06,755.6096801757812,807.4500122070312,813.4249877929688,793.5,798.0,18600830
2021-10-07,753.5509033203125,805.25,813.8499755859375,803.5,813.2999877929688,11265724
2021-10-08,749.8778076171875,801.3250122070312,811.0,800.0750122070312,806.0,7245562
2021-10-11,764.4530029296875,816.9000244140625,822.5,799.5,799.9500122070312,13080848
2021-10-12,762.4877319335938,814.7999877929688,820.7750244140625,812.5,812.5,8176946
2021-10-13,767.0731811523438,819.7000122070312,824.0,815.0,818.5,6225644
2021-10-14,789.5322875976562,843.7000122070312,845.0,819.0,819.0,14757288
2021-10-18,781.5313110351562,835.1500244140625,862.5,833.5250244140625,852.5,28856456
2021-10-19,790.1405029296875,844.3499755859375,846.2249755859375,835.5,837.7249755859375,8987540
2021-10-20,783.1923217773438,836.9249877929688,849.375,832.2249755859375,844.5499877929688,10908568
2021-10-21,784.338623046875,838.1500244140625,840.9749755859375,830.4249877929688,835.9000244140625,9738190
2021-10-22,786.4207763671875,840.375,854.0,835.375,840.0499877929688,12175554
2021-10-25,775.30810546875,828.5,845.0,806.9000244140625,845.0,16426766
2021-10-26,773.3196411132812,826.375,836.9249877929688,823.1749877929688,825.0,12090656
2021-10-27,768.6640625,821.4000244140625,832.5250244140625,818.6500244140625,826.375,13249642
2021-10-28,745.6433715820312,796.7999877929688,825.0,793.5750122070312,825.0,17797750
2021-10-29,740.613525390625,791.4249877929688,801.0,780.0,795.0,12406874
2021-11-01,751.1178588867188,802.6500244140625,805.5,791.7750244140625,792.5,8122320
2021-11-02,751.7963256835938,803.375,811.0,800.0250244140625,803.0,13237722
2021-11-03,739.9584350585938,790.7249755859375,804.9500122070312,787.7750244140625,802.5499877929688,10207338
2021-11-04,745.8072509765625,796.9749755859375,798.9249877929688,795.0499877929688,797.5,1096808
2021-11-08,748.7548828125,800.125,802.3499755859375,785.2249755859375,796.0499877929688,18943580
2021-11-09,735.65380859375,786.125,797.2999877929688,784.5250244140625,797.2999877929688,12695476
2021-11-10,727.699462890625,777.625,784.5,775.0,784.0,13714126
2021-11-11,724.4476318359375,774.1500244140625,777.4500122070312,767.7999877929688,775.0250244140625,7999404
2021-11-12,726.6466674804688,776.5,779.5250244140625,772.5250244140625,775.0,14914092
2021-11-15,728.6353149414062,778.625,785.9249877929688,777.2000122070312,781.0499877929688,9533594
2021-11-16,724.3073120117188,774.0,778.5999755859375,770.7999877929688,777.5,8245406
2021-11-17,716.2593383789062,765.4000244140625,772.0,764.25,768.4500122070312,7598878
2021-11-18,720.2832641601562,769.7000122070312,771.75,762.625,763.0250244140625,9152874
2021-11-22,709.0303344726562,757.6749877929688,776.3499755859375,749.5250244140625,773.0,15261272
2021-11-23,709.1239013671875,757.7750244140625,763.9000244140625,748.1749877929688,751.0,11235214
2021-11-24,710.2937622070312,759.0250244140625,768.1749877929688,757.0250244140625,762.0,30802286
2021-11-25,713.9900512695312,762.9749755859375,766.6500244140625,753.5,757.4000244140625,10251652
2021-11-26,697.122314453125,744.9500122070312,753.3499755859375,742.5,750.0,18624936
2021-11-29,702.4329223632812,750.625,753.8250122070312,731.0,747.4000244140625,12990996
2021-11-30,698.8301391601562,746.7750244140625,764.5,743.2750244140625,747.5,25221542
2021-12-01,704.0238037109375,752.3250122070312,753.5250244140625,744.5499877929688,747.5,8677634
2021-12-02,713.8964233398438,762.875,764.4000244140625,750.0,752.25,11203110
2021-12-03,708.1881103515625,756.7750244140625,767.9749755859375,753.5250244140625,762.9000244140625,8124694
2021-12-06,703.6260375976562,751.9000244140625,759.4000244140625,748.6749877929688,756.5,7029532
2021-12-07,713.8731079101562,762.8499755859375,766.0,754.9500122070312,756.9749755859375,12427534
2021-12-08,727.0211181640625,776.9000244140625,777.5250244140625,767.0,768.0,15295534
2021-12-09,714.4111938476562,763.4249877929688,777.3499755859375,761.0,772.5999755859375,11747744
2021-12-10,712.3992309570312,761.2750244140625,764.0,754.2249755859375,762.4500122070312,7779384
2021-12-13,707.0650634765625,755.5750122070312,768.8250122070312,753.5999755859375,763.0,10322142
2021-12-14,702.9944458007812,751.2249755859375,758.0,748.5250244140625,751.25,9191100
2021-12-15,701.8480834960938,750.0,761.6749877929688,747.8250122070312,751.5,10115148
2021-12-16,701.894775390625,750.0499877929688,758.5,747.0,756.4000244140625,13210432
2021-12-17,689.2382202148438,736.5250244140625,753.0,733.8499755859375,748.5,14994768
2021-12-20,667.059814453125,712.8250122070312,729.0,707.0499877929688,726.0,21156668
2021-12-21,674.6163940429688,720.9000244140625,725.375,715.0,719.75,9118750
2021-12-22,676.2072143554688,722.5999755859375,728.0,717.8499755859375,726.1500244140625,8577484
2021-12-23,675.6924438476562,722.0499877929688,728.9000244140625,718.4249877929688,726.625,9779166
2021-12-24,673.2595825195312,719.4500122070312,726.0,714.0,722.75,5561024
2021-12-27,678.8275146484375,725.4000244140625,727.0,711.0750122070312,714.4500122070312,4705098
2021-12-28,683.5064086914062,730.4000244140625,733.4500122070312,726.7000122070312,730.3499755859375,5450678
2021-12-29,680.2545166015625,726.9249877929688,730.5,723.7000122070312,728.0250244140625,7668702
2021-12-30,683.833984375,730.75,733.4249877929688,722.5,729.25,7215918
2021-12-31,692.2094116210938,739.7000122070312,742.4000244140625,730.75,730.75,6325736
2022-01-03,711.0422973632812,759.8250122070312,761.5,740.25,742.5,9069184
2022-01-04,715.2066040039062,764.2750244140625,766.4500122070312,753.9000244140625,760.0,8857352
2022-01-05,732.1912841796875,782.4249877929688,786.0,764.0499877929688,768.4000244140625,14332638
2022-01-06,720.4470825195312,769.875,777.375,765.0250244140625,771.5,9628930
2022-01-07,725.5004272460938,775.2750244140625,783.375,767.9500122070312,772.0,11179384
2022-01-10,729.5242919921875,779.5750122070312,786.0,772.75,779.0,8856496
2022-01-11,732.6826171875,782.9500122070312,784.3499755859375,773.9000244140625,780.7750244140625,8389198
2022-01-12,728.3545532226562,778.3250122070312,788.3250122070312,776.0,784.0,21085530
2022-01-13,714.9492797851562,764.0,777.5,760.2000122070312,777.5,41963896
2022-01-14,722.9737548828125,772.5750122070312,774.3499755859375,759.5,765.0,11208968
2022-01-17,711.9078979492188,760.75,778.0,759.5750122070312,765.0,22989372
2022-01-18,715.5340576171875,764.625,775.4500122070312,761.5,766.5,12341152
2022-01-19,710.4808349609375,759.2249755859375,769.875,756.6749877929688,767.0,14317626
2022-01-20,706.0592041015625,754.5,764.25,750.0499877929688,764.2249755859375,15197846
2022-01-21,711.9547119140625,760.7999877929688,764.9000244140625,742.7999877929688,750.0,11537694
2022-01-24,695.6016845703125,743.3250122070312,760.625,733.7750244140625,754.9749755859375,11868508
2022-01-25,696.2567138671875,744.0250244140625,747.5,722.0,729.3250122070312,13594248
2022-01-27,690.127197265625,737.4749755859375,742.5,717.5,725.0,28617838
2022-01-28,684.6527709960938,731.625,743.3499755859375,730.0,738.75,24925208
2022-01-31,695.1571655273438,742.8499755859375,745.7750244140625,733.4000244140625,736.375,12842546
2022-02-01,700.4444580078125,748.5,758.5,736.7249755859375,754.25,14739484
2022-02-02,716.446533203125,765.5999755859375,767.5,752.7999877929688,755.9749755859375,13969290
2022-02-03,709.0303344726562,757.6749877929688,769.9749755859375,754.5,764.375,10564762
2022-02-04,713.0776977539062,762.0,766.4249877929688,757.0499877929688,764.2000122070312,11579958
2022-02-07,686.9454956054688,734.0750122070312,759.5,730.0,756.0499877929688,12268042
2022-02-08,683.9977416992188,730.9249877929688,739.2249755859375,722.2750244140625,738.2000122070312,13981130
2022-02-09,700.72509765625,748.7999877929688,749.8499755859375,733.5,737.0,11308342
2022-02-10,713.5923461914062,762.5499877929688,767.75,750.8250122070312,757.0,14314530
2022-02-11,710.6679077148438,759.4249877929688,762.5,749.75,750.125,10711104
2022-02-14,689.5423583984375,736.8499755859375,749.7249755859375,734.6500244140625,745.0,14656620
2022-02-15,710.1767578125,758.9000244140625,762.4500122070312,736.5250244140625,738.0,13135066
2022-02-16,709.217529296875,757.875,767.375,753.5,767.1749877929688,10032264
2022-02-17,704.889404296875,753.25,761.0,751.0,756.5499877929688,7351208
2022-02-18,707.6265258789062,756.1749877929688,758.5,745.2249755859375,749.1500244140625,7796128
2022-02-21,712.1885986328125,761.0499877929688,765.3499755859375,747.7750244140625,752.0,7468066
2022-02-22,706.8545532226562,755.3499755859375,761.0499877929688,743.9749755859375,744.9000244140625,9536196
2022-02-23,702.2692260742188,750.4500122070312,762.8499755859375,747.8250122070312,762.5499877929688,9029562
2022-02-24,664.135498046875,709.7000122070312,737.4749755859375,703.5750122070312,724.9500122070312,23630766
2022-02-25,681.3073120117188,728.0499877929688,732.9500122070312,716.4249877929688,719.9749755859375,18318654
2022-02-28,667.340576171875,713.125,719.2750244140625,707.0250244140625,713.0,24880832
2022-03-02,643.0098266601562,687.125,699.2000122070312,677.2000122070312,693.25,38505560
2022-03-03,641.4891967773438,685.5,696.0,681.4500122070312,690.5,17527922
2022-03-04,639.3836669921875,683.25,693.0,668.4500122070312,680.0,21219364
2022-03-07,619.8722534179688,662.4000244140625,666.1749877929688,648.5250244140625,659.25,27054458
2022-03-08,621.2759399414062,663.9000244140625,667.0,646.0,651.0999755859375,39212492
2022-03-09,641.559326171875,685.5750122070312,687.3499755859375,659.4249877929688,665.0,23134694
2022-03-10,651.6425170898438,696.3499755859375,713.5,690.125,713.5,22273206
2022-03-11,653.5609741210938,698.4000244140625,704.4749755859375,686.3499755859375,694.0,15150780
2022-03-14,674.96728515625,721.2750244140625,725.0,707.5,707.5,25018126
2022-03-15,666.2877807617188,712.0,724.75,705.875,721.75,18867928
2022-03-16,677.5875244140625,724.0750122070312,727.5,718.0999755859375,723.5,13364108
2022-03-17,692.5135498046875,740.0250244140625,744.9000244140625,735.2750244140625,736.0,14823954
2022-03-21,695.5314331054688,743.25,746.8250122070312,736.4000244140625,743.5,12257876
2022-03-22,699.11083984375,747.0750122070312,749.0,728.5999755859375,740.6500244140625,10461814
2022-03-23,692.1392211914062,739.625,759.4000244140625,736.7999877929688,753.5,31188256
2022-03-24,675.0140380859375,721.3250122070312,734.8250122070312,717.2750244140625,733.0,20160044
2022-03-25,669.5162353515625,715.4500122070312,726.0,709.5,725.5,16366462
2022-03-28,670.4052734375,716.4000244140625,719.0,700.7999877929688,715.4500122070312,15754886
2022-03-29,679.2953491210938,725.9000244140625,730.125,715.0,720.5,12377448
2022-03-30,691.0630493164062,738.4749755859375,741.375,727.0250244140625,736.0,20109742
2022-03-31,687.9747924804688,735.1749877929688,742.3499755859375,732.9500122070312,735.5,14295714
2022-04-01,704.655517578125,753.0,755.0,735.1500244140625,738.2000122070312,14568556
2022-04-04,775.2146606445312,828.4000244140625,861.0499877929688,781.2750244140625,790.0,97450970
2022-04-05,752.4981079101562,804.125,833.3499755859375,801.0,833.3499755859375,30922582
2022-04-06,725.6406860351562,775.4249877929688,794.9000244140625,773.6749877929688,793.8499755859375,27027860
2022-04-07,709.6853637695312,758.375,770.6749877929688,756.8499755859375,770.6500244140625,40781732
2022-04-08,708.7028198242188,757.3250122070312,762.875,748.6500244140625,756.0499877929688,41256322
2022-04-11,700.0466918945312,748.0750122070312,755.0,746.625,753.0,20799066
2022-04-12,698.8067626953125,746.75,753.4249877929688,740.0750122070312,742.0,27435402
2022-04-13,685.4481811523438,732.4749755859375,751.1500244140625,731.3250122070312,745.0,28892520
2022-04-18,652.9292602539062,697.7249755859375,715.8250122070312,695.0250244140625,709.4249877929688,45620376
2022-04-19,628.0136108398438,671.0999755859375,694.7750244140625,663.5,690.4500122070312,74096022
2022-04-20,633.6752319335938,677.1500244140625,679.9500122070312,667.6749877929688,677.2249755859375,49325736
2022-04-21,643.0565795898438,687.1749877929688,689.9000244140625,676.6500244140625,682.5,52446270
2022-04-22,634.2835083007812,677.7999877929688,687.6749877929688,674.5750122070312,680.0,20659148
2022-04-25,639.0326538085938,682.875,685.3250122070312,661.125,675.0,20935488
2022-04-26,641.9804077148438,686.0250244140625,690.9749755859375,678.5750122070312,686.0,17016842
2022-04-27,642.21435546875,686.2750244140625,689.5,678.0499877929688,680.0,18054334
2022-04-28,641.6528930664062,685.6749877929688,689.5,681.0499877929688,686.0,20773722
2022-04-29,647.8525390625,692.2999877929688,702.375,685.7750244140625,690.1749877929688,28401476
2022-05-02,656.7893676757812,701.8499755859375,703.2249755859375,681.0250244140625,681.0250244140625,19494316
2022-05-04,634.4706420898438,678.0,701.7999877929688,675.0,700.0,29055916
2022-05-05,633.0435180664062,676.4749755859375,687.5,673.25,687.5,17862912
2022-05-06,616.5033569335938,658.7999877929688,667.5,656.5,665.0,26731268
2022-05-09,617.55615234375,659.9249877929688,663.25,647.75,650.0,32762434
2022-05-10,627.4756469726562,670.5250244140625,676.5,657.5250244140625,657.5250244140625,20113812
2022-05-11,631.0082397460938,674.2999877929688,677.5,664.3250122070312,676.5,17102924
2022-05-12,616.7843627929688,651.5250244140625,663.4000244140625,646.5,660.5499877929688,22382290
2022-05-13,611.2462768554688,645.6749877929688,659.0,643.5,655.0250244140625,16768238
2022-05-16,617.754638671875,652.5499877929688,656.0,642.6500244140625,649.5,9804356
2022-05-17,621.9674682617188,657.0,658.5,649.0999755859375,656.2999877929688,16641444
2022-05-18,621.9200439453125,656.9500122070312,666.6500244140625,655.0,662.0250244140625,15732384
2022-05-19,609.2109375,643.5250244140625,648.2000122070312,639.1500244140625,643.0999755859375,20537506
2022-05-20,625.2571411132812,660.4749755859375,662.0999755859375,646.1749877929688,651.5,13919350
2022-05-23,617.2340698242188,652.0,664.9749755859375,649.5499877929688,657.0,19486320
2022-05-24,624.3104858398438,659.4749755859375,662.5,648.4500122070312,650.0,12870796
2022-05-25,628.9728393554688,664.4000244140625,667.9749755859375,661.5999755859375,665.0,12887112
2022-05-26,646.912353515625,683.3499755859375,685.5,670.0,671.0750122070312,26992428
2022-05-27,658.9115600585938,696.0250244140625,697.3499755859375,685.375,685.9000244140625,24031718
2022-05-30,663.4082641601562,700.7750244140625,710.25,699.2249755859375,705.125,12624674
2022-05-31,657.4441528320312,694.4749755859375,702.4000244140625,690.0,697.9500122070312,13485388
2022-06-01,660.2368774414062,697.4249877929688,700.2249755859375,689.5750122070312,690.0,12091896
2022-06-02,655.621826171875,692.5499877929688,694.0,689.2999877929688,693.625,11475020
2022-06-03,653.349853515625,690.1500244140625,700.375,688.1500244140625,699.1500244140625,6957244
2022-06-06,652.47412109375,689.2249755859375,693.5,680.3250122070312,688.1500244140625,6173266
2022-06-07,644.9716796875,681.2999877929688,687.1500244140625,677.0499877929688,681.0,10253966
2022-06-08,647.2437744140625,683.7000122070312,690.5,678.5,686.6500244140625,5986588
2022-06-09,652.1190795898438,688.8499755859375,691.0250244140625,678.5750122070312,681.125,7311816
2022-06-10,639.5282592773438,675.5499877929688,683.9749755859375,671.7999877929688,680.0499877929688,9155430
2022-06-13,627.9315185546875,663.2999877929688,665.0,654.1500244140625,661.7999877929688,10892572
2022-06-14,621.020751953125,656.0,663.0,652.5,655.625,11870356
2022-06-15,618.8670043945312,653.7249755859375,657.9000244140625,649.2000122070312,650.8250122070312,11810470
2022-06-16,606.4892578125,640.6500244140625,660.2750244140625,639.0,655.0,12169192
2022-06-17,610.4889526367188,644.875,649.5,635.7999877929688,637.5,14723922
2022-06-20,625.8251342773438,661.0750122070312,662.5,647.0750122070312,652.3499755859375,15936840
2022-06-21,632.6412963867188,668.2750244140625,677.0,662.0250244140625,668.4500122070312,13220684
2022-06-22,629.6592407226562,665.125,668.4749755859375,661.5999755859375,666.125,8159698
2022-06-23,631.978515625,667.5750122070312,674.0,659.25,665.25,15372244
2022-06-24,640.8062744140625,676.9000244140625,680.8250122070312,669.2750244140625,669.2750244140625,8013432
2022-06-27,641.9660034179688,678.125,688.0,676.0,685.0,9804164
2022-06-28,637.0670166015625,672.9500122070312,675.5,669.2000122070312,672.0,9770574
2022-06-29,636.1438598632812,671.9749755859375,675.375,665.625,665.625,9994046
2022-06-30,638.06103515625,674.0,677.0,668.0,668.0,12475822
2022-07-01,640.7826538085938,676.875,680.0,665.0250244140625,671.9749755859375,11472452
2022-07-04,641.6820068359375,677.8250122070312,680.0999755859375,671.125,676.8499755859375,8487480
2022-07-05,640.2382202148438,676.2999877929688,689.6749877929688,674.1500244140625,682.0,14325718
2022-07-06,649.0660400390625,685.625,686.7000122070312,673.5499877929688,674.0,15049078
2022-07-07,660.6865844726562,697.9000244140625,699.0,687.2249755859375,690.0,17743142
2022-07-08,661.3018798828125,698.5499877929688,705.0,697.375,705.0,12474030
2022-07-11,665.5855712890625,703.0750122070312,704.9500122070312,696.625,697.0,7462880
2022-07-12,658.793212890625,695.9000244140625,702.625,694.7000122070312,702.625,9876974
2022-07-13,642.723388671875,678.9249877929688,697.0999755859375,677.125,695.0,15945610
2022-07-14,639.5046997070312,675.5250244140625,686.3250122070312,674.625,681.0,10372410
2022-07-15,644.71142578125,681.0250244140625,682.4500122070312,673.4000244140625,676.5,13595646
2022-07-18,637.847900390625,673.7750244140625,683.0499877929688,671.0250244140625,674.0,20332220
2022-07-19,638.0846557617188,674.0250244140625,679.2750244140625,668.5,668.5,15792538
2022-07-20,646.1314086914062,682.5250244140625,685.5499877929688,677.625,679.9500122070312,20347862
2022-07-21,644.0960083007812,680.375,684.75,679.0499877929688,680.2750244140625,12640278
2022-07-22,659.1245727539062,696.25,698.5,681.2000122070312,683.0,12729592
2022-07-25,661.0653076171875,698.2999877929688,702.2999877929688,691.6500244140625,697.5,10143126
2022-07-26,659.7161865234375,696.875,701.0,693.1500244140625,698.0,8527964
2022-07-27,664.75732421875,702.2000122070312,703.0,692.125,694.4500122070312,9212778
2022-07-28,670.650390625,708.4249877929688,712.0,705.5,707.5250244140625,17420406
2022-07-29,678.86279296875,717.0999755859375,719.2999877929688,707.6500244140625,719.0,20019736
2022-08-01,684.5192260742188,723.0750122070312,724.2249755859375,715.0250244140625,719.5,13193036
2022-08-02,676.9930419921875,715.125,722.2999877929688,711.5250244140625,721.0,15036510
2022-08-03,678.5787963867188,716.7999877929688,717.875,708.5,712.4749755859375,10975498
2022-08-04,677.774169921875,715.9500122070312,723.3499755859375,706.4749755859375,720.0,12012206
2022-08-05,675.4783935546875,713.5250244140625,718.4749755859375,710.5750122070312,716.5,9268982
2022-08-08,692.0453491210938,731.0250244140625,732.25,713.5499877929688,714.0,15357736
2022-08-10,694.0569458007812,733.1500244140625,735.75,724.5250244140625,730.6749877929688,17353102
2022-08-11,703.2398071289062,742.8499755859375,745.5,737.2750244140625,743.25,18301766
2022-08-12,702.9794311523438,742.5750122070312,744.6500244140625,737.9749755859375,742.5,8850370
2022-08-16,711.0262451171875,751.0750122070312,754.25,744.0250244140625,747.4000244140625,12563756
2022-08-17,714.694580078125,754.9500122070312,756.375,742.875,750.0,12384350
2022-08-18,715.5465698242188,755.8499755859375,756.9500122070312,749.8250122070312,750.0,8342138
2022-08-19,706.7188110351562,746.5250244140625,756.0,745.0,755.0,8063702
2022-08-22,695.9740600585938,735.1749877929688,744.1749877929688,733.8499755859375,742.4000244140625,8234066
2022-08-23,693.8203125,732.9000244140625,737.9749755859375,725.2000122070312,726.6500244140625,14966884
2022-08-24,697.1572875976562,736.4249877929688,737.75,729.5999755859375,730.9500122070312,13455520
2022-08-25,693.37060546875,732.4249877929688,743.4000244140625,728.5,739.9500122070312,11823040
2022-08-26,693.4889526367188,732.5499877929688,740.9000244140625,730.5999755859375,736.0250244140625,7706176
2022-08-29,681.3241577148438,719.7000122070312,723.0,714.2999877929688,718.5,8653178
2022-08-30,703.4290161132812,743.0499877929688,744.9749755859375,721.5499877929688,723.2249755859375,10135400
2022-09-01,696.8259887695312,736.0750122070312,744.7249755859375,729.5,732.375,22403136
2022-09-02,703.1450805664062,742.75,745.25,732.5999755859375,736.0750122070312,12038086
2022-09-05,707.6654052734375,747.5250244140625,749.5,742.0499877929688,743.0499877929688,12131932
2022-09-06,704.9673461914062,744.6749877929688,753.3250122070312,743.2249755859375,749.4500122070312,12238696
2022-09-07,701.6304321289062,741.1500244140625,745.0,735.6500244140625,735.6500244140625,9776206
2022-09-08,708.8724975585938,748.7999877929688,750.0,741.0750122070312,745.0499877929688,11164690
2022-09-09,709.3458251953125,749.2999877929688,754.5,747.0250244140625,748.0999755859375,15128888
2022-09-12,706.9554443359375,746.7750244140625,752.0,745.0,750.0,11080492
2022-09-13,716.2091674804688,756.5499877929688,757.9500122070312,749.2750244140625,749.4500122070312,13001966
2022-09-14,723.5696411132812,764.3250122070312,769.4500122070312,746.1749877929688,747.0250244140625,20219760
2022-09-15,719.8065795898438,760.3499755859375,770.4749755859375,756.0,765.0,13539372
2022-09-16,706.5767822265625,746.375,757.3499755859375,741.5,751.5499877929688,20560046
2022-09-19,711.2391357421875,751.2999877929688,757.0,740.0,744.5,12076038
2022-09-20,719.8065795898438,760.3499755859375,762.0,754.9500122070312,757.0,10781668
2022-09-21,718.6942749023438,759.1749877929688,760.75,752.5,754.0,9072304
2022-09-22,703.3817749023438,743.0,755.0750122070312,741.375,751.0,12048144
2022-09-23,684.5192260742188,723.0750122070312,737.5,718.5,736.1749877929688,15806252
2022-09-26,675.2890625,713.3250122070312,718.2249755859375,709.0,712.6749877929688,8923486
2022-09-27,669.2303466796875,706.9249877929688,720.0,703.5,716.2000122070312,12639700
2022-09-28,657.7282104492188,694.7750244140625,705.2999877929688,692.9500122070312,703.0,11816132
2022-09-29,654.3201293945312,691.1749877929688,701.0999755859375,689.4000244140625,698.1500244140625,14410388
2022-09-30,672.7803344726562,710.6749877929688,715.7249755859375,682.5,689.4000244140625,15781756
2022-10-03,668.922607421875,706.5999755859375,708.9249877929688,700.5499877929688,704.9749755859375,11541112
2022-10-04,687.7615966796875,726.5,729.0,713.0750122070312,714.75,11538526
2022-10-06,680.1881103515625,718.5,731.2999877929688,717.0999755859375,729.9749755859375,12549198
2022-10-07,677.2534790039062,715.4000244140625,717.4749755859375,710.1749877929688,715.125,13297994
2022-10-10,669.7747192382812,707.5,713.0,699.0999755859375,704.0,13109302
2022-10-11,662.9822998046875,700.3250122070312,708.5,699.7249755859375,700.5499877929688,14521620
2022-10-12,667.3132934570312,704.9000244140625,707.4249877929688,698.6500244140625,701.5999755859375,9225050
2022-10-13,659.645263671875,696.7999877929688,703.125,692.0,701.0250244140625,14714234
2022-10-14,681.1348266601562,719.5,723.5,707.625,708.5,12849920
2022-10-17,684.7085571289062,723.2750244140625,728.7999877929688,713.5,717.5,18410500
2022-10-18,683.4305419921875,721.9249877929688,731.4500122070312,720.0,729.0250244140625,10561108
2022-10-19,690.4359741210938,729.3250122070312,738.7000122070312,726.7000122070312,732.0,12967040
2022-10-20,685.7735595703125,724.4000244140625,726.4500122070312,721.25,722.0,7898078
2022-10-21,680.9454345703125,719.2999877929688,728.8250122070312,717.0,726.0,10492606
2022-10-24,691.5719604492188,730.5250244140625,731.5,727.1500244140625,727.1500244140625,2167794
2022-10-25,686.7675170898438,725.4500122070312,733.9000244140625,722.5,730.5499877929688,13773394
2022-10-27,688.4241943359375,727.2000122070312,733.6749877929688,725.625,732.25,15937276
2022-10-28,690.4595336914062,729.3499755859375,733.5,723.7000122070312,725.0,10474278
2022-10-31,708.4464721679688,748.3499755859375,749.0,733.625,736.0,12830528
2022-11-01,716.2802734375,756.625,764.5,749.4500122070312,751.75,19073756
2022-11-02,716.7298583984375,757.0999755859375,764.125,755.7999877929688,758.5,12720406
2022-11-03,713.5822143554688,753.7750244140625,760.125,748.5,748.8499755859375,10332352
2022-11-04,708.6594848632812,748.5750122070312,758.0499877929688,744.7999877929688,751.5999755859375,10818060
2022-11-07,714.1738891601562,754.4000244140625,756.0,746.0499877929688,755.0,9835834
2022-11-09,713.9608764648438,754.1749877929688,758.9749755859375,752.0,757.5250244140625,9269790
2022-11-10,721.7236938476562,762.375,763.5,747.5250244140625,748.5499877929688,12774182
2022-11-11,762.6201171875,805.5750122070312,818.5,769.0,772.5,56722338
2022-11-14,764.4661254882812,807.5250244140625,814.0,799.0,806.0,19195390
2022-11-15,766.3358154296875,809.5,811.5750122070312,802.625,811.5750122070312,11030202
2022-11-16,772.915283203125,816.4500122070312,821.0,806.0,809.3250122070312,13578150
2022-11-17,765.9335327148438,809.0750122070312,815.7750244140625,806.9500122070312,809.0499877929688,12100930
2022-11-18,763.921875,806.9500122070312,811.5,802.625,810.5,10459232
2022-11-21,756.0880737304688,798.6749877929688,806.0,795.0999755859375,803.8250122070312,8344816
2022-11-22,754.9757080078125,797.5,802.1749877929688,795.5,800.0,8546314
2022-11-23,756.9401245117188,799.5750122070312,802.5,797.0,802.5,10185738
2022-11-24,769.2468872070312,812.5750122070312,816.0,799.5750122070312,802.9749755859375,17197960
2022-11-25,765.6968383789062,808.8250122070312,815.8499755859375,807.0499877929688,814.8499755859375,8410496
2022-11-28,757.4607543945312,800.125,803.7249755859375,797.0250244140625,801.4500122070312,16105980
2022-11-29,756.32470703125,798.9249877929688,806.1749877929688,796.4249877929688,798.625,12638236
2022-11-30,761.3421020507812,804.2249755859375,806.4500122070312,798.5499877929688,798.5499877929688,15184806
2022-12-01,766.572509765625,809.75,818.5,807.5,811.0,20446366
2022-12-02,760.703125,803.5499877929688,809.2999877929688,802.5750122070312,805.0,7811078
2022-12-05,763.4721069335938,806.4749755859375,807.2999877929688,798.0999755859375,804.9749755859375,11592622
2022-12-06,762.6201171875,805.5750122070312,806.8499755859375,800.0,800.5,12353092
2022-12-07,762.2887573242188,805.2249755859375,809.2999877929688,802.2249755859375,807.0750122070312,11674720
2022-12-08,766.572509765625,809.75,813.0,802.5,805.0,14803634
2022-12-09,772.0396118164062,815.5250244140625,817.4249877929688,810.0,813.0,11963384
2022-12-12,778.051025390625,821.875,826.7999877929688,810.7000122070312,812.5,14434808
2022-12-13,780.2047119140625,824.1500244140625,828.5,822.5,825.0,17031702
2022-12-14,786.8076782226562,831.125,832.75,825.0,826.5,14227640
2022-12-15,772.3945922851562,815.9000244140625,834.7000122070312,813.5250244140625,828.5250244140625,18182648
2022-12-16,776.1102905273438,819.8250122070312,822.5499877929688,804.5,810.0250244140625,14647958
2022-12-19,778.5243530273438,822.375,823.3250122070312,813.0999755859375,822.0,9604542
2022-12-20,773.1519165039062,816.7000122070312,818.2000122070312,810.0999755859375,810.0999755859375,7174698
2022-12-21,765.6731567382812,808.7999877929688,822.4000244140625,803.2750244140625,820.5,9269198
2022-12-22,763.046142578125,806.0250244140625,813.75,804.5,811.0999755859375,9747096
2022-12-23,756.2300415039062,798.8250122070312,802.0750122070312,792.7249755859375,793.5,10693152
2022-12-26,771.2821655273438,814.7249755859375,819.5,795.0,799.75,9907322
2022-12-27,772.063232421875,815.5499877929688,817.9749755859375,806.75,816.5,7926772
2022-12-28,771.4479370117188,814.9000244140625,816.5,811.5499877929688,811.5499877929688,8691870
2022-12-29,776.8912963867188,820.6500244140625,821.75,805.5,810.0499877929688,11012896
2022-12-30,770.6668701171875,814.0750122070312,822.5,810.0,822.5,7122640
2023-01-02,770.92724609375,814.3499755859375,819.875,809.2750244140625,813.5,4381378
2023-01-03,775.9682006835938,819.6749877929688,821.5,811.0999755859375,811.0999755859375,8378030
2023-01-04,762.0994873046875,805.0250244140625,822.875,803.5,817.5,10351600
2023-01-05,757.2003173828125,799.8499755859375,809.0250244140625,794.7000122070312,807.5,10941436
2023-01-06,754.691650390625,797.2000122070312,804.5499877929688,789.0999755859375,801.0,9092462
2023-01-09,756.1589965820312,798.75,805.7750244140625,795.0,798.0,10729340
2023-01-10,742.3375854492188,784.1500244140625,800.0,782.5,800.0,16371766
2023-01-11,753.0350341796875,795.4500122070312,799.0,780.0,783.9749755859375,15195798
2023-01-12,757.0584106445312,799.7000122070312,801.9500122070312,792.0750122070312,793.9000244140625,9250070
2023-01-13,757.6500244140625,800.3250122070312,804.9500122070312,793.0,799.375,9244546
2023-01-16,750.3843383789062,792.6500244140625,810.6500244140625,790.1500244140625,807.5,14748094
2023-01-17,761.5550537109375,804.4500122070312,805.5,788.75,794.9000244140625,10786354
2023-01-18,774.9979858398438,818.6500244140625,820.7999877929688,799.8499755859375,802.5,19090642
2023-01-19,778.216552734375,822.0499877929688,825.0,816.5,818.5,11172162
2023-01-20,786.1923217773438,830.4749755859375,834.5,821.7000122070312,822.0499877929688,18843404
2023-01-23,791.9434814453125,836.5499877929688,841.2999877929688,830.7000122070312,833.125,15444400
2023-01-24,802.5463256835938,847.75,851.2000122070312,837.5,837.5250244140625,24983940
2023-01-25,780.3703002929688,824.3250122070312,846.4749755859375,822.6500244140625,845.7000122070312,14704142
2023-01-27,764.8211669921875,807.9000244140625,818.5,794.9749755859375,816.0,35179948
2023-01-30,764.0401000976562,807.0750122070312,812.6500244140625,791.0,797.5,18512822
2023-01-31,758.9990844726562,801.75,811.3499755859375,797.5,809.8499755859375,18596244
2023-02-01,770.3828735351562,813.7750244140625,832.5,803.0,812.0,17302790
2023-02-02,758.9280395507812,801.6749877929688,812.25,794.375,804.0499877929688,17497106
2023-02-03,785.1748046875,829.4000244140625,830.25,803.5,805.5,14411100
2023-02-06,781.8375854492188,825.875,834.7000122070312,823.0999755859375,830.0,11167672
2023-02-07,782.997314453125,827.0999755859375,832.4500122070312,816.2999877929688,829.7000122070312,10264588
2023-02-08,782.9026489257812,827.0,834.0999755859375,825.0,827.125,8444826
2023-02-09,781.2696533203125,825.2750244140625,830.8250122070312,817.7750244140625,830.0,11777336
2023-02-10,784.3699951171875,828.5499877929688,829.25,821.0999755859375,824.4000244140625,8172116
2023-02-13,784.9617309570312,829.1749877929688,830.875,822.2750244140625,827.5,5736944
2023-02-14,792.2274780273438,836.8499755859375,838.75,828.9749755859375,832.5,10908592
2023-02-15,790.6182250976562,835.1500244140625,839.0,828.375,839.0,11438712
2023-02-16,787.7544555664062,832.125,840.9500122070312,830.5,836.5999755859375,8062500
2023-02-17,783.8020629882812,827.9500122070312,834.0750122070312,821.4749755859375,830.5,8956270
2023-02-20,776.4415893554688,820.1749877929688,834.7249755859375,817.4000244140625,830.0,8086706
2023-02-21,779.3526000976562,823.25,831.1749877929688,817.0,820.0,12389296
2023-02-22,764.0638427734375,807.0999755859375,820.9749755859375,804.5250244140625,819.5,10359102
2023-02-23,758.8807373046875,801.625,809.4249877929688,796.0499877929688,806.5,27882010
2023-02-24,752.1119384765625,794.4749755859375,808.9500122070312,792.5999755859375,808.9500122070312,17061740
2023-02-27,753.9817504882812,796.4500122070312,799.5,788.6500244140625,792.9500122070312,14312972
2023-02-28,757.1530151367188,799.7999877929688,802.6500244140625,794.3499755859375,796.0,18993992
2023-03-01,756.41943359375,799.0250244140625,806.5,797.875,806.0,14137256
2023-03-02,749.98193359375,792.2249755859375,802.9749755859375,791.0,797.0,17391814
2023-03-03,764.8685302734375,807.9500122070312,810.0,794.0,798.0,14986234
2023-03-06,770.2645263671875,813.6500244140625,819.7249755859375,809.0250244140625,810.0,27004710
2023-03-08,771.8029174804688,815.2750244140625,819.75,810.0,810.0,20099774
2023-03-09,771.8738403320312,815.3499755859375,822.9749755859375,813.5,814.9749755859375,20700166
2023-03-10,751.9700317382812,794.3250122070312,806.875,792.5,805.2249755859375,27387000
2023-03-13,742.4558715820312,784.2750244140625,801.9000244140625,782.4749755859375,793.9500122070312,26443550
2023-03-14,740.4678344726562,782.1749877929688,791.7999877929688,779.6500244140625,785.125,33185612
2023-03-15,729.8413696289062,770.9500122070312,791.4500122070312,768.2999877929688,789.0,37264754
2023-03-16,734.5747680664062,775.9500122070312,779.5499877929688,766.0250244140625,769.5,21753342
2023-03-17,744.3965454101562,786.3250122070312,789.5999755859375,770.0,778.75,22950876
2023-03-20,739.2371826171875,780.875,784.0499877929688,772.7000122070312,783.9749755859375,26503114
2023-03-21,747.615234375,789.7249755859375,791.25,778.0999755859375,785.9749755859375,33050494
2023-03-22,745.8875122070312,787.9000244140625,793.0250244140625,782.6500244140625,792.0,14177324
2023-03-23,739.8998413085938,781.5750122070312,795.1749877929688,779.2750244140625,783.875,28364178
2023-03-24,738.716552734375,780.3250122070312,786.9500122070312,777.4749755859375,780.0,31477748
2023-03-27,741.9351806640625,783.7249755859375,789.7249755859375,779.4500122070312,781.0999755859375,31872006
2023-03-28,747.9702758789062,790.0999755859375,791.4500122070312,782.0499877929688,782.8499755859375,39276302
2023-03-29,751.567626953125,793.9000244140625,801.0,790.9500122070312,792.0,39763612
2023-03-31,761.86279296875,804.7750244140625,806.4749755859375,796.2000122070312,797.7999877929688,34711228
2023-04-03,762.3361206054688,805.2750244140625,807.8499755859375,801.375,803.7750244140625,40025398
2023-04-05,782.7843627929688,826.875,828.0,808.0,809.2999877929688,43365392
2023-04-06,788.7484130859375,833.1749877929688,834.5999755859375,823.5499877929688,824.2750244140625,44637344
2023-04-10,785.0090942382812,829.2249755859375,835.5,827.0,831.625,31813286
2023-04-11,787.3048095703125,831.6500244140625,834.7000122070312,825.5499877929688,829.5,42361542
2023-04-12,797.5289306640625,842.4500122070312,844.0999755859375,833.9000244140625,834.0,26955504
2023-04-13,801.1025390625,846.2249755859375,848.5250244140625,839.0750122070312,844.1500244140625,35330086
2023-04-17,788.8904418945312,833.3250122070312,860.0,826.6500244140625,860.0,32405148
2023-04-18,785.5534057617188,829.7999877929688,838.625,828.2000122070312,835.0,29637226
2023-04-19,788.4407348632812,832.8499755859375,835.1500244140625,828.5750122070312,832.5,24741168
2023-04-20,791.3754272460938,835.9500122070312,838.7249755859375,833.2000122070312,835.8499755859375,32922716
2023-04-21,792.6534423828125,837.2999877929688,838.4749755859375,831.625,834.5,20128618
2023-04-24,799.0673217773438,844.0750122070312,845.7249755859375,837.0499877929688,843.5,35675852
2023-04-25,787.7070922851562,832.0750122070312,843.8499755859375,830.9500122070312,843.8499755859375,50353068
2023-04-26,791.3281860351562,835.9000244140625,837.5,827.5,830.0,27392750
2023-04-27,795.6828002929688,840.5,842.625,832.9249877929688,835.25,47790392
2023-04-28,798.806884765625,843.7999877929688,845.5,835.0,842.3499755859375,27916272
2023-05-02,798.6411743164062,843.625,849.5,841.0,844.3499755859375,32221184
2023-05-03,801.4338989257812,846.5750122070312,848.0,839.8250122070312,842.4749755859375,29407270
2023-05-04,817.8350830078125,863.9000244140625,867.2249755859375,843.5499877929688,843.5499877929688,56854638
2023-05-05,769.4835205078125,812.8250122070312,830.4749755859375,811.0499877929688,819.5,62770416
2023-05-08,778.3822631835938,822.2249755859375,825.1749877929688,815.0,817.5,37244524
2023-05-09,778.4059448242188,822.25,828.0,819.9749755859375,824.9500122070312,43688938
2023-05-10,782.0033569335938,826.0499877929688,827.3250122070312,816.5499877929688,822.25,46340550
2023-05-11,782.5239868164062,826.5999755859375,844.0,824.625,832.5750122070312,35734618
2023-05-12,789.4347534179688,833.9000244140625,836.4000244140625,822.125,823.5,22478760
2023-05-15,793.2215576171875,837.9000244140625,840.375,832.5499877929688,836.0,18512260
2023-05-16,788.6731567382812,823.6500244140625,835.9000244140625,822.0,835.9000244140625,32722086
2023-05-17,784.4360961914062,819.2249755859375,825.0,812.6749877929688,825.0,30466868
2023-05-18,787.572021484375,822.5,826.9749755859375,820.0,824.0,49646942
2023-05-19,788.4817504882812,823.4500122070312,825.0,815.7750244140625,824.0,30460332
2023-05-22,785.6809692382812,820.5250244140625,826.4500122070312,816.3499755859375,822.5,28334032
2023-05-23,783.837646484375,818.5999755859375,824.7999877929688,816.7249755859375,824.5,22470074
2023-05-24,773.5921020507812,807.9000244140625,817.375,806.7999877929688,813.7750244140625,33588112
2023-05-25,770.6236572265625,804.7999877929688,810.0250244140625,798.6749877929688,807.8499755859375,29776930
2023-05-26,773.5921020507812,807.9000244140625,809.5,801.125,809.5,26635066
2023-05-29,783.0237426757812,817.75,820.5,812.4249877929688,814.25,21816292
2023-05-30,783.6222534179688,818.375,821.3250122070312,814.2750244140625,816.7999877929688,37125928
2023-05-31,771.22216796875,805.4249877929688,817.4749755859375,802.3250122070312,814.9500122070312,43334270
2023-06-01,767.9425659179688,802.0,809.9500122070312,800.0,809.9500122070312,50366938
2023-06-02,769.1395263671875,803.25,807.4000244140625,800.5,806.2249755859375,17859710
2023-06-05,768.1340942382812,802.2000122070312,808.25,801.2249755859375,807.25,18697242
2023-06-06,765.7402954101562,799.7000122070312,804.9249877929688,796.125,803.8250122070312,32182852
2023-06-07,769.7140502929688,803.8499755859375,806.2750244140625,798.0,801.7249755859375,24949026
2023-06-08,770.1927490234375,804.3499755859375,813.0,801.625,801.625,37395522
2023-06-09,771.1024169921875,805.2999877929688,809.25,803.5,807.9500122070312,18212578
2023-06-12,766.4105224609375,800.4000244140625,807.9000244140625,799.7249755859375,806.2750244140625,13408292
2023-06-13,767.7031860351562,801.75,804.5,795.0499877929688,795.0499877929688,27926108
2023-06-14,766.8653564453125,800.875,806.0,800.0999755859375,805.2249755859375,20113968
2023-06-15,757.4336547851562,791.0250244140625,802.9749755859375,789.5,802.0,35377476
2023-06-16,767.3441162109375,801.375,804.5999755859375,792.0,793.5750122070312,15779272
2023-06-19,768.014404296875,802.0750122070312,807.125,799.1749877929688,805.5,24829146
2023-06-20,769.6182861328125,803.75,805.5,795.3250122070312,802.0750122070312,20005626
2023-06-21,783.0715942382812,817.7999877929688,818.625,805.5,808.0,24308946
2023-06-22,786.9017944335938,821.7999877929688,828.7750244140625,819.5250244140625,820.0,56596140
2023-06-23,786.8538818359375,821.75,829.9500122070312,817.0250244140625,818.7750244140625,21339218
2023-06-26,783.0476684570312,817.7750244140625,825.375,814.3499755859375,822.5,16130314
2023-06-27,794.0833129882812,829.2999877929688,836.4500122070312,819.2750244140625,821.4749755859375,33831864
2023-06-28,802.4856567382812,838.0750122070312,839.9500122070312,830.25,835.0,59562950
2023-06-30,814.5745239257812,850.7000122070312,854.4000244140625,841.625,852.0,40699016
2023-07-03,823.3838500976562,859.9000244140625,878.75,855.0,856.25,44104116
2023-07-04,827.4053955078125,864.0999755859375,873.5,856.9000244140625,861.7249755859375,38795188
2023-07-05,801.1212158203125,836.6500244140625,860.0,834.2750244140625,858.125,37165754
2023-07-06,801.93505859375,837.5,843.9249877929688,830.2000122070312,836.5,52156544
2023-07-07,794.945068359375,830.2000122070312,837.5,828.1500244140625,832.5,19926336
2023-07-10,793.0538940429688,828.2249755859375,838.375,824.8499755859375,830.5,38398442
2023-07-11,789.1998291015625,824.2000122070312,838.0,822.75,831.5,50670426
2023-07-12,781.8028564453125,816.4749755859375,833.1500244140625,813.5750122070312,827.6749877929688,70958358
2023-07-13,785.7047729492188,820.5499877929688,828.7249755859375,819.0250244140625,828.3499755859375,41913546
2023-07-14,787.3326416015625,822.25,826.7999877929688,817.5,826.7999877929688,24727214
2023-07-17,803.80224609375,839.4500122070312,841.0,816.5,825.0,49252928
2023-07-18,803.1319580078125,838.75,852.0,835.0,849.0,81076818
2023-07-19,806.7705688476562,842.5499877929688,844.375,837.5,840.5499877929688,32935134
2023-07-20,808.5181274414062,844.375,846.0,840.0,840.5750122070312,56210948
2023-07-21,802.2940673828125,837.875,844.9000244140625,836.625,840.0,42154248
2023-07-24,803.5628662109375,839.2000122070312,842.3250122070312,835.0499877929688,839.25,32179444
2023-07-25,812.2764282226562,848.2999877929688,849.5,839.2000122070312,842.3250122070312,55992596
2023-07-26,809.45166015625,845.3499755859375,849.7999877929688,844.0,849.7999877929688,24794358
2023-07-27,801.0493774414062,836.5750122070312,851.5,833.7249755859375,849.9500122070312,59741302
2023-07-28,786.8538818359375,821.75,834.4500122070312,820.5499877929688,830.75,41015684
2023-07-31,790.5403442382812,825.5999755859375,828.4000244140625,819.3499755859375,825.0250244140625,34565006
2023-08-01,795.8306884765625,831.125,833.7249755859375,825.0,827.2249755859375,35394188
2023-08-02,785.4176025390625,820.25,825.75,816.5750122070312,821.0,28116322
2023-08-03,779.7442626953125,814.3250122070312,825.6749877929688,811.5,820.0,57673946
2023-08-04,791.0191650390625,826.0999755859375,828.25,814.625,817.5750122070312,37388304
2023-08-07,790.5643310546875,825.625,831.5499877929688,823.7750244140625,831.5499877929688,28300918
2023-08-08,789.9180297851562,824.9500122070312,827.7999877929688,821.0250244140625,825.8499755859375,43773828
2023-08-09,790.2052612304688,825.25,827.25,815.5499877929688,826.5,33361236
2023-08-10,783.1912231445312,817.9249877929688,827.125,815.5,823.5250244140625,50781118
2023-08-11,775.0283813476562,809.4000244140625,819.2000122070312,808.0999755859375,819.2000122070312,28225822
2023-08-14,771.24609375,805.4500122070312,807.5,800.125,805.5,31304410
2023-08-16,768.9957885742188,803.0999755859375,804.8250122070312,790.6500244140625,791.5499877929688,34137542
2023-08-17,764.73486328125,798.6500244140625,804.9500122070312,797.0,798.7999877929688,52884040
2023-08-18,761.598876953125,795.375,798.1500244140625,792.75,793.7750244140625,25633366
2023-08-21,761.00048828125,794.75,800.25,793.5,800.25,21837270
2023-08-22,757.7448120117188,791.3499755859375,799.0,790.0,798.1749877929688,32273570
2023-08-23,759.6119995117188,793.2999877929688,795.2750244140625,786.625,790.0,36498588
2023-08-24,756.1170043945312,789.6500244140625,798.0999755859375,788.0750122070312,796.6500244140625,43145792
2023-08-25,747.594970703125,780.75,788.75,779.2000122070312,787.2750244140625,30069756
2023-08-28,755.3749389648438,788.875,791.3250122070312,780.75,780.75,28867238
2023-08-29,761.3834838867188,795.1500244140625,796.3250122070312,790.7249755859375,794.8499755859375,35538932
2023-08-30,755.8297119140625,789.3499755859375,801.9749755859375,786.8499755859375,801.9749755859375,28084204
2023-08-31,752.3587036132812,785.7249755859375,791.5750122070312,781.5499877929688,789.5,100075772
2023-09-01,753.9146728515625,787.3499755859375,789.5,779.6749877929688,785.5,43226776
2023-09-04,758.6305541992188,792.2750244140625,795.7249755859375,787.4500122070312,795.0,25073638
2023-09-05,754.010498046875,787.4500122070312,794.2000122070312,785.2999877929688,794.2000122070312,38712082
2023-09-06,763.873046875,797.75,800.0,787.4500122070312,788.4000244140625,56320910
2023-09-07,771.22216796875,805.4249877929688,807.0,793.5750122070312,797.75,34208342
2023-09-08,777.230712890625,811.7000122070312,816.4500122070312,803.7999877929688,804.1500244140625,34502210
2023-09-11,781.2523803710938,815.9000244140625,818.25,812.0,814.4500122070312,31573022
2023-09-12,783.694091796875,818.4500122070312,821.4500122070312,812.5250244140625,820.0,39033340
2023-09-13,787.0454711914062,821.9500122070312,825.7999877929688,814.2999877929688,815.6500244140625,46420094
2023-09-14,786.566650390625,821.4500122070312,825.0,817.5499877929688,822.125,23538848
2023-09-15,795.5914306640625,830.875,835.0,825.0,825.0,173411202
2023-09-18,779.9357299804688,814.5250244140625,827.5,813.0499877929688,826.875,37056288
2023-09-20,748.648193359375,781.8499755859375,799.5,780.2000122070312,799.5,115474648
2023-09-21,743.6930541992188,776.6749877929688,784.4749755859375,768.5250244140625,776.5,72841442
2023-09-22,732.3462524414062,764.8250122070312,782.2000122070312,761.875,779.5,61704250
2023-09-25,732.9925537109375,765.5,770.3499755859375,762.5,762.5,40208754
2023-09-26,736.1763916015625,768.8250122070312,770.0,762.5,762.5,27575308
2023-09-27,731.0056762695312,763.4249877929688,766.25,757.5,761.5,39338538
2023-09-28,729.4974975585938,761.8499755859375,768.7999877929688,759.1749877929688,767.0,55354188
2023-09-29,730.742431640625,763.1500244140625,767.7249755859375,761.1500244140625,761.8499755859375,32053782
2023-10-03,722.0048828125,754.0250244140625,763.5,753.0,763.5,38971694
2023-10-04,732.2984008789062,764.7750244140625,767.5,744.625,747.5,54649430
2023-10-05,735.2667236328125,767.875,775.7750244140625,766.2999877929688,767.5250244140625,48512674
2023-10-06,734.4528198242188,767.0250244140625,772.5,764.9249877929688,772.0,17759356
2023-10-09,725.9307250976562,758.125,765.0,756.0,764.0,16454972
2023-10-10,730.048095703125,762.4249877929688,764.5,757.5999755859375,760.2750244140625,33266292
2023-10-11,737.1099853515625,769.7999877929688,771.0750122070312,764.25,765.0499877929688,31333360
2023-10-12,742.0173950195312,774.9249877929688,776.0,765.7999877929688,768.0499877929688,22025336
2023-10-13,735.2667236328125,767.875,774.4000244140625,764.9749755859375,770.0,39745300
2023-10-16,732.3223266601562,764.7999877929688,767.2249755859375,760.25,765.75,17856084
2023-10-17,737.8759765625,770.5999755859375,777.875,767.5,777.875,32902558
2023-10-18,727.6063842773438,759.875,770.5999755859375,759.0499877929688,770.5999755859375,31216200
2023-10-19,725.308349609375,757.4749755859375,763.125,751.5999755859375,752.7000122070312,30252364
2023-10-20,729.0667114257812,761.4000244140625,763.5,752.5,752.5,21094010
2023-10-23,721.04736328125,753.0250244140625,764.375,750.0499877929688,761.75,22376136
2023-10-25,716.47509765625,748.25,761.4000244140625,745.7249755859375,760.5,28311996
2023-10-26,700.6279907226562,731.7000122070312,746.0,730.125,745.625,55561798
2023-10-27,703.380859375,734.5750122070312,739.0,733.4500122070312,734.75,31940532
2023-10-30,711.0171508789062,742.5499877929688,744.9749755859375,730.9500122070312,731.625,23310982
2023-10-31,706.8997802734375,738.25,752.0,737.0,752.0,32634824
2023-11-01,705.9421997070312,737.25,738.7249755859375,731.125,731.125,33877466
2023-11-02,707.01953125,738.375,745.25,733.5750122070312,742.5,45225154
2023-11-03,710.370849609375,741.875,745.7000122070312,740.8250122070312,744.0,18095340
2023-11-06,715.5176391601562,747.25,749.0,741.5,749.0,25593730
2023-11-07,712.0465698242188,743.625,747.0,738.5999755859375,747.0,41952848
2023-11-08,714.1052856445312,745.7750244140625,746.7249755859375,740.5,741.9749755859375,31399546
2023-11-09,711.280517578125,742.8250122070312,746.2999877929688,741.75,743.0,22116740
2023-11-10,714.0812377929688,745.75,748.0,740.0250244140625,740.0499877929688,14015186
2023-11-13,712.7886352539062,744.4000244140625,747.9749755859375,742.9500122070312,746.0499877929688,20605914
2023-11-15,720.2573852539062,752.2000122070312,755.4749755859375,750.2750244140625,752.0499877929688,41245460
2023-11-16,722.1484985351562,754.1749877929688,759.5,751.875,754.8499755859375,29713838
2023-11-17,720.5924682617188,752.5499877929688,753.75,744.5,745.0,23701874
2023-11-20,720.640380859375,752.5999755859375,756.5,750.7750244140625,756.5,19331452
2023-11-21,726.74462890625,758.9749755859375,761.0,756.0499877929688,759.5,24959972
2023-11-22,724.1593627929688,756.2750244140625,760.0,751.7750244140625,760.0,29123650
2023-11-23,728.3485107421875,760.6500244140625,761.9249877929688,754.25,754.25,13046220
2023-11-24,733.5191650390625,766.0499877929688,766.5750122070312,759.9249877929688,760.5999755859375,16469192
2023-11-28,731.867431640625,764.3250122070312,768.625,762.9000244140625,767.5999755859375,28489338
2023-11-29,746.4698486328125,779.5750122070312,781.5,766.5,766.9500122070312,34042488
2023-11-30,746.3023071289062,779.4000244140625,786.2249755859375,771.0750122070312,784.5750122070312,69491440
2023-12-01,744.674560546875,777.7000122070312,782.875,776.0499877929688,778.9500122070312,22153536
2023-12-04,770.5279541015625,804.7000122070312,806.0,786.8250122070312,794.0,50662456
2023-12-05,777.374267578125,811.8499755859375,819.5,808.25,818.25,52230820
2023-12-06,779.3372802734375,813.9000244140625,819.2249755859375,808.3250122070312,819.2249755859375,38613060
2023-12-07,780.6058959960938,815.2249755859375,817.0,808.0999755859375,812.5,20450386
2023-12-08,791.4978637695312,826.5999755859375,827.5,815.2249755859375,815.2249755859375,33728038
2023-12-11,790.4446411132812,825.5,831.8499755859375,823.5,825.0250244140625,23187620
2023-12-12,782.5928955078125,817.2999877929688,828.125,815.9249877929688,827.0999755859375,36581476
2023-12-13,780.8214111328125,815.4500122070312,818.0,807.5499877929688,816.2249755859375,29346914
2023-12-14,790.0376586914062,825.0750122070312,829.4749755859375,822.5,823.0,35172366
2023-12-15,793.101806640625,828.2750244140625,834.0,823.2999877929688,825.0,138837130
2023-12-18,792.69482421875,827.8499755859375,832.3499755859375,825.4749755859375,830.3499755859375,18014754
2023-12-19,791.3543090820312,826.4500122070312,829.3250122070312,822.0250244140625,825.0,24008446
2023-12-20,793.3171997070312,828.5,834.4749755859375,822.2249755859375,829.0,34232520
2023-12-21,807.53662109375,843.3499755859375,844.875,825.125,828.5,36589240
2023-12-22,799.9481811523438,835.4249877929688,842.9500122070312,833.5499877929688,841.7999877929688,48578850
2023-12-26,805.5018920898438,841.2249755859375,842.9749755859375,834.2750244140625,836.625,18045856
2023-12-27,815.4841918945312,851.6500244140625,853.25,839.2999877929688,840.75,27009078
2023-12-28,816.4177856445312,852.625,860.7000122070312,851.0,854.6500244140625,44076470
2023-12-29,818.3328247070312,854.625,857.4500122070312,848.0,848.5,25011426
2024-01-01,812.9945678710938,849.0499877929688,854.5750122070312,846.0,853.0,14239686
2024-01-02,813.4733276367188,849.5499877929688,851.4000244140625,844.3499755859375,849.4000244140625,29242092
2024-01-03,800.9296264648438,836.4500122070312,852.3499755859375,834.4749755859375,851.0,28389762
2024-01-04,809.5234985351562,845.4249877929688,847.4749755859375,835.3499755859375,839.0,26734056
2024-01-05,805.3822021484375,841.0999755859375,852.4500122070312,834.0499877929688,843.5750122070312,31889470
2024-01-08,796.4052734375,831.7249755859375,841.1749877929688,830.0,839.25,17998470
2024-01-09,790.2052612304688,825.25,838.9000244140625,823.375,833.5750122070312,25326888
2024-01-10,792.8145751953125,827.9749755859375,829.9749755859375,820.7000122070312,821.5,16115824
2024-01-11,789.4871215820312,824.5,831.4500122070312,821.5,830.0,18314010
2024-01-12,785.752685546875,820.5999755859375,828.0,816.7999877929688,826.0,19773552
2024-01-15,800.8818359375,836.4000244140625,840.4500122070312,821.7999877929688,823.8499755859375,28320356
2024-01-16,803.9219360351562,839.5750122070312,841.8250122070312,829.0499877929688,836.5,25322500
2024-01-17,736.1045532226562,768.75,798.4000244140625,764.2000122070312,785.0,170145236
2024-01-18,711.5198974609375,743.0750122070312,757.5,740.0250244140625,747.0,161070930
2024-01-19,704.0989990234375,735.3250122070312,755.125,734.2000122070312,752.9749755859375,109600538
2024-01-23,683.368408203125,713.6749877929688,737.3499755859375,712.5,732.5,115469402
2024-01-24,697.0372314453125,727.9500122070312,729.2249755859375,690.125,690.125,86004404
2024-01-25,686.9830932617188,717.4500122070312,728.6749877929688,709.7000122070312,726.25,98941852
2024-01-29,696.438720703125,727.3250122070312,731.4000244140625,722.9000244140625,724.0250244140625,65645498
2024-01-30,691.4835205078125,722.1500244140625,731.5999755859375,720.4500122070312,727.2750244140625,41728768
2024-01-31,700.2210083007812,731.2750244140625,737.4749755859375,718.4000244140625,719.75,65761040
2024-02-01,702.0402221679688,733.1749877929688,736.7999877929688,728.0250244140625,732.5250244140625,32690740
2024-02-02,692.3692016601562,723.0750122070312,740.4249877929688,721.0250244140625,737.5,44867754
2024-02-05,691.7467041015625,722.4249877929688,725.9500122070312,717.0250244140625,723.0,38605046
2024-02-06,691.3877563476562,722.0499877929688,724.8499755859375,716.2999877929688,722.7750244140625,41075740
2024-02-07,684.6130981445312,714.9749755859375,726.9000244140625,713.3250122070312,726.5,54837086
2024-02-08,671.7343139648438,701.5250244140625,719.4749755859375,700.25,714.9249877929688,69106124
2024-02-09,671.99755859375,701.7999877929688,707.0999755859375,693.5,696.0750122070312,56642124
2024-02-12,665.4863891601562,695.0,706.8250122070312,691.6749877929688,699.8250122070312,34447812
2024-02-13,667.6168823242188,697.2249755859375,702.1749877929688,692.1749877929688,695.9749755859375,57580994
2024-02-14,662.6378173828125,692.0250244140625,695.75,681.7750244140625,688.0,91320810
2024-02-15,677.0007934570312,707.0250244140625,707.75,692.1749877929688,692.5,41584944
2024-02-16,679.8015747070312,709.9500122070312,713.8499755859375,704.2249755859375,711.9500122070312,32175742
2024-02-19,678.4609985351562,708.5499877929688,714.5,707.5999755859375,714.5,34451756
2024-02-20,696.2711181640625,727.1500244140625,728.625,705.9000244140625,707.5,56133508
2024-02-21,689.017822265625,719.5750122070312,732.0,717.5,732.0,45893136
2024-02-22,679.634033203125,709.7750244140625,714.4000244140625,706.0999755859375,708.875,50560882
2024-02-23,680.1365966796875,710.2999877929688,716.9500122070312,709.0,711.2750244140625,29833452
2024-02-26,680.9505615234375,711.1500244140625,717.4249877929688,706.7750244140625,706.7750244140625,23506870
2024-02-27,679.9212646484375,710.0750122070312,713.3499755859375,706.5250244140625,706.7750244140625,32087150
2024-02-28,674.7744750976562,704.7000122070312,712.0999755859375,702.0,710.0750122070312,25321986
2024-02-29,671.90185546875,701.7000122070312,705.2000122070312,698.6500244140625,701.0499877929688,53295700
2024-03-01,684.9961547851562,715.375,716.375,700.0,700.0,34738898
2024-03-04,685.9296875,716.3499755859375,718.5,712.1500244140625,715.4749755859375,35616474
2024-03-05,689.831787109375,720.4249877929688,721.5,710.8250122070312,711.0,37991672
2024-03-06,690.6695556640625,721.2999877929688,726.4249877929688,716.7750244140625,716.7750244140625,42409530
2024-03-07,692.3452758789062,723.0499877929688,725.5250244140625,720.7000122070312,722.75,49348046
2024-03-11,683.5838623046875,713.9000244140625,722.9749755859375,711.5,715.0,50531094
2024-03-12,698.7846069335938,729.7750244140625,732.0,714.625,717.0,65418454
2024-03-13,699.1915893554688,730.2000122070312,735.7999877929688,725.0499877929688,732.75,63067454
2024-03-14,696.8217163085938,727.7249755859375,733.0,722.1500244140625,731.0499877929688,52432158
2024-03-15,695.481201171875,726.3250122070312,729.6500244140625,721.125,725.0,143613804
2024-03-18,692.3212890625,723.0250244140625,728.0,717.9000244140625,723.5,21437856
2024-03-19,693.9012451171875,724.6749877929688,726.2000122070312,717.75,717.75,36183594
2024-03-20,685.1398315429688,715.5250244140625,725.8250122070312,712.3250122070312,724.5250244140625,43606094
2024-03-21,692.1776733398438,722.875,725.625,719.1500244140625,721.2999877929688,28922860
2024-03-22,690.7892456054688,721.4249877929688,725.375,718.875,720.5,45980326
2024-03-26,682.434814453125,712.7000122070312,718.9749755859375,711.0750122070312,713.5999755859375,56844290
2024-03-27,689.7599487304688,720.3499755859375,723.9749755859375,710.625,711.7750244140625,62168668
2024-03-28,693.2069702148438,723.9500122070312,730.25,720.3499755859375,720.3499755859375,55592142
2024-04-01,704.0272216796875,735.25,736.9000244140625,727.7999877929688,729.0,25199570
2024-04-02,708.6472778320312,740.0750122070312,747.4249877929688,731.625,732.5750122070312,41225446
2024-04-03,709.6766967773438,741.1500244140625,747.8250122070312,735.7000122070312,736.0499877929688,45584386
2024-04-04,731.3648071289062,763.7999877929688,765.0,752.0,752.0,88935066
2024-04-05,741.8737182617188,774.7750244140625,777.25,765.0750122070312,769.5,59055902
2024-04-08,740.4613647460938,773.2999877929688,778.625,770.7750244140625,777.4749755859375,20482940
2024-04-09,741.3949584960938,774.2750244140625,777.4249877929688,770.1500244140625,777.4249877929688,21884494
2024-04-10,735.5540161132812,768.1749877929688,774.9500122070312,766.4749755859375,774.9500122070312,27807400
2024-04-12,727.223388671875,759.4749755859375,764.9249877929688,756.7249755859375,760.5,41084208
2024-04-15,715.6133422851562,747.3499755859375,755.0,746.0250244140625,748.7750244140625,23415248
2024-04-16,722.5794067382812,754.625,756.4500122070312,741.125,743.5,20744886
2024-04-18,715.6133422851562,747.3499755859375,759.4249877929688,745.5250244140625,754.9000244140625,34234884
2024-04-19,733.1361694335938,765.6500244140625,767.4749755859375,740.125,743.2750244140625,34576434
2024-04-22,723.9917602539062,756.0999755859375,778.7000122070312,754.1500244140625,778.7000122070312,42298438
2024-04-23,721.7894287109375,753.7999877929688,763.25,751.625,763.1500244140625,26827060
2024-04-24,723.7523803710938,755.8499755859375,760.875,754.5250244140625,757.5,22441580
2024-04-25,723.2975463867188,755.375,759.8499755859375,753.125,753.125,35445204
2024-04-26,722.8427734375,754.9000244140625,764.0,752.7750244140625,759.9000244140625,24854694
2024-04-29,732.2744140625,764.75,767.2249755859375,753.2750244140625,757.5,36093350
2024-04-30,727.7739868164062,760.0499877929688,769.75,757.4500122070312,764.5999755859375,52307382
2024-05-02,733.591064453125,766.125,768.5,760.1749877929688,761.0,33475006
2024-05-03,727.5345458984375,759.7999877929688,770.2999877929688,753.5999755859375,766.625,31865242
2024-05-06,728.994873046875,761.3250122070312,767.25,758.5750122070312,761.0,28793396
2024-05-07,721.0952758789062,753.0750122070312,762.0250244140625,752.0750122070312,760.9749755859375,28480602
2024-05-08,709.84423828125,741.3250122070312,748.4749755859375,740.1749877929688,747.9749755859375,41687862
2024-05-09,693.0155029296875,723.75,743.375,722.6500244140625,737.4749755859375,46281278
2024-05-10,697.820068359375,718.9500122070312,725.9749755859375,713.4000244140625,719.5,27276608
2024-05-13,706.2400512695312,727.625,729.9000244140625,715.1500244140625,716.0,27047202
2024-05-14,709.0062866210938,730.4749755859375,732.75,725.1500244140625,726.125,25665142
2024-05-15,698.1111450195312,719.25,729.8499755859375,717.9000244140625,729.8499755859375,38931996
2024-05-16,708.6665649414062,730.125,731.2750244140625,717.75,723.0250244140625,34945236
2024-05-17,710.5349731445312,732.0499877929688,734.0,723.0999755859375,723.0999755859375,20920190
2024-05-21,707.9629516601562,729.4000244140625,734.8499755859375,725.0499877929688,725.0499877929688,43769978
2024-05-22,708.1570434570312,729.5999755859375,732.7999877929688,724.0750122070312,728.9249877929688,39996278
2024-05-23,724.3661499023438,746.2999877929688,747.8250122070312,728.5250244140625,729.3250122070312,40861920
2024-05-24,736.3046875,758.5999755859375,759.9500122070312,743.0,743.75,31060206
2024-05-27,741.400390625,763.8499755859375,772.5,759.5250244140625,761.6749877929688,29385440
2024-05-28,742.75927734375,765.25,768.0250244140625,762.4000244140625,765.0499877929688,27908904
2024-05-29,731.9855346679688,754.1500244140625,761.9249877929688,750.625,759.0,35147706
2024-05-30,735.1642456054688,757.4249877929688,761.7999877929688,748.8250122070312,749.5999755859375,33755350
2024-05-31,743.2688598632812,765.7750244140625,768.0,757.0,759.5,74079588
2024-06-03,762.9964599609375,786.0999755859375,799.5,775.0,799.5,72637256
2024-06-04,719.7800903320312,741.5750122070312,779.5,727.0,778.5,89531240
2024-06-05,753.0962524414062,775.9000244140625,779.7999877929688,741.1749877929688,747.0250244140625,81631650
2024-06-06,756.93017578125,779.8499755859375,782.7249755859375,773.2999877929688,782.4500122070312,46422870
2024-06-07,763.5545654296875,786.6749877929688,792.1749877929688,776.0250244140625,780.5250244140625,36712216
2024-06-10,757.7066650390625,780.6500244140625,790.3250122070312,778.7999877929688,787.0,22454058
2024-06-11,759.4052734375,782.4000244140625,785.5,776.0999755859375,778.0,29545326
2024-06-12,763.94287109375,787.0750122070312,794.1500244140625,783.2000122070312,787.5,39280436
2024-06-13,767.1458129882812,790.375,792.8499755859375,787.0,790.875,24120192
2024-06-14,774.9835205078125,798.4500122070312,799.5,788.8499755859375,792.0,25540554
2024-06-18,780.2733764648438,803.9000244140625,805.25,794.7249755859375,798.4500122070312,32415714
2024-06-19,804.5628051757812,828.9249877929688,834.9500122070312,802.0,806.7000122070312,90131196
2024-06-20,810.143798828125,834.6749877929688,840.7249755859375,826.0,834.9000244140625,41408742
2024-06-21,808.396728515625,832.875,836.4249877929688,821.5750122070312,836.4249877929688,51630776
2024-06-24,811.6240844726562,836.2000122070312,837.5499877929688,822.875,823.5,28544994
2024-06-25,830.5266723632812,855.6749877929688,858.4749755859375,835.5499877929688,835.5499877929688,74521548
2024-06-26,825.7463989257812,850.75,855.4500122070312,845.5499877929688,853.9749755859375,47596666
2024-06-27,823.1500244140625,848.0750122070312,856.5,843.2999877929688,848.0499877929688,55074650
2024-06-28,817.156494140625,841.9000244140625,853.2999877929688,839.5,848.7999877929688,26476046
2024-07-01,827.5420532226562,852.5999755859375,853.6500244140625,840.0,840.0,21187024
2024-07-02,839.8687744140625,865.2999877929688,867.4500122070312,851.375,857.5,45921690
2024-07-03,858.3346557617188,884.3250122070312,897.0,882.3250122070312,895.5,123217802
2024-07-04,838.1945190429688,863.5750122070312,879.875,862.4249877929688,879.875,45848658
2024-07-05,799.8311157226562,824.0499877929688,842.5,821.0999755859375,842.5,82242548
2024-07-08,793.6434326171875,817.6749877929688,827.4749755859375,813.5750122070312,822.6500244140625,39087800
2024-07-09,794.2015991210938,818.25,823.3499755859375,810.1749877929688,812.5,48550878
2024-07-10,789.1544799804688,813.0499877929688,820.0,810.375,814.9749755859375,45507182
2024-07-11,787.1161499023438,810.9500122070312,812.9249877929688,800.5,811.9749755859375,44177074
2024-07-12,787.50439453125,811.3499755859375,819.2000122070312,805.5750122070312,811.0,56049960
2024-07-15,787.213134765625,811.0499877929688,814.9000244140625,807.5999755859375,811.75,33375694
2024-07-16,786.07275390625,809.875,813.5,808.4000244140625,810.375,28950324
2024-07-18,783.6704711914062,807.4000244140625,811.9749755859375,799.5750122070312,804.0,33717064
2024-07-19,780.0307006835938,803.6500244140625,811.5,801.75,808.0,26002152
2024-07-22,797.1377563476562,821.2750244140625,825.5,806.3250122070312,808.5,53744822
2024-07-23,785.4175415039062,809.2000122070312,823.9000244140625,802.5,823.7750244140625,52002152
2024-07-24,778.4534301757812,802.0250244140625,810.5,794.0250244140625,804.0750122070312,61728206
2024-07-25,784.5440673828125,808.2999877929688,812.5,796.5,796.5,25535732
2024-07-26,785.2962646484375,809.0750122070312,810.875,798.2249755859375,802.5,43810540
2024-07-29,778.9387817382812,802.5250244140625,815.9249877929688,799.1500244140625,807.5,51001148
2024-07-30,784.034423828125,807.7750244140625,817.375,799.5,801.0,54595834
2024-07-31,784.1315307617188,807.875,813.9500122070312,804.5999755859375,807.0,37820484
2024-08-01,795.3178100585938,819.4000244140625,825.0250244140625,808.9749755859375,811.4500122070312,26215174
2024-08-02,805.1937255859375,829.5750122070312,835.25,815.5,815.5,44119238
2024-08-05,784.1315307617188,807.875,823.0,800.5,820.0499877929688,41333634
2024-08-06,777.0703125,800.5999755859375,816.4749755859375,796.6500244140625,815.0,45116050
2024-08-07,787.892578125,811.75,815.0,801.0999755859375,808.5,42346264
2024-08-08,797.2105102539062,821.3499755859375,826.6500244140625,809.625,812.0,33976950
2024-08-09,800.8502197265625,825.0999755859375,831.2750244140625,822.9000244140625,826.0,26644618
2024-08-12,805.65478515625,830.0499877929688,837.9749755859375,823.6749877929688,826.0,39316196
2024-08-13,778.0408935546875,801.5999755859375,816.2000122070312,800.5750122070312,814.0,54055042
2024-08-14,780.2733764648438,803.9000244140625,806.8499755859375,801.5999755859375,803.25,32334428
2024-08-16,792.0662841796875,816.0499877929688,817.0750122070312,805.5,814.25,27849246
2024-08-19,791.7993774414062,815.7750244140625,818.8250122070312,811.8499755859375,818.8250122070312,19502164
2024-08-20,794.783935546875,818.8499755859375,823.0,813.7249755859375,813.7249755859375,31134494
2024-08-21,789.0089111328125,812.9000244140625,817.2750244140625,808.9000244140625,814.0499877929688,47630904
2024-08-22,791.6780395507812,815.6500244140625,819.1500244140625,814.0,816.0,21300638
2024-08-23,788.6448364257812,812.5250244140625,817.0,811.5,817.0,20333422
2024-08-26,795.8758544921875,819.9749755859375,823.9749755859375,816.0999755859375,816.0999755859375,22364266
2024-08-27,794.8082885742188,818.875,823.7000122070312,816.0999755859375,821.7000122070312,35773244
2024-08-28,794.4927368164062,818.5499877929688,819.875,815.0999755859375,818.875,26921188
2024-08-29,795.1964721679688,819.2750244140625,822.2000122070312,815.5750122070312,821.0,49052604
2024-08-30,794.395751953125,818.4500122070312,831.0,810.5750122070312,828.0,445342100
2024-09-02,789.56689453125,813.4749755859375,823.4000244140625,811.5999755859375,823.4000244140625,34049680
2024-09-03,794.6141357421875,818.6749877929688,819.9749755859375,812.2999877929688,817.0,37282860
2024-09-04,796.773681640625,820.9000244140625,822.4000244140625,816.0,819.5,24682744
2024-09-05,798.5450439453125,822.7249755859375,824.9500122070312,821.0,823.0,22876318
2024-09-06,794.4199829101562,818.4749755859375,823.875,817.0499877929688,819.1500244140625,26029602
2024-09-09,799.0546264648438,823.25,824.25,815.0499877929688,819.0,23792914
2024-09-10,800.9229736328125,825.1749877929688,827.0,819.0,827.0,26606646
2024-09-11,797.7929077148438,821.9500122070312,826.25,819.5999755859375,825.2000122070312,22226684
2024-09-12,808.8092651367188,833.2999877929688,835.0,823.5250244140625,827.0,32424046
2024-09-13,808.4937744140625,832.9749755859375,837.0,828.5250244140625,837.0,23860532
2024-09-16,810.9202880859375,835.4749755859375,838.9000244140625,832.0250244140625,833.5,15172820
2024-09-17,809.876953125,834.4000244140625,839.0,832.0750122070312,839.0,20127122
2024-09-18,822.494873046875,847.4000244140625,849.4500122070312,835.5499877929688,835.9249877929688,40917342
2024-09-19,829.1435546875,854.25,859.5,849.5750122070312,849.5999755859375,30651776
2024-09-20,845.0130004882812,870.5999755859375,872.4749755859375,853.7750244140625,858.25,60623386
2024-09-23,854.0397338867188,879.9000244140625,883.1749877929688,870.125,874.5,26965350
2024-09-24,858.0435180664062,884.0250244140625,890.8250122070312,877.125,882.5,33039036
2024-09-25,863.406005859375,889.5499877929688,894.0,880.0750122070312,880.0750122070312,31965312
2024-09-26,865.5171508789062,891.7249755859375,894.0,884.0250244140625,886.5250244140625,31899644
2024-09-27,850.5697631835938,876.3250122070312,889.0999755859375,875.0,888.5,35613502
2024-09-30,840.572509765625,866.0250244140625,875.7249755859375,862.2000122070312,874.4000244140625,26383534
2024-10-01,837.7334594726562,863.0999755859375,871.0,860.0499877929688,862.0,24572284
2024-10-03,816.282958984375,841.0,863.0750122070312,836.6749877929688,857.8250122070312,48473398
2024-10-04,804.4658203125,828.8250122070312,845.3250122070312,826.5,837.25,48683232
2024-10-07,785.1264038085938,808.9000244140625,829.5,806.5,826.0999755859375,94458296
2024-10-08,801.2627563476562,825.5250244140625,828.4000244140625,811.0,815.0,29734406
2024-10-09,792.5758056640625,816.5750122070312,828.375,814.3499755859375,824.75,41125642
2024-10-10,806.7709350585938,831.2000122070312,832.7249755859375,816.25,819.5,21754766
2024-10-11,801.238525390625,825.5,832.2249755859375,821.625,832.2249755859375,23672594
2024-10-14,819.2432861328125,844.0499877929688,846.0250244140625,827.0,828.0250244140625,18527508
2024-10-15,817.3020629882812,842.0499877929688,849.0,837.75,847.0,19651130
2024-10-16,824.9214477539062,849.9000244140625,853.9749755859375,840.0499877929688,840.0499877929688,20470682
2024-10-17,811.988037109375,836.5750122070312,848.8250122070312,832.5999755859375,847.4749755859375,14695732
2024-10-18,816.2101440429688,840.9249877929688,845.5,827.0499877929688,831.5499877929688,24809724
2024-10-21,838.9466552734375,864.3499755859375,874.0750122070312,855.5250244140625,857.5,46548354
2024-10-22,832.0797119140625,857.2750244140625,870.0,855.3499755859375,865.0250244140625,38875280
2024-10-23,842.3923950195312,867.9000244140625,873.25,852.5250244140625,852.5250244140625,38036090
2024-10-24,849.1138305664062,874.8250122070312,884.3250122070312,869.0499877929688,869.0499877929688,30832258
2024-10-25,846.0806884765625,871.7000122070312,878.9249877929688,864.3499755859375,877.5,26130478
2024-10-28,841.6158447265625,867.0999755859375,875.5,864.4500122070312,871.0,22012142
2024-10-29,850.1814575195312,875.9249877929688,882.0,862.5499877929688,863.0750122070312,35794926
2024-10-30,841.8099975585938,867.2999877929688,877.375,862.0999755859375,871.0,32715724
2024-10-31,842.3438720703125,867.8499755859375,869.4500122070312,859.7000122070312,864.0,22895912
2024-11-01,843.120361328125,868.6500244140625,872.0499877929688,863.0499877929688,866.5,1759692
2024-11-04,831.8612670898438,857.0499877929688,872.5,855.4500122070312,872.5,28089248
2024-11-05,853.0933227539062,878.9249877929688,881.3499755859375,848.9500122070312,851.5,44232406
2024-11-06,851.83154296875,877.625,885.75,872.6749877929688,885.75,27787910
2024-11-07,847.6094360351562,873.2750244140625,880.4749755859375,869.0,872.1500244140625,18895456
2024-11-08,851.4432983398438,877.2249755859375,880.9000244140625,872.9249877929688,876.0,19902986
2024-11-11,857.1941528320312,883.1500244140625,891.4000244140625,875.5999755859375,877.2750244140625,24565362
2024-11-12,833.8509521484375,859.0999755859375,887.5,854.3250122070312,886.0,31395406
2024-11-13,815.967529296875,840.6749877929688,864.7000122070312,836.5,858.375,35728500
2024-11-14,821.5,846.375,852.4249877929688,836.0499877929688,836.5499877929688,27146470
2024-11-18,827.4934692382812,852.5499877929688,859.4500122070312,847.5,850.0,27081968
2024-11-19,845.5226440429688,871.125,876.875,851.3499755859375,857.0,50981272
2024-11-21,845.0130004882812,870.5999755859375,879.5,867.0999755859375,874.7000122070312,35716512
2024-11-22,847.1483154296875,872.7999877929688,877.1500244140625,864.7750244140625,871.7750244140625,24773612
2024-11-25,866.560546875,892.7999877929688,901.7750244140625,882.4500122070312,892.5250244140625,427737274
2024-11-26,866.5363159179688,892.7750244140625,905.0,884.9000244140625,905.0,30935566
2024-11-27,879.5181884765625,906.1500244140625,908.6749877929688,892.5750122070312,894.9500122070312,32714976
2024-11-28,870.2245483398438,896.5750122070312,918.0499877929688,894.0,909.5,35722392
2024-11-29,871.632080078125,898.0250244140625,902.2999877929688,891.4500122070312,900.6500244140625,27669536
2024-12-02,875.8298950195312,902.3499755859375,904.0750122070312,887.5,901.75,15110876
2024-12-03,886.3125,913.1500244140625,918.7000122070312,908.0499877929688,911.3499755859375,43410242
2024-12-04,902.7157592773438,930.0499877929688,932.5,915.5750122070312,919.0,44669084
2024-12-05,905.457763671875,932.875,939.9749755859375,917.5999755859375,930.0,39682714
2024-12-06,900.6531982421875,927.9249877929688,932.0999755859375,922.0,928.5,17783156
2024-12-09,907.5203247070312,935.0,940.0,924.5,926.8250122070312,26947912
2024-12-10,906.59814453125,934.0499877929688,938.8499755859375,929.2750244140625,938.8499755859375,13325480
2024-12-11,904.1716918945312,931.5499877929688,935.9500122070312,928.375,930.8499755859375,14045426
2024-12-12,902.30322265625,929.625,934.3250122070312,924.3499755859375,925.5,17293790
2024-12-13,908.3695678710938,935.875,937.5,914.625,931.25,19009002
2024-12-16,905.1907958984375,932.5999755859375,934.9749755859375,927.625,932.5499877929688,13107082
2024-12-17,889.6853637695312,916.625,931.1749877929688,913.25,928.1749877929688,21079532
2024-12-18,878.74169921875,905.3499755859375,918.0,903.5750122070312,914.9249877929688,23422312
2024-12-19,870.3944702148438,896.75,900.5499877929688,889.5,899.7999877929688,25380770
2024-12-20,859.7177734375,885.75,898.7750244140625,883.5250244140625,891.0999755859375,25692348
2024-12-23,874.0343017578125,900.5,903.0,890.6500244140625,891.0,11044592
2024-12-24,872.6268310546875,899.0499877929688,904.3499755859375,894.7750244140625,901.0250244140625,14485834
2024-12-26,869.059814453125,895.375,906.0,890.375,899.2750244140625,10481678
2024-12-27,872.6996459960938,899.125,902.9749755859375,894.5499877929688,897.4000244140625,7259330
2024-12-30,862.82373046875,888.9500122070312,907.5,885.5,896.0999755859375,22222218
2024-12-31,860.3728637695312,886.4249877929688,890.9000244140625,882.7999877929688,885.1500244140625,14117236
2025-01-01,865.1774291992188,891.375,897.0,880.5499877929688,886.7249755859375,7313806
2025-01-02,870.5158081054688,896.875,901.7249755859375,886.5,888.5499877929688,18558576
2025-01-03,848.8954467773438,874.5999755859375,897.625,873.1500244140625,895.5,24426194
2025-01-06,830.1141357421875,855.25,878.5999755859375,852.9000244140625,870.0499877929688,18816348
2025-01-07,831.5215454101562,856.7000122070312,860.5,850.0,857.5,13527906
2025-01-08,822.2522583007812,847.1500244140625,855.8250122070312,841.6749877929688,854.125,19738190
2025-01-09,809.3916625976562,833.9000244140625,844.5,829.0499877929688,842.0750122070312,40420222
2025-01-10,804.029052734375,828.375,837.4500122070312,827.0,835.5,17453280
2025-01-13,791.4595947265625,815.4249877929688,823.375,812.1500244140625,820.0,21669066
2025-01-14,799.1031494140625,823.2999877929688,828.0999755859375,818.5,819.9500122070312,26661432
2025-01-15,797.38037109375,821.5250244140625,831.3499755859375,818.1500244140625,828.25,14022892
2025-01-16,801.7481079101562,826.0250244140625,830.2750244140625,821.4249877929688,826.4249877929688,21212454
2025-01-17,794.3229370117188,818.375,825.25,814.25,821.75,23112076
2025-01-20,801.35986328125,825.625,830.4749755859375,813.0,813.0,17557618
2025-01-21,797.0648803710938,821.2000122070312,830.5250244140625,816.5250244140625,829.125,31158144
2025-01-22,808.5423583984375,833.0250244140625,835.9500122070312,812.7249755859375,821.2000122070312,30619306
2025-01-23,807.9843139648438,832.4500122070312,843.5,825.625,843.5,34909158
2025-01-24,800.6561889648438,824.9000244140625,835.1500244140625,822.25,830.0,24236200
2025-01-27,790.9500732421875,814.9000244140625,821.7999877929688,813.0,820.5499877929688,22804166
2025-01-28,810.6535034179688,835.2000122070312,842.1500244140625,823.5,823.5,30179312
2025-01-29,814.0020141601562,838.6500244140625,840.5750122070312,834.4249877929688,837.5,12619890
2025-01-30,820.8933715820312,845.75,848.9500122070312,836.2750244140625,840.5,25744846
2025-01-31,824.4118041992188,849.375,852.3499755859375,841.9749755859375,843.625,15821686
2025-02-01,820.6264038085938,845.4749755859375,856.5,838.0250244140625,848.75,5587528
2025-02-03,814.3417358398438,839.0,843.4000244140625,831.7249755859375,835.0,20276540
2025-02-04,835.1613159179688,860.4500122070312,862.9000244140625,840.0250244140625,844.3499755859375,28616502
2025-02-05,843.3629760742188,868.9000244140625,872.0999755859375,859.4500122070312,866.5,23675506
2025-02-06,846.299072265625,871.9249877929688,874.5,862.0,867.75,26760716
2025-02-07,840.9122314453125,866.375,883.5,862.5,875.0,23509600
2025-02-10,832.6619873046875,857.875,861.7249755859375,854.25,858.6500244140625,17195950
2025-02-11,825.6978759765625,850.7000122070312,855.5,844.3499755859375,851.5,22724704
2025-02-12,828.3185424804688,853.4000244140625,856.0,840.5999755859375,846.5,22809570
2025-02-13,823.9022827148438,848.8499755859375,857.125,846.7750244140625,849.5,12602434
2025-02-14,822.5191040039062,847.4249877929688,850.9500122070312,840.0,850.9500122070312,19959892
2025-02-17,833.4384765625,858.6749877929688,860.0,840.625,842.5999755859375,12938946
2025-02-18,836.2047729492188,861.5250244140625,865.7750244140625,853.0750122070312,856.5250244140625,16350910
2025-02-19,838.21875,863.5999755859375,868.9500122070312,856.2249755859375,858.5,11884112
2025-02-20,818.7579956054688,843.5499877929688,857.3499755859375,842.6500244140625,855.5,26390510
2025-02-21,821.3786010742188,846.25,847.4749755859375,838.625,840.4500122070312,15680940
2025-02-24,813.9049682617188,838.5499877929688,842.0999755859375,830.5499877929688,840.5499877929688,20693646
2025-02-25,816.4528198242188,841.1749877929688,844.0,835.5499877929688,835.5499877929688,24138708
2025-02-27,825.358154296875,850.3499755859375,855.375,841.2750244140625,841.2750244140625,35786800
2025-02-28,840.7423095703125,866.2000122070312,868.625,842.5,842.5,54516728
2025-03-03,825.7706909179688,850.7750244140625,871.5250244140625,847.0499877929688,869.9000244140625,21205364
2025-03-04,829.8715209960938,855.0,857.1500244140625,846.625,849.0,19920958
2025-03-05,820.1654052734375,845.0,855.4000244140625,844.125,850.9749755859375,21583872
2025-03-06,820.7477416992188,845.5999755859375,849.9500122070312,836.125,843.5,32966088
2025-03-07,819.8013916015625,844.625,850.5750122070312,838.7999877929688,841.0,13372914
2025-03-10,818.9521484375,843.75,849.9500122070312,841.5250244140625,844.5,15604050
2025-03-11,817.9815673828125,842.75,847.0,835.0250244140625,841.2000122070312,19898430
2025-03-12,830.4296264648438,855.5750122070312,859.25,845.7750244140625,845.7750244140625,18784106
2025-03-13,828.2214965820312,853.2999877929688,860.4000244140625,850.0250244140625,858.0250244140625,15736264
2025-03-17,830.0656127929688,855.2000122070312,862.0,852.5,852.5,18950652
2025-03-18,830.0656127929688,855.2000122070312,855.2000122070312,855.2000122070312,855.2000122070312,0
2025-03-19,846.42041015625,872.0499877929688,875.5,866.0999755859375,867.5,15221406
2025-03-20,858.3832397460938,884.375,887.0,874.6500244140625,877.0,17833978
2025-03-21,859.15966796875,885.1749877929688,887.0499877929688,877.7750244140625,877.7750244140625,33508264
2025-03-24,873.5489501953125,900.0,902.2000122070312,886.8250122070312,889.5,17393736
2025-03-25,883.958740234375,910.7249755859375,921.8499755859375,900.75,902.4500122070312,39101416
2025-03-26,876.7277221679688,903.2750244140625,913.75,901.0,912.5,24478442
2025-03-27,885.8514404296875,912.6749877929688,920.5,899.0499877929688,900.0,41658100
2025-03-28,887.2344970703125,914.0999755859375,918.0,902.9249877929688,914.5,28773648
2025-04-01,857.9463500976562,883.9249877929688,904.9500122070312,882.6749877929688,901.0,28511006
2025-04-02,872.0444946289062,898.4500122070312,899.5999755859375,885.3499755859375,885.3499755859375,11573564
2025-04-03,871.0496215820312,897.4249877929688,902.0,888.5,890.5499877929688,11250038
2025-04-04,881.9447631835938,908.6500244140625,920.9749755859375,905.5499877929688,906.5,33540454
2025-04-07,853.0205078125,878.8499755859375,889.9249877929688,869.0999755859375,881.4000244140625,37995450
2025-04-08,858.5773315429688,884.5750122070312,891.0,875.1500244140625,882.5,35563872
2025-04-09,856.5632934570312,882.5,887.5,876.75,882.5,22454608
2025-04-11,876.8247680664062,903.375,909.7000122070312,887.375,887.375,32775766
2025-04-15,905.0452270507812,932.4500122070312,938.4000244140625,927.5,932.5,49298344
2025-04-16,911.4027099609375,939.0,941.9000244140625,930.25,941.9000244140625,19136820
2025-04-17,925.3309326171875,953.3499755859375,959.8499755859375,938.3499755859375,941.0,35703084
2025-04-21,935.231201171875,963.5499877929688,975.3499755859375,955.0,962.0,34247298
2025-04-22,952.0227661132812,980.8499755859375,985.2999877929688,967.5,967.5,45961750
2025-04-23,933.67822265625,961.9500122070312,989.4500122070312,960.25,989.4500122070312,30570642
2025-04-24,930.2325439453125,958.4000244140625,961.9500122070312,952.5499877929688,955.0,25931754
2025-04-25,927.5148315429688,955.5999755859375,966.5,945.9000244140625,962.4000244140625,18500878
2025-04-28,931.882568359375,960.0999755859375,964.8499755859375,954.2000122070312,955.5999755859375,13920492
2025-04-29,926.3501586914062,954.4000244140625,964.4000244140625,950.0999755859375,959.4000244140625,18918308
2025-04-30,934.2120361328125,962.5,968.4500122070312,955.1500244140625,956.5,31936870
2025-05-02,932.7075805664062,960.9500122070312,970.9500122070312,960.0,964.9000244140625,17840404
2025-05-05,939.9386596679688,968.4000244140625,976.0,966.1500244140625,969.5,15068024
2025-05-06,937.4635620117188,965.8499755859375,970.0499877929688,962.1500244140625,965.0,17490156
2025-05-07,944.2092895507812,972.7999877929688,974.3499755859375,961.2000122070312,967.0,21420778
2025-05-08,935.91064453125,964.25,977.4000244140625,959.5499877929688,977.4000244140625,34803430
2025-05-09,917.080810546875,944.8499755859375,959.5,943.4000244140625,955.0499877929688,17188796
2025-05-12,949.8388671875,978.5999755859375,979.9500122070312,956.1500244140625,958.7999877929688,18618972
2025-05-13,933.0473022460938,961.2999877929688,980.8499755859375,960.0,975.0,24242102
2025-05-14,927.2236938476562,955.2999877929688,965.0999755859375,951.5,961.0499877929688,15445308
2025-05-15,938.4827270507812,966.9000244140625,972.4000244140625,948.5,956.75,32241458
2025-05-16,938.9195556640625,967.3499755859375,971.9000244140625,964.2000122070312,966.9000244140625,15868010
2025-05-19,940.8607788085938,969.3499755859375,972.5,965.5,968.5,10202964
2025-05-20,929.310546875,957.4500122070312,967.2999877929688,956.5,964.0499877929688,23879090
2025-05-21,935.085693359375,963.4000244140625,973.4500122070312,960.5499877929688,963.5,15132040
2025-05-22,931.7369995117188,959.9500122070312,962.0999755859375,952.5999755859375,957.5999755859375,21306670
2025-05-23,938.3856811523438,966.7999877929688,968.5,957.25,960.0499877929688,9566072
2025-05-26,941.5886840820312,970.0999755859375,974.9500122070312,963.4500122070312,967.5,10802860
2025-05-27,934.8429565429688,963.1500244140625,974.0,958.1500244140625,965.7999877929688,26162148
2025-05-28,933.484130859375,961.75,967.25,958.8499755859375,960.0999755859375,18157594
2025-05-29,935.42529296875,963.75,970.4000244140625,953.6500244140625,964.0,28917794
2025-05-30,943.86962890625,972.4500122070312,974.4000244140625,962.7000122070312,965.9500122070312,28748078
2025-06-02,937.65771484375,966.0499877929688,968.0,954.0,965.0499877929688,14668822
2025-06-03,934.0178833007812,962.2999877929688,976.0,960.0,969.0,24377584
2025-06-04,942.073974609375,970.5999755859375,971.6500244140625,960.4500122070312,960.5,12961542
2025-06-05,946.1505126953125,974.7999877929688,979.4500122070312,970.0999755859375,974.0,22255418
2025-06-06,960.2728881835938,989.3499755859375,998.1500244140625,971.3499755859375,972.0,30127008
2025-06-09,960.3699951171875,989.4500122070312,997.5,987.9500122070312,997.5,13202588
2025-06-10,953.7698974609375,982.6500244140625,991.4000244140625,980.5499877929688,991.4000244140625,15533126
2025-06-11,946.538818359375,975.2000122070312,983.7999877929688,973.5,983.7999877929688,11096394
2025-06-12,943.1417236328125,971.7000122070312,980.5,967.6500244140625,975.0,16349130
2025-06-13,930.6207885742188,958.7999877929688,966.5,956.5,960.0,12117762
2025-06-16,939.2592163085938,967.7000122070312,969.4500122070312,960.0499877929688,962.0,16513746
2025-06-17,936.4445190429688,964.7999877929688,970.7999877929688,959.5499877929688,968.5,16978736
2025-06-18,938.5313110351562,966.9500122070312,968.1500244140625,958.5,958.5,18433816
2025-06-19,939.2107543945312,967.6500244140625,973.4000244140625,962.7999877929688,966.9500122070312,16876220
2025-06-20,953.4786987304688,982.3499755859375,984.9500122070312,965.7999877929688,965.7999877929688,32900408
2025-06-23,945.5681762695312,974.2000122070312,978.9500122070312,970.9000244140625,974.2000122070312,11739518
2025-06-24,951.634521484375,980.4500122070312,989.5,977.7999877929688,982.5,22625322
2025-06-25,961.0009155273438,990.0999755859375,991.0,981.9500122070312,983.0,18405932
2025-06-26,981.1896362304688,1010.9000244140625,1013.5499877929688,990.0,990.7000122070312,50084830
2025-06-27,988.5982666015625,1007.4500122070312,1009.9000244140625,996.7000122070312,1006.5,28213384
2025-06-30,982.023681640625,1000.75,1006.9000244140625,997.75,1005.75,13649020
2025-07-01,987.2244873046875,1006.0499877929688,1008.0,1002.0,1002.5,14389386
2025-07-02,974.418701171875,993.0,1009.9500122070312,988.9500122070312,1009.9500122070312,18878250
2025-07-03,974.9583740234375,993.5499877929688,1004.0,992.1500244140625,997.4500122070312,16860506
2025-07-04,976.037841796875,994.6500244140625,1001.75,990.0,993.5499877929688,7863944
2025-07-07,975.1055908203125,993.7000122070312,999.2000122070312,991.9000244140625,994.5,11349426
2025-07-08,981.974609375,1000.7000122070312,1002.5,988.5,988.5,15224316
2025-07-09,986.7828369140625,1005.5999755859375,1006.9000244140625,999.0499877929688,1003.5,13861428
2025-07-10,984.3296508789062,1003.0999755859375,1008.5,1000.0,1008.0,17030310
2025-07-11,973.2902221679688,991.8499755859375,1002.4000244140625,990.4500122070312,999.0,12516922
2025-07-14,972.94677734375,991.5,994.3499755859375,985.2999877929688,991.5,13088850
2025-07-15,979.079833984375,997.75,1001.7999877929688,986.5,986.5,14498168
2025-07-16,979.4722900390625,998.1500244140625,1011.3499755859375,996.2999877929688,1009.0,17994612
2025-07-17,974.8602294921875,993.4500122070312,1002.4000244140625,991.3499755859375,1002.0,22529158
2025-07-18,960.38623046875,978.7000122070312,998.5,976.5,993.4500122070312,16129446
2025-07-21,981.5330200195312,1000.25,1001.0,988.25,989.0999755859375,22309078
2025-07-22,984.771240234375,1003.5499877929688,1009.0,1001.5,1006.5499877929688,14836814
2025-07-23,993.2103881835938,1012.1500244140625,1014.9000244140625,1001.5,1005.5,13634916
2025-07-24,988.2548217773438,1007.0999755859375,1018.8499755859375,1004.2000122070312,1018.8499755859375,19107176
2025-07-25,985.9922485351562,1002.2999877929688,1007.5,999.5,1007.5,9306598
2025-07-28,987.9105224609375,1004.25,1010.7000122070312,1000.25,1001.5,12059580
2025-07-29,994.3539428710938,1010.7999877929688,1013.25,998.1500244140625,999.9500122070312,19895696
2025-07-30,996.4197998046875,1012.9000244140625,1016.2999877929688,1008.5,1014.0,15154036
2025-07-31,992.6815795898438,1009.0999755859375,1015.7000122070312,1004.0,1007.2999877929688,22183032
2025-08-01,989.7304077148438,1006.0999755859375,1014.1500244140625,1004.6500244140625,1007.0,11317258
2025-08-04,979.7947387695312,996.0,1009.25,994.0499877929688,1005.0499877929688,13933946
2025-08-05,972.7118530273438,988.7999877929688,997.2000122070312,982.75,993.25,23978058
2025-08-06,976.499267578125,992.6500244140625,994.0,985.0,985.5499877929688,14080204
2025-08-07,981.4671020507812,997.7000122070312,1000.7999877929688,988.4000244140625,990.0499877929688,13081186
2025-08-08,970.8920288085938,986.9500122070312,996.4000244140625,985.0,993.5499877929688,13895264
2025-08-11,981.5654296875,997.7999877929688,998.7999877929688,986.5499877929688,987.9500122070312,9105854
2025-08-12,968.924560546875,984.9500122070312,998.0,983.75,995.9500122070312,12937802
2025-08-13,974.0399169921875,990.1500244140625,997.0,984.5499877929688,997.0,13577396
2025-08-14,979.35205078125,995.5499877929688,998.0,985.5999755859375,989.0,17511716
2025-08-18,985.5003662109375,1001.7999877929688,1013.2999877929688,997.7999877929688,1005.0,19284796
2025-08-19,979.35205078125,995.5499877929688,1003.0499877929688,993.3499755859375,999.1500244140625,12352438
2025-08-20,977.9256591796875,994.0999755859375,996.0,989.5,993.5,9950228
2025-08-21,979.4012451171875,995.5999755859375,998.75,991.5999755859375,998.75,12439850
2025-08-22,966.317626953125,982.2999877929688,998.0,978.5499877929688,994.9500122070312,19833502
2025-08-25,966.0717163085938,982.0499877929688,988.7000122070312,978.5,980.0999755859375,17518044
2025-08-26,957.5625,973.4000244140625,985.7000122070312,968.0,979.5,16917731
2025-08-28,942.2162475585938,957.7999877929688,972.2000122070312,955.0,967.0,25438255
2025-08-29,936.1171264648438,951.5999755859375,963.2999877929688,950.0999755859375,954.0,14823813
2025-09-01,935.1333618164062,950.5999755859375,957.4500122070312,946.3499755859375,949.5999755859375,20178344
2025-09-02,929.1326904296875,944.5,954.7999877929688,944.0,951.0,14196320
2025-09-03,938.9207763671875,954.4500122070312,956.2999877929688,940.0,945.0,16083481
2025-09-04,945.610107421875,961.25,965.7000122070312,956.25,960.2000122070312,17597657
2025-09-05,947.7251586914062,963.4000244140625,967.5,954.0499877929688,967.5,11602111
2025-09-08,950.2828369140625,966.0,973.1500244140625,960.4500122070312,969.0,11711307
2025-09-09,949.4467163085938,965.1500244140625,974.4000244140625,962.7000122070312,974.0,13985539
2025-09-10,950.1845092773438,965.9000244140625,973.9000244140625,961.7000122070312,973.9000244140625,18091100
2025-09-11,952.0535278320312,967.7999877929688,969.25,959.9000244140625,960.2999877929688,15113633
2025-09-12,951.5617065429688,967.2999877929688,970.75,962.25,969.9000244140625,14363519
2025-09-15,951.3157348632812,967.0499877929688,972.3499755859375,965.0,969.5999755859375,14486377
2025-09-16,951.1190185546875,966.8499755859375,969.3499755859375,961.2000122070312,961.2000122070312,18661794
2025-09-17,950.7747192382812,966.5,974.4000244140625,964.3499755859375,965.1500244140625,17361476
2025-09-18,961.0055541992188,976.9000244140625,979.6500244140625,969.25,973.2999877929688,17791598
2025-09-19,951.168212890625,966.9000244140625,976.7000122070312,962.0999755859375,974.9000244140625,31243267
2025-09-22,948.5121459960938,964.2000122070312,971.2000122070312,961.9500122070312,964.0,10854415
2025-09-23,941.6260375976562,957.2000122070312,968.2000122070312,955.5,967.0,21022298
2025-09-24,935.5761108398438,951.0499877929688,956.4500122070312,943.0,952.2000122070312,15117220
2025-09-25,934.3955688476562,949.8499755859375,958.0,947.4000244140625,952.5,31413279
2025-09-26,929.6737060546875,945.0499877929688,951.4500122070312,941.2999877929688,945.0999755859375,14874656
2025-09-29,934.8382568359375,950.2999877929688,956.7999877929688,939.0999755859375,946.0499877929688,32398179
2025-09-30,935.5269165039062,951.0,960.0,946.2999877929688,958.0499877929688,28296687
2025-10-01,949.5450439453125,965.25,969.5999755859375,946.0,952.7000122070312,25350832
2025-10-03,949.4467163085938,965.1500244140625,966.75,952.0,952.0,26658296
2025-10-06,957.6116333007812,973.4500122070312,977.4000244140625,962.0,971.9000244140625,18542683
2025-10-07,966.514404296875,982.5,989.8499755859375,971.0,974.0,25535736
2025-10-08,962.7762451171875,978.7000122070312,985.9000244140625,974.5499877929688,976.0,15939710
2025-10-09,961.2022094726562,977.0999755859375,979.0,970.1500244140625,974.5,15370950
2025-10-10,964.9404296875,980.9000244140625,986.2000122070312,978.0999755859375,979.0,13757080
2025-10-13,961.1038818359375,977.0,981.0,972.0,974.2999877929688,18634254
2025-10-14,961.25146484375,977.1500244140625,980.4500122070312,967.0,970.0,22934382
2025-10-15,962.3335571289062,978.25,984.9000244140625,973.3499755859375,975.0,23310447
2025-10-16,978.1715698242188,994.3499755859375,996.5999755859375,981.5,982.6500244140625,22936566
2025-10-17,986.2381591796875,1002.5499877929688,1009.0,986.0,993.9500122070312,25210511
2025-10-20,986.6316528320312,1002.9500122070312,1020.0,997.0,997.0,22195202
2025-10-21,991.3043823242188,1007.7000122070312,1010.0,1004.0,1006.0,3471600
2025-10-23,992.386474609375,1008.7999877929688,1020.5,1006.0,1016.0,43526526
2025-10-24,978.5650634765625,994.75,1011.9500122070312,991.2999877929688,1011.0,17707768
2025-10-27,986.6316528320312,1002.9500122070312,1009.0499877929688,996.2000122070312,996.5,15700796
2025-10-28,987.2218627929688,1003.5499877929688,1008.0,995.0,997.6500244140625,33904289
2025-10-29,991.451904296875,1007.8499755859375,1012.5,1000.0,1004.9000244140625,17769445
2025-10-30,981.9097900390625,998.1500244140625,1009.5,997.0999755859375,1000.0,19962917
2025-10-31,971.2362670898438,987.2999877929688,1004.4500122070312,981.1500244140625,994.0,23221330
2025-11-03,976.499267578125,992.6500244140625,994.5499877929688,983.2999877929688,985.0,16607180
2025-11-04,969.2196655273438,985.25,997.0,983.7000122070312,987.0,20024544
2025-11-06,968.6294555664062,984.6500244140625,991.0499877929688,974.0,981.0,22279516
2025-11-07,966.317626953125,982.2999877929688,984.9000244140625,974.75,980.0,15004568
2025-11-10,968.4818725585938,984.5,990.9500122070312,980.2000122070312,982.2999877929688,15988262
2025-11-11,975.564697265625,991.7000122070312,993.5,978.0,983.5,10200530
2025-11-12,973.4005126953125,989.5,999.0,987.7000122070312,998.7999877929688,13137263
2025-11-13,970.596923828125,986.6500244140625,990.0999755859375,982.5999755859375,984.0,14124839
2025-11-14,973.4988403320312,989.5999755859375,991.6500244140625,976.0499877929688,976.0499877929688,21386965
2025-11-17,980.3357543945312,996.5499877929688,997.9500122070312,985.5999755859375,991.25,18396408
2025-11-18,976.302490234375,992.4500122070312,999.0,990.0,997.6500244140625,20002640
2025-11-19,978.41748046875,994.5999755859375,996.5499877929688,984.0,990.0,19813847
2025-11-20,992.4356689453125,1008.8499755859375,1011.5999755859375,992.4500122070312,995.2999877929688,19850865
2025-11-21,981.8114013671875,998.0499877929688,1008.2999877929688,996.5499877929688,1003.0999755859375,17499897
2025-11-24,982.8934936523438,999.1500244140625,1011.4500122070312,993.5999755859375,1000.0,32204053
2025-11-25,973.6956176757812,989.7999877929688,1006.0999755859375,988.4000244140625,1004.0,24989383
2025-11-26,987.5662231445312,1003.9000244140625,1006.9500122070312,981.2999877929688,981.2999877929688,19494356
2025-11-27,993.0750732421875,1009.5,1016.7999877929688,1001.0,1002.0999755859375,25536848
2025-11-28,991.2059936523438,1007.5999755859375,1012.0499877929688,1004.2000122070312,1007.0,15988807
2025-12-01,985.7954711914062,1002.0999755859375,1017.5,999.2999877929688,1017.5,16746566
2025-12-02,973.6956176757812,989.7999877929688,994.4000244140625,985.0,988.0,27316662
2025-12-03,984.2214965820312,1000.5,1002.2999877929688,986.0,986.0,15448777
2025-12-04,980.9752197265625,997.2000122070312,1004.7000122070312,993.0,1000.0,14528169
2025-12-05,986.9759521484375,1003.2999877929688,1008.0,990.2000122070312,992.0,12843366
2025-12-08,986.7791748046875,1003.0999755859375,1006.5,997.5,1000.0,12901022
2025-12-09,980.8768310546875,997.0999755859375,1002.7999877929688,994.0,994.9000244140625,15294322
2025-12-10,973.6956176757812,989.7999877929688,998.5,985.2999877929688,997.5,15322830
2025-12-11,984.0247802734375,1000.2999877929688,1002.7000122070312,988.5,990.0,11844809
2025-12-12,985.2052612304688,1001.5,1004.7000122070312,998.2000122070312,1003.0,11988618
2025-12-15,979.89306640625,996.0999755859375,1001.7999877929688,992.0,992.0,9790060
2025-12-16,978.1223754882812,994.2999877929688,998.7000122070312,990.0999755859375,990.0999755859375,20049088
2025-12-17,967.989990234375,984.0,996.0,980.7999877929688,996.0,19080922
2025-12-18,963.7599487304688,979.7000122070312,987.4000244140625,973.2999877929688,973.2999877929688,14912404
2025-12-19,969.465576171875,985.5,988.0,978.7000122070312,987.0,25952384
2025-12-22,971.6298217773438,987.7000122070312,992.9000244140625,983.9000244140625,988.0,13540411
2025-12-23,980.3849487304688,996.5999755859375,998.9000244140625,987.7000122070312,990.5,17927849
2025-12-24,980.9752197265625,997.2000122070312,999.4000244140625,993.0,993.0,13699996
2025-12-26,975.9581909179688,992.0999755859375,997.2000122070312,987.7000122070312,996.0,9360853
2025-12-29,975.564697265625,991.7000122070312,997.4000244140625,987.2000122070312,993.0999755859375,13545749
2025-12-30,974.7777709960938,990.9000244140625,995.0,982.2000122070312,990.2000122070312,33155849
2025-12-31,975.0728759765625,991.2000122070312,997.5999755859375,987.5999755859375,991.0,10963454
