Price,Adj Close,Close,High,Low,Open,Volume
Ticker,HINDUNILVR.NS,HINDUNILVR.NS,HINDUNILVR.NS,HINDUNILVR.NS,HINDUNILVR.NS,HINDUNILVR.NS
Date,,,,,,
2020-01-01,1732.311279296875,1936.550048828125,1939.9000244140625,1918.0,1930.0,543035
2020-01-02,1733.6529541015625,1938.050048828125,1952.5999755859375,1930.0,1940.0,663275
2020-01-03,1724.170654296875,1927.449951171875,1940.0,1918.75,1937.9000244140625,1598825
2020-01-06,1713.436279296875,1915.449951171875,1929.4000244140625,1911.25,1927.3499755859375,683129
2020-01-07,1718.1328125,1920.699951171875,1931.0,1918.0,1919.25,808935
2020-01-08,1725.870361328125,1929.3499755859375,1936.050048828125,1906.449951171875,1910.0,1889685
2020-01-09,1730.9693603515625,1935.050048828125,1947.300048828125,1931.0,1941.550048828125,1544334
2020-01-10,1747.9207763671875,1954.0,1957.5,1931.6500244140625,1940.9000244140625,1003336
2020-01-13,1784.46240234375,1994.8499755859375,1997.8499755859375,1957.0,1961.0,2040089
2020-01-14,1796.9412841796875,2008.800048828125,2014.949951171875,1982.4000244140625,1995.5,1610737
2020-01-15,1808.43603515625,2021.6500244140625,2027.0,1997.3499755859375,2011.1500244140625,1559491
2020-01-16,1833.1251220703125,2049.25,2054.699951171875,2016.0999755859375,2022.0,2468958
2020-01-17,1843.009765625,2060.300048828125,2063.89990234375,2040.050048828125,2055.0,994719
2020-01-20,1845.2911376953125,2062.85009765625,2075.89990234375,2050.0,2060.5,829399
2020-01-21,1838.6263427734375,2055.39990234375,2075.0,2052.14990234375,2059.75,750000
2020-01-22,1835.316650390625,2051.699951171875,2063.5,2027.199951171875,2063.0,983169
2020-01-23,1839.96826171875,2056.89990234375,2060.85009765625,2035.0,2051.75,708017
2020-01-24,1854.9967041015625,2073.699951171875,2079.0,2050.050048828125,2057.0,914993
2020-01-27,1843.9493408203125,2061.35009765625,2068.75,2056.75,2066.0,429312
2020-01-28,1843.2781982421875,2060.60009765625,2065.0,2042.699951171875,2062.0,777052
2020-01-29,1855.4437255859375,2074.199951171875,2085.800048828125,2062.050048828125,2062.050048828125,873433
2020-01-30,1841.041748046875,2058.10009765625,2078.0,2049.449951171875,2074.89990234375,952768
2020-01-31,1819.70703125,2034.25,2068.25,2020.050048828125,2064.0,1930834
2020-02-03,1949.1461181640625,2178.949951171875,2195.550048828125,2074.89990234375,2074.89990234375,4012542
2020-02-04,1928.2591552734375,2155.60009765625,2204.199951171875,2140.0,2177.0,1932121
2020-02-05,1932.4632568359375,2160.300048828125,2184.0,2153.89990234375,2167.39990234375,1514368
2020-02-06,1928.9742431640625,2156.39990234375,2196.25,2134.050048828125,2166.0,1302116
2020-02-07,1932.150146484375,2159.949951171875,2172.0,2141.60009765625,2165.0,908152
2020-02-10,1931.5689697265625,2159.300048828125,2189.550048828125,2151.699951171875,2160.10009765625,1389847
2020-02-11,1925.6197509765625,2152.64990234375,2179.64990234375,2147.699951171875,2169.0,777506
2020-02-12,2021.9613037109375,2260.35009765625,2272.0,2155.0,2157.10009765625,4753325
2020-02-13,2042.580322265625,2283.39990234375,2288.949951171875,2233.050048828125,2256.0,2950407
2020-02-14,2017.2205810546875,2255.050048828125,2297.60009765625,2246.25,2273.0,1728651
2020-02-17,2015.0291748046875,2252.60009765625,2289.0,2243.199951171875,2248.0,1420851
2020-02-18,1998.7481689453125,2234.39990234375,2262.949951171875,2222.10009765625,2252.60009765625,1194605
2020-02-19,2050.40771484375,2292.14990234375,2308.199951171875,2241.25,2250.199951171875,1299800
2020-02-20,2011.1378173828125,2248.25,2289.949951171875,2242.5,2282.199951171875,1555224
2020-02-24,1981.5283203125,2215.14990234375,2262.0,2210.10009765625,2236.800048828125,1409245
2020-02-25,1998.032958984375,2233.60009765625,2279.699951171875,2225.75,2239.89990234375,2237493
2020-02-26,2000.3582763671875,2236.199951171875,2255.699951171875,2202.35009765625,2238.800048828125,2896154
2020-02-27,2017.131103515625,2254.949951171875,2259.699951171875,2200.0,2241.949951171875,2446802
2020-02-28,1945.3892822265625,2174.75,2229.39990234375,2155.0,2191.10009765625,3837330
2020-03-02,1931.70263671875,2159.449951171875,2241.949951171875,2141.85009765625,2190.0,1707337
2020-03-03,1938.1434326171875,2166.64990234375,2189.60009765625,2141.699951171875,2171.89990234375,1753148
2020-03-04,1946.373291015625,2175.85009765625,2185.050048828125,2152.0,2179.0,1515878
2020-03-05,1984.078125,2218.0,2258.64990234375,2181.85009765625,2185.0,2272645
2020-03-06,1958.046630859375,2188.89990234375,2250.0,2159.25,2185.0,2479414
2020-03-09,1897.7554931640625,2121.5,2169.60009765625,2112.0,2140.0,2485118
2020-03-11,1927.72216796875,2155.0,2169.449951171875,2066.0,2066.0,2861629
2020-03-12,1839.1182861328125,2055.949951171875,2123.0,2031.6500244140625,2102.39990234375,3655780
2020-03-13,1818.767822265625,2033.199951171875,2120.0,1888.0999755859375,1970.0,3667035
2020-03-16,1737.096923828125,1941.9000244140625,2039.199951171875,1933.9000244140625,2000.0,2948679
2020-03-17,1792.6925048828125,2004.050048828125,2088.0,1951.949951171875,1955.550048828125,3732382
2020-03-18,1720.90576171875,1923.800048828125,2063.800048828125,1909.3499755859375,2034.050048828125,3910994
2020-03-19,1644.4229736328125,1838.300048828125,1899.0,1757.300048828125,1894.300048828125,5095006
2020-03-20,1835.316650390625,2051.699951171875,2078.89990234375,1850.0,1850.0,4252245
2020-03-23,1672.5113525390625,1869.699951171875,1985.050048828125,1850.0,1950.0,3574673
2020-03-24,1813.98193359375,2027.8499755859375,2070.949951171875,1930.0,1975.0,5788124
2020-03-25,1867.9224853515625,2088.14990234375,2138.949951171875,2001.6500244140625,2010.050048828125,3959038
2020-03-26,1963.4141845703125,2194.89990234375,2250.0,2060.0,2089.0,3201540
2020-03-27,1914.7960205078125,2140.550048828125,2267.64990234375,2120.5,2239.0,2918646
2020-03-30,1953.9771728515625,2184.35009765625,2213.0,2102.85009765625,2123.0,2809606
2020-03-31,2056.087646484375,2298.5,2313.0,2185.0,2234.800048828125,2809269
2020-04-01,1949.772216796875,2179.64990234375,2324.89990234375,2158.050048828125,2293.199951171875,2774626
2020-04-03,1926.9169921875,2154.10009765625,2254.10009765625,2127.949951171875,2234.0,4121436
2020-04-07,2187.04736328125,2444.89990234375,2460.0,2220.0,2220.0,8510114
2020-04-08,2201.31591796875,2460.85009765625,2614.300048828125,2417.39990234375,2432.0,9791862
2020-04-09,2122.06005859375,2372.25,2500.0,2345.0,2499.949951171875,4770068
2020-04-13,2098.981201171875,2346.449951171875,2423.0,2315.0,2381.0,3249551
2020-04-15,2225.2001953125,2487.550048828125,2516.60009765625,2381.5,2425.949951171875,29485531
2020-04-16,2179.17626953125,2436.10009765625,2526.14990234375,2421.10009765625,2466.0,5388243
2020-04-17,2133.46533203125,2385.0,2498.800048828125,2354.050048828125,2498.800048828125,4540936
2020-04-20,2090.124755859375,2336.550048828125,2420.0,2321.0,2420.0,2985268
2020-04-21,2072.994873046875,2317.39990234375,2378.0,2282.0,2283.0,3227335
2020-04-22,2134.49365234375,2386.14990234375,2399.949951171875,2275.64990234375,2317.949951171875,2837815
2020-04-23,2073.083984375,2317.5,2413.0,2308.050048828125,2389.0,4095570
2020-04-24,2042.312255859375,2283.10009765625,2338.0,2280.0,2311.0,2169013
2020-04-27,2075.72314453125,2320.449951171875,2329.39990234375,2283.25,2305.0,2013715
2020-04-28,2048.439208984375,2289.949951171875,2338.64990234375,2267.0,2338.64990234375,2164023
2020-04-29,1996.3775634765625,2231.75,2291.699951171875,2221.0,2290.0,3642151
2020-04-30,1963.50341796875,2195.0,2272.0,2160.0,2272.0,8448047
2020-05-04,1863.0025634765625,2082.64990234375,2160.0,2066.0,2130.0,8474573
2020-05-05,1826.192626953125,2041.5,2121.0,2033.0999755859375,2101.199951171875,4304136
2020-05-06,1798.1937255859375,2010.199951171875,2073.0,2000.0,2049.949951171875,5127656
2020-05-07,1781.9578857421875,1992.050048828125,2007.0,1902.0,1950.0999755859375,185669922
2020-05-08,1869.08544921875,2089.449951171875,2098.0,2036.0,2074.949951171875,16100226
2020-05-11,1832.007080078125,2048.0,2116.550048828125,2035.949951171875,2083.0,11158755
2020-05-12,1799.4013671875,2011.550048828125,2027.8499755859375,1985.0,2020.0,14881008
2020-05-13,1785.267578125,1995.75,2075.0,1975.4000244140625,2075.0,8432979
2020-05-14,1794.481201171875,2006.050048828125,2026.550048828125,1980.6500244140625,1988.0,8510002
2020-05-15,1817.783935546875,2032.0999755859375,2037.6500244140625,2006.0,2015.0,5491136
2020-05-18,1793.7657470703125,2005.25,2047.8499755859375,1988.5999755859375,2041.5,7675561
2020-05-19,1767.1978759765625,1975.550048828125,2024.800048828125,1968.0999755859375,2018.0,5963193
2020-05-20,1780.88427734375,1990.8499755859375,2010.0,1975.0,1975.550048828125,3926496
2020-05-21,1763.038330078125,1970.9000244140625,2003.4000244140625,1955.199951171875,1999.0,4261625
2020-05-22,1778.245361328125,1987.9000244140625,1995.050048828125,1958.0,1975.0,5339946
2020-05-26,1769.2109375,1977.800048828125,2020.0,1975.0,2004.949951171875,4628932
2020-05-27,1787.3699951171875,1998.0999755859375,2005.0999755859375,1961.0,1990.0,4261645
2020-05-28,1797.9698486328125,2009.949951171875,2015.0,1990.0,2000.0,5500796
2020-05-29,1840.37109375,2057.35009765625,2068.0,2000.0,2009.0,8778345
2020-06-01,1886.171142578125,2108.550048828125,2143.0,2071.199951171875,2075.0,6592547
2020-06-02,1885.1422119140625,2107.39990234375,2125.0,2090.0,2122.0,3268728
2020-06-03,1896.86083984375,2120.5,2149.0,2085.0,2115.0,4895117
2020-06-04,1896.9501953125,2120.60009765625,2132.39990234375,2105.25,2115.0,3264730
2020-06-05,1867.430419921875,2087.60009765625,2128.0,2085.0,2124.0,2981853
2020-06-08,1888.98876953125,2111.699951171875,2124.5,2078.10009765625,2107.0,4298456
2020-06-09,1884.33740234375,2106.5,2144.800048828125,2095.050048828125,2100.0,3127904
2020-06-10,1896.0560302734375,2119.60009765625,2130.0,2096.0,2115.89990234375,2421659
2020-06-11,1884.695068359375,2106.89990234375,2138.199951171875,2095.64990234375,2115.0,2566927
2020-06-12,1885.008056640625,2107.25,2119.0,2065.0,2065.25,2338438
2020-06-15,1864.478759765625,2084.300048828125,2131.699951171875,2056.800048828125,2114.85009765625,2830788
2020-06-16,1857.3673095703125,2076.35009765625,2120.0,2057.0,2109.800048828125,2806772
2020-06-17,1859.0665283203125,2078.25,2099.0,2062.300048828125,2076.0,2293301
2020-06-18,1847.52734375,2065.35009765625,2084.85009765625,2054.050048828125,2070.25,2326907
2020-06-19,1884.81396484375,2092.75,2100.0,2057.0,2079.0,4673528
2020-06-22,1892.0638427734375,2100.800048828125,2118.89990234375,2087.0,2110.0,2487234
2020-06-23,1941.734130859375,2155.949951171875,2172.0,2101.60009765625,2115.0,4308814
2020-06-24,1918.6328125,2130.300048828125,2176.89990234375,2125.0,2172.0,3023015
2020-06-25,1957.2252197265625,2173.14990234375,2189.89990234375,2112.0,2114.300048828125,8208033
2020-06-26,1940.157958984375,2154.199951171875,2179.949951171875,2138.10009765625,2179.949951171875,3176048
2020-06-29,1966.0513916015625,2182.949951171875,2195.89990234375,2140.0,2151.35009765625,3295039
2020-06-30,1963.3944091796875,2180.0,2199.949951171875,2170.0,2193.800048828125,2373109
2020-07-01,1954.7484130859375,2170.39990234375,2191.800048828125,2160.10009765625,2183.0,1532931
2020-07-02,1937.951416015625,2151.75,2177.64990234375,2145.0,2167.75,2588838
2020-07-03,1957.720458984375,2173.699951171875,2188.0,2156.35009765625,2165.5,1946252
2020-07-06,1946.822998046875,2161.60009765625,2180.0,2153.0,2180.0,2375516
2020-07-07,1940.1129150390625,2154.14990234375,2175.5,2151.64990234375,2175.5,2014667
2020-07-08,1968.843505859375,2186.050048828125,2194.0,2125.0,2153.60009765625,3349938
2020-07-09,1959.656982421875,2175.85009765625,2219.949951171875,2171.050048828125,2183.0,3039571
2020-07-10,2002.8424072265625,2223.800048828125,2232.0,2167.449951171875,2170.0,3179516
2020-07-13,2040.174072265625,2265.25,2275.0,2235.0,2239.0,4556662
2020-07-14,2012.7049560546875,2234.75,2269.949951171875,2226.60009765625,2264.800048828125,2403256
2020-07-15,2049.09033203125,2275.14990234375,2291.0,2235.050048828125,2237.25,2474512
2020-07-16,2060.5283203125,2287.85009765625,2291.300048828125,2238.0,2275.25,2495150
2020-07-17,2102.58837890625,2334.550048828125,2340.0,2281.0,2285.0,3088712
2020-07-20,2099.345947265625,2330.949951171875,2343.300048828125,2300.60009765625,2334.550048828125,2816219
2020-07-21,2087.6826171875,2318.0,2350.0,2308.0,2348.0,3037810
2020-07-22,2025.0882568359375,2248.5,2330.0,2241.25,2330.0,6950011
2020-07-23,1991.629638671875,2211.35009765625,2267.14990234375,2205.550048828125,2260.0,3936886
2020-07-24,1989.7830810546875,2209.300048828125,2220.0,2168.050048828125,2200.0,4203314
2020-07-27,2000.7708740234375,2221.5,2235.949951171875,2184.75,2217.75,2209409
2020-07-28,2019.729736328125,2242.550048828125,2244.89990234375,2211.050048828125,2230.949951171875,1567837
2020-07-29,2009.59765625,2231.300048828125,2262.199951171875,2215.0,2235.0,2404978
2020-07-30,1985.8995361328125,2195.60009765625,2238.050048828125,2190.10009765625,2231.300048828125,2044966
2020-07-31,1998.833740234375,2209.89990234375,2221.949951171875,2178.0,2197.5,1715659
2020-08-03,1993.949951171875,2204.5,2223.050048828125,2188.550048828125,2209.800048828125,1683773
2020-08-04,1987.889404296875,2197.800048828125,2218.89990234375,2175.10009765625,2209.89990234375,1981720
2020-08-05,1984.9500732421875,2194.550048828125,2209.89990234375,2181.050048828125,2202.0,1715477
2020-08-06,2008.37646484375,2220.449951171875,2229.0,2192.050048828125,2200.0,1824483
2020-08-07,1999.421630859375,2210.550048828125,2234.800048828125,2205.0,2223.0,1777905
2020-08-10,1995.9847412109375,2206.75,2226.75,2198.800048828125,2218.0,1476289
2020-08-11,1999.5123291015625,2210.64990234375,2233.0,2206.0,2209.050048828125,1665204
2020-08-12,1985.447509765625,2195.10009765625,2209.050048828125,2190.0,2200.050048828125,1170430
2020-08-13,1988.658447265625,2198.64990234375,2217.0,2190.949951171875,2200.0,1453227
2020-08-14,1966.27197265625,2173.89990234375,2216.0,2165.050048828125,2204.0,1341664
2020-08-17,1986.3070068359375,2196.050048828125,2203.64990234375,2168.39990234375,2181.0,1559579
2020-08-18,2002.85888671875,2214.35009765625,2216.800048828125,2189.0,2204.0,1339001
2020-08-19,1984.091064453125,2193.60009765625,2221.5,2190.0,2206.0,1585107
2020-08-20,1976.945068359375,2185.699951171875,2197.800048828125,2176.14990234375,2186.0,1768939
2020-08-21,1991.733642578125,2202.050048828125,2208.699951171875,2187.449951171875,2199.0,1374411
2020-08-24,1984.8143310546875,2194.39990234375,2211.64990234375,2191.199951171875,2206.0,1665474
2020-08-25,1970.97607421875,2179.10009765625,2197.89990234375,2175.0,2194.39990234375,1774886
2020-08-26,1974.32275390625,2182.800048828125,2186.0,2160.0,2182.10009765625,2148146
2020-08-27,1963.8753662109375,2171.25,2188.0,2165.0,2182.10009765625,2172203
2020-08-28,1946.418701171875,2151.949951171875,2182.39990234375,2145.0,2179.0,1939520
2020-08-31,1915.1236572265625,2117.35009765625,2167.5,2100.64990234375,2152.0,3534275
2020-09-01,1955.1917724609375,2161.64990234375,2174.89990234375,2111.75,2149.949951171875,1738003
2020-09-02,1937.102294921875,2141.64990234375,2185.0,2136.550048828125,2171.0,1667810
2020-09-03,1934.84130859375,2139.14990234375,2154.449951171875,2128.050048828125,2153.0,1590711
2020-09-04,1921.725830078125,2124.64990234375,2140.89990234375,2114.0,2115.0,1590491
2020-09-07,1956.0513916015625,2162.60009765625,2174.0,2103.75,2126.0,2362992
2020-09-08,1937.6451416015625,2142.25,2171.35009765625,2131.14990234375,2154.0,1804209
2020-09-09,1928.6005859375,2132.25,2144.199951171875,2110.0,2122.0,2009898
2020-09-10,1930.0924072265625,2133.89990234375,2143.60009765625,2118.199951171875,2142.0,2137794
2020-09-11,1953.021484375,2159.25,2169.0,2124.5,2125.0,1934110
2020-09-14,1920.6859130859375,2123.5,2169.699951171875,2115.0,2167.0,2096908
2020-09-15,1921.545166015625,2124.449951171875,2137.0,2109.0,2136.89990234375,1224058
2020-09-16,1938.7755126953125,2143.5,2158.949951171875,2112.699951171875,2125.0,2087841
2020-09-17,1924.93701171875,2128.199951171875,2145.050048828125,2122.25,2135.0,1741644
2020-09-18,1898.254638671875,2098.699951171875,2127.550048828125,2090.0,2120.0,4475166
2020-09-21,1843.171142578125,2037.800048828125,2099.0,2022.0999755859375,2098.699951171875,3483963
2020-09-22,1833.2216796875,2026.800048828125,2054.75,2000.050048828125,2040.550048828125,2345687
2020-09-23,1856.512451171875,2052.550048828125,2060.0,2025.8499755859375,2035.0,2410295
2020-09-24,1864.0648193359375,2060.89990234375,2081.0,2035.050048828125,2044.0,3798089
2020-09-25,1880.4814453125,2079.050048828125,2111.0,2070.85009765625,2082.0,2528873
2020-09-28,1866.2357177734375,2063.300048828125,2092.35009765625,2060.0,2083.0,1523704
2020-09-29,1839.010498046875,2033.199951171875,2069.25,2024.75,2065.0,2298844
2020-09-30,1870.712646484375,2068.25,2097.0,2034.0,2038.949951171875,2417367
2020-10-01,1894.9080810546875,2095.0,2108.89990234375,2070.0,2090.0,2131531
2020-10-05,1909.4248046875,2111.050048828125,2123.300048828125,2082.199951171875,2100.0,1646110
2020-10-06,1913.811767578125,2115.89990234375,2140.0,2108.050048828125,2119.0,1679499
2020-10-07,1935.0220947265625,2139.35009765625,2150.0,2113.0,2123.0,2428544
2020-10-08,1954.423583984375,2160.800048828125,2165.0,2146.25,2147.0,1617365
2020-10-09,1935.29345703125,2139.64990234375,2166.949951171875,2121.10009765625,2150.0,2001026
2020-10-12,1934.16259765625,2138.39990234375,2147.60009765625,2123.300048828125,2145.199951171875,1741166
2020-10-13,1933.9818115234375,2138.199951171875,2153.25,2128.0,2137.949951171875,1679160
2020-10-14,1952.026611328125,2158.14990234375,2165.0,2131.0,2132.60009765625,2123033
2020-10-15,1946.9615478515625,2152.550048828125,2179.699951171875,2141.050048828125,2160.0,2344437
2020-10-16,1945.1524658203125,2150.550048828125,2171.89990234375,2144.050048828125,2171.89990234375,1640399
2020-10-19,1969.7996826171875,2177.800048828125,2185.0,2152.10009765625,2153.550048828125,1605969
2020-10-20,1965.5484619140625,2173.10009765625,2208.5,2132.550048828125,2182.10009765625,5855290
2020-10-21,1956.5491943359375,2163.14990234375,2196.75,2136.0,2190.0,3954242
2020-10-22,1971.2020263671875,2179.35009765625,2187.25,2153.199951171875,2160.0,2632958
2020-10-23,1939.092529296875,2143.85009765625,2188.89990234375,2140.0,2188.89990234375,2805684
2020-10-26,1959.804931640625,2166.75,2172.0,2142.300048828125,2150.0,1646050
2020-10-27,1968.8050537109375,2176.699951171875,2189.0,2152.449951171875,2157.0,2334808
2020-10-28,1970.306884765625,2164.35009765625,2183.949951171875,2144.10009765625,2183.949951171875,1555483
2020-10-29,1931.8448486328125,2122.10009765625,2160.0,2116.0,2142.0,1934367
2020-10-30,1885.5992431640625,2071.300048828125,2120.0,2068.0,2118.199951171875,2414313
2020-11-02,1886.2364501953125,2072.0,2087.64990234375,2056.0,2072.0,1486077
2020-11-03,1871.3978271484375,2055.699951171875,2091.800048828125,2043.0,2091.800048828125,2227402
2020-11-04,1875.3577880859375,2060.050048828125,2085.0,2049.949951171875,2050.0,1479878
2020-11-05,1913.8653564453125,2102.35009765625,2112.0,2061.300048828125,2087.0,2083827
2020-11-06,1906.400390625,2094.14990234375,2123.949951171875,2086.0,2105.0,2127821
2020-11-09,1941.35791015625,2132.550048828125,2137.64990234375,2108.050048828125,2120.0,2194404
2020-11-10,1945.0450439453125,2136.60009765625,2144.199951171875,2092.5,2140.0,2471703
2020-11-11,1940.083740234375,2131.14990234375,2138.60009765625,2104.60009765625,2136.60009765625,2759942
2020-11-12,1995.5692138671875,2192.10009765625,2204.0,2123.25,2129.0,3010512
2020-11-13,1989.424072265625,2185.35009765625,2218.39990234375,2178.25,2205.0,2799165
2020-11-14,1991.5635986328125,2187.699951171875,2197.0,2182.0,2197.0,258276
2020-11-17,1982.369140625,2177.60009765625,2220.35009765625,2172.0,2220.35009765625,2733542
2020-11-18,1940.9483642578125,2132.10009765625,2170.0,2125.89990234375,2170.0,3315051
2020-11-19,1939.7191162109375,2130.75,2147.39990234375,2114.5,2125.800048828125,2704650
2020-11-20,1930.1605224609375,2120.25,2142.0,2100.5,2135.0,2827038
2020-11-23,1938.490234375,2129.39990234375,2140.0,2095.0,2140.0,3244576
2020-11-24,1963.9344482421875,2157.35009765625,2161.0,2122.39990234375,2132.0,1989749
2020-11-25,1944.3623046875,2135.85009765625,2171.0,2128.0,2162.0,1786536
2020-11-26,1961.066650390625,2154.199951171875,2162.0,2122.550048828125,2140.0,1630887
2020-11-27,1946.5013427734375,2138.199951171875,2167.5,2126.0,2167.0,5687861
2020-12-01,1941.8131103515625,2133.050048828125,2159.0,2129.60009765625,2159.0,2226742
2020-12-02,1947.502685546875,2139.300048828125,2149.89990234375,2122.10009765625,2145.0,1634682
2020-12-03,1936.98828125,2127.75,2156.39990234375,2120.10009765625,2153.0,3469163
2020-12-04,1988.377197265625,2184.199951171875,2195.39990234375,2133.60009765625,2141.0,3712143
2020-12-07,2053.87646484375,2256.14990234375,2259.60009765625,2187.0,2189.25,4147649
2020-12-08,2057.382080078125,2260.0,2278.199951171875,2240.14990234375,2259.5,2768211
2020-12-09,2086.694580078125,2292.199951171875,2296.0,2243.25,2260.0,2123890
2020-12-10,2139.721923828125,2350.449951171875,2357.89990234375,2275.050048828125,2290.0,3041370
2020-12-11,2161.84375,2374.75,2385.0,2333.0,2366.25,2611218
2020-12-14,2158.201904296875,2370.75,2391.39990234375,2356.14990234375,2380.949951171875,1575632
2020-12-15,2112.047607421875,2320.050048828125,2363.949951171875,2307.300048828125,2361.0,2207176
2020-12-16,2133.804931640625,2343.949951171875,2354.89990234375,2303.0,2317.10009765625,1748634
2020-12-17,2107.7236328125,2315.300048828125,2342.0,2310.0,2342.0,1912868
2020-12-18,2124.246337890625,2333.449951171875,2343.89990234375,2312.0,2322.0,2229891
2020-12-21,2099.211669921875,2305.949951171875,2350.0,2265.10009765625,2343.0,2003069
2020-12-22,2103.809326171875,2311.0,2333.300048828125,2281.0,2310.0,1764488
2020-12-23,2157.838623046875,2370.35009765625,2377.300048828125,2303.25,2320.0,1559556
2020-12-24,2186.87841796875,2402.25,2410.0,2360.050048828125,2382.5,2489444
2020-12-28,2174.72509765625,2388.89990234375,2417.39990234375,2376.050048828125,2405.0,1532477
2020-12-29,2170.537353515625,2384.300048828125,2403.0,2354.199951171875,2395.0,1749013
2020-12-30,2190.837890625,2406.60009765625,2414.64990234375,2376.0,2390.0,1924886
2020-12-31,2180.642333984375,2395.39990234375,2417.0,2387.0,2396.0,1709836
2021-01-01,2173.49609375,2387.550048828125,2404.0,2382.0,2395.39990234375,830096
2021-01-04,2208.954345703125,2426.5,2430.0,2400.699951171875,2405.0,1614486
2021-01-05,2230.84814453125,2450.550048828125,2456.949951171875,2405.0,2405.0,2356303
2021-01-06,2200.5791015625,2417.300048828125,2450.0,2401.60009765625,2445.800048828125,1641627
2021-01-07,2156.472900390625,2368.85009765625,2432.699951171875,2365.0,2432.0,2403881
2021-01-08,2176.81884765625,2391.199951171875,2400.0,2360.800048828125,2390.0,2797948
2021-01-11,2211.321044921875,2429.10009765625,2441.949951171875,2402.10009765625,2425.0,2787672
2021-01-12,2162.890380859375,2375.89990234375,2433.10009765625,2372.0,2429.800048828125,2036708
2021-01-13,2159.658935546875,2372.35009765625,2398.0,2364.60009765625,2381.89990234375,1702740
2021-01-14,2183.509765625,2398.550048828125,2406.0,2351.14990234375,2366.0,2120413
2021-01-15,2140.359130859375,2351.14990234375,2407.0,2342.800048828125,2392.5,2042957
2021-01-18,2123.47265625,2332.60009765625,2374.5,2320.64990234375,2374.5,1733797
2021-01-19,2151.283447265625,2363.14990234375,2382.10009765625,2323.25,2342.0,1495269
2021-01-20,2144.72900390625,2355.949951171875,2373.949951171875,2346.300048828125,2357.0,1380562
2021-01-21,2155.38037109375,2367.64990234375,2399.89990234375,2350.0,2376.0,1521133
2021-01-22,2193.341796875,2409.35009765625,2422.0,2357.0,2359.0,2548089
2021-01-25,2184.465576171875,2399.60009765625,2432.35009765625,2385.0,2420.0,2124424
2021-01-27,2176.91015625,2391.300048828125,2425.0,2335.0,2425.0,2460297
2021-01-28,2094.159423828125,2300.39990234375,2411.550048828125,2290.0,2367.89990234375,3867335
2021-01-29,2060.931884765625,2263.89990234375,2322.300048828125,2251.0,2315.10009765625,4472694
2021-02-01,2047.0037841796875,2248.60009765625,2285.0,2226.199951171875,2276.64990234375,2717591
2021-02-02,2030.480712890625,2230.449951171875,2275.0,2205.0,2271.050048828125,4215607
2021-02-03,2032.666015625,2232.85009765625,2257.0,2217.60009765625,2231.5,2353429
2021-02-04,2044.2723388671875,2245.60009765625,2259.0,2226.199951171875,2239.0,2908003
2021-02-05,2066.075439453125,2269.550048828125,2285.0,2241.0,2245.60009765625,4036942
2021-02-08,2036.125,2236.64990234375,2288.699951171875,2230.300048828125,2288.0,2780672
2021-02-09,2017.5538330078125,2216.25,2254.699951171875,2210.5,2247.0,3131481
2021-02-10,2035.0780029296875,2235.5,2241.0,2212.75,2220.0,2055520
2021-02-11,2060.112548828125,2263.0,2268.0,2234.050048828125,2242.0,1824480
2021-02-12,2040.58544921875,2241.550048828125,2272.25,2232.0,2268.0,1222094
2021-02-15,2016.5977783203125,2215.199951171875,2261.75,2213.0,2251.0,2449407
2021-02-16,1999.21044921875,2196.10009765625,2229.050048828125,2190.050048828125,2227.0,2396356
2021-02-17,1969.8973388671875,2163.89990234375,2201.550048828125,2160.0,2196.0,2447956
2021-02-18,1954.3758544921875,2146.85009765625,2168.550048828125,2143.199951171875,2164.0,3205806
2021-02-19,1985.5550537109375,2181.10009765625,2194.0,2150.0,2152.89990234375,3364030
2021-02-22,1973.265625,2167.60009765625,2205.0,2161.60009765625,2205.0,2678023
2021-02-23,1983.8709716796875,2179.25,2192.35009765625,2170.199951171875,2185.0,2062144
2021-02-24,1983.5072021484375,2178.85009765625,2188.5,2155.550048828125,2188.5,924143
2021-02-25,1969.3511962890625,2163.300048828125,2185.0,2160.0,2177.0,2099460
2021-02-26,1940.9029541015625,2132.050048828125,2182.39990234375,2120.0,2158.0,3413194
2021-03-01,1951.235107421875,2143.39990234375,2154.0,2128.0,2135.199951171875,1229276
2021-03-02,1982.6875,2177.949951171875,2183.89990234375,2140.550048828125,2162.0,2095135
2021-03-03,1996.843505859375,2193.5,2205.0,2173.5,2205.0,2031893
2021-03-04,1999.93896484375,2196.89990234375,2203.5,2174.0,2185.0,2290915
2021-03-05,2003.7623291015625,2201.10009765625,2209.949951171875,2175.25,2184.60009765625,2129837
2021-03-08,1979.592529296875,2174.550048828125,2216.10009765625,2169.0,2210.0,1440724
2021-03-09,2001.3951416015625,2198.5,2205.0,2162.050048828125,2176.0,1711842
2021-03-10,2028.114013671875,2227.85009765625,2236.89990234375,2193.199951171875,2210.5,2696085
2021-03-12,2007.08544921875,2204.75,2239.89990234375,2200.0,2236.0,2038930
2021-03-15,2012.63818359375,2210.85009765625,2217.449951171875,2183.300048828125,2206.10009765625,1632022
2021-03-16,2042.861328125,2244.050048828125,2247.5,2214.300048828125,2221.35009765625,2633605
2021-03-17,2026.7027587890625,2226.300048828125,2262.0,2219.25,2254.0,3703365
2021-03-18,2016.5977783203125,2215.199951171875,2249.89990234375,2205.0,2238.0,2597091
2021-03-19,2104.76513671875,2312.050048828125,2325.25,2191.5,2204.10009765625,5382214
2021-03-22,2142.225830078125,2353.199951171875,2356.5,2302.0,2310.10009765625,2471516
2021-03-23,2127.7509765625,2337.300048828125,2372.949951171875,2333.39990234375,2363.0,1970612
2021-03-24,2110.727783203125,2318.60009765625,2350.89990234375,2315.550048828125,2337.300048828125,1762743
2021-03-25,2036.4891357421875,2237.050048828125,2322.0,2231.050048828125,2318.60009765625,2495833
2021-03-26,2110.090576171875,2317.89990234375,2325.0,2248.800048828125,2255.0,1929236
2021-03-30,2183.69140625,2398.75,2406.0,2325.0,2325.0,3327203
2021-03-31,2213.505859375,2431.5,2438.60009765625,2381.64990234375,2386.0,2709756
2021-04-01,2184.01025390625,2399.10009765625,2446.800048828125,2392.050048828125,2446.800048828125,1532653
2021-04-05,2160.4326171875,2373.199951171875,2417.199951171875,2346.5,2400.0,2545447
2021-04-06,2192.3857421875,2408.300048828125,2411.0,2377.35009765625,2382.300048828125,3683538
2021-04-07,2189.609375,2405.25,2435.0,2387.35009765625,2417.0,1713970
2021-04-08,2193.84228515625,2409.89990234375,2439.0,2395.60009765625,2406.0,1814515
2021-04-09,2254.016357421875,2476.0,2483.0,2424.0,2424.0,2604858
2021-04-12,2241.271240234375,2462.0,2488.25,2437.60009765625,2441.5,2261945
2021-04-13,2234.3525390625,2454.39990234375,2505.89990234375,2448.800048828125,2470.0,1811781
2021-04-15,2240.042236328125,2460.64990234375,2497.0,2421.10009765625,2497.0,3352379
2021-04-16,2238.449462890625,2458.89990234375,2478.949951171875,2440.0,2469.89990234375,1225517
2021-04-19,2218.19384765625,2436.64990234375,2459.699951171875,2414.050048828125,2440.0,1746316
2021-04-20,2182.508544921875,2397.449951171875,2456.0,2383.800048828125,2456.0,1589508
2021-04-22,2138.766357421875,2349.39990234375,2390.0,2332.0,2390.0,1721265
2021-04-23,2100.8505859375,2307.75,2350.0,2300.0,2340.0,1949756
2021-04-26,2149.0078125,2360.64990234375,2369.800048828125,2311.0,2324.0,1946867
2021-04-27,2166.486572265625,2379.85009765625,2386.449951171875,2352.949951171875,2363.0,1668456
2021-04-28,2190.792724609375,2406.550048828125,2445.0,2366.300048828125,2380.0,1951215
2021-04-29,2191.7490234375,2407.60009765625,2448.949951171875,2384.14990234375,2433.0,3151150
2021-04-30,2142.7265625,2353.75,2442.89990234375,2330.25,2410.0,4010778
2021-05-03,2192.112548828125,2408.0,2415.0,2340.0,2343.0,1692239
2021-05-04,2191.7939453125,2407.64990234375,2418.199951171875,2372.199951171875,2409.199951171875,1453111
2021-05-05,2179.95947265625,2394.64990234375,2434.0,2368.64990234375,2434.0,1256857
2021-05-06,2175.7265625,2390.0,2416.550048828125,2377.050048828125,2400.0,1377740
2021-05-07,2195.025634765625,2411.199951171875,2424.0,2397.14990234375,2408.800048828125,1169518
2021-05-10,2214.780029296875,2432.89990234375,2446.949951171875,2416.0,2423.0,988495
2021-05-11,2186.741943359375,2402.10009765625,2426.0,2394.25,2425.0,1019077
2021-05-12,2120.149658203125,2328.949951171875,2389.0,2325.050048828125,2389.0,2053932
2021-05-14,2163.755615234375,2376.85009765625,2382.39990234375,2326.0,2328.89990234375,1388970
2021-05-17,2163.208984375,2376.25,2395.0,2366.5,2385.0,811243
2021-05-18,2161.388671875,2374.25,2408.35009765625,2366.949951171875,2402.10009765625,1153722
2021-05-19,2148.188232421875,2359.75,2380.0,2344.0,2360.0,1323590
2021-05-20,2133.98681640625,2344.14990234375,2362.0,2340.0,2360.0,856235
2021-05-21,2150.464599609375,2362.25,2366.14990234375,2340.0,2340.0,771492
2021-05-24,2127.068359375,2336.550048828125,2359.949951171875,2325.25,2355.0,1194864
2021-05-25,2133.896240234375,2344.050048828125,2369.800048828125,2338.0,2355.0,1098457
2021-05-26,2142.953857421875,2354.0,2370.199951171875,2345.25,2355.75,811095
2021-05-27,2117.828125,2326.39990234375,2353.0,2322.89990234375,2353.0,3755182
2021-05-28,2113.5498046875,2321.699951171875,2350.0,2319.35009765625,2333.35009765625,1215325
2021-05-31,2130.2548828125,2340.050048828125,2345.0,2320.14990234375,2325.0,1178704
2021-06-01,2146.8681640625,2358.300048828125,2363.0,2330.60009765625,2347.0,1141451
2021-06-02,2147.32373046875,2358.800048828125,2373.64990234375,2350.0,2356.0,1113091
2021-06-03,2151.375,2363.25,2371.050048828125,2345.0,2369.0,868532
2021-06-04,2132.075439453125,2342.050048828125,2370.0,2333.949951171875,2370.0,1283795
2021-06-07,2129.572021484375,2339.300048828125,2354.0,2331.0,2354.0,1128300
2021-06-08,2147.505615234375,2359.0,2362.0,2335.14990234375,2339.300048828125,1106664
2021-06-09,2144.774658203125,2356.0,2371.949951171875,2345.60009765625,2362.0,1072858
2021-06-10,2165.5302734375,2378.800048828125,2399.949951171875,2355.25,2364.0,1944339
2021-06-11,2154.333251953125,2366.5,2388.550048828125,2360.0,2381.0,1128097
2021-06-14,2168.17919921875,2364.60009765625,2375.10009765625,2336.60009765625,2358.39990234375,1761632
2021-06-15,2193.2568359375,2391.949951171875,2395.0,2360.0,2360.0,1215463
2021-06-16,2207.8818359375,2407.89990234375,2418.85009765625,2383.64990234375,2385.0,2153668
2021-06-17,2216.8681640625,2417.699951171875,2425.89990234375,2386.39990234375,2398.0,1555777
2021-06-18,2276.65185546875,2482.89990234375,2496.699951171875,2405.0,2420.0,3937751
2021-06-21,2305.489990234375,2514.35009765625,2529.0,2467.0,2473.949951171875,2506277
2021-06-22,2283.3916015625,2490.25,2533.949951171875,2481.64990234375,2518.10009765625,1945883
2021-06-23,2274.451416015625,2480.5,2514.0,2458.199951171875,2495.0,1035668
2021-06-24,2283.300048828125,2490.14990234375,2504.800048828125,2474.10009765625,2490.0,759681
2021-06-25,2245.247314453125,2448.64990234375,2489.949951171875,2445.0,2488.0,1112942
2021-06-28,2255.837890625,2460.199951171875,2465.0,2437.300048828125,2450.10009765625,694906
2021-06-29,2285.500732421875,2492.550048828125,2497.5,2445.0,2455.0,1354397
2021-06-30,2266.015625,2471.300048828125,2505.0,2463.0,2492.550048828125,1447245
2021-07-01,2272.1591796875,2478.0,2484.0,2463.0,2484.0,735043
2021-07-02,2280.6865234375,2487.300048828125,2492.699951171875,2452.0,2478.0,860231
2021-07-05,2291.46044921875,2499.050048828125,2513.39990234375,2485.050048828125,2499.0,761700
2021-07-06,2267.1162109375,2472.5,2497.949951171875,2469.0,2490.0,461782
2021-07-07,2275.506103515625,2481.64990234375,2490.800048828125,2445.85009765625,2458.0,623145
2021-07-08,2244.23876953125,2447.550048828125,2469.75,2438.449951171875,2462.199951171875,1114426
2021-07-09,2247.814697265625,2451.449951171875,2464.5,2438.449951171875,2440.0,538094
2021-07-12,2241.120849609375,2444.14990234375,2459.89990234375,2430.0,2453.0,543898
2021-07-13,2234.289794921875,2436.699951171875,2455.550048828125,2430.0,2455.0,994396
2021-07-14,2214.2548828125,2414.85009765625,2441.35009765625,2409.0,2439.800048828125,1377829
2021-07-15,2211.96240234375,2412.35009765625,2425.0,2401.0,2425.0,693792
2021-07-16,2216.59326171875,2417.39990234375,2430.0,2406.0,2420.0,545405
2021-07-19,2208.5693359375,2408.64990234375,2417.0,2398.5,2400.050048828125,463873
2021-07-20,2232.63916015625,2434.89990234375,2460.0,2403.0,2403.0,1061476
2021-07-22,2180.603515625,2378.14990234375,2508.0,2375.5,2450.0,3546044
2021-07-23,2162.219482421875,2358.10009765625,2391.75,2354.699951171875,2382.0,1517589
2021-07-26,2153.599853515625,2348.699951171875,2360.0,2338.0,2357.25,1311535
2021-07-27,2147.8232421875,2342.39990234375,2359.449951171875,2332.0,2348.699951171875,1656945
2021-07-28,2165.24462890625,2361.39990234375,2368.449951171875,2343.10009765625,2350.0,912373
2021-07-29,2140.808349609375,2334.75,2371.39990234375,2330.0,2361.39990234375,1012663
2021-07-30,2139.479248046875,2333.300048828125,2356.550048828125,2318.0,2340.0,1708251
2021-08-02,2139.0205078125,2332.800048828125,2353.39990234375,2324.60009765625,2342.0,1229936
2021-08-03,2188.580810546875,2386.85009765625,2393.0,2326.10009765625,2330.0,1733476
2021-08-04,2179.640869140625,2377.10009765625,2394.75,2367.550048828125,2386.85009765625,1588974
2021-08-05,2161.852294921875,2357.699951171875,2391.0,2354.0,2391.0,921757
2021-08-06,2174.505859375,2371.5,2380.75,2357.5,2357.699951171875,1432661
2021-08-09,2186.426025390625,2384.5,2395.0,2374.85009765625,2379.449951171875,921476
2021-08-10,2183.9501953125,2381.800048828125,2394.0,2359.10009765625,2394.0,1061370
2021-08-11,2191.881591796875,2390.449951171875,2395.0,2362.199951171875,2390.0,1300594
2021-08-12,2193.578369140625,2392.300048828125,2413.5,2377.449951171875,2395.0,1226064
2021-08-13,2204.7646484375,2404.5,2409.64990234375,2388.0,2401.0,1033159
2021-08-16,2224.84521484375,2426.39990234375,2436.85009765625,2392.64990234375,2404.0,1146309
2021-08-17,2277.477294921875,2483.800048828125,2487.449951171875,2431.050048828125,2433.0,1921902
2021-08-18,2279.540771484375,2486.050048828125,2500.0,2454.0,2485.0,1545643
2021-08-20,2401.813720703125,2619.39990234375,2630.0,2476.0,2490.0,5779927
2021-08-23,2415.338134765625,2634.14990234375,2672.85009765625,2594.5,2625.0,2163220
2021-08-24,2414.28369140625,2633.0,2658.0,2610.0,2634.0,1482854
2021-08-25,2425.28662109375,2645.0,2666.449951171875,2620.64990234375,2632.0,1746570
2021-08-26,2444.90966796875,2666.39990234375,2697.800048828125,2631.0,2631.0,2117291
2021-08-27,2455.5,2677.949951171875,2690.0,2651.10009765625,2669.0,1176229
2021-08-30,2464.43994140625,2687.699951171875,2705.75,2671.60009765625,2691.60009765625,1168190
2021-08-31,2497.816650390625,2724.10009765625,2737.449951171875,2675.64990234375,2687.89990234375,2535891
2021-09-01,2505.884765625,2732.89990234375,2775.0,2715.0,2745.0,1775792
2021-09-02,2568.37451171875,2801.050048828125,2810.0,2730.14990234375,2748.0,1946183
2021-09-03,2536.8779296875,2766.699951171875,2808.75,2756.0,2802.199951171875,1561823
2021-09-06,2549.622802734375,2780.60009765625,2825.0,2775.300048828125,2790.0,1444978
2021-09-07,2546.9638671875,2777.699951171875,2808.699951171875,2770.0,2788.60009765625,1219915
2021-09-08,2568.23681640625,2800.89990234375,2810.0,2765.10009765625,2788.89990234375,946711
2021-09-09,2577.1767578125,2810.64990234375,2823.64990234375,2782.0,2782.0,879454
2021-09-13,2554.8955078125,2786.35009765625,2822.449951171875,2775.0,2797.5,1341412
2021-09-14,2533.072509765625,2762.550048828125,2804.0,2751.050048828125,2802.0,1755061
2021-09-15,2544.90087890625,2775.449951171875,2785.0,2749.050048828125,2774.0,1362350
2021-09-16,2538.299072265625,2768.25,2797.300048828125,2752.0,2752.0,1259196
2021-09-17,2496.11962890625,2722.25,2783.0,2699.0,2770.10009765625,3095032
2021-09-20,2567.732666015625,2800.35009765625,2809.0,2710.050048828125,2720.0,2671330
2021-09-21,2578.827392578125,2812.449951171875,2859.300048828125,2796.64990234375,2810.0,2277437
2021-09-22,2553.19921875,2784.5,2839.89990234375,2774.0,2827.89990234375,1580594
2021-09-23,2551.181640625,2782.300048828125,2817.699951171875,2772.85009765625,2799.0,1054473
2021-09-24,2518.493408203125,2746.64990234375,2780.0,2731.39990234375,2770.10009765625,1635284
2021-09-27,2484.428955078125,2709.5,2765.0,2704.5,2765.0,1465932
2021-09-28,2497.58740234375,2723.85009765625,2754.449951171875,2709.89990234375,2725.0,1078052
2021-09-29,2462.239013671875,2685.300048828125,2744.449951171875,2677.0,2714.949951171875,1503894
2021-09-30,2477.368896484375,2701.800048828125,2705.300048828125,2681.949951171875,2685.300048828125,1620199
2021-10-01,2479.431884765625,2704.050048828125,2712.0,2680.10009765625,2706.0,956111
2021-10-04,2463.064453125,2686.199951171875,2724.0,2679.699951171875,2700.0,1025005
2021-10-05,2483.649658203125,2708.64990234375,2714.949951171875,2686.0,2686.199951171875,562784
2021-10-06,2462.927001953125,2686.050048828125,2734.0,2676.0,2694.050048828125,862471
2021-10-07,2447.65966796875,2669.39990234375,2704.25,2666.0,2698.0,1082816
2021-10-08,2420.748291015625,2640.050048828125,2678.550048828125,2625.39990234375,2670.5,1579941
2021-10-11,2425.378662109375,2645.10009765625,2665.5,2635.5,2642.199951171875,1086252
2021-10-12,2453.84912109375,2676.14990234375,2688.050048828125,2625.0,2625.0,1174337
2021-10-13,2426.8916015625,2646.75,2693.60009765625,2642.60009765625,2688.10009765625,1660007
2021-10-14,2429.458740234375,2649.550048828125,2676.75,2620.0,2646.75,2158809
2021-10-18,2433.539794921875,2654.0,2678.89990234375,2643.050048828125,2672.800048828125,1758177
2021-10-19,2335.244140625,2546.800048828125,2732.0,2520.5,2669.89990234375,5431133
2021-10-20,2272.7548828125,2478.64990234375,2584.0,2470.0,2569.0,4864654
2021-10-21,2242.588623046875,2445.75,2505.0,2428.0,2503.39990234375,3254632
2021-10-22,2250.2451171875,2454.10009765625,2498.25,2430.0,2459.0,1845622
2021-10-25,2251.84912109375,2455.85009765625,2463.550048828125,2410.0,2454.10009765625,1560381
2021-10-26,2248.158935546875,2436.85009765625,2468.89990234375,2417.050048828125,2468.89990234375,1595060
2021-10-27,2211.025634765625,2396.60009765625,2455.199951171875,2391.14990234375,2455.0,3083879
2021-10-28,2204.614013671875,2389.64990234375,2416.0,2368.0,2400.0,2015791
2021-10-29,2207.84228515625,2393.14990234375,2402.0,2373.0,2400.0,2453400
2021-11-01,2220.712646484375,2407.10009765625,2410.89990234375,2368.25,2393.0,1941114
2021-11-02,2231.598388671875,2418.89990234375,2428.0,2402.0,2415.0,1350154
2021-11-03,2224.63330078125,2411.35009765625,2434.0,2386.199951171875,2434.0,1591607
2021-11-04,2235.242919921875,2422.85009765625,2430.0,2420.0,2429.0,245719
2021-11-08,2243.59228515625,2431.89990234375,2449.0,2400.10009765625,2449.0,2555533
2021-11-09,2242.89990234375,2431.14990234375,2446.199951171875,2416.449951171875,2439.800048828125,1696949
2021-11-10,2214.300537109375,2400.14990234375,2420.0,2396.0,2411.050048828125,1794509
2021-11-11,2192.205078125,2376.199951171875,2406.949951171875,2366.199951171875,2402.699951171875,1282647
2021-11-12,2218.728759765625,2404.949951171875,2413.60009765625,2376.199951171875,2388.0,1651974
2021-11-15,2236.99560546875,2424.75,2430.0,2404.10009765625,2404.10009765625,1007999
2021-11-16,2220.297119140625,2406.64990234375,2434.64990234375,2400.10009765625,2434.64990234375,1245209
2021-11-17,2205.997802734375,2391.14990234375,2410.050048828125,2387.199951171875,2404.0,956809
2021-11-18,2213.6083984375,2399.39990234375,2406.35009765625,2370.0,2390.0,1236943
2021-11-22,2203.598876953125,2388.550048828125,2409.89990234375,2377.14990234375,2409.39990234375,1629290
2021-11-23,2208.8115234375,2394.199951171875,2400.0,2336.5,2387.800048828125,1932539
2021-11-24,2190.8671875,2374.75,2406.0,2367.0,2406.0,999070
2021-11-25,2167.1572265625,2349.050048828125,2387.0,2341.0,2387.0,1363272
2021-11-26,2154.287841796875,2335.10009765625,2365.0,2325.199951171875,2344.0,2450902
2021-11-29,2149.029052734375,2329.39990234375,2342.25,2284.699951171875,2334.39990234375,1724612
2021-11-30,2138.096923828125,2317.550048828125,2361.0,2302.0,2322.0,3931035
2021-12-01,2163.28271484375,2344.85009765625,2356.75,2323.25,2340.0,1263139
2021-12-02,2198.755615234375,2383.300048828125,2388.0,2345.0,2357.0,1673117
2021-12-03,2162.17529296875,2343.64990234375,2389.89990234375,2337.89990234375,2383.300048828125,1890178
2021-12-06,2127.90185546875,2306.5,2363.949951171875,2301.0,2344.0,1079171
2021-12-07,2141.833251953125,2321.60009765625,2341.64990234375,2312.0,2327.89990234375,895313
2021-12-08,2159.36181640625,2340.60009765625,2344.449951171875,2318.25,2318.25,839769
2021-12-09,2158.577392578125,2339.75,2348.60009765625,2321.550048828125,2341.0,716666
2021-12-10,2152.165771484375,2332.800048828125,2347.0,2320.0,2347.0,724539
2021-12-13,2125.919189453125,2304.35009765625,2352.0,2301.0,2352.0,1804894
2021-12-14,2138.788330078125,2318.300048828125,2324.949951171875,2304.0,2305.0,1219031
2021-12-15,2141.2333984375,2320.949951171875,2324.800048828125,2300.5,2316.0,755122
2021-12-16,2130.669677734375,2309.5,2325.300048828125,2303.949951171875,2320.949951171875,926493
2021-12-17,2057.556640625,2230.25,2308.949951171875,2226.0,2303.0,2439222
2021-12-20,2093.398193359375,2269.10009765625,2274.35009765625,2201.14990234375,2226.0,2175705
2021-12-21,2096.85791015625,2272.85009765625,2302.699951171875,2252.75,2290.0,1591415
2021-12-22,2101.2861328125,2277.64990234375,2317.39990234375,2269.0,2300.0,1661605
2021-12-23,2122.50537109375,2300.64990234375,2305.0,2274.60009765625,2298.949951171875,1423081
2021-12-24,2119.091796875,2296.949951171875,2313.0,2283.300048828125,2310.0,895503
2021-12-27,2123.197021484375,2301.39990234375,2308.10009765625,2278.25,2296.949951171875,584302
2021-12-28,2130.301025390625,2309.10009765625,2318.39990234375,2297.75,2310.0,783710
2021-12-29,2128.22509765625,2306.85009765625,2321.85009765625,2299.050048828125,2314.89990234375,1410236
2021-12-30,2145.523193359375,2325.60009765625,2330.0,2296.64990234375,2308.0,963711
2021-12-31,2177.397705078125,2360.14990234375,2370.35009765625,2330.0,2340.0,1123597
2022-01-03,2178.458740234375,2361.300048828125,2378.0,2353.0,2378.0,879278
2022-01-04,2215.315185546875,2401.25,2408.10009765625,2355.35009765625,2368.949951171875,1484275
2022-01-05,2228.73876953125,2415.800048828125,2420.0,2392.0,2403.800048828125,1202512
2022-01-06,2206.228515625,2391.39990234375,2412.0,2367.699951171875,2398.0,1198901
2022-01-07,2229.061767578125,2416.14990234375,2421.89990234375,2388.0,2388.0,1026186
2022-01-10,2220.66650390625,2407.050048828125,2425.0,2402.0,2425.0,919447
2022-01-11,2217.52978515625,2403.64990234375,2418.300048828125,2392.0,2417.14990234375,1321335
2022-01-12,2226.2939453125,2413.14990234375,2416.0,2398.5,2407.199951171875,1487554
2022-01-13,2227.262451171875,2414.199951171875,2421.89990234375,2403.25,2418.0,1586299
2022-01-14,2180.67333984375,2363.699951171875,2421.0,2360.800048828125,2420.0,1596037
2022-01-17,2204.521484375,2389.550048828125,2394.199951171875,2345.0,2364.0,912205
2022-01-18,2186.02392578125,2369.5,2408.699951171875,2357.39990234375,2408.699951171875,1667579
2022-01-19,2131.03857421875,2309.89990234375,2368.60009765625,2305.050048828125,2364.0,2145255
2022-01-20,2086.663818359375,2261.800048828125,2325.550048828125,2243.0,2325.0,2829711
2022-01-21,2145.338623046875,2325.39990234375,2334.35009765625,2250.0,2264.800048828125,4596050
2022-01-24,2107.6982421875,2284.60009765625,2344.949951171875,2266.699951171875,2338.89990234375,2231103
2022-01-25,2147.045654296875,2327.25,2333.699951171875,2240.89990234375,2283.5,1843543
2022-01-27,2117.615234375,2295.35009765625,2325.60009765625,2275.0,2310.0,2620474
2022-01-28,2106.72900390625,2283.550048828125,2318.699951171875,2278.050048828125,2294.60009765625,1967721
2022-01-31,2097.68798828125,2273.75,2311.85009765625,2271.0,2290.0,1639875
2022-02-01,2127.117919921875,2305.64990234375,2320.0,2278.39990234375,2303.300048828125,1270508
2022-02-02,2147.64501953125,2327.89990234375,2333.0,2296.550048828125,2324.10009765625,1246111
2022-02-03,2120.19873046875,2298.14990234375,2331.949951171875,2290.0,2329.0,1448039
2022-02-04,2127.99462890625,2306.60009765625,2312.75,2283.0,2306.0,1014561
2022-02-07,2082.788818359375,2257.60009765625,2316.699951171875,2237.0,2295.25,1207402
2022-02-08,2089.01611328125,2264.35009765625,2268.0,2246.550048828125,2268.0,1190660
2022-02-09,2101.2861328125,2277.64990234375,2280.35009765625,2255.60009765625,2267.550048828125,1049611
2022-02-10,2106.360107421875,2283.14990234375,2285.0,2255.85009765625,2280.0,1195100
2022-02-11,2083.157470703125,2258.0,2279.0,2249.0,2279.0,2100036
2022-02-14,2055.988037109375,2228.550048828125,2236.25,2207.0,2220.0,1661501
2022-02-15,2112.77197265625,2290.10009765625,2304.14990234375,2222.550048828125,2247.949951171875,1533070
2022-02-16,2109.450927734375,2286.5,2303.75,2275.0,2290.10009765625,995668
2022-02-17,2128.87109375,2307.550048828125,2313.0,2276.0,2282.0,869374
2022-02-18,2133.484130859375,2312.550048828125,2327.800048828125,2294.0,2294.0,890713
2022-02-21,2117.1083984375,2294.800048828125,2304.050048828125,2284.75,2298.0,737919
2022-02-22,2094.18212890625,2269.949951171875,2280.0,2250.10009765625,2280.0,902667
2022-02-23,2085.3720703125,2260.39990234375,2273.949951171875,2252.25,2270.0,1324411
2022-02-24,2003.26318359375,2171.39990234375,2242.0,2160.300048828125,2200.0,2997629
2022-02-25,2002.617431640625,2170.699951171875,2196.0,2162.14990234375,2195.0,2193728
2022-02-28,2003.9090576171875,2172.10009765625,2179.89990234375,2120.0,2164.0,2334036
2022-03-02,1982.690185546875,2149.10009765625,2154.800048828125,2123.050048828125,2128.949951171875,2034688
2022-03-03,1929.0887451171875,2091.0,2167.949951171875,2086.60009765625,2157.89990234375,2372998
2022-03-04,1863.1253662109375,2019.5,2077.949951171875,1975.25,2075.0,6320118
2022-03-07,1793.42529296875,1943.949951171875,1980.1500244140625,1927.0,1979.5,2976453
2022-03-08,1798.084228515625,1949.0,1958.0,1901.550048828125,1924.550048828125,3211938
2022-03-09,1843.1978759765625,1997.9000244140625,2007.050048828125,1951.0,1964.0,2879079
2022-03-10,1939.1907958984375,2101.949951171875,2114.0,2049.0,2051.89990234375,4879791
2022-03-11,1932.2254638671875,2094.39990234375,2110.199951171875,2070.0,2100.0,2481643
2022-03-14,1899.8436279296875,2059.300048828125,2095.0,2046.0999755859375,2095.0,1730325
2022-03-15,1880.3770751953125,2038.199951171875,2080.800048828125,2025.0,2045.0,2391023
2022-03-16,1911.698486328125,2072.14990234375,2080.0,2032.050048828125,2060.0,2808685
2022-03-17,1939.2833251953125,2102.050048828125,2116.699951171875,2082.35009765625,2098.10009765625,2995889
2022-03-21,1892.37060546875,2051.199951171875,2110.89990234375,2046.0,2106.5,1674982
2022-03-22,1839.138427734375,1993.5,2053.75,1969.0,2053.75,5356303
2022-03-23,1825.3463134765625,1978.550048828125,2016.550048828125,1975.25,2012.0,3212162
2022-03-24,1813.675537109375,1965.9000244140625,1991.3499755859375,1951.3499755859375,1970.0,3054664
2022-03-25,1801.774658203125,1953.0,1977.0,1945.0,1974.9000244140625,2233647
2022-03-28,1822.1632080078125,1975.0999755859375,1980.800048828125,1931.300048828125,1959.949951171875,1794533
2022-03-29,1833.18798828125,1987.050048828125,1994.8499755859375,1974.050048828125,1980.0,1249125
2022-03-30,1859.8040771484375,2015.9000244140625,2019.0,1995.050048828125,2000.0,1476829
2022-03-31,1890.01806640625,2048.64990234375,2054.0,2018.0,2019.4000244140625,2540524
2022-04-01,1917.2337646484375,2078.14990234375,2085.85009765625,2038.4000244140625,2054.89990234375,1714996
2022-04-04,1963.6390380859375,2128.449951171875,2132.449951171875,2070.199951171875,2078.0,1693019
2022-04-05,1974.110107421875,2139.800048828125,2158.0,2127.0,2144.5,1277652
2022-04-06,1976.185791015625,2142.050048828125,2164.39990234375,2121.300048828125,2135.0,1736115
2022-04-07,1997.174072265625,2164.800048828125,2175.0,2135.10009765625,2139.949951171875,1824732
2022-04-08,2014.0113525390625,2183.050048828125,2193.5,2163.5,2177.699951171875,1693462
2022-04-11,1995.559814453125,2163.050048828125,2194.10009765625,2138.89990234375,2188.0,1380107
2022-04-12,1967.144775390625,2132.25,2165.0,2125.0,2140.89990234375,1370233
2022-04-13,1985.50390625,2152.14990234375,2165.0,2130.699951171875,2137.699951171875,1071601
2022-04-18,2009.029541015625,2177.64990234375,2182.89990234375,2135.050048828125,2148.0,1828131
2022-04-19,1949.4317626953125,2113.050048828125,2206.85009765625,2101.050048828125,2185.699951171875,1775996
2022-04-20,1997.3126220703125,2164.949951171875,2168.64990234375,2092.699951171875,2114.39990234375,1511804
2022-04-21,2027.757568359375,2197.949951171875,2203.75,2168.0,2185.0,2244813
2022-04-22,1962.2552490234375,2126.949951171875,2189.0,2120.0,2182.0,3520828
2022-04-25,1938.0838623046875,2100.75,2162.0,2047.0,2100.0,2437310
2022-04-26,1981.998046875,2148.35009765625,2157.949951171875,2121.0,2142.199951171875,1447088
2022-04-27,1978.9998779296875,2145.10009765625,2152.39990234375,2103.5,2147.800048828125,2214481
2022-04-28,2068.258544921875,2241.85009765625,2250.0,2165.0,2230.0,5865359
2022-04-29,2061.800048828125,2234.85009765625,2290.0,2222.550048828125,2244.39990234375,2678692
2022-05-02,2057.787109375,2230.5,2252.0,2205.89990234375,2220.0,1543544
2022-05-04,2003.4017333984375,2171.550048828125,2250.85009765625,2148.64990234375,2241.949951171875,1608395
2022-05-05,1998.83544921875,2166.60009765625,2201.949951171875,2153.60009765625,2178.0,1101451
2022-05-06,1982.7822265625,2149.199951171875,2170.0,2106.199951171875,2125.0,1585602
2022-05-09,1952.752685546875,2116.64990234375,2139.39990234375,2110.14990234375,2121.5,1341414
2022-05-10,2011.5662841796875,2180.39990234375,2197.89990234375,2119.0,2134.0,2162232
2022-05-11,1995.97509765625,2163.5,2189.699951171875,2116.0,2185.0,1858636
2022-05-12,1973.1876220703125,2138.800048828125,2164.85009765625,2109.199951171875,2164.85009765625,1531515
2022-05-13,2024.205810546875,2194.10009765625,2218.0,2154.14990234375,2170.0,2057239
2022-05-16,2045.563232421875,2217.25,2221.949951171875,2172.300048828125,2200.0,1396818
2022-05-17,2071.164306640625,2245.0,2277.0,2221.300048828125,2237.89990234375,2055096
2022-05-18,2113.97119140625,2291.39990234375,2302.0,2236.10009765625,2236.10009765625,2137455
2022-05-19,2089.20068359375,2264.550048828125,2283.800048828125,2245.449951171875,2245.60009765625,1734602
2022-05-20,2145.845947265625,2325.949951171875,2348.0,2282.699951171875,2290.0,2599505
2022-05-23,2195.526611328125,2379.800048828125,2388.0,2306.35009765625,2309.0,2363306
2022-05-24,2130.807861328125,2309.64990234375,2380.0,2302.050048828125,2380.0,3078655
2022-05-25,2120.706298828125,2298.699951171875,2329.949951171875,2286.5,2329.949951171875,1884260
2022-05-26,2103.638671875,2280.199951171875,2296.0,2258.0,2290.14990234375,2299127
2022-05-27,2150.135986328125,2330.60009765625,2334.89990234375,2280.5,2297.0,1011303
2022-05-30,2167.065673828125,2348.949951171875,2365.0,2331.0,2342.199951171875,939562
2022-05-31,2171.0322265625,2353.25,2367.89990234375,2303.89990234375,2360.0,3123979
2022-06-01,2129.701416015625,2308.449951171875,2413.800048828125,2302.0,2370.0,2197599
2022-06-02,2107.882568359375,2284.800048828125,2306.949951171875,2257.14990234375,2295.0,1460335
2022-06-03,2114.478759765625,2291.949951171875,2324.949951171875,2265.14990234375,2284.0,1845303
2022-06-06,2103.915771484375,2280.5,2301.949951171875,2247.60009765625,2272.199951171875,2131405
2022-06-07,2040.350830078125,2211.60009765625,2259.85009765625,2207.050048828125,2250.0,2034730
2022-06-08,2026.9273681640625,2197.050048828125,2218.949951171875,2186.0,2215.0,1506843
2022-06-09,2027.5267333984375,2197.699951171875,2208.35009765625,2170.75,2197.0,1497867
2022-06-10,2029.556396484375,2199.89990234375,2208.85009765625,2162.800048828125,2163.0,1641981
2022-06-13,2026.7889404296875,2196.89990234375,2217.0,2156.0,2168.0,1519441
2022-06-14,2002.8944091796875,2171.0,2213.949951171875,2160.0,2190.85009765625,1592475
2022-06-15,1997.822021484375,2146.550048828125,2158.89990234375,2131.0,2158.699951171875,1432377
2022-06-16,1997.961669921875,2146.699951171875,2164.0,2135.050048828125,2145.0,1353485
2022-06-17,1964.2230224609375,2110.449951171875,2160.39990234375,2100.0,2160.0,3252189
2022-06-20,2043.7528076171875,2195.89990234375,2202.89990234375,2108.14990234375,2111.0,2022000
2022-06-21,2052.221923828125,2205.0,2232.0,2172.14990234375,2195.0,1606187
2022-06-22,2050.22119140625,2202.85009765625,2224.89990234375,2186.050048828125,2189.199951171875,1741378
2022-06-23,2096.5244140625,2252.60009765625,2257.35009765625,2192.10009765625,2208.0,1585753
2022-06-24,2144.26953125,2303.89990234375,2318.800048828125,2260.050048828125,2265.0,1930048
2022-06-27,2159.85888671875,2320.64990234375,2331.85009765625,2298.050048828125,2315.85009765625,1450391
2022-06-28,2157.06689453125,2317.64990234375,2324.0,2277.85009765625,2320.64990234375,1404108
2022-06-29,2078.700927734375,2233.449951171875,2299.89990234375,2225.0,2296.199951171875,1682914
2022-06-30,2076.048095703125,2230.60009765625,2249.0,2213.39990234375,2224.89990234375,2387212
2022-07-01,2124.212890625,2282.35009765625,2293.0,2203.60009765625,2226.0,1235612
2022-07-04,2210.629638671875,2375.199951171875,2378.300048828125,2276.0,2276.0,2410245
2022-07-05,2235.107177734375,2401.5,2412.0,2371.60009765625,2384.5,2463079
2022-07-06,2325.293212890625,2498.39990234375,2509.10009765625,2400.0,2400.0,4770394
2022-07-07,2301.606689453125,2472.949951171875,2531.0,2465.5,2505.0,3333262
2022-07-08,2323.850830078125,2496.85009765625,2503.800048828125,2452.800048828125,2476.449951171875,1346970
2022-07-11,2318.03369140625,2490.60009765625,2525.0,2480.0,2487.0,1587197
2022-07-12,2279.828369140625,2449.550048828125,2490.60009765625,2444.449951171875,2475.0,1116476
2022-07-13,2324.688232421875,2497.75,2519.35009765625,2461.39990234375,2464.0,2528792
2022-07-14,2324.735107421875,2497.800048828125,2522.89990234375,2468.199951171875,2502.75,1663307
2022-07-15,2390.536376953125,2568.5,2573.89990234375,2502.050048828125,2530.0,2996964
2022-07-18,2376.575439453125,2553.5,2605.0,2533.050048828125,2581.0,1566888
2022-07-19,2390.024169921875,2567.949951171875,2575.0,2522.75,2549.949951171875,1473121
2022-07-20,2424.0419921875,2604.5,2618.0,2535.60009765625,2575.0,4012897
2022-07-21,2426.78759765625,2607.449951171875,2629.89990234375,2591.699951171875,2617.0,1990695
2022-07-22,2457.640625,2640.60009765625,2643.199951171875,2611.050048828125,2617.0,1905780
2022-07-25,2441.818359375,2623.60009765625,2654.0,2612.0,2645.5,1253821
2022-07-26,2370.619140625,2547.10009765625,2625.0,2538.10009765625,2625.0,1685576
2022-07-27,2403.054443359375,2581.949951171875,2590.5,2525.0,2535.35009765625,1404133
2022-07-28,2438.560791015625,2620.10009765625,2625.0,2585.0,2625.0,1442054
2022-07-29,2454.662109375,2637.39990234375,2645.0,2596.0,2640.0,1463059
2022-08-01,2413.3388671875,2593.0,2638.0,2580.0,2637.5,1559918
2022-08-02,2452.661376953125,2635.25,2639.10009765625,2599.0,2600.0,1359934
2022-08-03,2444.377685546875,2626.35009765625,2664.0,2597.89990234375,2615.25,1767904
2022-08-04,2445.867431640625,2627.949951171875,2643.449951171875,2615.0,2634.0,1189384
2022-08-05,2462.108154296875,2645.39990234375,2657.64990234375,2627.550048828125,2638.0,1176666
2022-08-08,2466.715087890625,2650.35009765625,2658.0,2626.050048828125,2645.39990234375,1024511
2022-08-10,2459.68798828125,2642.800048828125,2676.699951171875,2631.199951171875,2650.35009765625,1098949
2022-08-11,2432.604736328125,2613.699951171875,2667.75,2606.60009765625,2656.050048828125,810674
2022-08-12,2415.15380859375,2594.949951171875,2626.10009765625,2585.10009765625,2624.89990234375,1473527
2022-08-16,2461.2705078125,2644.5,2648.35009765625,2590.550048828125,2607.949951171875,1584117
2022-08-17,2498.63818359375,2684.64990234375,2694.0,2644.5,2651.0,1711381
2022-08-18,2496.218505859375,2682.050048828125,2715.0,2664.64990234375,2685.0,1465489
2022-08-19,2452.01025390625,2634.550048828125,2698.949951171875,2626.5,2689.0,1324508
2022-08-22,2444.70361328125,2626.699951171875,2666.800048828125,2620.10009765625,2648.0,1410895
2022-08-23,2413.10595703125,2592.75,2629.699951171875,2585.25,2602.050048828125,1305045
2022-08-24,2408.91748046875,2588.25,2610.0,2561.300048828125,2576.0,1242489
2022-08-25,2395.84130859375,2574.199951171875,2628.39990234375,2565.449951171875,2601.199951171875,1106593
2022-08-26,2393.374755859375,2571.550048828125,2614.699951171875,2562.0,2599.89990234375,1048791
2022-08-29,2397.33056640625,2575.800048828125,2607.89990234375,2550.0,2550.0,1450034
2022-08-30,2475.557373046875,2659.85009765625,2667.0,2585.60009765625,2588.699951171875,2227943
2022-09-01,2425.43798828125,2606.0,2655.0,2594.0,2650.0,1702269
2022-09-02,2423.204345703125,2603.60009765625,2623.0,2585.0,2615.0,937600
2022-09-05,2420.412353515625,2600.60009765625,2622.39990234375,2586.10009765625,2597.0,1274074
2022-09-06,2394.8173828125,2573.10009765625,2620.0,2563.0,2591.199951171875,1250776
2022-09-07,2386.90673828125,2564.60009765625,2596.89990234375,2560.800048828125,2571.800048828125,1344964
2022-09-08,2398.586669921875,2577.14990234375,2596.0,2563.0,2580.0,1004533
2022-09-09,2409.336669921875,2588.699951171875,2647.0,2583.449951171875,2598.0,1785443
2022-09-12,2401.61181640625,2580.39990234375,2605.0,2574.0,2591.0,1595709
2022-09-13,2407.382568359375,2586.60009765625,2609.0,2579.0,2598.0,1342130
2022-09-14,2393.235595703125,2571.39990234375,2606.0,2546.699951171875,2550.0,1610054
2022-09-15,2382.997314453125,2560.39990234375,2598.800048828125,2551.0,2580.0,1199906
2022-09-16,2352.981689453125,2528.14990234375,2563.85009765625,2518.64990234375,2555.0,2516820
2022-09-19,2400.54150390625,2579.25,2588.0,2508.050048828125,2531.0,1166725
2022-09-20,2404.543701171875,2583.550048828125,2621.5,2579.60009765625,2598.60009765625,1253333
2022-09-21,2441.818359375,2623.60009765625,2646.75,2580.0,2582.0,1960049
2022-09-22,2506.177490234375,2692.75,2701.25,2620.050048828125,2623.10009765625,2620240
2022-09-23,2496.218505859375,2682.050048828125,2723.75,2674.0,2697.89990234375,1789791
2022-09-26,2476.20849609375,2660.550048828125,2729.0,2643.050048828125,2668.5,2678551
2022-09-27,2493.6123046875,2679.25,2713.75,2653.39990234375,2676.0,1898501
2022-09-28,2514.87939453125,2702.10009765625,2708.75,2652.050048828125,2669.949951171875,1526197
2022-09-29,2513.43701171875,2700.550048828125,2727.0,2691.10009765625,2711.10009765625,2019666
2022-09-30,2509.620849609375,2696.449951171875,2714.89990234375,2667.89990234375,2707.0,1340054
2022-10-03,2440.794921875,2622.5,2734.0,2617.550048828125,2723.0,1683197
2022-10-04,2483.095703125,2667.949951171875,2676.5,2634.14990234375,2650.0,1327939
2022-10-06,2432.883544921875,2614.0,2692.300048828125,2605.050048828125,2681.300048828125,1752351
2022-10-07,2419.574462890625,2599.699951171875,2613.0,2575.0,2611.89990234375,1025923
2022-10-10,2425.066162109375,2605.60009765625,2610.699951171875,2542.0,2570.0,1043728
2022-10-11,2373.923095703125,2550.64990234375,2610.550048828125,2545.0,2610.0,1129783
2022-10-12,2411.80322265625,2591.35009765625,2604.60009765625,2554.199951171875,2563.449951171875,882873
2022-10-13,2388.581787109375,2566.39990234375,2607.14990234375,2562.89990234375,2583.0,753331
2022-10-14,2397.33056640625,2575.800048828125,2624.89990234375,2570.199951171875,2590.0,1001536
2022-10-17,2411.05859375,2590.550048828125,2609.949951171875,2568.0,2573.60009765625,778918
2022-10-18,2421.947998046875,2602.25,2642.0,2597.0,2620.0,1123374
2022-10-19,2404.031494140625,2583.0,2617.5,2578.39990234375,2615.300048828125,1241979
2022-10-20,2420.691162109375,2600.89990234375,2610.0,2568.14990234375,2568.14990234375,1428125
2022-10-21,2470.01904296875,2653.89990234375,2666.75,2606.0,2606.0,2458302
2022-10-24,2394.8173828125,2573.10009765625,2640.0,2550.0,2610.10009765625,719908
2022-10-25,2331.80810546875,2505.39990234375,2586.0,2500.0,2586.0,2923789
2022-10-27,2344.4658203125,2519.0,2530.0,2488.0,2494.0,1846329
2022-10-28,2349.35205078125,2524.25,2550.89990234375,2512.0,2526.10009765625,1164951
2022-10-31,2373.9697265625,2550.699951171875,2572.0,2542.050048828125,2545.0,1324443
2022-11-01,2390.92822265625,2551.800048828125,2575.85009765625,2547.60009765625,2569.0,1280132
2022-11-02,2359.540771484375,2518.300048828125,2564.0,2501.39990234375,2564.0,1338284
2022-11-03,2385.822021484375,2546.35009765625,2549.0,2508.300048828125,2515.699951171875,730444
2022-11-04,2361.461181640625,2520.35009765625,2546.0,2515.25,2544.949951171875,889055
2022-11-07,2373.12646484375,2532.800048828125,2552.0,2517.0,2531.10009765625,1283685
2022-11-09,2350.639404296875,2508.800048828125,2544.89990234375,2492.64990234375,2510.0,1436444
2022-11-10,2355.136474609375,2513.60009765625,2538.0,2501.050048828125,2504.0,1459152
2022-11-11,2345.251708984375,2503.050048828125,2546.800048828125,2495.0,2545.0,1162847
2022-11-14,2302.854736328125,2457.800048828125,2513.75,2455.14990234375,2506.800048828125,2137131
2022-11-15,2302.573486328125,2457.5,2469.0,2444.14990234375,2457.800048828125,1558333
2022-11-16,2321.640625,2477.85009765625,2483.0,2428.10009765625,2463.550048828125,1330395
2022-11-17,2304.916015625,2460.0,2498.0,2454.25,2479.949951171875,960476
2022-11-18,2327.121826171875,2483.699951171875,2488.550048828125,2448.85009765625,2470.0,1075675
2022-11-21,2343.705810546875,2501.39990234375,2512.0,2470.050048828125,2483.699951171875,1354881
2022-11-22,2357.10400390625,2515.699951171875,2524.0,2497.0,2505.89990234375,921265
2022-11-23,2349.281005859375,2507.35009765625,2525.0,2502.0,2521.0,734152
2022-11-24,2388.44580078125,2549.14990234375,2560.0,2511.14990234375,2517.0,999929
2022-11-25,2377.48291015625,2537.449951171875,2555.39990234375,2518.199951171875,2555.0,783480
2022-11-28,2366.00537109375,2525.199951171875,2542.5,2521.800048828125,2527.0,830905
2022-11-29,2468.133544921875,2634.199951171875,2639.949951171875,2527.199951171875,2527.199951171875,2542932
2022-11-30,2515.122314453125,2684.35009765625,2698.0,2623.0,2634.0,3698270
2022-12-01,2494.9775390625,2662.85009765625,2683.0,2646.85009765625,2680.0,1675569
2022-12-02,2450.238037109375,2615.10009765625,2660.0,2607.14990234375,2660.0,2101890
2022-12-05,2454.6884765625,2619.85009765625,2625.0,2585.14990234375,2600.0,1640511
2022-12-06,2487.200439453125,2654.550048828125,2659.949951171875,2603.85009765625,2606.800048828125,1484562
2022-12-07,2536.67236328125,2707.35009765625,2719.800048828125,2656.25,2660.050048828125,2368561
2022-12-08,2534.891845703125,2705.449951171875,2711.050048828125,2685.75,2695.050048828125,1314703
2022-12-09,2550.633056640625,2722.25,2741.60009765625,2711.25,2724.699951171875,1883397
2022-12-12,2545.947998046875,2717.25,2724.0,2688.64990234375,2702.199951171875,1163204
2022-12-13,2539.4365234375,2710.300048828125,2720.0,2697.800048828125,2717.0,1265839
2022-12-14,2515.403076171875,2684.64990234375,2720.0,2671.35009765625,2720.0,886858
2022-12-15,2495.352294921875,2663.25,2683.25,2648.449951171875,2668.35009765625,990722
2022-12-16,2502.89501953125,2671.300048828125,2687.699951171875,2653.300048828125,2668.0,1793864
2022-12-19,2546.744384765625,2718.10009765625,2720.0,2671.300048828125,2671.300048828125,1546941
2022-12-20,2505.93994140625,2674.550048828125,2706.050048828125,2653.25,2706.0,827567
2022-12-21,2498.116455078125,2666.199951171875,2695.14990234375,2650.10009765625,2687.949951171875,779092
2022-12-22,2478.580810546875,2645.35009765625,2688.5,2642.0,2676.5,852567
2022-12-23,2455.85986328125,2621.10009765625,2649.550048828125,2608.050048828125,2632.0,1189702
2022-12-26,2452.439697265625,2617.449951171875,2637.85009765625,2606.75,2620.949951171875,605144
2022-12-27,2429.76513671875,2593.25,2634.89990234375,2575.25,2625.0,870960
2022-12-28,2420.723876953125,2583.60009765625,2603.10009765625,2578.10009765625,2593.0,822651
2022-12-29,2406.154052734375,2568.050048828125,2583.300048828125,2539.39990234375,2580.25,1345863
2022-12-30,2399.595458984375,2561.050048828125,2586.449951171875,2555.199951171875,2579.949951171875,696432
2023-01-02,2397.1123046875,2558.39990234375,2580.050048828125,2538.050048828125,2573.89990234375,681703
2023-01-03,2381.79345703125,2542.050048828125,2562.0,2535.0,2550.050048828125,821843
2023-01-04,2376.218017578125,2536.10009765625,2558.39990234375,2527.050048828125,2550.5,1672649
2023-01-05,2420.81689453125,2583.699951171875,2591.949951171875,2537.5,2537.550048828125,2008493
2023-01-06,2414.024169921875,2576.449951171875,2611.89990234375,2574.89990234375,2580.0,991782
2023-01-09,2458.623779296875,2624.050048828125,2629.449951171875,2570.0,2589.35009765625,1267078
2023-01-10,2477.175537109375,2643.85009765625,2653.35009765625,2615.10009765625,2624.050048828125,1413088
2023-01-11,2429.76513671875,2593.25,2647.85009765625,2588.10009765625,2644.0,1471687
2023-01-12,2426.76708984375,2590.050048828125,2602.60009765625,2572.75,2586.10009765625,1703829
2023-01-13,2458.57666015625,2624.0,2639.25,2566.64990234375,2590.199951171875,1348015
2023-01-16,2433.372802734375,2597.10009765625,2627.949951171875,2584.0,2627.949951171875,930068
2023-01-17,2499.381103515625,2667.550048828125,2675.0,2601.800048828125,2605.449951171875,1892865
2023-01-18,2516.85546875,2686.199951171875,2693.5,2660.0,2668.0,2038075
2023-01-19,2482.70361328125,2649.75,2679.300048828125,2611.89990234375,2670.10009765625,1649842
2023-01-20,2388.070556640625,2548.75,2605.0,2536.050048828125,2550.0,4569549
2023-01-23,2432.716796875,2596.39990234375,2604.0,2552.0,2560.0,1388360
2023-01-24,2436.55810546875,2600.5,2610.0,2580.800048828125,2604.0,1462462
2023-01-25,2457.03076171875,2622.35009765625,2642.0,2594.0,2600.5,1591810
2023-01-27,2447.473876953125,2612.14990234375,2646.550048828125,2578.199951171875,2635.5,1581382
2023-01-30,2406.24755859375,2568.14990234375,2610.0,2530.199951171875,2610.0,2744039
2023-01-31,2414.305419921875,2576.75,2590.199951171875,2541.199951171875,2568.0,2366794
2023-02-01,2411.963134765625,2574.25,2603.0,2546.85009765625,2600.199951171875,2014615
2023-02-02,2468.7431640625,2634.85009765625,2639.75,2563.0,2569.5,1980667
2023-02-03,2481.766357421875,2648.75,2657.449951171875,2631.14990234375,2640.0,1638238
2023-02-06,2471.31982421875,2637.60009765625,2645.0,2599.75,2631.0,1697446
2023-02-07,2437.214111328125,2601.199951171875,2645.550048828125,2595.300048828125,2645.0,1495745
2023-02-08,2419.974365234375,2582.800048828125,2607.5,2578.35009765625,2592.699951171875,1061956
2023-02-09,2423.628173828125,2586.699951171875,2599.89990234375,2566.0,2587.0,1102484
2023-02-10,2415.008544921875,2577.5,2586.64990234375,2555.35009765625,2585.0,1523011
2023-02-13,2418.28759765625,2581.0,2590.75,2550.0,2560.0,1146525
2023-02-14,2416.975830078125,2579.60009765625,2602.0,2570.199951171875,2585.0,1944364
2023-02-15,2387.78955078125,2548.449951171875,2571.800048828125,2537.0,2550.0,2009134
2023-02-16,2367.7861328125,2527.10009765625,2561.89990234375,2522.85009765625,2560.0,1982857
2023-02-17,2356.91650390625,2515.5,2546.25,2506.89990234375,2525.0,1395341
2023-02-20,2353.122314453125,2511.449951171875,2543.0,2508.199951171875,2518.0,632091
2023-02-21,2357.526123046875,2516.14990234375,2543.949951171875,2512.300048828125,2528.0,862797
2023-02-22,2336.8193359375,2494.050048828125,2523.550048828125,2482.75,2516.14990234375,885515
2023-02-23,2333.6337890625,2490.64990234375,2515.89990234375,2480.10009765625,2492.0,757215
2023-02-24,2327.590087890625,2484.199951171875,2511.25,2471.949951171875,2492.199951171875,732783
2023-02-27,2312.552001953125,2468.14990234375,2487.0,2456.0,2487.0,853991
2023-02-28,2305.524169921875,2460.64990234375,2474.35009765625,2435.64990234375,2469.75,1780454
2023-03-01,2310.771728515625,2466.25,2470.0,2448.0,2458.0,967339
2023-03-02,2300.558837890625,2455.35009765625,2470.0,2444.0,2466.25,827174
2023-03-03,2315.22216796875,2471.0,2489.89990234375,2455.64990234375,2466.0,1176008
2023-03-06,2328.19873046875,2484.85009765625,2498.85009765625,2475.60009765625,2481.949951171875,1214503
2023-03-08,2328.43310546875,2485.10009765625,2501.39990234375,2467.199951171875,2487.0,1448340
2023-03-09,2306.2275390625,2461.39990234375,2491.949951171875,2456.89990234375,2484.85009765625,1038910
2023-03-10,2310.022216796875,2465.449951171875,2470.5,2445.10009765625,2450.0,772024
2023-03-13,2300.324951171875,2455.10009765625,2488.5,2445.0,2466.0,1314549
2023-03-14,2288.47216796875,2442.449951171875,2472.0,2439.75,2462.0,1250763
2023-03-15,2254.413818359375,2406.10009765625,2459.5,2393.0,2451.89990234375,1738040
2023-03-16,2304.30712890625,2459.35009765625,2469.300048828125,2407.75,2424.949951171875,1628035
2023-03-17,2293.10986328125,2447.39990234375,2483.199951171875,2439.800048828125,2471.64990234375,2127178
2023-03-20,2352.887939453125,2511.199951171875,2516.64990234375,2425.0,2447.39990234375,1561128
2023-03-21,2307.3515625,2462.60009765625,2523.25,2458.75,2515.0,1595161
2023-03-22,2320.235107421875,2476.35009765625,2481.39990234375,2454.39990234375,2472.60009765625,1063244
2023-03-23,2328.43310546875,2485.10009765625,2500.050048828125,2466.0,2475.0,1578627
2023-03-24,2324.404296875,2480.800048828125,2497.89990234375,2470.0,2472.199951171875,1449326
2023-03-27,2341.45703125,2499.0,2505.0,2464.0,2485.0,1387736
2023-03-28,2326.2783203125,2482.800048828125,2513.5,2471.89990234375,2509.800048828125,1412387
2023-03-29,2371.29931640625,2530.85009765625,2539.800048828125,2480.050048828125,2485.0,2613254
2023-03-31,2398.939453125,2560.35009765625,2568.449951171875,2516.550048828125,2558.800048828125,2146167
2023-04-03,2376.218017578125,2536.10009765625,2570.0,2515.050048828125,2570.0,918048
2023-04-05,2419.927490234375,2582.75,2588.550048828125,2502.0,2512.5,1489612
2023-04-06,2403.53076171875,2565.25,2585.0,2553.0,2575.0,797414
2023-04-10,2372.51708984375,2532.14990234375,2568.949951171875,2525.0,2565.25,853322
2023-04-11,2387.134033203125,2547.75,2555.0,2533.0,2540.0,913184
2023-04-12,2369.518798828125,2528.949951171875,2556.0,2518.64990234375,2556.0,1109809
2023-04-13,2376.311767578125,2536.199951171875,2562.35009765625,2525.0,2525.0,1261711
2023-04-17,2390.975341796875,2551.85009765625,2579.0,2541.39990234375,2573.0,1566977
2023-04-18,2380.8564453125,2541.050048828125,2560.0,2530.0,2560.0,1474786
2023-04-19,2372.001708984375,2531.60009765625,2548.0,2510.25,2548.0,1320243
2023-04-20,2335.460693359375,2492.60009765625,2532.39990234375,2480.0,2517.800048828125,1401364
2023-04-21,2340.47314453125,2497.949951171875,2509.5,2485.64990234375,2492.0,1206288
2023-04-24,2342.15966796875,2499.75,2504.89990234375,2475.10009765625,2502.0,1735797
2023-04-25,2333.446044921875,2490.449951171875,2499.75,2478.050048828125,2490.85009765625,1701098
2023-04-26,2352.51318359375,2510.800048828125,2518.0,2482.199951171875,2490.0,1245903
2023-04-27,2313.301513671875,2468.949951171875,2522.0,2457.0,2513.949951171875,2743893
2023-04-28,2302.3857421875,2457.300048828125,2467.800048828125,2419.0,2436.050048828125,3761927
2023-05-02,2297.13916015625,2451.699951171875,2478.0,2450.0,2471.800048828125,1760370
2023-05-03,2329.2763671875,2486.0,2490.0,2452.64990234375,2456.949951171875,1258140
2023-05-04,2348.71875,2506.75,2509.35009765625,2480.14990234375,2486.949951171875,1150227
2023-05-05,2343.096923828125,2500.75,2520.0,2494.699951171875,2500.0,1354871
2023-05-08,2357.666259765625,2516.300048828125,2526.85009765625,2497.14990234375,2505.75,972810
2023-05-09,2357.1982421875,2515.800048828125,2525.0,2500.050048828125,2525.0,1651327
2023-05-10,2363.662841796875,2522.699951171875,2535.0,2505.85009765625,2521.0,2025658
2023-05-11,2428.96875,2592.39990234375,2599.0,2523.60009765625,2536.949951171875,1749356
2023-05-12,2458.0146484375,2623.39990234375,2640.0,2586.39990234375,2594.0,2170011
2023-05-15,2494.41552734375,2662.25,2670.75,2623.050048828125,2637.949951171875,1561055
2023-05-16,2507.204833984375,2675.89990234375,2678.39990234375,2650.60009765625,2670.0,1477905
2023-05-17,2493.947021484375,2661.75,2674.0,2647.050048828125,2672.0,839404
2023-05-18,2461.9033203125,2627.550048828125,2669.199951171875,2621.85009765625,2665.5,1434067
2023-05-19,2474.9267578125,2641.449951171875,2649.0,2600.64990234375,2628.64990234375,1174757
2023-05-22,2471.787841796875,2638.10009765625,2655.449951171875,2623.050048828125,2635.0,768232
2023-05-23,2462.605712890625,2628.300048828125,2649.800048828125,2625.0,2632.0,703864
2023-05-24,2450.09716796875,2614.949951171875,2638.0,2608.0,2620.0,628872
2023-05-25,2433.513427734375,2597.25,2626.14990234375,2580.550048828125,2610.0,1072231
2023-05-26,2485.1396484375,2652.35009765625,2656.699951171875,2603.10009765625,2603.75,947073
2023-05-29,2483.218505859375,2650.300048828125,2679.550048828125,2645.050048828125,2670.0,698267
2023-05-30,2489.074951171875,2656.550048828125,2665.0,2650.85009765625,2655.5,948051
2023-05-31,2499.381103515625,2667.550048828125,2680.0,2638.0,2656.550048828125,3388305
2023-06-01,2527.81787109375,2697.89990234375,2731.25,2654.5,2667.0,1541080
2023-06-02,2545.432861328125,2716.699951171875,2738.199951171875,2691.64990234375,2710.0,1509260
2023-06-05,2525.850341796875,2695.800048828125,2722.0,2684.14990234375,2716.449951171875,1000190
2023-06-06,2521.493408203125,2691.14990234375,2707.89990234375,2670.14990234375,2700.0,655372
2023-06-07,2544.96435546875,2716.199951171875,2727.0,2679.35009765625,2690.0,1428490
2023-06-08,2510.95263671875,2679.89990234375,2721.550048828125,2674.89990234375,2707.0,923536
2023-06-09,2470.00732421875,2636.199951171875,2688.949951171875,2620.10009765625,2688.949951171875,1413808
2023-06-12,2476.80029296875,2643.449951171875,2657.0,2633.0,2645.0,775484
2023-06-13,2507.204833984375,2675.89990234375,2697.0,2627.5,2629.60009765625,1787924
2023-06-14,2528.6142578125,2698.75,2702.10009765625,2652.0,2671.0,1536248
2023-06-15,2520.134765625,2689.699951171875,2717.5,2678.14990234375,2713.949951171875,1830192
2023-06-16,2544.44873046875,2715.64990234375,2724.0,2683.199951171875,2689.699951171875,1748145
2023-06-19,2534.625,2683.25,2711.39990234375,2675.0,2702.0,1068263
2023-06-20,2527.87109375,2676.10009765625,2680.39990234375,2648.10009765625,2670.0,1129279
2023-06-21,2528.343017578125,2676.60009765625,2706.85009765625,2668.449951171875,2685.949951171875,1201840
2023-06-22,2507.325927734375,2654.35009765625,2678.0,2648.699951171875,2668.64990234375,830052
2023-06-23,2495.281982421875,2641.60009765625,2660.550048828125,2627.449951171875,2651.300048828125,991214
2023-06-26,2505.20068359375,2652.10009765625,2674.199951171875,2642.14990234375,2642.14990234375,758700
2023-06-27,2504.491943359375,2651.35009765625,2661.60009765625,2636.0,2652.10009765625,687747
2023-06-28,2513.843505859375,2661.25,2687.60009765625,2642.0,2652.949951171875,1397573
2023-06-30,2529.807373046875,2678.14990234375,2685.89990234375,2651.35009765625,2665.949951171875,1160181
2023-07-03,2551.43896484375,2701.050048828125,2705.85009765625,2659.449951171875,2687.0,980665
2023-07-04,2550.447021484375,2700.0,2706.699951171875,2675.0,2701.050048828125,721907
2023-07-05,2603.20361328125,2755.85009765625,2759.39990234375,2696.10009765625,2699.949951171875,1717547
2023-07-06,2604.384521484375,2757.10009765625,2765.0,2735.64990234375,2759.89990234375,1265020
2023-07-07,2548.65234375,2698.10009765625,2769.64990234375,2691.0,2753.10009765625,1178930
2023-07-10,2509.40380859375,2656.550048828125,2711.35009765625,2651.0,2709.89990234375,1518183
2023-07-11,2535.805908203125,2684.5,2716.75,2646.0,2657.10009765625,2476367
2023-07-12,2525.556640625,2673.64990234375,2704.949951171875,2642.5,2704.949951171875,2395826
2023-07-13,2507.656494140625,2654.699951171875,2687.449951171875,2651.199951171875,2684.949951171875,1495067
2023-07-14,2528.626708984375,2676.89990234375,2686.5,2651.050048828125,2655.0,1419016
2023-07-17,2533.160888671875,2681.699951171875,2703.199951171875,2670.0,2670.0,912701
2023-07-18,2534.199951171875,2682.800048828125,2701.10009765625,2677.300048828125,2685.550048828125,1215904
2023-07-19,2523.620361328125,2671.60009765625,2696.89990234375,2660.89990234375,2682.75,1166542
2023-07-20,2553.51708984375,2703.25,2716.300048828125,2658.199951171875,2669.050048828125,1430764
2023-07-21,2459.764404296875,2604.0,2676.35009765625,2592.0,2650.0,5198952
2023-07-24,2437.329833984375,2580.25,2605.949951171875,2575.0,2604.0,1777469
2023-07-25,2425.900146484375,2568.14990234375,2586.60009765625,2562.300048828125,2580.199951171875,1653775
2023-07-26,2440.211181640625,2583.300048828125,2598.800048828125,2572.300048828125,2579.5,1300033
2023-07-27,2427.506103515625,2569.85009765625,2583.0,2553.0,2561.0,2276136
2023-07-28,2441.439208984375,2584.60009765625,2593.75,2565.199951171875,2570.0,966450
2023-07-31,2418.95751953125,2560.800048828125,2582.89990234375,2554.0,2575.050048828125,2003252
2023-08-01,2409.794921875,2551.10009765625,2573.800048828125,2545.0,2570.0,1758897
2023-08-02,2426.656005859375,2568.949951171875,2573.449951171875,2536.0,2538.0,2082908
2023-08-03,2409.98388671875,2551.300048828125,2561.050048828125,2537.199951171875,2557.949951171875,1475310
2023-08-04,2404.97705078125,2546.0,2558.949951171875,2535.050048828125,2551.300048828125,1359318
2023-08-07,2426.892333984375,2569.199951171875,2574.0,2538.75,2540.0,803823
2023-08-08,2423.727783203125,2565.85009765625,2585.199951171875,2555.550048828125,2569.199951171875,1002061
2023-08-09,2410.833740234375,2552.199951171875,2568.949951171875,2541.0,2565.85009765625,1212549
2023-08-10,2396.1923828125,2536.699951171875,2551.39990234375,2527.60009765625,2549.050048828125,1313334
2023-08-11,2363.2255859375,2501.800048828125,2536.64990234375,2499.0,2535.0,1472199
2023-08-14,2392.7919921875,2533.10009765625,2540.0,2488.10009765625,2501.800048828125,1060479
2023-08-16,2411.211669921875,2552.60009765625,2555.050048828125,2524.39990234375,2534.0,1155882
2023-08-17,2402.37939453125,2543.25,2560.64990234375,2533.0,2552.60009765625,1532873
2023-08-18,2413.24267578125,2554.75,2567.75,2532.10009765625,2532.10009765625,1970819
2023-08-21,2420.799560546875,2562.75,2574.89990234375,2539.050048828125,2554.75,977004
2023-08-22,2423.68017578125,2565.800048828125,2575.0,2553.0,2573.60009765625,960025
2023-08-23,2431.473388671875,2574.050048828125,2583.5,2562.5,2575.0,1136112
2023-08-24,2438.275146484375,2581.25,2591.75,2566.949951171875,2585.0,1143934
2023-08-25,2421.55517578125,2563.550048828125,2580.699951171875,2551.5,2567.0,802955
2023-08-28,2414.1396484375,2555.699951171875,2568.0,2539.0,2565.0,619841
2023-08-29,2386.226806640625,2526.14990234375,2558.89990234375,2522.10009765625,2558.89990234375,958564
2023-08-30,2391.705322265625,2531.949951171875,2536.0,2520.0,2526.14990234375,1227377
2023-08-31,2366.29541015625,2505.050048828125,2539.800048828125,2491.10009765625,2532.050048828125,3235414
2023-09-01,2366.0595703125,2504.800048828125,2514.5,2500.0,2505.050048828125,813413
2023-09-04,2362.847412109375,2501.39990234375,2514.0,2492.0,2514.0,1143301
2023-09-05,2368.184814453125,2507.050048828125,2523.449951171875,2502.10009765625,2510.0,844088
2023-09-06,2383.723388671875,2523.5,2526.10009765625,2507.449951171875,2513.449951171875,1094146
2023-09-07,2368.5625,2507.449951171875,2521.85009765625,2500.0,2510.0,1894798
2023-09-08,2374.560791015625,2513.800048828125,2521.050048828125,2501.550048828125,2504.0,1018234
2023-09-11,2395.767333984375,2536.25,2538.89990234375,2509.050048828125,2513.800048828125,1121083
2023-09-12,2360.439208984375,2498.85009765625,2549.0,2488.0,2549.0,3946716
2023-09-13,2367.712646484375,2506.550048828125,2509.0,2492.0,2494.0,1231305
2023-09-14,2362.281005859375,2500.800048828125,2514.0,2493.10009765625,2511.0,2081195
2023-09-15,2332.903564453125,2469.699951171875,2490.0,2466.0,2474.800048828125,3750697
2023-09-18,2350.8037109375,2488.64990234375,2492.949951171875,2462.0,2471.35009765625,1499641
2023-09-20,2330.211181640625,2466.85009765625,2480.0,2445.0,2449.64990234375,1795159
2023-09-21,2336.351318359375,2473.35009765625,2483.0,2442.89990234375,2466.0,2223720
2023-09-22,2344.947265625,2482.449951171875,2490.0,2458.0,2468.0,1176741
2023-09-25,2338.712890625,2475.85009765625,2499.699951171875,2460.0,2482.449951171875,1122778
2023-09-26,2341.640869140625,2478.949951171875,2489.0,2461.25,2474.0,1263548
2023-09-27,2363.17822265625,2501.75,2504.800048828125,2469.0,2476.0,1086791
2023-09-28,2324.071533203125,2460.35009765625,2501.0,2453.199951171875,2500.0,1612346
2023-09-29,2329.030517578125,2465.60009765625,2472.800048828125,2450.5,2465.550048828125,1249567
2023-10-03,2332.147705078125,2468.89990234375,2499.0,2461.800048828125,2490.0,1585626
2023-10-04,2368.9404296875,2507.85009765625,2511.050048828125,2465.14990234375,2467.050048828125,1587335
2023-10-05,2379.992431640625,2519.550048828125,2524.800048828125,2495.35009765625,2518.0,1909928
2023-10-06,2360.958251953125,2499.39990234375,2520.0,2494.0,2519.949951171875,1083342
2023-10-09,2372.19921875,2511.300048828125,2516.5,2481.0,2485.0,1468771
2023-10-10,2376.827880859375,2516.199951171875,2520.85009765625,2503.35009765625,2512.199951171875,1092373
2023-10-11,2414.801025390625,2556.39990234375,2563.949951171875,2516.25,2518.35009765625,1697398
2023-10-12,2415.367919921875,2557.0,2567.550048828125,2539.199951171875,2555.0,1625010
2023-10-13,2427.128662109375,2569.449951171875,2576.699951171875,2542.699951171875,2553.050048828125,1531977
2023-10-16,2416.595947265625,2558.300048828125,2582.0,2552.60009765625,2560.0,954899
2023-10-17,2414.56494140625,2556.14990234375,2570.0,2546.449951171875,2558.300048828125,1253538
2023-10-18,2407.1025390625,2548.25,2571.25,2539.550048828125,2570.050048828125,1084689
2023-10-19,2406.961181640625,2548.10009765625,2554.39990234375,2525.0,2525.0,1272343
2023-10-20,2356.943603515625,2495.14990234375,2543.550048828125,2485.050048828125,2520.0,3608160
2023-10-23,2345.938720703125,2483.5,2509.949951171875,2480.35009765625,2494.0,922707
2023-10-25,2340.08251953125,2477.300048828125,2490.0,2465.0,2475.050048828125,1435836
2023-10-26,2339.232421875,2476.39990234375,2490.0,2455.64990234375,2461.0,2650560
2023-10-27,2344.5693359375,2482.050048828125,2495.0,2463.85009765625,2467.300048828125,1784812
2023-10-30,2341.593505859375,2478.89990234375,2492.0,2462.39990234375,2471.0,875135
2023-10-31,2346.41162109375,2484.0,2492.0,2467.800048828125,2470.199951171875,920414
2023-11-01,2335.3125,2472.25,2493.949951171875,2466.800048828125,2485.0,1267131
2023-11-02,2366.284912109375,2486.800048828125,2496.0,2463.300048828125,2475.0,1595123
2023-11-03,2387.646728515625,2509.25,2512.5,2485.800048828125,2497.0,1125583
2023-11-06,2376.37109375,2497.39990234375,2517.75,2491.10009765625,2515.0,1338677
2023-11-07,2375.467041015625,2496.449951171875,2505.199951171875,2485.25,2496.0,1473411
2023-11-08,2397.257568359375,2519.35009765625,2525.0,2497.699951171875,2498.0,745022
2023-11-09,2356.674072265625,2476.699951171875,2522.0,2473.050048828125,2520.050048828125,1823094
2023-11-10,2366.047119140625,2486.550048828125,2488.60009765625,2465.35009765625,2477.0,771062
2023-11-13,2358.0537109375,2478.14990234375,2487.199951171875,2471.0,2477.199951171875,760809
2023-11-15,2365.904296875,2486.39990234375,2503.050048828125,2476.0,2501.89990234375,1457029
2023-11-16,2370.471435546875,2491.199951171875,2505.800048828125,2475.35009765625,2480.199951171875,1420578
2023-11-17,2406.24951171875,2528.800048828125,2533.5,2465.0,2465.0,1756043
2023-11-20,2384.982421875,2506.449951171875,2534.5,2500.0,2534.449951171875,944231
2023-11-21,2383.84033203125,2505.25,2517.0,2498.0,2505.0,1088806
2023-11-22,2399.683837890625,2521.89990234375,2524.25,2504.0,2507.75,816610
2023-11-23,2397.78076171875,2519.89990234375,2527.75,2506.199951171875,2506.199951171875,1023670
2023-11-24,2393.308349609375,2515.199951171875,2519.800048828125,2507.449951171875,2515.10009765625,735137
2023-11-28,2388.884033203125,2510.550048828125,2531.75,2500.0,2531.75,1880641
2023-11-29,2402.68115234375,2525.050048828125,2528.64990234375,2508.10009765625,2512.0,1265214
2023-11-30,2422.1875,2545.550048828125,2554.5,2516.14990234375,2516.14990234375,3095684
2023-12-01,2439.41015625,2563.64990234375,2581.949951171875,2542.0,2547.5,1345599
2023-12-04,2476.187255859375,2602.300048828125,2608.39990234375,2575.0,2577.0,2188039
2023-12-05,2439.0302734375,2563.25,2637.0,2556.300048828125,2637.0,3108717
2023-12-06,2443.216552734375,2567.64990234375,2583.699951171875,2563.0,2570.0,1573754
2023-12-07,2396.21044921875,2518.25,2559.800048828125,2498.60009765625,2551.10009765625,3925967
2023-12-08,2400.064453125,2522.300048828125,2533.949951171875,2508.300048828125,2519.0,1605805
2023-12-11,2382.318115234375,2503.64990234375,2529.949951171875,2499.0,2522.300048828125,2012243
2023-12-12,2381.4619140625,2502.75,2518.0,2497.0,2500.0,1677929
2023-12-13,2390.168212890625,2511.89990234375,2516.699951171875,2498.050048828125,2507.85009765625,1513205
2023-12-14,2394.402587890625,2516.35009765625,2524.800048828125,2501.199951171875,2521.35009765625,2166569
2023-12-15,2400.63525390625,2522.89990234375,2532.0,2507.0,2520.0,2543337
2023-12-18,2412.62451171875,2535.5,2544.5,2515.0,2520.14990234375,1969036
2023-12-19,2436.603271484375,2560.699951171875,2566.949951171875,2535.0,2535.050048828125,1656220
2023-12-20,2433.55859375,2557.5,2572.949951171875,2547.0,2572.949951171875,1468642
2023-12-21,2429.466796875,2553.199951171875,2580.0,2536.0,2542.25,1945695
2023-12-22,2450.781494140625,2575.60009765625,2579.75,2546.800048828125,2559.199951171875,1174984
2023-12-26,2459.488037109375,2584.75,2591.64990234375,2567.050048828125,2575.60009765625,893776
2023-12-27,2481.896728515625,2608.300048828125,2612.0,2580.89990234375,2586.0,1073278
2023-12-28,2506.1611328125,2633.800048828125,2640.0,2606.85009765625,2613.85009765625,1635216
2023-12-29,2534.849853515625,2663.949951171875,2667.10009765625,2621.25,2633.800048828125,1305681
2024-01-01,2526.095703125,2654.75,2669.39990234375,2638.0,2663.85009765625,526353
2024-01-02,2487.13037109375,2613.800048828125,2653.949951171875,2607.0,2648.0,1310629
2024-01-03,2480.2314453125,2606.550048828125,2628.60009765625,2595.550048828125,2599.0,1008270
2024-01-04,2466.909912109375,2592.550048828125,2623.0,2588.050048828125,2606.550048828125,1376844
2024-01-05,2493.077392578125,2620.050048828125,2629.89990234375,2595.0,2595.0,1150738
2024-01-08,2453.30322265625,2578.25,2626.0,2566.5,2624.949951171875,1189828
2024-01-09,2454.730224609375,2579.75,2589.0,2571.550048828125,2582.550048828125,1017205
2024-01-10,2452.494140625,2577.39990234375,2594.300048828125,2565.0,2580.0,881278
2024-01-11,2413.290771484375,2536.199951171875,2589.0,2531.85009765625,2580.0,2399600
2024-01-12,2420.712890625,2544.0,2555.0,2511.85009765625,2533.5,2979841
2024-01-15,2448.497802734375,2573.199951171875,2578.75,2531.0,2546.0,1391204
2024-01-16,2444.5966796875,2569.10009765625,2584.60009765625,2556.35009765625,2573.199951171875,1599406
2024-01-17,2438.697021484375,2562.89990234375,2571.35009765625,2539.75,2549.0,3047652
2024-01-18,2424.51904296875,2548.0,2570.0,2537.550048828125,2570.0,1273095
2024-01-19,2441.07568359375,2565.39990234375,2573.949951171875,2532.0,2565.0,1323064
2024-01-23,2260.426513671875,2375.550048828125,2480.5,2365.449951171875,2451.0,4369332
2024-01-24,2323.32275390625,2441.64990234375,2445.89990234375,2367.14990234375,2388.0,1551469
2024-01-25,2310.61962890625,2428.300048828125,2468.0,2420.199951171875,2454.800048828125,2364765
2024-01-29,2325.939697265625,2444.39990234375,2449.0,2410.0,2410.0,1587091
2024-01-30,2339.498779296875,2458.64990234375,2494.550048828125,2447.300048828125,2454.0,1793711
2024-01-31,2361.28955078125,2481.550048828125,2485.89990234375,2441.75,2450.0,1445004
2024-02-01,2353.724609375,2473.60009765625,2511.550048828125,2468.35009765625,2475.10009765625,1727534
2024-02-02,2333.7421875,2452.60009765625,2486.89990234375,2442.0,2477.0,1956115
2024-02-05,2302.24609375,2419.5,2464.75,2412.75,2464.0,1315445
2024-02-06,2308.76416015625,2426.35009765625,2441.35009765625,2418.050048828125,2424.949951171875,1557511
2024-02-07,2307.907958984375,2425.449951171875,2439.89990234375,2411.550048828125,2439.89990234375,1149076
2024-02-08,2299.9150390625,2417.050048828125,2441.800048828125,2399.0,2441.800048828125,1758661
2024-02-09,2306.670654296875,2424.14990234375,2428.449951171875,2406.10009765625,2417.050048828125,886474
2024-02-12,2270.03662109375,2385.64990234375,2429.85009765625,2382.0,2424.10009765625,1292460
2024-02-13,2277.98193359375,2394.0,2400.949951171875,2380.10009765625,2390.0,957865
2024-02-14,2272.22509765625,2387.949951171875,2394.0,2370.0,2385.0,1397975
2024-02-15,2236.923583984375,2350.85009765625,2384.699951171875,2346.75,2368.35009765625,2553695
2024-02-16,2260.140625,2375.25,2382.0,2357.60009765625,2369.949951171875,2363302
2024-02-19,2271.463623046875,2387.14990234375,2394.949951171875,2373.800048828125,2389.5,576683
2024-02-20,2287.592529296875,2404.10009765625,2408.449951171875,2368.199951171875,2370.10009765625,1032995
2024-02-21,2290.447265625,2407.10009765625,2422.800048828125,2394.10009765625,2404.10009765625,1127778
2024-02-22,2272.367919921875,2388.10009765625,2420.300048828125,2365.75,2420.300048828125,2258516
2024-02-23,2278.0771484375,2394.10009765625,2405.5,2383.949951171875,2388.550048828125,1210775
2024-02-26,2287.735107421875,2404.25,2406.550048828125,2380.0,2391.10009765625,831596
2024-02-27,2288.734375,2405.300048828125,2408.949951171875,2389.14990234375,2404.050048828125,1120424
2024-02-28,2304.197021484375,2421.550048828125,2425.0,2401.0,2411.10009765625,629152
2024-02-29,2295.39501953125,2412.300048828125,2428.800048828125,2397.25,2425.0,2848084
2024-03-01,2292.921142578125,2409.699951171875,2438.800048828125,2404.0,2416.949951171875,2326244
2024-03-04,2304.625244140625,2422.0,2427.89990234375,2404.39990234375,2416.199951171875,1501261
2024-03-05,2283.548828125,2399.85009765625,2420.0,2391.10009765625,2405.0,1587199
2024-03-06,2284.45263671875,2400.800048828125,2408.85009765625,2375.300048828125,2404.0,1354111
2024-03-07,2302.2939453125,2419.550048828125,2426.0,2403.0,2404.949951171875,1820704
2024-03-11,2274.033447265625,2389.85009765625,2413.0,2383.550048828125,2409.0,2040761
2024-03-12,2262.900146484375,2378.14990234375,2385.0,2360.800048828125,2380.0,1012157
2024-03-13,2200.52685546875,2312.60009765625,2375.0,2303.85009765625,2375.0,2322669
2024-03-14,2221.4609375,2334.60009765625,2341.699951171875,2301.85009765625,2304.85009765625,2292515
2024-03-15,2214.895263671875,2327.699951171875,2336.949951171875,2315.89990234375,2330.050048828125,2751403
2024-03-18,2188.48974609375,2299.949951171875,2325.0,2297.0,2320.800048828125,2487402
2024-03-19,2157.089111328125,2266.949951171875,2303.89990234375,2246.85009765625,2283.25,4220638
2024-03-20,2133.30078125,2241.949951171875,2265.449951171875,2240.0,2250.0,2995013
2024-03-21,2133.681640625,2242.35009765625,2259.14990234375,2234.0,2234.0,3504486
2024-03-22,2147.193359375,2256.550048828125,2266.0,2232.050048828125,2239.050048828125,3507809
2024-03-26,2131.4453125,2240.0,2259.14990234375,2232.0,2232.10009765625,3027027
2024-03-27,2131.15966796875,2239.699951171875,2263.0,2236.0,2250.0,2168861
2024-03-28,2154.615234375,2264.35009765625,2287.89990234375,2240.10009765625,2245.0,3186360
2024-04-01,2175.12060546875,2285.89990234375,2295.0,2262.0,2270.0,1427873
2024-04-02,2175.882080078125,2286.699951171875,2298.0,2277.050048828125,2298.0,1221495
2024-04-03,2155.424072265625,2265.199951171875,2281.85009765625,2261.050048828125,2281.85009765625,1175309
2024-04-04,2155.18603515625,2264.949951171875,2282.0,2249.25,2270.0,1890255
2024-04-05,2157.089111328125,2266.949951171875,2280.5,2258.10009765625,2264.949951171875,1153449
2024-04-08,2158.9921875,2268.949951171875,2288.949951171875,2267.199951171875,2277.0,1127294
2024-04-09,2154.4248046875,2264.14990234375,2274.60009765625,2255.75,2271.0,1189343
2024-04-10,2151.332275390625,2260.89990234375,2276.89990234375,2257.699951171875,2276.89990234375,2308993
2024-04-12,2124.118408203125,2232.300048828125,2264.85009765625,2228.60009765625,2260.89990234375,3388551
2024-04-15,2087.72216796875,2194.050048828125,2227.75,2190.0,2227.699951171875,4909564
2024-04-16,2113.175537109375,2220.800048828125,2231.25,2172.050048828125,2183.0,2821129
2024-04-18,2107.466552734375,2214.800048828125,2237.699951171875,2209.050048828125,2215.050048828125,3392171
2024-04-19,2123.452392578125,2231.60009765625,2243.75,2196.0,2220.0,2337694
2024-04-22,2132.87255859375,2241.5,2253.550048828125,2229.050048828125,2250.0,1804108
2024-04-23,2153.0927734375,2262.75,2273.5,2248.699951171875,2253.0,1991778
2024-04-24,2150.7138671875,2260.25,2268.35009765625,2245.64990234375,2266.050048828125,1404398
2024-04-25,2122.73876953125,2230.85009765625,2239.85009765625,2215.10009765625,2238.050048828125,4951866
2024-04-26,2114.935791015625,2222.64990234375,2255.0,2218.60009765625,2245.0,2307512
2024-04-29,2118.218994140625,2226.10009765625,2234.0,2220.0,2234.0,1395292
2024-04-30,2122.358154296875,2230.449951171875,2240.25,2225.0,2232.050048828125,2119102
2024-05-02,2118.4091796875,2226.300048828125,2243.199951171875,2205.050048828125,2205.050048828125,2140383
2024-05-03,2109.607421875,2217.050048828125,2235.64990234375,2204.0,2232.0,2595307
2024-05-06,2146.860107421875,2256.199951171875,2261.5,2212.0,2225.0,1619256
2024-05-07,2264.089599609375,2379.39990234375,2389.60009765625,2259.0,2266.0,8277810
2024-05-08,2227.59814453125,2341.050048828125,2372.25,2325.0,2366.39990234375,1813439
2024-05-09,2212.9443359375,2325.64990234375,2362.10009765625,2319.449951171875,2340.60009765625,1558987
2024-05-10,2248.056396484375,2362.550048828125,2371.0,2321.0,2321.0,2610266
2024-05-13,2246.248291015625,2360.64990234375,2381.64990234375,2347.89990234375,2374.0,1170617
2024-05-14,2235.733642578125,2349.60009765625,2372.300048828125,2346.75,2360.60009765625,689430
2024-05-15,2210.70849609375,2323.300048828125,2355.800048828125,2317.64990234375,2349.550048828125,812282
2024-05-16,2229.59619140625,2343.14990234375,2348.10009765625,2301.35009765625,2337.0,1880021
2024-05-17,2207.9013671875,2320.35009765625,2351.89990234375,2315.10009765625,2351.89990234375,1264582
2024-05-21,2198.71875,2310.699951171875,2324.800048828125,2301.75,2307.0,1663959
2024-05-22,2252.1953125,2366.89990234375,2374.0,2310.699951171875,2311.0,1914851
2024-05-23,2267.039306640625,2382.5,2386.800048828125,2355.0,2366.89990234375,1614718
2024-05-24,2254.2412109375,2369.050048828125,2383.25,2364.699951171875,2378.5,974100
2024-05-27,2268.9423828125,2384.5,2399.949951171875,2362.5,2369.050048828125,1116934
2024-05-28,2279.83740234375,2395.949951171875,2409.0,2378.550048828125,2390.0,1631747
2024-05-29,2258.380615234375,2373.39990234375,2395.0,2369.39990234375,2381.199951171875,1592495
2024-05-30,2237.446533203125,2351.39990234375,2372.449951171875,2334.050048828125,2368.0,1837380
2024-05-31,2216.179931640625,2329.050048828125,2377.449951171875,2317.60009765625,2353.0,5529186
2024-06-03,2241.72802734375,2355.89990234375,2387.449951171875,2344.300048828125,2381.0,1207445
2024-06-04,2375.324462890625,2496.300048828125,2510.050048828125,2342.10009765625,2374.0,7826048
2024-06-05,2476.61572265625,2602.75,2723.949951171875,2525.0,2533.550048828125,11061076
2024-06-06,2426.04150390625,2549.60009765625,2600.0,2518.0,2600.0,4102547
2024-06-07,2452.874755859375,2577.800048828125,2596.5,2525.0,2555.300048828125,3974253
2024-06-10,2441.028076171875,2565.35009765625,2593.64990234375,2546.0,2579.0,1449122
2024-06-11,2432.464599609375,2556.35009765625,2576.699951171875,2551.300048828125,2566.0,1402423
2024-06-12,2406.154541015625,2528.699951171875,2568.0,2517.0,2568.0,1754677
2024-06-13,2366.855712890625,2487.39990234375,2505.800048828125,2446.449951171875,2487.949951171875,3123098
2024-06-14,2382.56494140625,2479.75,2510.39990234375,2470.39990234375,2473.0,1729552
2024-06-18,2388.810302734375,2486.25,2498.0,2473.14990234375,2479.89990234375,1820933
2024-06-19,2360.70654296875,2457.0,2495.0,2451.5,2495.0,986976
2024-06-20,2384.9189453125,2482.199951171875,2490.0,2446.64990234375,2457.0,2163310
2024-06-21,2345.621826171875,2441.300048828125,2478.0,2426.550048828125,2475.0,3646215
2024-06-24,2346.48681640625,2442.199951171875,2467.85009765625,2427.050048828125,2435.0,1945519
2024-06-25,2336.878662109375,2432.199951171875,2446.699951171875,2427.89990234375,2439.35009765625,833789
2024-06-26,2349.75341796875,2445.60009765625,2467.0,2432.39990234375,2437.0,1738656
2024-06-27,2365.654541015625,2462.14990234375,2483.199951171875,2436.0,2449.949951171875,3402726
2024-06-28,2376.12744140625,2473.050048828125,2490.5,2462.85009765625,2463.0,2129791
2024-07-01,2406.92138671875,2505.10009765625,2523.0,2450.10009765625,2461.050048828125,3312865
2024-07-02,2387.753173828125,2485.14990234375,2515.0,2479.35009765625,2515.0,1305210
2024-07-03,2411.9658203125,2510.35009765625,2519.85009765625,2474.300048828125,2486.64990234375,1406405
2024-07-04,2398.1298828125,2495.949951171875,2536.85009765625,2492.89990234375,2515.050048828125,1977010
2024-07-05,2447.179443359375,2547.0,2554.0,2495.949951171875,2495.949951171875,1754286
2024-07-08,2485.755615234375,2587.14990234375,2595.0,2536.25,2560.0,2818809
2024-07-09,2488.637939453125,2590.14990234375,2614.0,2568.0,2587.14990234375,1479529
2024-07-10,2508.142578125,2610.449951171875,2626.0,2573.0,2581.0,1764036
2024-07-11,2506.605224609375,2608.85009765625,2617.050048828125,2590.050048828125,2617.0,1432671
2024-07-12,2519.47998046875,2622.25,2639.5,2601.0,2601.0,1912642
2024-07-15,2517.6064453125,2620.300048828125,2629.25,2613.64990234375,2628.0,920101
2024-07-16,2583.085693359375,2688.449951171875,2725.0,2624.550048828125,2625.949951171875,3298003
2024-07-18,2631.077880859375,2738.39990234375,2751.199951171875,2655.0,2700.0,5569762
2024-07-19,2620.124755859375,2727.0,2743.0,2715.949951171875,2739.0,1668862
2024-07-22,2628.099365234375,2735.300048828125,2749.949951171875,2705.64990234375,2705.699951171875,1911629
2024-07-23,2657.932861328125,2766.35009765625,2811.300048828125,2732.0,2746.0,3906259
2024-07-24,2610.564697265625,2717.050048828125,2757.449951171875,2675.10009765625,2748.0,3611927
2024-07-25,2601.100830078125,2707.199951171875,2724.85009765625,2670.0,2717.050048828125,2166670
2024-07-26,2604.800048828125,2711.050048828125,2727.0,2687.25,2724.0,2135309
2024-07-29,2605.328369140625,2711.60009765625,2720.0,2692.800048828125,2711.199951171875,957011
2024-07-30,2585.919677734375,2691.39990234375,2754.35009765625,2685.39990234375,2715.60009765625,1560399
2024-07-31,2599.611572265625,2705.64990234375,2709.64990234375,2675.050048828125,2705.0,1751085
2024-08-01,2609.12353515625,2715.550048828125,2724.949951171875,2695.199951171875,2714.0,1886392
2024-08-02,2587.025146484375,2692.550048828125,2759.5,2681.14990234375,2712.0,1738872
2024-08-05,2609.459716796875,2715.89990234375,2742.0,2666.199951171875,2675.949951171875,3118731
2024-08-06,2642.271484375,2750.050048828125,2771.75,2708.64990234375,2720.10009765625,2296031
2024-08-07,2636.506591796875,2744.050048828125,2781.85009765625,2735.5,2781.699951171875,1713875
2024-08-08,2626.081787109375,2733.199951171875,2759.25,2720.39990234375,2754.0,1464161
2024-08-09,2639.532958984375,2747.199951171875,2758.0,2718.60009765625,2756.0,1284031
2024-08-12,2640.974365234375,2748.699951171875,2763.39990234375,2722.39990234375,2738.0,1297178
2024-08-13,2633.96044921875,2741.39990234375,2757.64990234375,2730.10009765625,2742.0,1051237
2024-08-14,2615.368896484375,2722.050048828125,2742.550048828125,2706.60009765625,2741.0,946995
2024-08-16,2640.5419921875,2748.25,2753.60009765625,2710.699951171875,2737.89990234375,1727926
2024-08-19,2635.0654296875,2742.550048828125,2759.75,2737.050048828125,2750.050048828125,1130327
2024-08-20,2643.232421875,2751.050048828125,2756.25,2735.050048828125,2742.550048828125,1097889
2024-08-21,2681.80859375,2791.199951171875,2795.10009765625,2742.949951171875,2749.5,1417729
2024-08-22,2683.34619140625,2792.800048828125,2810.0,2782.10009765625,2802.949951171875,1552947
2024-08-23,2705.252685546875,2815.60009765625,2821.0,2771.35009765625,2799.199951171875,2111401
2024-08-26,2710.5849609375,2821.14990234375,2834.949951171875,2803.60009765625,2815.60009765625,1152244
2024-08-27,2658.4609375,2766.89990234375,2824.10009765625,2759.550048828125,2809.0,1357212
2024-08-28,2656.01123046875,2764.35009765625,2781.75,2745.75,2760.0,1723549
2024-08-29,2676.092041015625,2785.25,2810.0,2745.0,2769.949951171875,2129934
2024-08-30,2669.1259765625,2778.0,2816.300048828125,2760.10009765625,2795.699951171875,4029712
2024-09-02,2679.7431640625,2789.050048828125,2808.89990234375,2779.0,2794.0,957950
2024-09-03,2684.787109375,2794.300048828125,2827.949951171875,2775.0,2780.0,2022116
2024-09-04,2729.897216796875,2841.25,2843.85009765625,2771.64990234375,2780.0,1640986
2024-09-05,2727.206787109375,2838.449951171875,2855.0,2823.64990234375,2840.050048828125,1945173
2024-09-06,2727.687255859375,2838.949951171875,2866.449951171875,2828.10009765625,2828.10009765625,1672730
2024-09-09,2807.290283203125,2921.800048828125,2938.199951171875,2843.199951171875,2853.10009765625,3342754
2024-09-10,2784.99951171875,2898.60009765625,2937.60009765625,2887.5,2934.0,1536584
2024-09-11,2790.33203125,2904.14990234375,2950.0,2898.10009765625,2911.60009765625,1913665
2024-09-12,2840.534423828125,2956.39990234375,2963.39990234375,2894.199951171875,2911.0,2454564
2024-09-13,2818.003173828125,2932.949951171875,2956.39990234375,2918.5,2956.39990234375,1902001
2024-09-16,2754.734375,2867.10009765625,2910.0,2807.39990234375,2910.0,1489057
2024-09-17,2760.88330078125,2873.5,2913.89990234375,2860.10009765625,2867.10009765625,1098661
2024-09-18,2763.141357421875,2875.85009765625,2893.550048828125,2861.699951171875,2874.0,464796
2024-09-19,2797.63427734375,2911.75,2934.300048828125,2873.35009765625,2876.25,1713010
2024-09-20,2860.903564453125,2977.60009765625,2989.35009765625,2895.39990234375,2924.800048828125,3641632
2024-09-23,2909.856689453125,3028.550048828125,3035.0,2969.949951171875,2980.0,1300470
2024-09-24,2834.91357421875,2950.550048828125,3020.0,2946.10009765625,3020.0,1929308
2024-09-25,2833.376220703125,2948.949951171875,2960.35009765625,2905.10009765625,2950.550048828125,1055354
2024-09-26,2869.070556640625,2986.10009765625,2992.85009765625,2941.199951171875,2951.10009765625,1902889
2024-09-27,2849.99853515625,2966.25,3030.0,2952.75,2986.10009765625,2977081
2024-09-30,2842.360107421875,2958.300048828125,2997.89990234375,2942.60009765625,2964.199951171875,1627702
2024-10-01,2809.1640625,2923.75,2962.699951171875,2891.39990234375,2962.699951171875,1184642
2024-10-03,2779.95556640625,2893.35009765625,2923.10009765625,2861.10009765625,2908.75,1233447
2024-10-04,2737.103271484375,2848.75,2914.0,2817.050048828125,2891.0,2456486
2024-10-07,2722.35498046875,2833.39990234375,2866.449951171875,2825.050048828125,2845.0,1280975
2024-10-08,2708.3271484375,2818.800048828125,2886.0,2798.699951171875,2844.0,1761488
2024-10-09,2660.430908203125,2768.949951171875,2825.85009765625,2760.699951171875,2823.39990234375,1476282
2024-10-10,2646.7392578125,2754.699951171875,2787.39990234375,2733.199951171875,2770.0,2065078
2024-10-11,2674.122314453125,2783.199951171875,2790.0,2737.050048828125,2764.800048828125,679307
2024-10-14,2679.791259765625,2789.10009765625,2804.699951171875,2765.0,2791.60009765625,874010
2024-10-15,2672.440673828125,2781.449951171875,2799.300048828125,2765.25,2793.10009765625,1082666
2024-10-16,2672.2490234375,2781.25,2797.550048828125,2755.60009765625,2789.14990234375,1170797
2024-10-17,2631.318115234375,2738.64990234375,2782.0,2723.449951171875,2779.449951171875,1368242
2024-10-18,2610.613037109375,2717.10009765625,2740.0,2693.449951171875,2738.64990234375,1137277
2024-10-21,2587.98583984375,2693.550048828125,2738.0,2680.449951171875,2715.0,792345
2024-10-22,2576.600341796875,2681.699951171875,2710.0,2673.75,2685.10009765625,1272253
2024-10-23,2555.078125,2659.300048828125,2693.050048828125,2621.0,2621.0,1431962
2024-10-24,2406.92138671875,2505.10009765625,2647.0,2452.60009765625,2647.0,9216267
2024-10-25,2428.971923828125,2528.050048828125,2540.0,2500.10009765625,2502.300048828125,2761166
2024-10-28,2474.8505859375,2575.800048828125,2589.60009765625,2520.10009765625,2544.0,852829
2024-10-29,2447.8037109375,2547.64990234375,2585.699951171875,2536.0,2585.699951171875,1695654
2024-10-30,2454.81787109375,2554.949951171875,2563.300048828125,2533.39990234375,2557.0,1200637
2024-10-31,2429.1640625,2528.25,2563.5,2524.10009765625,2554.949951171875,1901355
2024-11-01,2438.0517578125,2537.5,2545.949951171875,2511.35009765625,2543.949951171875,118532
2024-11-04,2425.849365234375,2524.800048828125,2547.0,2503.5,2547.0,1097260
2024-11-05,2422.534423828125,2521.35009765625,2530.25,2507.0,2520.0,702046
2024-11-06,2430.650634765625,2500.699951171875,2522.10009765625,2495.0,2515.199951171875,1219166
2024-11-07,2406.156494140625,2475.5,2509.89990234375,2466.10009765625,2500.699951171875,1322446
2024-11-08,2437.45458984375,2507.699951171875,2515.25,2467.300048828125,2483.949951171875,1700877
2024-11-11,2421.27099609375,2491.050048828125,2514.89990234375,2475.050048828125,2509.0,1175577
2024-11-12,2392.548828125,2461.5,2496.949951171875,2456.0,2495.0,1624222
2024-11-13,2395.902099609375,2464.949951171875,2472.800048828125,2450.39990234375,2462.10009765625,1262017
2024-11-14,2322.27392578125,2389.199951171875,2464.699951171875,2383.699951171875,2460.39990234375,2443393
2024-11-18,2355.030029296875,2422.89990234375,2425.0,2375.75,2401.14990234375,1374215
2024-11-19,2342.83154296875,2410.35009765625,2440.199951171875,2405.10009765625,2431.89990234375,1133370
2024-11-21,2316.053466796875,2382.800048828125,2424.75,2376.10009765625,2424.75,1291829
2024-11-22,2376.75390625,2445.25,2452.10009765625,2377.85009765625,2390.949951171875,1696471
2024-11-25,2402.219970703125,2471.449951171875,2505.699951171875,2457.60009765625,2470.0,4368045
2024-11-26,2409.7529296875,2479.199951171875,2494.949951171875,2460.39990234375,2486.25,982442
2024-11-27,2417.237060546875,2486.89990234375,2492.949951171875,2458.0,2475.14990234375,948232
2024-11-28,2393.22900390625,2462.199951171875,2539.14990234375,2453.199951171875,2486.0,2540530
2024-11-29,2426.22802734375,2496.14990234375,2507.5,2455.10009765625,2455.10009765625,1795164
2024-12-02,2409.704345703125,2479.14990234375,2490.5,2460.550048828125,2485.0,1006993
2024-12-03,2413.30078125,2482.85009765625,2491.449951171875,2466.0,2480.0,1641588
2024-12-04,2395.46484375,2464.5,2493.0,2456.550048828125,2481.10009765625,1321495
2024-12-05,2424.7216796875,2494.60009765625,2515.0,2450.050048828125,2465.60009765625,2071795
2024-12-06,2414.224365234375,2483.800048828125,2495.800048828125,2475.0,2495.0,1308086
2024-12-09,2333.50048828125,2400.75,2476.949951171875,2383.300048828125,2465.0,3385021
2024-12-10,2330.196044921875,2397.35009765625,2413.0,2388.300048828125,2408.699951171875,2063838
2024-12-11,2334.083740234375,2401.35009765625,2409.35009765625,2385.0,2405.0,1718225
2024-12-12,2279.263427734375,2344.949951171875,2399.949951171875,2338.0,2385.050048828125,3231056
2024-12-13,2323.14892578125,2390.10009765625,2394.550048828125,2333.449951171875,2344.949951171875,2260902
2024-12-16,2299.86962890625,2366.14990234375,2393.0,2363.0,2390.300048828125,1247552
2024-12-17,2297.051025390625,2363.25,2380.0,2353.35009765625,2353.35009765625,2131569
2024-12-18,2293.114501953125,2359.199951171875,2383.0,2350.050048828125,2350.050048828125,988403
2024-12-19,2293.74609375,2359.85009765625,2386.949951171875,2336.0,2347.0,1655915
2024-12-20,2268.52294921875,2333.89990234375,2373.5,2324.64990234375,2352.10009765625,2069691
2024-12-23,2273.383056640625,2338.89990234375,2351.75,2315.25,2337.0,1066199
2024-12-24,2270.126708984375,2335.550048828125,2356.949951171875,2331.10009765625,2331.10009765625,683646
2024-12-26,2267.4052734375,2332.75,2341.85009765625,2324.699951171875,2332.25,1033769
2024-12-27,2275.667236328125,2341.25,2345.64990234375,2328.25,2343.0,556816
2024-12-30,2277.854248046875,2343.5,2359.14990234375,2325.0,2341.5,924180
2024-12-31,2261.6708984375,2326.85009765625,2352.64990234375,2323.25,2340.0,1878762
2025-01-01,2257.0537109375,2322.10009765625,2337.14990234375,2320.25,2325.0,559893
2025-01-02,2303.611572265625,2370.0,2379.64990234375,2315.5,2330.0,1650744
2025-01-03,2338.84619140625,2406.25,2414.60009765625,2364.800048828125,2381.85009765625,1274239
2025-01-06,2309.637939453125,2376.199951171875,2418.949951171875,2361.64990234375,2418.0,900419
2025-01-07,2323.829345703125,2390.800048828125,2402.25,2375.25,2377.14990234375,922768
2025-01-08,2333.743408203125,2401.0,2409.0,2368.0,2391.0,953351
2025-01-09,2367.179931640625,2435.39990234375,2473.64990234375,2386.39990234375,2405.050048828125,2425267
2025-01-10,2373.6435546875,2442.050048828125,2456.0,2413.800048828125,2435.39990234375,1651911
2025-01-13,2382.343017578125,2451.0,2460.5,2409.050048828125,2417.050048828125,2595013
2025-01-14,2301.619140625,2367.949951171875,2468.0,2364.10009765625,2465.0,2052741
2025-01-15,2306.528076171875,2373.0,2384.89990234375,2350.10009765625,2373.89990234375,1215150
2025-01-16,2279.312255859375,2345.0,2380.0,2326.050048828125,2376.949951171875,2762596
2025-01-17,2288.059814453125,2354.0,2379.300048828125,2343.0,2350.0,1333005
2025-01-20,2279.506591796875,2345.199951171875,2368.0,2335.64990234375,2356.449951171875,1382273
2025-01-21,2274.938232421875,2340.5,2377.300048828125,2332.449951171875,2353.5,1842885
2025-01-22,2277.319580078125,2342.949951171875,2362.0,2332.199951171875,2342.550048828125,2658047
2025-01-23,2256.66455078125,2321.699951171875,2341.300048828125,2253.85009765625,2315.0,3408925
2025-01-24,2301.764892578125,2368.10009765625,2380.800048828125,2323.0,2332.85009765625,1688664
2025-01-27,2325.82177734375,2392.85009765625,2409.699951171875,2361.14990234375,2365.0,2477358
2025-01-28,2321.933837890625,2388.85009765625,2407.0,2379.449951171875,2401.0,1892156
2025-01-29,2317.1708984375,2383.949951171875,2396.0,2364.0,2385.14990234375,699576
2025-01-30,2341.2763671875,2408.75,2425.0,2384.0,2384.0,1419960
2025-01-31,2399.644287109375,2468.800048828125,2479.0,2401.5,2401.5,2116148
2025-02-01,2435.850830078125,2506.050048828125,2602.0,2435.14990234375,2475.0,2970999
2025-02-03,2373.54638671875,2441.949951171875,2520.0,2416.5,2505.0,2528480
2025-02-04,2369.755859375,2438.050048828125,2450.0,2402.85009765625,2450.0,1992474
2025-02-05,2324.072265625,2391.050048828125,2453.0,2387.0,2453.0,1357416
2025-02-06,2306.236083984375,2372.699951171875,2408.949951171875,2360.300048828125,2400.0,1132113
2025-02-07,2297.63427734375,2363.85009765625,2381.949951171875,2336.10009765625,2380.0,855602
2025-02-10,2295.301513671875,2361.449951171875,2398.0,2352.050048828125,2370.89990234375,1326354
2025-02-11,2250.3955078125,2315.25,2377.949951171875,2296.550048828125,2371.0,1389260
2025-02-12,2267.162353515625,2332.5,2339.89990234375,2305.10009765625,2325.699951171875,1341909
2025-02-13,2256.470458984375,2321.5,2345.60009765625,2313.35009765625,2330.10009765625,1334967
2025-02-14,2253.40869140625,2318.35009765625,2366.0,2313.39990234375,2322.0,1135380
2025-02-17,2264.149169921875,2329.39990234375,2336.0,2300.0,2318.35009765625,1409168
2025-02-18,2231.684814453125,2296.0,2338.550048828125,2288.0,2329.39990234375,1035705
2025-02-19,2187.3623046875,2250.39990234375,2305.699951171875,2248.0,2298.75,1521343
2025-02-20,2185.078125,2248.050048828125,2254.449951171875,2226.5,2250.39990234375,2206196
2025-02-21,2178.85693359375,2241.64990234375,2253.550048828125,2226.39990234375,2248.050048828125,1781509
2025-02-24,2178.66259765625,2241.449951171875,2251.0,2218.800048828125,2230.0,1627949
2025-02-25,2196.0126953125,2259.300048828125,2269.60009765625,2237.949951171875,2243.0,1988040
2025-02-27,2182.064697265625,2244.949951171875,2269.64990234375,2233.10009765625,2269.64990234375,1699658
2025-02-28,2128.896728515625,2190.25,2249.60009765625,2185.85009765625,2245.050048828125,3683249
2025-03-03,2115.87255859375,2176.85009765625,2199.0,2158.5,2199.0,1306470
2025-03-04,2096.918701171875,2157.35009765625,2180.0,2136.0,2179.949951171875,1800330
2025-03-05,2109.6513671875,2170.449951171875,2191.89990234375,2150.0,2152.0,1145673
2025-03-06,2156.79296875,2218.949951171875,2229.800048828125,2163.75,2175.0,1856868
2025-03-07,2142.79638671875,2204.550048828125,2226.699951171875,2189.199951171875,2226.699951171875,1738356
2025-03-10,2184.7861328125,2247.75,2267.14990234375,2194.64990234375,2208.0,1242387
2025-03-11,2154.848876953125,2216.949951171875,2262.449951171875,2211.25,2240.0,1325891
2025-03-12,2131.47265625,2192.89990234375,2229.949951171875,2185.0,2217.35009765625,1526212
2025-03-13,2113.8798828125,2174.800048828125,2209.949951171875,2164.449951171875,2185.0,1845629
2025-03-17,2110.42919921875,2171.25,2195.449951171875,2156.5,2161.0,1111886
2025-03-18,2110.42919921875,2171.25,2171.25,2171.25,2171.25,0
2025-03-19,2138.422607421875,2200.050048828125,2212.85009765625,2193.449951171875,2207.0,1341405
2025-03-20,2179.586181640625,2242.39990234375,2248.89990234375,2188.449951171875,2203.89990234375,1426689
2025-03-21,2183.27978515625,2246.199951171875,2255.199951171875,2225.800048828125,2245.0,2152415
2025-03-24,2192.99951171875,2256.199951171875,2266.0,2241.0,2250.25,1454404
2025-03-25,2207.6767578125,2271.300048828125,2292.0,2243.35009765625,2250.75,2229340
2025-03-26,2183.03662109375,2245.949951171875,2279.89990234375,2237.800048828125,2272.0,1416907
2025-03-27,2181.773193359375,2244.64990234375,2260.89990234375,2200.0,2244.199951171875,3752627
2025-03-28,2195.5751953125,2258.85009765625,2296.0,2240.300048828125,2247.0,2280152
2025-04-01,2171.27587890625,2233.85009765625,2284.64990234375,2220.0,2259.0,2495962
2025-04-02,2175.212158203125,2237.89990234375,2243.699951171875,2190.050048828125,2243.699951171875,1351493
2025-04-03,2181.676025390625,2244.550048828125,2252.89990234375,2220.60009765625,2225.449951171875,1310088
2025-04-04,2181.676025390625,2244.550048828125,2267.050048828125,2222.0,2230.0,1120226
2025-04-07,2186.389892578125,2249.39990234375,2261.60009765625,2150.0,2150.0,3435185
2025-04-08,2225.12353515625,2289.25,2306.199951171875,2252.35009765625,2268.300048828125,2774874
2025-04-09,2284.172119140625,2350.0,2354.14990234375,2289.5,2293.949951171875,2989089
2025-04-11,2299.86962890625,2366.14990234375,2394.85009765625,2344.35009765625,2394.60009765625,3836083
2025-04-15,2295.35009765625,2361.5,2400.0,2345.199951171875,2400.0,3042779
2025-04-16,2300.30712890625,2366.60009765625,2376.0,2351.0,2351.0,1131979
2025-04-17,2308.4716796875,2375.0,2379.89990234375,2343.10009765625,2357.10009765625,1962402
2025-04-21,2285.14404296875,2351.0,2372.39990234375,2348.800048828125,2368.10009765625,1478430
2025-04-22,2331.5078125,2398.699951171875,2406.0,2355.10009765625,2370.0,2352346
2025-04-23,2355.90478515625,2423.800048828125,2438.0,2393.39990234375,2410.0,2226066
2025-04-24,2260.164306640625,2325.300048828125,2487.39990234375,2317.10009765625,2423.800048828125,7065430
2025-04-25,2266.87060546875,2332.199951171875,2341.89990234375,2294.39990234375,2331.89990234375,2859858
2025-04-28,2253.651611328125,2318.60009765625,2349.0,2315.0,2345.0,1555660
2025-04-29,2256.66455078125,2321.699951171875,2332.5,2312.60009765625,2328.0,1896387
2025-04-30,2276.493408203125,2342.10009765625,2352.5,2316.0,2320.0,2083807
2025-05-02,2253.651611328125,2318.60009765625,2345.0,2310.0,2334.10009765625,1424284
2025-05-05,2282.8115234375,2348.60009765625,2354.89990234375,2319.10009765625,2324.10009765625,2074103
2025-05-06,2315.081298828125,2381.800048828125,2390.10009765625,2340.199951171875,2340.199951171875,1888125
2025-05-07,2304.389404296875,2370.800048828125,2386.89990234375,2355.300048828125,2369.0,1610400
2025-05-08,2288.934814453125,2354.89990234375,2371.89990234375,2341.0,2361.699951171875,2323073
2025-05-09,2267.551025390625,2332.89990234375,2342.699951171875,2302.300048828125,2330.0,1805685
2025-05-12,2315.76171875,2382.5,2387.0,2346.10009765625,2360.0,1274873
2025-05-13,2293.89208984375,2360.0,2398.0,2352.800048828125,2375.60009765625,1929665
2025-05-14,2284.658203125,2350.5,2370.0,2338.5,2370.0,1568111
2025-05-15,2289.226318359375,2355.199951171875,2369.89990234375,2340.0,2351.60009765625,3236681
2025-05-16,2314.692626953125,2381.39990234375,2387.0,2349.0,2360.0,1473000
2025-05-19,2315.9560546875,2382.699951171875,2405.0,2375.0,2375.0,936655
2025-05-20,2275.521484375,2341.10009765625,2394.60009765625,2338.5,2394.60009765625,1617408
2025-05-21,2297.682373046875,2363.89990234375,2375.699951171875,2345.0,2346.0,1570754
2025-05-22,2265.412841796875,2330.699951171875,2363.10009765625,2313.10009765625,2355.0,2423653
2025-05-23,2293.114501953125,2359.199951171875,2364.5,2329.60009765625,2336.89990234375,844118
2025-05-26,2327.03662109375,2394.10009765625,2397.300048828125,2364.10009765625,2368.0,892618
2025-05-27,2313.526123046875,2380.199951171875,2409.5,2360.300048828125,2394.10009765625,1865258
2025-05-28,2295.835693359375,2362.0,2388.0,2352.0,2388.0,897517
2025-05-29,2300.404296875,2366.699951171875,2376.0,2355.5,2369.0,1111275
2025-05-30,2282.51953125,2348.300048828125,2374.89990234375,2343.5,2360.0,3288892
2025-06-02,2305.167236328125,2371.60009765625,2384.0,2343.60009765625,2347.89990234375,1178205
2025-06-03,2286.40771484375,2352.300048828125,2379.5,2342.60009765625,2365.10009765625,1643913
2025-06-04,2298.265869140625,2364.5,2367.60009765625,2342.10009765625,2359.5,3287896
2025-06-05,2309.83251953125,2376.39990234375,2380.0,2348.89990234375,2364.5,1787978
2025-06-06,2322.857177734375,2389.800048828125,2396.5,2370.10009765625,2373.300048828125,997488
2025-06-09,2326.162109375,2393.199951171875,2399.0,2378.300048828125,2394.0,1293622
2025-06-10,2328.10595703125,2395.199951171875,2400.199951171875,2378.39990234375,2393.39990234375,1778782
2025-06-11,2309.83251953125,2376.39990234375,2402.89990234375,2371.300048828125,2395.199951171875,1977707
2025-06-12,2267.356689453125,2332.699951171875,2388.0,2324.10009765625,2386.89990234375,3339584
2025-06-13,2254.04052734375,2319.0,2324.89990234375,2302.0,2305.0,1740682
2025-06-16,2262.204833984375,2327.39990234375,2336.60009765625,2313.10009765625,2320.0,1105297
2025-06-17,2263.37158203125,2328.60009765625,2333.10009765625,2313.10009765625,2320.0,1119284
2025-06-18,2232.9482421875,2297.300048828125,2331.39990234375,2285.5,2327.699951171875,2056563
2025-06-19,2229.93505859375,2294.199951171875,2307.800048828125,2290.300048828125,2300.10009765625,1214549
2025-06-20,2241.598876953125,2306.199951171875,2313.0,2292.39990234375,2295.0,2685864
2025-06-23,2234.62548828125,2275.10009765625,2286.0,2258.699951171875,2283.39990234375,842856
2025-06-24,2222.839111328125,2263.10009765625,2301.0,2260.300048828125,2295.0,2440747
2025-06-25,2238.1611328125,2278.699951171875,2290.5,2271.39990234375,2279.0,1047270
2025-06-26,2240.223876953125,2280.800048828125,2291.0,2271.60009765625,2288.89990234375,1874722
2025-06-27,2265.859375,2306.89990234375,2310.5,2279.300048828125,2280.800048828125,1050745
2025-06-30,2253.778564453125,2294.60009765625,2317.0,2288.0,2309.89990234375,1403754
2025-07-01,2254.662353515625,2295.5,2302.60009765625,2286.60009765625,2300.0,759914
2025-07-02,2266.05615234375,2307.10009765625,2309.0,2287.60009765625,2295.0,1128034
2025-07-03,2272.243896484375,2313.39990234375,2326.89990234375,2304.0,2310.0,1060039
2025-07-04,2297.68310546875,2339.300048828125,2341.39990234375,2310.300048828125,2318.0,1242346
2025-07-07,2367.518310546875,2410.39990234375,2415.699951171875,2341.0,2341.0,2701583
2025-07-08,2350.133056640625,2392.699951171875,2418.5,2386.0,2405.39990234375,1471046
2025-07-09,2380.286865234375,2423.39990234375,2439.699951171875,2397.10009765625,2399.0,1741690
2025-07-10,2365.553955078125,2408.39990234375,2434.0,2397.60009765625,2423.39990234375,1053695
2025-07-11,2474.775634765625,2519.60009765625,2530.0,2461.0,2500.0,7242235
2025-07-14,2471.8291015625,2516.60009765625,2532.5,2490.0,2500.0,2427712
2025-07-15,2481.94580078125,2526.89990234375,2529.89990234375,2510.0,2520.699951171875,1700294
2025-07-16,2472.811279296875,2517.60009765625,2532.89990234375,2507.5,2526.300048828125,1284379
2025-07-17,2465.14990234375,2509.800048828125,2525.39990234375,2506.199951171875,2513.0,807474
2025-07-18,2445.309326171875,2489.60009765625,2514.89990234375,2481.5,2514.89990234375,771112
2025-07-21,2421.048828125,2464.89990234375,2493.60009765625,2455.39990234375,2490.89990234375,1169960
2025-07-22,2435.58544921875,2479.699951171875,2485.0,2452.60009765625,2470.0,861632
2025-07-23,2406.806640625,2450.39990234375,2487.0,2442.0,2481.0,1320795
2025-07-24,2394.430908203125,2437.800048828125,2466.0,2421.0,2455.89990234375,693984
2025-07-25,2372.42919921875,2415.39990234375,2428.60009765625,2405.39990234375,2426.10009765625,769388
2025-07-28,2398.163330078125,2441.60009765625,2448.300048828125,2412.300048828125,2415.39990234375,987995
2025-07-29,2409.949951171875,2453.60009765625,2457.5,2429.699951171875,2444.800048828125,732282
2025-07-30,2394.037841796875,2437.39990234375,2452.89990234375,2398.5,2442.0,1224146
2025-07-31,2476.34716796875,2521.199951171875,2549.0,2420.10009765625,2420.10009765625,5505507
2025-08-01,2508.26904296875,2553.699951171875,2727.5,2536.89990234375,2550.0,4259653
2025-08-04,2498.44677734375,2543.699951171875,2583.199951171875,2535.10009765625,2547.0,1293028
2025-08-05,2489.60693359375,2534.699951171875,2553.0,2517.300048828125,2537.5,756361
2025-08-06,2490.490966796875,2535.60009765625,2563.10009765625,2526.60009765625,2538.699951171875,885487
2025-08-07,2472.712890625,2517.5,2544.0,2495.0,2535.699951171875,847151
2025-08-08,2454.1494140625,2498.60009765625,2529.89990234375,2486.60009765625,2516.0,839794
2025-08-11,2473.5966796875,2518.39990234375,2524.5,2478.5,2490.10009765625,992436
2025-08-12,2439.612548828125,2483.800048828125,2536.60009765625,2480.10009765625,2518.0,1406211
2025-08-13,2450.711669921875,2495.10009765625,2501.5,2473.39990234375,2485.0,969803
2025-08-14,2436.469482421875,2480.60009765625,2509.0,2473.199951171875,2498.89990234375,1104362
2025-08-18,2522.4130859375,2568.10009765625,2597.0,2521.300048828125,2539.0,3089136
2025-08-19,2558.4599609375,2604.800048828125,2615.0,2558.39990234375,2572.199951171875,1400717
2025-08-20,2622.3037109375,2669.800048828125,2680.0,2588.5,2599.0,3156954
2025-08-21,2600.891357421875,2648.0,2667.10009765625,2627.300048828125,2667.10009765625,2235686
2025-08-22,2583.11328125,2629.89990234375,2658.5,2619.0,2647.0,1223445
2025-08-25,2584.783203125,2631.60009765625,2643.0,2615.199951171875,2643.0,667598
2025-08-26,2644.697998046875,2692.60009765625,2705.0,2624.60009765625,2624.60009765625,4348648
2025-08-28,2607.177490234375,2654.39990234375,2748.0,2646.800048828125,2748.0,3198743
2025-08-29,2612.4814453125,2659.800048828125,2723.0,2641.39990234375,2664.800048828125,1972773
2025-09-01,2602.36474609375,2649.5,2673.300048828125,2639.300048828125,2659.800048828125,1096729
2025-09-02,2629.37548828125,2677.0,2692.39990234375,2645.10009765625,2649.0,1525106
2025-09-03,2617.294189453125,2664.699951171875,2686.89990234375,2658.300048828125,2681.0,1010692
2025-09-04,2619.16064453125,2666.60009765625,2750.0,2655.5,2750.0,2494678
2025-09-05,2586.55078125,2633.39990234375,2672.89990234375,2623.800048828125,2667.60009765625,944879
2025-09-08,2577.219970703125,2623.89990234375,2644.60009765625,2618.800048828125,2630.0,903410
2025-09-09,2594.998046875,2642.0,2646.199951171875,2611.300048828125,2637.0,1610956
2025-09-10,2596.471435546875,2643.5,2652.89990234375,2619.0,2642.0,1031486
2025-09-11,2575.35400390625,2622.0,2657.699951171875,2614.0,2643.800048828125,1212707
2025-09-12,2534.592041015625,2580.5,2628.89990234375,2569.0,2625.0,1368380
2025-09-15,2535.083251953125,2581.0,2593.39990234375,2568.39990234375,2580.5,752745
2025-09-16,2534.985107421875,2580.89990234375,2590.0,2572.60009765625,2588.199951171875,1040928
2025-09-17,2523.984130859375,2569.699951171875,2591.10009765625,2566.5,2587.0,970247
2025-09-18,2540.780029296875,2586.800048828125,2609.89990234375,2570.89990234375,2570.89990234375,1550153
2025-09-19,2514.06396484375,2559.60009765625,2604.699951171875,2554.800048828125,2600.0,2214708
2025-09-22,2526.43994140625,2572.199951171875,2587.199951171875,2560.199951171875,2569.0,1174161
2025-09-23,2477.329345703125,2522.199951171875,2575.300048828125,2518.199951171875,2568.89990234375,1430474
2025-09-24,2504.143798828125,2549.5,2576.0,2510.0,2522.199951171875,1882881
2025-09-25,2493.14306640625,2538.300048828125,2567.5,2531.800048828125,2546.0,1624258
2025-09-26,2467.1142578125,2511.800048828125,2545.39990234375,2499.39990234375,2535.0,885612
2025-09-29,2453.46142578125,2497.89990234375,2517.39990234375,2443.0,2495.0,2403556
2025-09-30,2469.66796875,2514.39990234375,2526.300048828125,2491.60009765625,2497.89990234375,1678088
2025-10-01,2491.080322265625,2536.199951171875,2550.0,2497.89990234375,2515.39990234375,1483899
2025-10-03,2499.62548828125,2544.89990234375,2548.60009765625,2508.300048828125,2536.199951171875,1242611
2025-10-06,2496.580810546875,2541.800048828125,2549.60009765625,2520.199951171875,2535.199951171875,818923
2025-10-07,2472.418212890625,2517.199951171875,2559.39990234375,2508.300048828125,2540.0,1291750
2025-10-08,2455.62255859375,2500.10009765625,2525.0,2486.10009765625,2511.0,1225128
2025-10-09,2472.811279296875,2517.60009765625,2523.0,2498.300048828125,2501.0,1259173
2025-10-10,2483.91015625,2528.89990234375,2534.89990234375,2506.5,2510.0,1018875
2025-10-13,2448.452392578125,2492.800048828125,2531.60009765625,2485.39990234375,2519.199951171875,1114750
2025-10-14,2457.783447265625,2502.300048828125,2509.199951171875,2482.300048828125,2493.0,1461017
2025-10-15,2474.186279296875,2519.0,2531.800048828125,2502.60009765625,2502.60009765625,881070
2025-10-16,2515.93017578125,2561.5,2568.5,2507.10009765625,2517.800048828125,1446646
2025-10-17,2557.37939453125,2603.699951171875,2615.0,2560.0,2565.5,2050690
2025-10-20,2548.24462890625,2594.39990234375,2624.699951171875,2585.60009765625,2609.0,1011485
2025-10-21,2545.593017578125,2591.699951171875,2606.699951171875,2585.10009765625,2594.0,82020
2025-10-23,2555.31689453125,2601.60009765625,2667.199951171875,2596.10009765625,2601.0,3386744
2025-10-24,2471.63232421875,2516.39990234375,2584.0,2474.5,2584.0,3110800
2025-10-27,2467.1142578125,2511.800048828125,2525.0,2506.0,2516.39990234375,2127832
2025-10-28,2452.676025390625,2497.10009765625,2526.0,2481.89990234375,2519.0,2294976
2025-10-29,2443.8359375,2488.10009765625,2513.60009765625,2484.0,2512.60009765625,1870143
2025-10-30,2425.6650390625,2469.60009765625,2497.0,2454.89990234375,2491.0,1195631
2025-10-31,2421.637939453125,2465.5,2479.5,2452.89990234375,2469.0,1401937
2025-11-03,2416.23583984375,2460.0,2474.89990234375,2440.300048828125,2456.10009765625,1049185
2025-11-04,2402.190185546875,2445.699951171875,2463.300048828125,2441.300048828125,2460.0,1251588
2025-11-06,2392.662841796875,2436.0,2463.89990234375,2432.60009765625,2463.89990234375,1329256
2025-11-07,2389.693115234375,2414.0,2425.0,2400.60009765625,2417.0,817896
2025-11-10,2384.54541015625,2408.800048828125,2429.300048828125,2404.0,2405.0,780558
2025-11-11,2403.05712890625,2427.5,2433.699951171875,2403.10009765625,2422.199951171875,1422399
2025-11-12,2400.08740234375,2424.5,2434.800048828125,2416.199951171875,2430.60009765625,1680827
2025-11-13,2383.357666015625,2407.60009765625,2431.0,2405.0,2429.0,1256059
2025-11-14,2403.255126953125,2427.699951171875,2430.199951171875,2392.0,2405.10009765625,975973
2025-11-17,2400.582275390625,2425.0,2438.39990234375,2416.0,2431.39990234375,920038
2025-11-18,2379.793701171875,2404.0,2422.89990234375,2401.89990234375,2415.800048828125,1229034
2025-11-19,2417.015380859375,2441.60009765625,2450.699951171875,2411.0,2412.0,1465143
2025-11-20,2403.947998046875,2428.39990234375,2459.0,2425.0,2445.10009765625,1396929
2025-11-21,2409.19482421875,2433.699951171875,2443.199951171875,2413.0,2436.199951171875,1840712
2025-11-24,2399.790283203125,2424.199951171875,2444.89990234375,2413.0,2441.89990234375,4092327
2025-11-25,2389.792236328125,2414.10009765625,2424.199951171875,2406.0,2422.0,1240672
2025-11-26,2400.7802734375,2425.199951171875,2427.699951171875,2409.0,2412.0,1242683
2025-11-27,2427.013427734375,2451.699951171875,2459.699951171875,2425.0,2426.10009765625,1872248
2025-11-28,2441.763671875,2466.60009765625,2470.0,2447.199951171875,2450.0,973225
2025-12-01,2439.6845703125,2464.5,2488.0,2458.800048828125,2466.60009765625,1924828
2025-12-02,2452.850830078125,2477.800048828125,2484.39990234375,2460.0,2471.0,2179406
2025-12-03,2423.350830078125,2448.0,2484.89990234375,2403.10009765625,2478.199951171875,3535932
2025-12-04,2437.40771484375,2462.199951171875,2483.0,2423.199951171875,2440.0,2587753
2025-12-05,2315.052490234375,2338.60009765625,2422.0,2286.699951171875,2422.0,4008271
2025-12-08,2290.699951171875,2314.0,2355.10009765625,2302.0,2350.10009765625,1898154
2025-12-09,2283.275634765625,2306.5,2330.39990234375,2298.10009765625,2318.0,1471488
2025-12-10,2278.52392578125,2301.699951171875,2316.89990234375,2295.0,2306.5,2857290
2025-12-11,2282.384765625,2305.60009765625,2313.0,2292.0,2296.300048828125,1108032
2025-12-12,2237.837890625,2260.60009765625,2309.0,2244.699951171875,2306.89990234375,3203114
2025-12-15,2270.406494140625,2293.5,2299.0,2252.0,2260.60009765625,1274115
2025-12-16,2258.13134765625,2281.10009765625,2302.699951171875,2276.0,2293.39990234375,1256042
2025-12-17,2252.686767578125,2275.60009765625,2286.199951171875,2268.300048828125,2281.199951171875,808100
2025-12-18,2242.6884765625,2265.5,2278.300048828125,2255.300048828125,2270.0,1057295
2025-12-19,2257.04248046875,2280.0,2284.800048828125,2263.699951171875,2263.699951171875,1237214
2025-12-22,2266.44677734375,2289.5,2295.0,2280.0,2280.0,790773
2025-12-23,2279.414794921875,2302.60009765625,2310.0,2280.699951171875,2289.300048828125,1128801
2025-12-24,2259.22021484375,2282.199951171875,2305.0,2278.10009765625,2302.60009765625,519380
2025-12-26,2262.387939453125,2285.39990234375,2290.0,2275.0,2282.300048828125,533626
2025-12-29,2270.20849609375,2293.300048828125,2298.699951171875,2280.0,2288.89990234375,1086695
2025-12-30,2267.1396484375,2290.199951171875,2298.0,2283.0,2293.300048828125,1556717
2025-12-31,2292.580810546875,2315.89990234375,2325.5,2286.800048828125,2290.0,1324220
