Price,Adj Close,Close,High,Low,Open,Volume
Ticker,ICICIBANK.NS,ICICIBANK.NS,ICICIBANK.NS,ICICIBANK.NS,ICICIBANK.NS,ICICIBANK.NS
Date,,,,,,
2020-01-01,514.7979125976562,536.75,542.5,535.7000122070312,539.9000244140625,7642793
2020-01-02,518.4903564453125,540.5999755859375,541.9000244140625,535.8499755859375,536.0,10264223
2020-01-03,516.8120727539062,538.8499755859375,540.7999877929688,536.25,538.0,9594690
2020-01-06,504.19989013671875,525.7000122070312,537.25,523.7999877929688,537.25,12534334
2020-01-07,501.5143737792969,522.9000244140625,535.5999755859375,521.6500244140625,531.2999877929688,16101835
2020-01-08,504.4396667480469,525.9500122070312,527.3499755859375,515.0,516.0,16094310
2020-01-09,523.9573364257812,546.2999877929688,547.4000244140625,530.2999877929688,530.7000122070312,18934019
2020-01-10,518.1548461914062,540.25,546.5,538.5,544.9000244140625,12335407
2020-01-13,516.5722045898438,538.5999755859375,546.0499877929688,538.0,539.4000244140625,7901800
2020-01-14,515.6130981445312,537.5999755859375,538.9500122070312,534.1500244140625,536.2000122070312,13939440
2020-01-15,513.6949462890625,535.5999755859375,536.9500122070312,530.6500244140625,535.0999755859375,12353176
2020-01-16,515.1815795898438,537.1500244140625,540.0,533.2000122070312,533.9000244140625,11249232
2020-01-17,510.2901611328125,532.0499877929688,538.0,530.5999755859375,534.5,18312609
2020-01-20,512.9756469726562,534.8499755859375,544.0,531.0,533.0,19159996
2020-01-21,509.3310241699219,531.0499877929688,540.25,530.2000122070312,532.9500122070312,13477994
2020-01-22,501.46636962890625,522.8499755859375,534.9500122070312,520.75,531.5,17527408
2020-01-23,506.1180114746094,527.7000122070312,530.25,517.0499877929688,521.4000244140625,17061293
2020-01-24,512.0164794921875,533.8499755859375,537.4000244140625,527.0,529.25,17851868
2020-01-27,515.2775268554688,537.25,545.0,531.5,538.5,38149166
2020-01-28,506.5976867675781,528.2000122070312,540.5999755859375,524.4500122070312,538.0999755859375,24009224
2020-01-29,505.0630187988281,526.5999755859375,534.7999877929688,525.2999877929688,531.5499877929688,16400827
2020-01-30,510.43402099609375,532.2000122070312,533.9500122070312,524.1500244140625,527.6500244140625,14319317
2020-01-31,504.1519470214844,525.6500244140625,532.75,522.4000244140625,530.0,16292578
2020-02-03,494.4649353027344,515.5499877929688,519.1500244140625,502.0,504.0,22531888
2020-02-04,509.0912170410156,530.7999877929688,534.6500244140625,516.6500244140625,520.0,17781475
2020-02-05,517.0517578125,539.0999755859375,540.4000244140625,525.7000122070312,529.0499877929688,18782476
2020-02-06,519.449462890625,541.5999755859375,547.0,536.25,540.3499755859375,15296851
2020-02-07,514.51025390625,536.4500122070312,541.75,535.1500244140625,540.9500122070312,8297149
2020-02-10,512.1124877929688,533.9500122070312,542.25,530.5,538.6500244140625,12536053
2020-02-11,517.6752319335938,539.75,544.7999877929688,537.5,537.7000122070312,11243552
2020-02-12,526.8345947265625,549.2999877929688,550.7000122070312,542.7000122070312,545.7999877929688,14026335
2020-02-13,518.8741455078125,541.0,549.0,538.0,549.0,9227235
2020-02-14,523.4777221679688,545.7999877929688,548.6500244140625,536.5499877929688,541.25,14458649
2020-02-17,519.449462890625,541.5999755859375,545.3499755859375,537.75,543.0,7793293
2020-02-18,519.0659790039062,541.2000122070312,544.4000244140625,536.0,541.0,15918303
2020-02-19,522.5186767578125,544.7999877929688,546.5,540.5,543.5,8704234
2020-02-20,524.6287231445312,547.0,549.3499755859375,541.7999877929688,545.5,13588526
2020-02-24,508.18011474609375,529.8499755859375,541.8499755859375,527.5499877929688,539.5,16940750
2020-02-25,509.2351379394531,530.9500122070312,538.7999877929688,525.2999877929688,532.4500122070312,14942960
2020-02-26,502.2815856933594,523.7000122070312,529.3499755859375,522.2000122070312,526.8499755859375,15743918
2020-02-27,494.2731018066406,515.3499755859375,523.2999877929688,512.6500244140625,522.7999877929688,26315054
2020-02-28,476.91339111328125,497.25,506.8500061035156,492.20001220703125,501.6000061035156,32737933
2020-03-02,485.40142822265625,506.1000061035156,520.5499877929688,498.45001220703125,508.25,28642076
2020-03-03,493.6976623535156,514.75,519.5,508.5,509.8500061035156,19661945
2020-03-04,487.5594482421875,508.3500061035156,517.5,497.04998779296875,517.5,21883404
2020-03-05,483.8669128417969,504.5,511.1499938964844,500.0,509.75,16671516
2020-03-06,466.4591979980469,486.3500061035156,496.79998779296875,477.29998779296875,485.0,31024353
2020-03-09,439.02886962890625,457.75,475.0,442.95001220703125,475.0,42027175
2020-03-11,446.6058044433594,465.6499938964844,471.75,449.6000061035156,450.0,31018779
2020-03-12,408.24169921875,425.6499938964844,445.95001220703125,416.0,438.0,50757033
2020-03-13,428.91033935546875,447.20001220703125,464.75,395.20001220703125,401.0,67104335
2020-03-16,386.4221496582031,402.8999938964844,424.20001220703125,397.45001220703125,424.20001220703125,34833637
2020-03-17,352.23016357421875,367.25,408.45001220703125,364.0,407.0,47232699
2020-03-18,340.52911376953125,355.04998779296875,375.5,342.29998779296875,369.1000061035156,61202289
2020-03-19,324.70391845703125,338.54998779296875,369.6000061035156,323.0,336.1000061035156,57985870
2020-03-20,331.5615234375,345.70001220703125,359.79998779296875,323.0,328.0,88640642
2020-03-23,272.38494873046875,284.0,313.70001220703125,280.0,311.1499938964844,56867949
2020-03-24,284.37371826171875,296.5,305.0,268.29998779296875,295.29998779296875,67895418
2020-03-25,303.9393615722656,316.8999938964844,334.1499938964844,281.6000061035156,284.0,66544138
2020-03-26,316.743408203125,330.25,364.3999938964844,314.25,322.0,76173940
2020-03-27,325.9507751464844,339.8500061035156,359.54998779296875,326.0,355.79998779296875,72889985
2020-03-30,300.58251953125,313.3999938964844,333.8999938964844,311.1000061035156,330.1000061035156,36559880
2020-03-31,310.5092468261719,323.75,334.8500061035156,316.0,324.70001220703125,46279768
2020-04-01,298.4245300292969,311.1499938964844,323.75,308.1000061035156,319.0,33141186
2020-04-03,274.926513671875,286.6499938964844,309.5,281.5,309.5,57326314
2020-04-07,312.7630920410156,326.1000061035156,329.6000061035156,296.8500061035156,308.29998779296875,57661076
2020-04-08,305.90557861328125,318.95001220703125,352.75,315.1000061035156,322.8500061035156,73931321
2020-04-09,328.6841735839844,342.70001220703125,345.0,322.6499938964844,332.3999938964844,52431174
2020-04-13,317.1270446777344,330.6499938964844,345.79998779296875,329.25,341.04998779296875,30994190
2020-04-15,313.9620056152344,327.3500061035156,351.8999938964844,325.0,342.70001220703125,49132329
2020-04-16,328.0128479003906,342.0,347.79998779296875,319.3500061035156,325.29998779296875,56494027
2020-04-17,360.190673828125,375.54998779296875,385.5,349.04998779296875,362.0,69006835
2020-04-20,346.5234680175781,361.29998779296875,378.8999938964844,357.0,376.0,55810736
2020-04-21,318.2779846191406,331.8500061035156,346.20001220703125,328.0,341.0,50118175
2020-04-22,322.2102966308594,335.95001220703125,338.0,323.04998779296875,326.0,49115085
2020-04-23,338.5149841308594,352.95001220703125,354.79998779296875,338.0,340.25,45953398
2020-04-24,321.1552429199219,334.8500061035156,343.25,331.5,337.8999938964844,38513206
2020-04-27,333.6715087890625,347.8999938964844,352.8999938964844,338.0,339.29998779296875,38980019
2020-04-28,345.1328125,359.8500061035156,362.8500061035156,350.25,353.75,32933194
2020-04-29,355.29925537109375,370.45001220703125,376.5,351.6499938964844,353.0,39341745
2020-04-30,364.60260009765625,380.1499938964844,392.95001220703125,374.1499938964844,382.0,45734705
2020-05-04,324.2243347167969,338.04998779296875,359.0,336.0,359.0,38837299
2020-05-05,317.31884765625,330.8500061035156,348.0,329.54998779296875,348.0,45069968
2020-05-06,327.4373474121094,341.3999938964844,345.54998779296875,325.25,331.5,49952812
2020-05-07,322.9775085449219,336.75,342.8999938964844,333.70001220703125,337.0,27656346
2020-05-08,323.8887023925781,337.70001220703125,352.5,333.70001220703125,344.0,42968091
2020-05-11,307.0564880371094,320.1499938964844,343.54998779296875,318.20001220703125,341.0,83665601
2020-05-12,308.0634765625,321.20001220703125,324.3999938964844,308.0,318.29998779296875,69072308
2020-05-13,324.2243347167969,338.04998779296875,348.3999938964844,332.29998779296875,343.5,72816461
2020-05-14,314.0099182128906,327.3999938964844,334.5,325.6499938964844,330.0,33999095
2020-05-15,309.5021667480469,322.70001220703125,330.54998779296875,318.79998779296875,329.29998779296875,31828868
2020-05-18,286.2918701171875,298.5,320.5,293.25,320.0,74034133
2020-05-19,288.01824951171875,300.29998779296875,311.5,297.1000061035156,307.04998779296875,61827491
2020-05-20,293.1494445800781,305.6499938964844,308.25,297.5,299.0,42238419
2020-05-21,291.9505615234375,304.3999938964844,312.79998779296875,302.0,306.0,43075357
2020-05-22,279.1465759277344,291.04998779296875,307.70001220703125,285.54998779296875,301.0,80358245
2020-05-26,280.72906494140625,292.70001220703125,297.8999938964844,290.0,296.04998779296875,46681705
2020-05-27,305.80963134765625,318.8500061035156,321.95001220703125,294.8500061035156,296.1000061035156,80541990
2020-05-28,313.482421875,326.8500061035156,329.75,320.75,322.25,66136408
2020-05-29,318.3738708496094,331.95001220703125,334.29998779296875,320.0,322.8999938964844,60487477
2020-06-01,325.37530517578125,339.25,348.0,336.20001220703125,339.0,44024770
2020-06-02,334.1510925292969,348.3999938964844,350.0,332.5,337.0,47558213
2020-06-03,342.2555236816406,356.8500061035156,373.0,353.79998779296875,357.8999938964844,69689299
2020-06-04,333.6236267089844,347.8500061035156,363.0,345.5,357.0,57061575
2020-06-05,342.5911560058594,357.20001220703125,360.0,347.0,350.0,37251097
2020-06-08,345.0848693847656,359.79998779296875,373.75,353.1499938964844,366.54998779296875,46827341
2020-06-09,334.294921875,348.54998779296875,369.3500061035156,345.25,360.04998779296875,47621969
2020-06-10,338.56298828125,353.0,356.8500061035156,345.29998779296875,348.54998779296875,36292403
2020-06-11,327.2934875488281,341.25,354.20001220703125,340.1000061035156,352.45001220703125,36999490
2020-06-12,330.1228942871094,344.20001220703125,346.1499938964844,324.1000061035156,324.20001220703125,47509067
2020-06-15,317.55859375,331.1000061035156,342.25,325.5,341.20001220703125,43500660
2020-06-16,328.92401123046875,342.95001220703125,347.8999938964844,326.04998779296875,342.25,57511237
2020-06-17,327.9648742675781,341.95001220703125,351.0,336.1000061035156,338.6000061035156,37107002
2020-06-18,337.60382080078125,352.0,354.70001220703125,337.20001220703125,340.0,39285919
2020-06-19,348.9212646484375,363.79998779296875,365.45001220703125,349.20001220703125,351.0,51367236
2020-06-22,352.5178527832031,367.54998779296875,375.25,365.1499938964844,367.0,40133602
2020-06-23,360.76617431640625,376.1499938964844,378.29998779296875,364.20001220703125,369.0,32493320
2020-06-24,333.8633728027344,348.1000061035156,380.0,345.0,380.0,57955780
2020-06-25,336.644775390625,351.0,355.6000061035156,338.5,345.8999938964844,69902888
2020-06-26,334.8224182128906,349.1000061035156,358.5,346.1000061035156,355.6000061035156,34596104
2020-06-29,329.0678405761719,343.1000061035156,345.6000061035156,338.5,345.25,27384244
2020-06-30,337.0763854980469,351.45001220703125,354.45001220703125,346.29998779296875,347.0,47526095
2020-07-01,349.1610412597656,364.04998779296875,365.75,351.6000061035156,354.25,36922617
2020-07-02,348.0101013183594,362.8500061035156,370.8999938964844,361.3500061035156,366.0,50964311
2020-07-03,346.2358093261719,361.0,367.1499938964844,359.79998779296875,364.6499938964844,28779044
2020-07-06,347.051025390625,361.8500061035156,367.8500061035156,360.5,367.8500061035156,33334074
2020-07-07,360.6702575683594,376.04998779296875,378.0,362.1000061035156,363.0,46030825
2020-07-08,353.8606262207031,368.95001220703125,379.0,367.54998779296875,377.8999938964844,46315597
2020-07-09,355.203369140625,370.3500061035156,376.0,365.29998779296875,373.45001220703125,35144463
2020-07-10,345.61236572265625,360.3500061035156,368.20001220703125,359.0,364.8999938964844,27864858
2020-07-13,339.1383972167969,353.6000061035156,367.0,352.5,364.1000061035156,32379935
2020-07-14,331.4176330566406,345.54998779296875,352.45001220703125,340.6000061035156,351.5,34031256
2020-07-15,331.65740966796875,345.79998779296875,356.79998779296875,343.75,349.5,30442553
2020-07-16,330.5544738769531,344.6499938964844,348.6000061035156,341.0,347.95001220703125,35535437
2020-07-17,339.3302307128906,353.79998779296875,356.0,345.45001220703125,346.0,27511781
2020-07-20,348.15399169921875,363.0,366.3500061035156,355.25,358.0,36312529
2020-07-21,363.3077392578125,378.79998779296875,379.8999938964844,370.04998779296875,371.0,45559912
2020-07-22,365.5137023925781,381.1000061035156,389.5,375.29998779296875,386.8999938964844,45500191
2020-07-23,376.2077331542969,392.25,395.6499938964844,378.8500061035156,382.54998779296875,37838027
2020-07-24,366.1850891113281,381.79998779296875,388.70001220703125,372.1499938964844,388.29998779296875,52980980
2020-07-27,343.8380126953125,358.5,385.79998779296875,356.6000061035156,385.0,73275058
2020-07-28,337.6997985839844,352.1000061035156,362.75,343.20001220703125,361.1000061035156,125939354
2020-07-29,336.69268798828125,351.04998779296875,357.6499938964844,348.20001220703125,353.20001220703125,50194622
2020-07-30,330.8421936035156,344.95001220703125,354.6000061035156,340.3999938964844,353.3999938964844,40820253
2020-07-31,332.6164855957031,346.79998779296875,353.0,342.04998779296875,346.45001220703125,37345191
2020-08-03,329.21173095703125,343.25,349.3500061035156,340.5,346.79998779296875,32119883
2020-08-04,336.644775390625,351.0,353.20001220703125,344.20001220703125,347.0,30811518
2020-08-05,337.7956848144531,352.20001220703125,360.0,350.75,353.3999938964844,37057881
2020-08-06,344.0777587890625,358.75,363.75,348.6000061035156,353.45001220703125,48021824
2020-08-07,343.310546875,357.95001220703125,359.6499938964844,353.1499938964844,359.45001220703125,28510964
2020-08-10,348.68145751953125,363.54998779296875,364.95001220703125,357.3500061035156,359.5,22856010
2020-08-11,352.3260498046875,367.3500061035156,374.29998779296875,364.04998779296875,370.0,45446107
2020-08-12,351.84649658203125,366.8500061035156,368.75,363.75,365.75,25706005
2020-08-13,352.9974365234375,368.04998779296875,372.3500061035156,366.25,368.95001220703125,26257336
2020-08-14,346.61944580078125,361.3999938964844,371.79998779296875,354.20001220703125,371.79998779296875,28893259
2020-08-17,345.4685363769531,360.20001220703125,366.3500061035156,354.3500061035156,366.0,24232497
2020-08-18,354.43603515625,369.54998779296875,370.0,361.6000061035156,361.8999938964844,26517363
2020-08-19,359.1357116699219,374.45001220703125,375.8500061035156,370.3999938964844,374.0,35790233
2020-08-20,352.7096862792969,367.75,369.6499938964844,362.6000061035156,367.0,68444775
2020-08-21,355.9706115722656,371.1499938964844,373.0,367.04998779296875,370.0,34109928
2020-08-24,364.79437255859375,380.3500061035156,381.20001220703125,373.8500061035156,374.8500061035156,32907235
2020-08-25,370.54901123046875,386.3500061035156,389.79998779296875,381.3999938964844,382.5,53072303
2020-08-26,373.42633056640625,389.3500061035156,391.6499938964844,384.20001220703125,388.20001220703125,37163882
2020-08-27,376.1597595214844,392.20001220703125,397.45001220703125,387.6000061035156,389.95001220703125,36910405
2020-08-28,392.94403076171875,409.70001220703125,411.8999938964844,392.8999938964844,393.8999938964844,83472297
2020-08-31,378.4615783691406,394.6000061035156,422.0,387.5,414.8500061035156,72744175
2020-09-01,374.96087646484375,390.95001220703125,399.6499938964844,385.29998779296875,394.70001220703125,34872793
2020-09-02,376.3515625,392.3999938964844,394.0,381.1000061035156,387.25,31295799
2020-09-03,367.0962219238281,382.75,392.54998779296875,381.04998779296875,392.3999938964844,26135555
2020-09-04,357.31341552734375,372.54998779296875,379.95001220703125,368.3500061035156,375.0,33118984
2020-09-07,358.12860107421875,373.3999938964844,376.8500061035156,369.0,374.1000061035156,22323904
2020-09-08,360.3345642089844,375.70001220703125,381.29998779296875,369.1499938964844,372.3999938964844,32052920
2020-09-09,352.5658264160156,367.6000061035156,372.3999938964844,361.8999938964844,370.79998779296875,25285238
2020-09-10,355.5390319824219,370.70001220703125,375.0,365.45001220703125,371.70001220703125,24852274
2020-09-11,355.3472595214844,370.5,373.6499938964844,365.1000061035156,373.0,22678353
2020-09-14,348.8253479003906,363.70001220703125,373.8500061035156,359.3500061035156,373.5,27140598
2020-09-15,356.354248046875,371.54998779296875,372.25,363.70001220703125,364.04998779296875,24967618
2020-09-16,359.3754577636719,374.70001220703125,376.70001220703125,365.0,371.3500061035156,22068622
2020-09-17,353.90863037109375,369.0,371.75,367.3999938964844,370.0,24084936
2020-09-18,354.43603515625,369.54998779296875,374.6499938964844,364.54998779296875,370.0,78166508
2020-09-21,336.3570251464844,350.70001220703125,367.3999938964844,348.5,366.6499938964844,28932482
2020-09-22,339.90570068359375,354.3999938964844,356.1499938964844,349.5,354.0,28593292
2020-09-23,337.46002197265625,351.8500061035156,357.1000061035156,342.45001220703125,356.6000061035156,22740143
2020-09-24,321.97052001953125,335.70001220703125,346.95001220703125,333.75,344.95001220703125,25840472
2020-09-25,334.3908996582031,348.6499938964844,350.5,336.6000061035156,339.04998779296875,23231600
2020-09-28,348.15399169921875,363.0,363.95001220703125,349.1000061035156,351.5,18495592
2020-09-29,342.44732666015625,357.04998779296875,363.75,354.25,363.75,17080848
2020-09-30,340.2413635253906,354.75,357.5,349.3500061035156,356.95001220703125,19565058
2020-10-01,354.10040283203125,369.20001220703125,371.20001220703125,358.25,358.25,23237122
2020-10-05,357.8409118652344,373.1000061035156,382.6499938964844,370.75,370.75,26530105
2020-10-06,365.0341796875,380.6000061035156,381.79998779296875,375.1000061035156,377.1000061035156,18093629
2020-10-07,367.00030517578125,382.6499938964844,384.3500061035156,374.1000061035156,379.29998779296875,21845743
2020-10-08,371.6519470214844,387.5,389.70001220703125,382.6499938964844,385.0,21085500
2020-10-09,385.0793762207031,401.5,403.5,386.8999938964844,390.70001220703125,41641237
2020-10-12,387.5251159667969,404.04998779296875,410.0,400.70001220703125,403.45001220703125,25742564
2020-10-13,380.04412841796875,396.25,401.0,393.5,401.0,19922778
2020-10-14,390.1626281738281,406.79998779296875,409.25,389.0,394.3500061035156,23368177
2020-10-15,375.0088195800781,391.0,409.8999938964844,389.1499938964844,406.8999938964844,34234586
2020-10-16,379.9002685546875,396.1000061035156,401.29998779296875,390.5,394.0,25339096
2020-10-19,400.0413818359375,417.1000061035156,418.75,401.1499938964844,402.04998779296875,41072871
2020-10-20,397.6436462402344,414.6000061035156,416.8999938964844,411.0,413.5,26158669
2020-10-21,403.11053466796875,420.29998779296875,428.5,410.29998779296875,416.0,43124966
2020-10-22,396.0131530761719,412.8999938964844,419.6499938964844,407.6499938964844,416.3999938964844,33088074
2020-10-23,399.89752197265625,416.95001220703125,420.5,411.75,417.0,22151463
2020-10-26,387.90875244140625,404.45001220703125,419.1499938964844,401.45001220703125,418.04998779296875,21712057
2020-10-27,393.1838073730469,409.95001220703125,412.3999938964844,393.25,406.3500061035156,33571163
2020-10-28,379.8522644042969,396.04998779296875,409.8999938964844,394.79998779296875,409.8999938964844,28145103
2020-10-29,383.5447998046875,399.8999938964844,402.8999938964844,389.6499938964844,392.25,32615425
2020-10-30,376.54339599609375,392.6000061035156,402.70001220703125,388.04998779296875,399.3999938964844,27225165
2020-11-02,400.3770751953125,417.45001220703125,422.79998779296875,407.0,417.0,72698777
2020-11-03,425.6973876953125,443.8500061035156,446.8999938964844,424.20001220703125,425.0,61813071
2020-11-04,419.1754455566406,437.04998779296875,442.0,425.29998779296875,437.29998779296875,43426662
2020-11-05,420.566162109375,438.5,446.25,435.6000061035156,445.0,30129938
2020-11-06,424.6902770996094,442.79998779296875,444.8999938964844,436.20001220703125,439.8500061035156,27831424
2020-11-09,443.7764587402344,462.70001220703125,464.6000061035156,449.0,450.0,40995422
2020-11-10,464.06146240234375,483.8500061035156,487.04998779296875,473.0,485.79998779296875,57535138
2020-11-11,466.6509704589844,486.54998779296875,490.54998779296875,472.1000061035156,484.75,45609279
2020-11-12,457.2038879394531,476.70001220703125,483.54998779296875,471.3500061035156,481.6000061035156,31071572
2020-11-13,465.6918640136719,485.54998779296875,487.1000061035156,467.54998779296875,472.70001220703125,34815091
2020-11-14,466.9866943359375,486.8999938964844,489.8500061035156,484.6499938964844,489.8500061035156,3636073
2020-11-17,466.50714111328125,486.3999938964844,493.0,478.1499938964844,490.5,36127378
2020-11-18,477.29705810546875,497.6499938964844,499.0,486.25,488.0,29156543
2020-11-19,459.16998291015625,478.75,493.3500061035156,475.79998779296875,490.0,31896908
2020-11-20,460.56072998046875,480.20001220703125,483.45001220703125,468.1000061035156,479.5,30089190
2020-11-23,449.0994567871094,468.25,483.3500061035156,466.5,481.79998779296875,29513544
2020-11-24,458.6424865722656,478.20001220703125,480.0,471.20001220703125,474.0,23135994
2020-11-25,453.3674621582031,472.70001220703125,489.95001220703125,471.1000061035156,485.0,34168305
2020-11-26,455.8611145019531,475.29998779296875,477.20001220703125,465.79998779296875,475.1000061035156,28707911
2020-11-27,453.9908752441406,473.3500061035156,479.54998779296875,471.29998779296875,476.3999938964844,48390771
2020-12-01,465.2602844238281,485.1000061035156,488.5,474.29998779296875,479.70001220703125,20120049
2020-12-02,460.8005065917969,480.45001220703125,487.0,472.20001220703125,486.3500061035156,21244707
2020-12-03,462.1432800292969,481.8500061035156,485.0,478.8500061035156,482.1000061035156,22701738
2020-12-04,481.51708984375,502.04998779296875,504.0,483.0,483.70001220703125,39547014
2020-12-07,489.57354736328125,510.45001220703125,515.5999755859375,504.1499938964844,505.0,37778332
2020-12-08,487.60736083984375,508.3999938964844,512.0,505.3999938964844,511.5,19339943
2020-12-09,490.5805969238281,511.5,515.0,506.04998779296875,510.0,21272782
2020-12-10,486.2166748046875,506.95001220703125,514.4000244140625,498.75,508.1000061035156,20419020
2020-12-11,494.3690490722656,515.4500122070312,516.9000244140625,506.1000061035156,509.25,25335765
2020-12-14,504.2957458496094,525.7999877929688,527.7999877929688,518.0999755859375,518.0999755859375,26369591
2020-12-15,496.8626708984375,518.0499877929688,524.25,513.0999755859375,524.0,26969145
2020-12-16,491.49176025390625,512.4500122070312,521.7000122070312,511.1000061035156,520.0499877929688,24263586
2020-12-17,489.5256042480469,510.3999938964844,516.5,509.1000061035156,514.0,23883288
2020-12-18,495.9995422363281,517.1500244140625,518.25,509.1499938964844,514.0,21735833
2020-12-21,474.27587890625,494.5,514.7000122070312,488.20001220703125,514.5999755859375,29157759
2020-12-22,479.838623046875,500.29998779296875,501.79998779296875,489.1000061035156,497.29998779296875,32328041
2020-12-23,483.0036926269531,503.6000061035156,505.5,496.54998779296875,499.0,19205951
2020-12-24,492.54669189453125,513.5499877929688,515.9500122070312,505.1000061035156,506.75,17576807
2020-12-28,498.8288269042969,520.0999755859375,521.2000122070312,513.5999755859375,515.9000244140625,14470472
2020-12-29,507.1730041503906,528.7999877929688,530.7999877929688,517.8499755859375,522.5499877929688,19092649
2020-12-30,507.1251220703125,528.75,533.0,524.5499877929688,531.6500244140625,21365141
2020-12-31,513.1673583984375,535.0499877929688,538.5,526.5,530.0999755859375,27817770
2021-01-01,505.92620849609375,527.5,537.0,526.0999755859375,535.5499877929688,13592625
2021-01-04,509.9544372558594,531.7000122070312,535.0,524.2999877929688,532.2999877929688,16549750
2021-01-05,515.2775268554688,537.25,539.9500122070312,523.0,526.6500244140625,23311516
2021-01-06,524.341064453125,546.7000122070312,550.5999755859375,535.8499755859375,538.75,28178838
2021-01-07,518.969970703125,541.0999755859375,554.4000244140625,539.75,552.1500244140625,21138034
2021-01-08,519.8811645507812,542.0499877929688,547.0999755859375,536.3499755859375,547.0,21937965
2021-01-11,522.4227905273438,544.7000122070312,546.0,535.0,545.1500244140625,19394393
2021-01-12,525.5878295898438,548.0,550.6500244140625,537.0999755859375,541.0,16388310
2021-01-13,533.7401733398438,556.5,561.0,548.25,551.5,21920297
2021-01-14,530.6710205078125,553.2999877929688,558.4500122070312,550.5999755859375,554.0499877929688,13330898
2021-01-15,520.792236328125,543.0,551.0,541.5,550.0,15708956
2021-01-18,511.3451843261719,533.1500244140625,548.4000244140625,528.9000244140625,544.5,21580313
2021-01-19,524.1011962890625,546.4500122070312,547.75,533.9000244140625,539.0,20575358
2021-01-20,528.465087890625,551.0,554.5999755859375,546.0,546.4500122070312,16097138
2021-01-21,530.0955200195312,552.7000122070312,561.0,549.7000122070312,555.0,18189277
2021-01-22,511.96856689453125,533.7999877929688,553.5,530.5999755859375,553.0999755859375,24515997
2021-01-25,516.0447998046875,538.0499877929688,542.2999877929688,531.2000122070312,536.5499877929688,23415249
2021-01-27,500.9867858886719,522.3499755859375,539.2000122070312,519.0999755859375,537.7999877929688,28049286
2021-01-28,506.64556884765625,528.25,529.8499755859375,512.0,514.5999755859375,29836591
2021-01-29,515.0376586914062,537.0,544.9500122070312,529.4500122070312,533.3499755859375,33172808
2021-02-01,579.1056518554688,603.7999877929688,609.4500122070312,551.0,552.0,69354326
2021-02-02,592.1015014648438,617.3499755859375,624.0,598.7000122070312,613.0,42362384
2021-02-03,596.89697265625,622.3499755859375,627.5,614.0,623.4000244140625,27155908
2021-02-04,602.6036376953125,628.2999877929688,631.6500244140625,609.0,618.7999877929688,29982222
2021-02-05,589.0324096679688,614.1500244140625,635.2999877929688,611.0,628.2999877929688,32015570
2021-02-08,603.8504638671875,629.5999755859375,633.9500122070312,622.3499755859375,622.3499755859375,18230551
2021-02-09,607.4471435546875,633.3499755859375,643.2000122070312,628.5999755859375,631.3499755859375,27155615
2021-02-10,606.2962646484375,632.1500244140625,638.2000122070312,626.4000244140625,633.3499755859375,23967387
2021-02-11,604.8576049804688,630.6500244140625,633.5999755859375,624.0999755859375,626.75,16072702
2021-02-12,621.1143188476562,647.5999755859375,649.9000244140625,629.4000244140625,629.9000244140625,19049709
2021-02-15,646.38671875,673.9500122070312,676.7999877929688,652.0,655.0,27155194
2021-02-16,631.4246826171875,658.3499755859375,679.4000244140625,649.5499877929688,673.4000244140625,24966739
2021-02-17,630.4655151367188,657.3499755859375,664.9500122070312,649.3499755859375,654.7999877929688,21684753
2021-02-18,618.2849731445312,644.6500244140625,652.4000244140625,637.5999755859375,650.0,27845347
2021-02-19,598.5275268554688,624.0499877929688,635.5,619.0,635.5,24055811
2021-02-22,584.9082641601562,609.8499755859375,629.2999877929688,607.2999877929688,622.0,27092321
2021-02-23,591.0945434570312,616.2999877929688,623.0499877929688,609.0499877929688,614.75,23534585
2021-02-24,614.8801879882812,641.0999755859375,645.0,615.0999755859375,615.0999755859375,17762047
2021-02-25,602.31591796875,628.0,648.4000244140625,626.2999877929688,642.7000122070312,38571809
2021-02-26,573.3031616210938,597.75,615.0,590.9000244140625,615.0,57349273
2021-03-01,583.4696044921875,608.3499755859375,611.8499755859375,600.2000122070312,607.5499877929688,21527318
2021-03-02,585.5316772460938,610.5,616.5,599.0,610.0,24051433
2021-03-03,606.2482299804688,632.0999755859375,633.75,613.8499755859375,618.0,21036174
2021-03-04,595.3624267578125,620.75,630.9000244140625,615.7999877929688,618.75,25057198
2021-03-05,584.524658203125,609.4500122070312,614.7000122070312,601.5,613.2000122070312,26645968
2021-03-08,583.181884765625,608.0499877929688,616.0,601.1500244140625,611.5999755859375,19632433
2021-03-09,599.5346069335938,625.0999755859375,628.3499755859375,612.2999877929688,614.8499755859375,23056249
2021-03-10,600.0140991210938,625.5999755859375,630.5,621.7999877929688,628.75,15838994
2021-03-12,587.7855834960938,612.8499755859375,638.0,608.3499755859375,631.4500122070312,21757862
2021-03-15,578.8179931640625,603.5,612.8499755859375,590.5999755859375,611.9000244140625,24347946
2021-03-16,570.6176147460938,594.9500122070312,607.0,593.6500244140625,606.8499755859375,17925629
2021-03-17,565.3905029296875,589.5,603.6500244140625,587.0,597.5499877929688,20214082
2021-03-18,554.9364013671875,578.5999755859375,601.4000244140625,575.5,594.75,22776537
2021-03-19,562.6571044921875,586.6500244140625,588.9000244140625,570.0,575.2000122070312,29162618
2021-03-22,549.9969482421875,573.4500122070312,586.8499755859375,569.5,586.8499755859375,21755401
2021-03-23,562.4173583984375,586.4000244140625,589.25,574.2999877929688,576.0,29486417
2021-03-24,544.2903442382812,567.5,580.5499877929688,565.0,580.0,24434219
2021-03-25,548.174560546875,571.5499877929688,579.0,557.0999755859375,568.0999755859375,27170186
2021-03-26,554.8883666992188,578.5499877929688,584.5,574.2999877929688,584.5,20724410
2021-03-30,567.2608032226562,591.4500122070312,593.0999755859375,582.0,582.0,28011943
2021-03-31,558.2931518554688,582.0999755859375,589.6500244140625,579.0,586.0,20119972
2021-04-01,570.0901489257812,594.4000244140625,596.0999755859375,580.2000122070312,587.5499877929688,15631940
2021-04-05,547.8869018554688,571.25,592.0,563.5,592.0,23260127
2021-04-06,542.7557373046875,565.9000244140625,578.5,564.4000244140625,574.7000122070312,23284697
2021-04-07,554.0252075195312,577.6500244140625,580.0,559.4000244140625,566.5499877929688,23984399
2021-04-08,553.114013671875,576.7000122070312,585.8499755859375,573.2999877929688,582.0,19262565
2021-04-09,543.0435180664062,566.2000122070312,579.0,565.0,573.9500122070312,23239564
2021-04-12,516.5243530273438,538.5499877929688,551.9500122070312,531.1500244140625,551.4000244140625,26601702
2021-04-13,537.6724853515625,560.5999755859375,563.7999877929688,537.8499755859375,541.0,25445897
2021-04-15,551.6754150390625,575.2000122070312,576.75,554.1500244140625,565.9500122070312,37614884
2021-04-16,543.7627563476562,566.9500122070312,577.75,564.0999755859375,574.5999755859375,24045008
2021-04-19,536.857177734375,559.75,562.2999877929688,534.4000244140625,550.0,28526176
2021-04-20,536.2337646484375,559.0999755859375,572.6500244140625,552.5999755859375,565.2000122070312,24425842
2021-04-22,555.5117797851562,579.2000122070312,580.5999755859375,546.9000244140625,552.0,34942633
2021-04-23,546.64013671875,569.9500122070312,580.5,567.0499877929688,569.9000244140625,33749097
2021-04-26,566.925048828125,591.0999755859375,605.5,588.0,602.0,62584522
2021-04-27,574.2622680664062,598.75,601.9500122070312,591.0999755859375,593.25,24239685
2021-04-28,595.9378662109375,621.3499755859375,622.7999877929688,598.0,598.0,33292864
2021-04-29,596.0338134765625,621.4500122070312,628.4500122070312,609.0,622.5499877929688,34537860
2021-04-30,575.9406127929688,600.5,616.3499755859375,598.0999755859375,610.0999755859375,23653258
2021-05-03,572.3439331054688,596.75,598.8499755859375,587.5,592.5499877929688,18010557
2021-05-04,567.356689453125,591.5499877929688,608.0,589.0,596.6500244140625,15115127
2021-05-05,578.1466064453125,602.7999877929688,604.7999877929688,584.7000122070312,595.2999877929688,17253943
2021-05-06,583.3257446289062,608.2000122070312,610.8499755859375,599.25,602.7999877929688,16949763
2021-05-07,582.270751953125,607.0999755859375,614.7999877929688,603.7000122070312,612.0,10941083
2021-05-10,588.1692504882812,613.25,617.0,611.0,611.0,12060808
2021-05-11,584.9082641601562,609.8499755859375,612.9000244140625,603.25,606.4000244140625,13818480
2021-05-12,570.4259033203125,594.75,606.6500244140625,593.2000122070312,603.2000122070312,14785569
2021-05-14,572.87158203125,597.2999877929688,601.9500122070312,591.0999755859375,592.0,12675754
2021-05-17,598.095947265625,623.5999755859375,624.5,601.2000122070312,603.25,20453101
2021-05-18,607.3032836914062,633.2000122070312,635.5,626.0,628.0,19242627
2021-05-19,599.8701782226562,625.4500122070312,634.0,623.3499755859375,627.0999755859375,13911576
2021-05-20,593.3004760742188,618.5999755859375,632.9000244140625,616.6500244140625,628.0499877929688,13900762
2021-05-21,616.1749267578125,642.4500122070312,643.9500122070312,622.2999877929688,622.2999877929688,23975898
2021-05-24,620.8745727539062,647.3499755859375,653.4500122070312,638.0,643.25,20323003
2021-05-25,623.7039184570312,650.2999877929688,652.0,642.5,650.0999755859375,14884778
2021-05-26,625.81396484375,652.5,656.6500244140625,643.2999877929688,649.3499755859375,14487031
2021-05-27,625.57421875,652.25,656.5,648.0999755859375,651.0999755859375,23349546
2021-05-28,616.7503662109375,643.0499877929688,660.0,639.25,658.0499877929688,14191446
2021-05-31,635.644775390625,662.75,665.0,643.75,643.75,21786138
2021-06-01,623.5120239257812,650.0999755859375,664.9000244140625,648.3499755859375,664.5499877929688,14123196
2021-06-02,621.8336791992188,648.3499755859375,649.3499755859375,641.0999755859375,648.5,16025108
2021-06-03,623.6559448242188,650.25,653.6500244140625,644.75,653.4500122070312,11805702
2021-06-04,616.414794921875,642.7000122070312,654.9000244140625,639.4000244140625,653.0,15111572
2021-06-07,621.6898803710938,648.2000122070312,650.0,644.25,645.2000122070312,7556341
2021-06-08,616.126953125,642.4000244140625,648.0,637.4000244140625,648.0,11912935
2021-06-09,610.084716796875,636.0999755859375,645.5999755859375,628.7999877929688,644.4000244140625,15823094
2021-06-10,614.2088623046875,640.4000244140625,642.4000244140625,631.0,635.4500122070312,10712418
2021-06-11,609.7010498046875,635.7000122070312,644.5499877929688,631.5,644.0,9015059
2021-06-14,609.173583984375,635.1500244140625,636.0999755859375,623.3499755859375,635.7000122070312,10170497
2021-06-15,618.9083862304688,645.2999877929688,646.2000122070312,636.0,636.3499755859375,11039987
2021-06-16,613.9210205078125,640.0999755859375,649.2000122070312,637.5999755859375,644.9000244140625,8601339
2021-06-17,607.1114501953125,633.0,637.5499877929688,626.7000122070312,633.0499877929688,9720060
2021-06-18,604.6177978515625,630.4000244140625,636.5999755859375,620.7000122070312,632.5999755859375,13820690
2021-06-21,605.4330444335938,631.25,633.0999755859375,616.25,622.8499755859375,13407446
2021-06-22,605.0493774414062,630.8499755859375,644.0999755859375,629.5499877929688,635.0,15270093
2021-06-23,599.15087890625,624.7000122070312,635.0,623.4500122070312,633.75,10950633
2021-06-24,608.1185913085938,634.0499877929688,636.2999877929688,624.4500122070312,627.0,12815724
2021-06-25,622.4570922851562,649.0,650.0,636.0999755859375,636.0999755859375,14785922
2021-06-28,623.7039184570312,650.2999877929688,653.0,646.1500244140625,651.0,12093491
2021-06-29,613.9210205078125,640.0999755859375,648.75,636.4500122070312,646.2999877929688,12225470
2021-06-30,605.0973510742188,630.9000244140625,640.7999877929688,629.7999877929688,638.2999877929688,14276494
2021-07-01,605.0493774414062,630.8499755859375,637.4000244140625,630.0499877929688,633.9500122070312,10517081
2021-07-02,614.0650024414062,640.25,641.3499755859375,632.25,632.25,10999396
2021-07-05,621.3541259765625,647.8499755859375,648.5,641.2000122070312,642.75,7358568
2021-07-06,623.7039184570312,650.2999877929688,655.0,645.2000122070312,645.2000122070312,9209891
2021-07-07,627.2525634765625,654.0,654.75,645.9000244140625,650.9000244140625,7741559
2021-07-08,615.6475219726562,641.9000244140625,654.0,638.0999755859375,650.5,10782941
2021-07-09,612.4344482421875,638.5499877929688,641.1500244140625,633.7999877929688,639.5,7069698
2021-07-12,619.8195190429688,646.25,650.25,642.4000244140625,646.0,6992783
2021-07-13,637.7548217773438,664.9500122070312,666.3499755859375,653.0,655.1500244140625,19825411
2021-07-14,637.1793823242188,664.3499755859375,668.0,658.2000122070312,662.0,11648541
2021-07-15,640.1525268554688,667.4500122070312,669.5999755859375,661.0999755859375,665.0999755859375,8244429
2021-07-16,633.2949829101562,660.2999877929688,667.75,657.7000122070312,667.4500122070312,9212875
2021-07-19,629.0748901367188,655.9000244140625,656.9000244140625,645.5499877929688,645.6500244140625,9121737
2021-07-20,615.6475219726562,641.9000244140625,651.25,639.0999755859375,648.6500244140625,13169127
2021-07-22,629.1228637695312,655.9500122070312,660.2999877929688,648.2999877929688,652.5,13123569
2021-07-23,648.9762573242188,676.6500244140625,677.8499755859375,650.75,655.9500122070312,19298083
2021-07-26,649.0721435546875,676.75,687.75,663.5999755859375,680.0,31054759
2021-07-27,649.7435913085938,677.4500122070312,685.5999755859375,673.2999877929688,680.1500244140625,12598869
2021-07-28,657.03271484375,685.0499877929688,687.0,670.0499877929688,677.9000244140625,18367497
2021-07-29,661.313232421875,687.5,692.5,683.0999755859375,692.5,11043138
2021-07-30,656.503662109375,682.5,687.6500244140625,678.0,687.0,14536250
2021-08-02,655.445556640625,681.4000244140625,688.0499877929688,677.7000122070312,684.0499877929688,9348206
2021-08-03,664.1028442382812,690.4000244140625,691.9000244140625,676.6500244140625,683.0,10162609
2021-08-04,687.4290771484375,714.6500244140625,717.4000244140625,693.2000122070312,694.0,28730606
2021-08-05,675.6937866210938,702.4500122070312,716.5,699.0499877929688,715.5,17774554
2021-08-06,671.0765991210938,697.6500244140625,706.0,695.7000122070312,705.0499877929688,14701949
2021-08-09,676.0784912109375,702.8499755859375,706.2999877929688,694.3499755859375,697.4000244140625,8602980
2021-08-10,674.2028198242188,700.9000244140625,708.2999877929688,697.2999877929688,704.0999755859375,10843554
2021-08-11,667.1327514648438,693.5499877929688,707.1500244140625,690.0,706.25,9748084
2021-08-12,674.6356811523438,701.3499755859375,702.9500122070312,693.2999877929688,693.5,8840339
2021-08-13,677.9542236328125,704.7999877929688,709.9000244140625,701.0,707.0499877929688,12787590
2021-08-16,675.88623046875,702.6500244140625,707.4000244140625,698.6500244140625,702.4000244140625,7920846
2021-08-17,674.491455078125,701.2000122070312,702.9000244140625,691.5,699.7999877929688,8669653
2021-08-18,662.0827026367188,688.2999877929688,700.8499755859375,683.5999755859375,700.8499755859375,11069373
2021-08-20,654.772216796875,680.7000122070312,684.4000244140625,675.3499755859375,683.8499755859375,13121808
2021-08-23,656.6961059570312,682.7000122070312,689.9500122070312,673.8499755859375,689.9500122070312,10917371
2021-08-24,667.99853515625,694.4500122070312,697.25,680.4000244140625,683.25,9821388
2021-08-25,664.72802734375,691.0499877929688,700.4500122070312,687.1500244140625,699.9500122070312,9535359
2021-08-26,672.182861328125,698.7999877929688,701.5499877929688,690.0,692.0499877929688,10756731
2021-08-27,673.0966186523438,699.75,700.4500122070312,689.0499877929688,696.0999755859375,9135827
2021-08-30,686.4672241210938,713.6500244140625,715.0,700.9000244140625,704.5,10797869
2021-08-31,691.6614379882812,719.0499877929688,719.9000244140625,709.3499755859375,714.0,19760246
2021-09-01,692.4791870117188,719.9000244140625,734.7999877929688,717.2000122070312,727.5999755859375,13729351
2021-09-02,697.5291137695312,725.1500244140625,728.0499877929688,717.5,722.2999877929688,8627956
2021-09-03,696.7115478515625,724.2999877929688,731.7999877929688,721.0999755859375,724.75,8993813
2021-09-06,693.6815795898438,721.1500244140625,728.0,720.0,725.4000244140625,5329995
2021-09-07,689.5933837890625,716.9000244140625,722.4500122070312,711.6500244140625,720.9000244140625,6242711
2021-09-08,693.4890747070312,720.9500122070312,722.75,715.0,716.5,7118011
2021-09-09,692.8157958984375,720.25,723.9000244140625,717.5999755859375,720.7999877929688,6243422
2021-09-13,680.455322265625,707.4000244140625,717.9000244140625,705.2000122070312,717.9000244140625,6967906
2021-09-14,680.5033569335938,707.4500122070312,714.0,706.5,713.25,5241865
2021-09-15,687.1405029296875,714.3499755859375,716.0,706.2999877929688,707.0999755859375,5936741
2021-09-16,699.5010986328125,727.2000122070312,729.4000244140625,712.8499755859375,720.0,13557169
2021-09-17,692.7196044921875,720.1500244140625,734.4000244140625,714.0,732.9000244140625,17075003
2021-09-20,682.9561767578125,710.0,720.4000244140625,706.5,710.0,7943459
2021-09-21,684.7357177734375,711.8499755859375,714.5,694.4000244140625,711.1500244140625,10009615
2021-09-22,676.5594482421875,703.3499755859375,715.0,702.25,715.0,9740470
2021-09-23,689.6895141601562,717.0,720.0,707.1500244140625,711.0,10412491
2021-09-24,695.4130249023438,722.9500122070312,724.5999755859375,716.5499877929688,722.5999755859375,11780868
2021-09-27,702.1943969726562,730.0,731.75,722.2999877929688,724.5,7712240
2021-09-28,689.8338623046875,717.1500244140625,735.4000244140625,706.5999755859375,734.0999755859375,13491800
2021-09-29,682.4752197265625,709.5,711.9500122070312,701.2999877929688,707.3499755859375,11453404
2021-09-30,674.1547241210938,700.8499755859375,713.9000244140625,698.7999877929688,709.5999755859375,18487517
2021-10-01,665.978515625,692.3499755859375,694.8499755859375,687.9000244140625,693.0,10935810
2021-10-04,673.5294799804688,700.2000122070312,703.3499755859375,694.0499877929688,697.0499877929688,8976533
2021-10-05,670.5474853515625,697.0999755859375,699.0,691.8499755859375,693.0,7497208
2021-10-06,663.2369995117188,689.5,705.0,688.3499755859375,696.5999755859375,13200810
2021-10-07,675.4533081054688,702.2000122070312,704.9500122070312,693.4500122070312,697.5499877929688,10041549
2021-10-08,676.607666015625,703.4000244140625,710.0,698.2999877929688,706.0,9383924
2021-10-11,686.1304931640625,713.2999877929688,719.4000244140625,700.2999877929688,702.0,9337637
2021-10-12,681.6094970703125,708.5999755859375,713.0,704.4000244140625,706.5,7376091
2021-10-13,682.9081420898438,709.9500122070312,715.9000244140625,707.9500122070312,713.8499755859375,6357766
2021-10-14,699.5972900390625,727.2999877929688,729.7999877929688,709.0499877929688,710.25,8950350
2021-10-18,717.055908203125,745.4500122070312,748.9000244140625,732.0499877929688,739.0,15345601
2021-10-19,718.979736328125,747.4500122070312,755.0,738.75,755.0,11349799
2021-10-20,717.4407348632812,745.8499755859375,757.4500122070312,741.9000244140625,746.75,12762996
2021-10-21,726.72314453125,755.5,759.8499755859375,737.4000244140625,748.9000244140625,12166996
2021-10-22,730.3782958984375,759.2999877929688,765.8499755859375,753.3499755859375,758.5,13248928
2021-10-25,809.6397705078125,841.7000122070312,867.0,798.4000244140625,800.0,96124084
2021-10-26,797.8082885742188,829.4000244140625,841.7000122070312,822.3499755859375,828.7000122070312,16925115
2021-10-27,803.1950073242188,835.0,849.0,824.2000122070312,828.75,22898400
2021-10-28,768.277587890625,798.7000122070312,831.9500122070312,796.25,830.0999755859375,18750423
2021-10-29,771.5,802.0499877929688,808.75,783.9000244140625,798.0,15701200
2021-11-01,773.2796020507812,803.9000244140625,809.7000122070312,793.0,807.7000122070312,11406421
2021-11-02,770.44189453125,800.9500122070312,810.0,798.0,809.0,9452457
2021-11-03,756.0133666992188,785.9500122070312,806.0,780.4500122070312,806.0,11839149
2021-11-04,752.3099365234375,782.0999755859375,789.0,779.0,788.5,3149310
2021-11-08,750.4342041015625,780.1500244140625,793.0,773.1500244140625,793.0,13967995
2021-11-09,756.5903930664062,786.5499877929688,788.5999755859375,779.2000122070312,784.0,10084357
2021-11-10,751.1556396484375,780.9000244140625,784.2999877929688,773.0999755859375,782.5499877929688,9507347
2021-11-11,742.0655517578125,771.4500122070312,777.0,766.0999755859375,776.7000122070312,9221059
2021-11-12,747.0193481445312,776.5999755859375,779.9000244140625,771.2000122070312,772.7000122070312,15380106
2021-11-15,743.8450927734375,773.2999877929688,784.5499877929688,771.5499877929688,777.0,10934583
2021-11-16,734.9474487304688,764.0499877929688,775.75,762.0,773.2999877929688,12785837
2021-11-17,732.3021850585938,761.2999877929688,771.9500122070312,756.2999877929688,760.9000244140625,11657214
2021-11-18,733.84130859375,762.9000244140625,767.5,756.4000244140625,764.9000244140625,20644385
2021-11-22,723.3564453125,752.0,770.4500122070312,740.25,768.2999877929688,20403786
2021-11-23,723.2120971679688,751.8499755859375,757.9500122070312,731.2000122070312,740.9500122070312,24913042
2021-11-24,731.2440795898438,760.2000122070312,772.25,746.7000122070312,750.25,23186419
2021-11-25,722.442626953125,751.0499877929688,754.9500122070312,745.2999877929688,754.9000244140625,17749726
2021-11-26,694.6915283203125,722.2000122070312,742.0499877929688,718.5999755859375,739.0,18987552
2021-11-29,691.0362548828125,718.4000244140625,727.75,710.5,726.75,15878074
2021-11-30,687.1405029296875,714.3499755859375,732.2999877929688,711.0999755859375,716.75,23965914
2021-12-01,699.9819946289062,727.7000122070312,732.75,715.0,716.4000244140625,15214913
2021-12-02,694.8838500976562,722.4000244140625,727.0999755859375,715.2000122070312,724.5999755859375,21924640
2021-12-03,689.0161743164062,716.2999877929688,729.5,715.0999755859375,720.5,20130259
2021-12-06,682.5233154296875,709.5499877929688,726.7999877929688,707.5,719.0,20129080
2021-12-07,706.6672973632812,734.6500244140625,740.9500122070312,712.0,717.0,30513303
2021-12-08,724.7031860351562,753.4000244140625,758.7999877929688,744.0999755859375,747.9000244140625,33432411
2021-12-09,726.2421264648438,755.0,763.0,748.4000244140625,759.0499877929688,16007459
2021-12-10,729.1279296875,758.0,759.7999877929688,751.0499877929688,756.5,7627774
2021-12-13,725.2801513671875,754.0,769.7000122070312,752.5,763.0,16855546
2021-12-14,729.753173828125,758.6500244140625,764.3499755859375,746.2999877929688,751.0499877929688,17488089
2021-12-15,723.596923828125,752.25,759.5,750.9000244140625,757.5999755859375,7358740
2021-12-16,712.9197387695312,741.1500244140625,757.9000244140625,738.9500122070312,757.9000244140625,14123215
2021-12-17,700.55908203125,728.2999877929688,742.0,726.0499877929688,742.0,13227787
2021-12-20,682.9081420898438,709.9500122070312,720.2000122070312,698.2000122070312,718.0999755859375,16900016
2021-12-21,692.9119873046875,720.3499755859375,728.9500122070312,716.1500244140625,720.0,14563335
2021-12-22,704.8877563476562,732.7999877929688,734.9500122070312,720.0499877929688,726.25,9843359
2021-12-23,703.4448852539062,731.2999877929688,739.5,727.9500122070312,739.0499877929688,9994049
2021-12-24,699.4048461914062,727.0999755859375,733.9000244140625,719.5999755859375,733.9000244140625,8800690
2021-12-27,707.9658203125,736.0,738.75,716.0999755859375,724.0,7955163
2021-12-28,707.7734985351562,735.7999877929688,742.4500122070312,732.5,740.4000244140625,17833655
2021-12-29,707.6773071289062,735.7000122070312,744.9500122070312,731.9000244140625,738.0,7143073
2021-12-30,707.6773071289062,735.7000122070312,740.5,729.0,733.2999877929688,14326182
2021-12-31,711.9578247070312,740.1500244140625,746.25,736.5499877929688,736.5499877929688,6973055
2022-01-03,735.5726928710938,764.7000122070312,766.0,743.0,743.0499877929688,9653095
2022-01-04,743.4122924804688,772.8499755859375,778.0,763.5999755859375,767.9500122070312,12114437
2022-01-05,758.0332641601562,788.0499877929688,795.8499755859375,771.2000122070312,773.0,19741360
2022-01-06,755.1475219726562,785.0499877929688,792.5,774.0,775.0499877929688,13018067
2022-01-07,763.03515625,793.25,802.2999877929688,786.25,792.2000122070312,12250210
2022-01-10,779.8685913085938,810.75,812.7999877929688,799.0,800.25,10905080
2022-01-11,779.7725219726562,810.6500244140625,814.7000122070312,801.9000244140625,809.75,9982061
2022-01-12,792.37353515625,823.75,825.4500122070312,812.0499877929688,818.5999755859375,13034848
2022-01-13,793.287353515625,824.7000122070312,828.0,817.4000244140625,821.0,9372244
2022-01-14,788.7662963867188,820.0,822.0,811.5999755859375,821.0,7552844
2022-01-17,788.0929565429688,819.2999877929688,828.9000244140625,814.5499877929688,820.0,6722700
2022-01-18,791.7482299804688,823.0999755859375,836.0,818.2000122070312,821.0,10835146
2022-01-19,777.8004760742188,808.5999755859375,821.0,803.25,816.0,16416144
2022-01-20,779.3876342773438,810.25,812.9500122070312,795.4000244140625,803.0,13567654
2022-01-21,773.856689453125,804.5,811.3499755859375,795.5,803.0,12078277
2022-01-24,768.0371704101562,798.4500122070312,816.7000122070312,783.2999877929688,813.0,29612316
2022-01-25,771.1152954101562,801.6500244140625,804.2999877929688,786.0499877929688,789.0,19513184
2022-01-27,764.3819580078125,794.6500244140625,801.5,781.0499877929688,786.9000244140625,23984679
2022-01-28,751.3961181640625,781.1500244140625,805.8499755859375,778.5,803.75,14072314
2022-01-31,758.7547607421875,788.7999877929688,798.7000122070312,784.0,788.9500122070312,14824509
2022-02-01,779.4358520507812,810.2999877929688,812.8499755859375,789.2999877929688,802.0499877929688,20031583
2022-02-02,782.7543334960938,813.75,818.7000122070312,808.8499755859375,815.0,11214375
2022-02-03,778.13720703125,808.9500122070312,818.4000244140625,806.0,814.0499877929688,9755335
2022-02-04,774.3857421875,805.0499877929688,812.0,795.7999877929688,809.7999877929688,10314067
2022-02-07,756.4461669921875,786.4000244140625,805.0,781.4500122070312,798.0499877929688,14659368
2022-02-08,762.3137817382812,792.5,795.7000122070312,774.2999877929688,790.0,14642455
2022-02-09,772.2214965820312,802.7999877929688,804.25,794.2000122070312,797.25,8855292
2022-02-10,774.818603515625,805.5,808.7999877929688,796.2999877929688,805.9500122070312,13159771
2022-02-11,760.6785278320312,790.7999877929688,797.4000244140625,787.9000244140625,796.8499755859375,13138408
2022-02-14,724.99169921875,753.7000122070312,773.9500122070312,751.1500244140625,772.0,16170656
2022-02-15,746.4903564453125,776.0499877929688,778.0,743.2000122070312,752.9500122070312,18880659
2022-02-16,734.9474487304688,764.0499877929688,777.5499877929688,760.4000244140625,775.7000122070312,10549784
2022-02-17,721.769287109375,750.3499755859375,767.25,746.2999877929688,766.5,16683808
2022-02-18,720.3745727539062,748.9000244140625,756.7999877929688,745.5499877929688,746.8499755859375,8945567
2022-02-21,725.7130737304688,754.4500122070312,762.9000244140625,740.0,746.25,10967164
2022-02-22,722.68310546875,751.2999877929688,759.75,737.75,738.4000244140625,13156371
2022-02-23,716.23828125,744.5999755859375,756.4000244140625,742.7000122070312,754.5999755859375,11624282
2022-02-24,680.455322265625,707.4000244140625,727.0999755859375,702.2999877929688,712.9000244140625,28023104
2022-02-25,702.242431640625,730.0499877929688,739.2999877929688,720.25,724.9500122070312,16935750
2022-02-28,714.41064453125,742.7000122070312,744.75,715.4000244140625,722.9500122070312,20547432
2022-03-02,687.6214599609375,714.8499755859375,724.9500122070312,707.75,717.0,25252492
2022-03-03,671.7018432617188,698.2999877929688,721.9500122070312,693.4500122070312,717.5999755859375,23190595
2022-03-04,661.84228515625,688.0499877929688,706.5499877929688,685.0,691.0,18697223
2022-03-07,628.8487548828125,653.75,667.0,642.1500244140625,663.5,27799873
2022-03-08,639.6702880859375,665.0,669.4500122070312,643.0,643.2999877929688,26716975
2022-03-09,642.0269165039062,667.4500122070312,674.5,658.0,664.7000122070312,33728639
2022-03-10,650.8283081054688,676.5999755859375,701.0,673.6500244140625,693.9500122070312,35959638
2022-03-11,652.0789184570312,677.9000244140625,684.7000122070312,670.5999755859375,674.6500244140625,20546724
2022-03-14,669.6337280273438,696.1500244140625,698.4500122070312,677.25,678.0999755859375,24648981
2022-03-15,670.7880249023438,697.3499755859375,708.0999755859375,688.0,701.5,27714580
2022-03-16,681.0323486328125,708.0,711.4000244140625,701.25,706.9000244140625,14621688
2022-03-17,692.6714477539062,720.0999755859375,725.0,716.2000122070312,717.7999877929688,18329844
2022-03-21,683.6776123046875,710.75,722.9000244140625,705.5,721.0,12866839
2022-03-22,690.8438720703125,718.2000122070312,721.0,699.5,708.6500244140625,11761758
2022-03-23,690.9400634765625,718.2999877929688,726.7999877929688,714.25,725.0,7140403
2022-03-24,677.377197265625,704.2000122070312,712.7000122070312,698.0,702.4500122070312,17727969
2022-03-25,672.6156616210938,699.25,706.0999755859375,696.6500244140625,705.0,15263007
2022-03-28,683.2929077148438,710.3499755859375,713.4000244140625,695.6500244140625,702.0,13806166
2022-03-29,688.0543212890625,715.2999877929688,716.9500122070312,705.8499755859375,714.2999877929688,11489374
2022-03-30,703.0601196289062,730.9000244140625,731.75,719.0999755859375,721.0499877929688,20154520
2022-03-31,702.4830322265625,730.2999877929688,739.9000244140625,727.7999877929688,739.9000244140625,16046383
2022-04-01,708.206298828125,736.25,738.2999877929688,723.0999755859375,725.0,12658848
2022-04-04,718.162109375,746.5999755859375,749.7999877929688,725.0,742.0,17192197
2022-04-05,713.5449829101562,741.7999877929688,755.4500122070312,738.0,746.7999877929688,12290391
2022-04-06,713.3525390625,741.5999755859375,744.9000244140625,732.0999755859375,732.2999877929688,13518142
2022-04-07,720.0377807617188,748.5499877929688,757.7999877929688,737.0999755859375,737.0999755859375,15087175
2022-04-08,725.5687866210938,754.2999877929688,756.0,743.5999755859375,749.8499755859375,15480705
2022-04-11,730.6669311523438,759.5999755859375,765.4500122070312,751.6500244140625,752.2999877929688,13216391
2022-04-12,734.7550659179688,763.8499755859375,768.9000244140625,750.25,757.0,14020000
2022-04-13,733.216064453125,762.25,772.5499877929688,760.7000122070312,769.5999755859375,16119956
2022-04-18,728.9354858398438,757.7999877929688,762.9000244140625,749.2000122070312,751.0,17651530
2022-04-19,737.1116943359375,766.2999877929688,777.9000244140625,757.0,761.7999877929688,31088359
2022-04-20,726.7711791992188,755.5499877929688,770.0,753.7999877929688,766.7999877929688,15984202
2022-04-21,733.3121948242188,762.3499755859375,764.2000122070312,751.2000122070312,759.0499877929688,8953098
2022-04-22,719.1721801757812,747.6500244140625,758.8499755859375,745.9000244140625,757.0,14411607
2022-04-25,723.5487670898438,752.2000122070312,762.2000122070312,744.0,747.6500244140625,35417460
2022-04-26,725.039794921875,753.75,768.5499877929688,751.6500244140625,768.0,18727514
2022-04-27,708.6392211914062,736.7000122070312,750.0,732.5499877929688,749.0,21441480
2022-04-28,718.691162109375,747.1500244140625,751.9000244140625,734.6500244140625,739.0999755859375,18649559
2022-04-29,714.98779296875,743.2999877929688,759.9500122070312,740.0999755859375,750.0999755859375,19560317
2022-05-02,712.7754516601562,741.0,743.7999877929688,731.0999755859375,732.0,10903446
2022-05-04,696.6635131835938,724.25,747.0,721.1500244140625,746.2000122070312,12212165
2022-05-05,701.0400390625,728.7999877929688,743.0,726.5,730.7999877929688,9121547
2022-05-06,691.8538818359375,719.25,723.0,710.2999877929688,716.25,12455025
2022-05-09,683.2929077148438,710.3499755859375,720.0,704.4500122070312,705.2999877929688,13055889
2022-05-10,684.2066040039062,711.2999877929688,720.0,705.0,705.0,12797419
2022-05-11,686.9962768554688,714.2000122070312,719.7999877929688,707.1500244140625,718.0,13516852
2022-05-12,669.2970581054688,695.7999877929688,710.7000122070312,693.2999877929688,707.5499877929688,16685166
2022-05-13,651.5498046875,677.3499755859375,702.4000244140625,675.0,702.4000244140625,15717043
2022-05-16,656.984619140625,683.0,690.9500122070312,675.75,676.7000122070312,9025623
2022-05-17,682.9561767578125,710.0,712.0,685.1500244140625,686.0999755859375,12765052
2022-05-18,680.4071044921875,707.3499755859375,717.0,706.0999755859375,712.3499755859375,11835013
2022-05-19,664.006591796875,690.2999877929688,698.7000122070312,685.5999755859375,693.0999755859375,16661023
2022-05-20,682.5233154296875,709.5499877929688,711.9000244140625,693.7000122070312,694.7999877929688,11695528
2022-05-23,683.9661865234375,711.0499877929688,725.9500122070312,707.4500122070312,709.5499877929688,17438451
2022-05-24,681.1766967773438,708.1500244140625,717.3499755859375,706.0499877929688,711.0499877929688,13779981
2022-05-25,686.1785888671875,713.3499755859375,720.8499755859375,711.5999755859375,712.0499877929688,10457589
2022-05-26,700.7515258789062,728.5,733.0,715.4500122070312,723.0,14028733
2022-05-27,711.6211547851562,739.7999877929688,741.2000122070312,731.25,733.5499877929688,8110620
2022-05-30,719.98974609375,748.5,751.9500122070312,744.2999877929688,748.75,7628515
2022-05-31,724.1740112304688,752.8499755859375,756.7000122070312,740.5,741.0,20272212
2022-06-01,723.981689453125,752.6500244140625,755.5999755859375,744.2000122070312,748.0,10102092
2022-06-02,721.192138671875,749.75,751.75,743.2000122070312,751.0499877929688,10949759
2022-06-03,715.9497680664062,744.2999877929688,757.0,741.2000122070312,756.1500244140625,8563791
2022-06-06,718.306396484375,746.75,750.9500122070312,739.5999755859375,740.2000122070312,9107831
2022-06-07,707.2444458007812,735.25,742.9500122070312,732.3499755859375,741.0,9938912
2022-06-08,701.7135009765625,729.5,741.0,726.4500122070312,736.5999755859375,9369224
2022-06-09,704.8397216796875,732.75,734.0999755859375,722.1500244140625,725.0,7444368
2022-06-10,692.5753173828125,720.0,728.2999877929688,718.0,724.75,7990818
2022-06-13,661.7942504882812,688.0,702.2999877929688,682.0999755859375,702.25,16622521
2022-06-14,659.389404296875,685.5,694.6500244140625,680.6500244140625,682.4000244140625,13348598
2022-06-15,661.07275390625,687.25,696.3499755859375,686.0999755859375,687.5,9199591
2022-06-16,652.656005859375,678.5,700.0499877929688,676.2999877929688,700.0,13237239
2022-06-17,660.6879272460938,686.8499755859375,692.6500244140625,669.9500122070312,671.25,16335613
2022-06-20,659.8223266601562,685.9500122070312,687.7999877929688,677.5999755859375,686.0,10981042
2022-06-21,669.5856323242188,696.0999755859375,708.0,688.5999755859375,690.5499877929688,13319648
2022-06-22,660.447509765625,686.5999755859375,698.9000244140625,685.0999755859375,694.25,6838249
2022-06-23,672.5194702148438,699.1500244140625,706.0,687.0,690.2000122070312,14960412
2022-06-24,686.2748413085938,713.4500122070312,715.25,706.5499877929688,710.9000244140625,10856736
2022-06-27,690.0262451171875,717.3499755859375,728.8499755859375,716.0999755859375,728.8499755859375,8285225
2022-06-28,683.2447509765625,710.2999877929688,717.2999877929688,707.0,711.0499877929688,8339931
2022-06-29,675.9823608398438,702.75,706.7000122070312,700.9500122070312,704.9500122070312,9570557
2022-06-30,680.2628173828125,707.2000122070312,711.9000244140625,701.2000122070312,702.75,11970404
2022-07-01,677.0885009765625,703.9000244140625,706.75,694.0999755859375,703.4500122070312,9884899
2022-07-04,692.6714477539062,720.0999755859375,721.0999755859375,704.8499755859375,704.8499755859375,8303732
2022-07-05,692.0462646484375,719.4500122070312,732.1500244140625,718.0999755859375,723.0499877929688,11460367
2022-07-06,698.2986450195312,725.9500122070312,731.9000244140625,722.0,723.0,12163533
2022-07-07,713.7373657226562,742.0,744.0,733.0,735.9500122070312,10374018
2022-07-08,726.91552734375,755.7000122070312,757.5,744.5499877929688,751.2999877929688,9797700
2022-07-11,740.1898803710938,769.5,771.5499877929688,755.0,755.0,12440573
2022-07-12,730.9555053710938,759.9000244140625,767.4500122070312,757.7000122070312,765.3499755859375,10219829
2022-07-13,724.5106201171875,753.2000122070312,764.75,749.9000244140625,764.75,8674121
2022-07-14,723.7412109375,752.4000244140625,759.5,748.7999877929688,750.0,7044542
2022-07-15,722.5869140625,751.2000122070312,759.0,744.2000122070312,753.25,6358018
2022-07-18,742.5946655273438,772.0,773.1500244140625,757.8499755859375,759.25,8045363
2022-07-19,750.9151611328125,780.6500244140625,782.0,767.1500244140625,767.7999877929688,12825591
2022-07-20,753.2717895507812,783.0999755859375,789.5499877929688,780.2999877929688,789.5,8152179
2022-07-21,756.0614013671875,786.0,788.9500122070312,780.0999755859375,784.9000244140625,8312338
2022-07-22,769.5762329101562,800.0499877929688,803.9000244140625,789.0999755859375,789.0999755859375,12267898
2022-07-25,770.3938598632812,800.9000244140625,817.7999877929688,797.0999755859375,803.0,21034148
2022-07-26,765.968994140625,796.2999877929688,802.7999877929688,791.6500244140625,801.5999755859375,7374145
2022-07-27,770.009033203125,800.5,803.7999877929688,794.6500244140625,795.0,9536564
2022-07-28,783.572021484375,814.5999755859375,815.5,805.2999877929688,806.9500122070312,11124518
2022-07-29,787.4195556640625,818.5999755859375,823.4000244140625,808.0,820.6500244140625,11095993
2022-08-01,792.036865234375,823.4000244140625,825.0,817.2999877929688,820.7000122070312,7974903
2022-08-02,786.60205078125,817.75,822.0,812.2000122070312,820.0,11106772
2022-08-03,793.3834228515625,824.7999877929688,828.0,811.5499877929688,817.75,11073975
2022-08-04,789.0067749023438,820.25,829.9500122070312,808.3499755859375,824.0,11113742
2022-08-05,806.2731323242188,838.2000122070312,840.9000244140625,823.0999755859375,823.0999755859375,16056522
2022-08-08,809.9019165039062,836.9500122070312,842.2999877929688,831.1500244140625,836.5999755859375,12142951
2022-08-10,821.320556640625,848.75,853.0,842.1500244140625,842.1500244140625,23658553
2022-08-11,831.9166870117188,859.7000122070312,866.5,858.0999755859375,860.0499877929688,22787391
2022-08-12,846.1417236328125,874.4000244140625,877.25,858.5,863.9500122070312,10792853
2022-08-16,850.8348388671875,879.25,884.5,876.4000244140625,881.4500122070312,13804836
2022-08-17,854.70556640625,883.25,885.5,878.4000244140625,881.7999877929688,9058040
2022-08-18,856.4957885742188,885.0999755859375,887.6500244140625,875.0499877929688,880.5499877929688,13137856
2022-08-19,842.2709350585938,870.4000244140625,886.9000244140625,864.2999877929688,885.0,10787199
2022-08-22,824.7073974609375,852.25,867.4000244140625,849.5999755859375,865.5499877929688,13848023
2022-08-23,835.98095703125,863.9000244140625,868.0,842.7999877929688,845.3499755859375,13254855
2022-08-24,845.0771484375,873.2999877929688,875.3499755859375,857.0499877929688,857.0499877929688,10494109
2022-08-25,844.1578369140625,872.3499755859375,881.4500122070312,866.7000122070312,873.2999877929688,9827829
2022-08-26,842.706298828125,870.8499755859375,877.5,867.2999877929688,874.1500244140625,5976725
2022-08-29,828.1911010742188,855.8499755859375,861.0,847.0,850.0499877929688,7755134
2022-08-30,858.624755859375,887.2999877929688,890.75,859.0999755859375,860.5,12544701
2022-09-01,846.0932006835938,874.3499755859375,885.7000122070312,863.0,863.0,15877583
2022-09-02,844.2062377929688,872.4000244140625,881.2999877929688,867.0,874.0999755859375,8401284
2022-09-05,853.9314575195312,882.4500122070312,885.9000244140625,871.5499877929688,871.5499877929688,8744999
2022-09-06,855.0927124023438,883.6500244140625,889.9500122070312,878.0999755859375,882.5,9879326
2022-09-07,847.8834228515625,876.2000122070312,882.6500244140625,872.5,878.5499877929688,8814960
2022-09-08,869.7530517578125,898.7999877929688,900.7999877929688,885.5,885.5,12163106
2022-09-09,872.1239013671875,901.25,911.9500122070312,897.7000122070312,910.1500244140625,9936230
2022-09-12,877.881591796875,907.2000122070312,908.9000244140625,902.7999877929688,905.0499877929688,6016978
2022-09-13,880.5911254882812,910.0,913.9500122070312,905.2999877929688,913.9500122070312,10400475
2022-09-14,888.4293212890625,918.0999755859375,922.25,898.0499877929688,898.25,14712947
2022-09-15,887.9454956054688,917.5999755859375,936.6500244140625,915.75,920.0,16253099
2022-09-16,879.72021484375,909.0999755859375,917.5999755859375,905.2000122070312,914.9000244140625,11966860
2022-09-19,870.14013671875,899.2000122070312,912.5,895.3499755859375,904.9500122070312,11235656
2022-09-20,887.1229858398438,916.75,922.5,907.3499755859375,909.2000122070312,12090663
2022-09-21,885.67138671875,915.25,917.0,905.6500244140625,912.0,8917640
2022-09-22,874.2044067382812,903.4000244140625,911.7000122070312,895.2999877929688,906.0,11125669
2022-09-23,853.7379150390625,882.25,904.9000244140625,878.75,901.7000122070312,15927517
2022-09-26,833.2230224609375,861.0499877929688,877.9000244140625,859.2000122070312,870.0,14208640
2022-09-27,824.9977416992188,852.5499877929688,874.8499755859375,848.5999755859375,864.9500122070312,12493809
2022-09-28,822.0462646484375,849.5,863.25,844.0,844.0,11411458
2022-09-29,816.6273193359375,843.9000244140625,861.5999755859375,841.0999755859375,858.0,13803629
2022-09-30,834.1423950195312,862.0,867.0499877929688,837.5,843.9000244140625,13175031
2022-10-03,820.9334106445312,848.3499755859375,860.9500122070312,845.7000122070312,859.7000122070312,8232026
2022-10-04,839.6097412109375,867.6500244140625,872.6500244140625,860.0999755859375,865.0,8975095
2022-10-06,856.8345336914062,885.4500122070312,891.7000122070312,873.0499877929688,873.0499877929688,12116698
2022-10-07,854.0281982421875,882.5499877929688,884.5,872.7999877929688,877.2000122070312,9705750
2022-10-10,853.2540283203125,881.75,889.7999877929688,870.7000122070312,872.0,7357588
2022-10-11,842.4644165039062,870.5999755859375,883.25,865.4500122070312,883.25,11130051
2022-10-12,840.287109375,868.3499755859375,871.7000122070312,861.5,867.9500122070312,14557532
2022-10-13,826.0137939453125,853.5999755859375,865.4500122070312,850.5,862.3499755859375,11563124
2022-10-14,842.1256713867188,870.25,883.7999877929688,868.5499877929688,883.7999877929688,8199540
2022-10-17,856.5925903320312,885.2000122070312,887.5,868.5499877929688,872.0,8936947
2022-10-18,867.9144897460938,896.9000244140625,900.7000122070312,891.1500244140625,896.0499877929688,8097552
2022-10-19,863.26953125,892.0999755859375,900.6500244140625,885.5499877929688,900.0499877929688,5529462
2022-10-20,859.9310913085938,888.6500244140625,893.2999877929688,880.0999755859375,889.7000122070312,8107159
2022-10-21,877.8331909179688,907.1500244140625,910.0,885.7000122070312,888.0,17022807
2022-10-24,896.3642578125,926.2999877929688,933.5,917.5999755859375,925.0,4390050
2022-10-25,895.1547241210938,925.0499877929688,943.25,922.9500122070312,942.0499877929688,15838120
2022-10-27,894.5258178710938,924.4000244140625,933.7000122070312,920.25,926.0499877929688,16080842
2022-10-28,878.5105590820312,907.8499755859375,927.5,901.0,918.0,9854094
2022-10-31,879.3331909179688,908.7000122070312,917.0499877929688,904.5999755859375,912.5999755859375,9000840
2022-11-01,879.236328125,908.5999755859375,921.0,899.5499877929688,921.0,9823761
2022-11-02,875.46240234375,904.7000122070312,920.75,902.3499755859375,920.5999755859375,7690974
2022-11-03,879.2847290039062,908.6500244140625,913.8499755859375,897.0499877929688,901.0499877929688,9022366
2022-11-04,876.0430297851562,905.2999877929688,913.4000244140625,900.2000122070312,906.2999877929688,7099336
2022-11-07,887.8487548828125,917.5,920.0999755859375,903.4500122070312,910.25,11100219
2022-11-09,881.074951171875,910.5,921.9000244140625,905.75,920.0,11590409
2022-11-10,881.2684936523438,910.7000122070312,912.9500122070312,903.9500122070312,907.5499877929688,10009741
2022-11-11,877.2526245117188,906.5499877929688,928.0,903.5,925.9000244140625,17921457
2022-11-14,866.0275268554688,894.9500122070312,906.5499877929688,891.25,905.0,12641308
2022-11-15,882.2361450195312,911.7000122070312,913.6500244140625,898.7999877929688,900.5499877929688,15176911
2022-11-16,884.0747680664062,913.5999755859375,918.0999755859375,908.0999755859375,912.5499877929688,13008311
2022-11-17,890.0744018554688,919.7999877929688,922.2999877929688,910.3499755859375,913.0,12584194
2022-11-18,890.6065063476562,920.3499755859375,922.0,910.5499877929688,919.7999877929688,10874061
2022-11-21,891.6227416992188,921.4000244140625,924.7999877929688,914.0499877929688,914.0499877929688,9245704
2022-11-22,893.848388671875,923.7000122070312,926.5,920.4000244140625,923.75,11256509
2022-11-23,897.4772338867188,927.4500122070312,931.8499755859375,923.7000122070312,927.0,10959704
2022-11-24,908.5087280273438,938.8499755859375,940.6500244140625,927.5499877929688,927.5499877929688,10844395
2022-11-25,900.2349853515625,930.2999877929688,942.9000244140625,927.5,940.2999877929688,9815055
2022-11-28,907.105712890625,937.4000244140625,943.7999877929688,923.9500122070312,924.0,9381474
2022-11-29,916.1534423828125,946.75,949.9000244140625,933.5499877929688,933.5499877929688,13096845
2022-11-30,922.1046752929688,952.9000244140625,958.2000122070312,941.0,948.0499877929688,20858573
2022-12-01,909.8151245117188,940.2000122070312,957.0,936.25,956.0,15920653
2022-12-02,900.5253295898438,930.5999755859375,934.5,926.0999755859375,928.25,14228874
2022-12-05,903.4284057617188,933.5999755859375,937.0,928.4000244140625,937.0,10984608
2022-12-06,892.8323364257812,922.6500244140625,929.75,920.2000122070312,925.0,18220912
2022-12-07,892.3485107421875,922.1500244140625,933.2000122070312,920.6500244140625,922.0,15675663
2022-12-08,901.7833251953125,931.9000244140625,933.5499877929688,923.7999877929688,925.0,10136870
2022-12-09,899.8480224609375,929.9000244140625,934.7999877929688,925.0499877929688,932.0,9575331
2022-12-12,900.2349853515625,930.2999877929688,933.9000244140625,925.0499877929688,925.0499877929688,8493863
2022-12-13,902.7994384765625,932.9500122070312,935.9000244140625,927.7999877929688,929.5,10415140
2022-12-14,891.9613647460938,921.75,936.0499877929688,920.0,936.0,12319827
2022-12-15,879.4298095703125,908.7999877929688,919.9000244140625,905.0,916.0,8929748
2022-12-16,872.8496704101562,902.0,913.7000122070312,899.6500244140625,905.5,9157260
2022-12-19,877.1558837890625,906.4500122070312,910.5999755859375,901.1500244140625,908.0,7015083
2022-12-20,880.3008422851562,909.7000122070312,912.4500122070312,895.7000122070312,906.0,6384331
2022-12-21,863.4147338867188,892.25,915.8499755859375,887.0,910.25,11341147
2022-12-22,861.8665161132812,890.6500244140625,903.8499755859375,886.3499755859375,900.5,9788367
2022-12-23,850.4962158203125,878.9000244140625,889.6500244140625,875.2999877929688,883.0499877929688,11059215
2022-12-26,864.3340454101562,893.2000122070312,897.0,875.25,881.0999755859375,6943159
2022-12-27,871.5432739257812,900.6500244140625,902.75,888.2000122070312,897.7000122070312,4994381
2022-12-28,869.8982543945312,898.9500122070312,903.9500122070312,895.7999877929688,896.0,8980300
2022-12-29,878.7041015625,908.0499877929688,923.3499755859375,889.3499755859375,897.9000244140625,11994220
2022-12-30,862.0599365234375,890.8499755859375,908.5,888.5499877929688,908.5,9688527
2023-01-02,873.2850952148438,902.4500122070312,907.0,894.0,894.0,4315403
2023-01-03,872.220703125,901.3499755859375,905.9500122070312,896.75,898.5,5846855
2023-01-04,870.0433959960938,899.0999755859375,907.9000244140625,894.7999877929688,899.0,12454582
2023-01-05,850.7381591796875,879.1500244140625,903.0,872.0,900.9000244140625,16547196
2023-01-06,841.9805908203125,870.0999755859375,878.9500122070312,860.5,878.9500122070312,14804613
2023-01-09,845.12548828125,873.3499755859375,878.75,862.2999877929688,874.25,16811853
2023-01-10,833.5133056640625,861.3499755859375,878.4000244140625,856.5999755859375,875.4000244140625,13470142
2023-01-11,838.3034057617188,866.2999877929688,870.8499755859375,854.8499755859375,862.9000244140625,15558460
2023-01-12,832.8360595703125,860.6500244140625,869.3499755859375,854.9500122070312,865.5,16659001
2023-01-13,845.2223510742188,873.4500122070312,874.9000244140625,858.2999877929688,864.7000122070312,11223103
2023-01-16,837.287353515625,865.25,877.4500122070312,861.0499877929688,877.25,8319812
2023-01-17,837.1905517578125,865.1500244140625,867.9500122070312,858.0999755859375,866.9500122070312,12624859
2023-01-18,841.3999633789062,869.5,872.0,858.6500244140625,864.4500122070312,11313898
2023-01-19,838.1582641601562,866.1500244140625,870.5499877929688,862.0,868.0,6694679
2023-01-20,842.2224731445312,870.3499755859375,876.5,865.5499877929688,873.5,8127162
2023-01-23,843.5288696289062,871.7000122070312,883.2999877929688,864.5999755859375,882.0,16882379
2023-01-24,842.6095581054688,870.75,881.7000122070312,868.0,879.0,11504090
2023-01-25,827.6588134765625,855.2999877929688,876.7999877929688,848.0,873.2999877929688,14918485
2023-01-27,790.7901611328125,817.2000122070312,843.0,813.0999755859375,839.1500244140625,39718683
2023-01-30,796.8865356445312,823.5,826.25,796.0,800.0,36301441
2023-01-31,805.01513671875,831.9000244140625,838.2999877929688,814.0999755859375,826.0,27291226
2023-02-01,820.54638671875,847.9500122070312,875.2000122070312,823.1500244140625,843.4500122070312,39237711
2023-02-02,830.1748657226562,857.9000244140625,860.5999755859375,826.0999755859375,828.4000244140625,16798190
2023-02-03,835.8840942382812,863.7999877929688,872.6500244140625,852.0999755859375,864.6500244140625,14914366
2023-02-06,826.110595703125,853.7000122070312,867.7999877929688,849.6500244140625,861.5,8463833
2023-02-07,825.1913452148438,852.75,856.0,847.2000122070312,855.0,9337066
2023-02-08,831.3359985351562,859.0999755859375,860.7000122070312,851.9000244140625,852.5,8082983
2023-02-09,832.9810791015625,860.7999877929688,864.9000244140625,851.5999755859375,858.5,6299265
2023-02-10,826.2556762695312,853.8499755859375,861.9000244140625,852.0,855.5499877929688,8656405
2023-02-13,823.1591186523438,850.6500244140625,859.2999877929688,849.3499755859375,853.4000244140625,9394365
2023-02-14,837.335693359375,865.2999877929688,867.2999877929688,852.0999755859375,853.9000244140625,13402934
2023-02-15,842.6578979492188,870.7999877929688,873.25,860.5999755859375,866.4000244140625,12070288
2023-02-16,841.3515625,869.4500122070312,877.7999877929688,864.8499755859375,875.9500122070312,10715685
2023-02-17,834.7713623046875,862.6500244140625,867.5499877929688,855.1500244140625,867.5499877929688,9990618
2023-02-20,824.562255859375,852.0999755859375,866.5499877929688,850.25,862.6500244140625,9013430
2023-02-21,826.594482421875,854.2000122070312,859.4500122070312,846.8499755859375,854.4000244140625,11704445
2023-02-22,812.1275634765625,839.25,854.0999755859375,834.75,851.25,13880984
2023-02-23,812.6114501953125,839.75,844.4500122070312,833.5499877929688,836.5499877929688,11743574
2023-02-24,812.5630493164062,839.7000122070312,845.5999755859375,835.5499877929688,843.9500122070312,8246139
2023-02-27,828.7233276367188,856.4000244140625,858.2999877929688,833.5499877929688,833.5499877929688,14422574
2023-02-28,827.223388671875,854.8499755859375,858.0,850.0,854.9000244140625,19600146
2023-03-01,828.6265258789062,856.2999877929688,864.0,851.8499755859375,864.0,11015843
2023-03-02,826.4008178710938,854.0,861.8499755859375,851.0999755859375,853.0,12327141
2023-03-03,840.4805908203125,868.5499877929688,873.0,849.8499755859375,856.75,12823098
2023-03-06,839.7064819335938,867.75,876.8499755859375,865.3499755859375,871.75,13904231
2023-03-08,843.9158935546875,872.0999755859375,873.6500244140625,861.5,866.6500244140625,16144568
2023-03-09,828.2879028320312,855.9500122070312,869.7999877929688,854.1500244140625,867.2000122070312,10624440
2023-03-10,815.4177856445312,842.6500244140625,845.3499755859375,836.25,844.7000122070312,17273189
2023-03-13,801.6282348632812,828.4000244140625,855.2999877929688,823.9500122070312,841.4500122070312,16413159
2023-03-14,803.5151977539062,830.3499755859375,834.4500122070312,818.25,827.0,15456802
2023-03-15,799.2090454101562,825.9000244140625,843.9500122070312,822.2000122070312,836.4500122070312,12914488
2023-03-16,797.2737426757812,823.9000244140625,831.2999877929688,810.2999877929688,829.7000122070312,14987868
2023-03-17,809.2245483398438,836.25,838.4000244140625,818.6500244140625,831.7999877929688,11104490
2023-03-20,809.4180297851562,836.4500122070312,837.7999877929688,825.0,837.0,14838651
2023-03-21,824.8526000976562,852.4000244140625,854.5,839.0499877929688,843.0,18755854
2023-03-22,832.4005126953125,860.2000122070312,862.5499877929688,851.0,857.6500244140625,17431520
2023-03-23,827.8040161132812,855.4500122070312,867.4500122070312,852.7999877929688,857.0,17920621
2023-03-24,824.8526000976562,852.4000244140625,860.0,849.1500244140625,852.5,17295696
2023-03-27,821.2721557617188,848.7000122070312,856.4000244140625,844.0499877929688,854.9500122070312,17047675
2023-03-28,827.1266479492188,854.75,858.9000244140625,848.2000122070312,855.5499877929688,24469018
2023-03-29,823.497802734375,851.0,862.0999755859375,848.0,857.0499877929688,34881515
2023-03-31,848.8994750976562,877.25,881.0,858.5,861.9500122070312,25739021
2023-04-03,855.23779296875,883.7999877929688,887.0999755859375,868.8499755859375,880.2000122070312,26416933
2023-04-05,856.011962890625,884.5999755859375,887.75,874.0,886.5999755859375,21068934
2023-04-06,846.7222290039062,875.0,890.0999755859375,872.7000122070312,882.0,26042745
2023-04-10,840.3839111328125,868.4500122070312,882.7999877929688,864.4000244140625,880.0499877929688,30906205
2023-04-11,853.3992309570312,881.9000244140625,885.5999755859375,865.0,873.7000122070312,39504022
2023-04-12,861.3826293945312,890.1500244140625,892.0,880.2999877929688,883.4500122070312,22686032
2023-04-13,869.9465942382812,899.0,901.6500244140625,886.5,891.0999755859375,34439635
2023-04-17,872.1722412109375,901.2999877929688,917.2999877929688,893.1500244140625,917.2999877929688,29957514
2023-04-18,867.8660888671875,896.8499755859375,907.9500122070312,894.0999755859375,907.9500122070312,26699379
2023-04-19,863.0760498046875,891.9000244140625,896.9000244140625,887.25,895.9000244140625,24377956
2023-04-20,865.4953002929688,894.4000244140625,899.2999877929688,889.2000122070312,892.25,16999919
2023-04-21,857.0280151367188,885.6500244140625,900.7000122070312,882.4000244140625,894.5499877929688,29578071
2023-04-24,875.5108032226562,904.75,906.5,895.0,905.0,30881665
2023-04-25,883.9295654296875,913.4500122070312,916.0,903.0999755859375,906.2999877929688,41383839
2023-04-26,885.3811645507812,914.9500122070312,916.9500122070312,905.75,911.4500122070312,30371555
2023-04-27,888.6712646484375,918.3499755859375,919.9000244140625,908.5499877929688,909.5,25835108
2023-04-28,887.993896484375,917.6500244140625,920.4500122070312,910.25,915.0999755859375,20381002
2023-05-02,892.300048828125,922.0999755859375,925.7999877929688,918.7000122070312,924.0,17515017
2023-05-03,893.02587890625,922.8499755859375,923.8499755859375,911.5499877929688,919.5499877929688,18715142
2023-05-04,891.9130249023438,921.7000122070312,923.9000244140625,911.7999877929688,920.0,20485002
2023-05-05,896.9932861328125,926.9500122070312,942.4500122070312,923.4500122070312,925.0,19002035
2023-05-08,907.5894775390625,937.9000244140625,941.7000122070312,927.0,927.0,18623913
2023-05-09,904.20263671875,934.4000244140625,945.0,931.7999877929688,941.0,21507610
2023-05-10,905.7992553710938,936.0499877929688,941.0,928.25,934.5999755859375,25910923
2023-05-11,908.847412109375,939.2000122070312,947.0,933.8499755859375,940.0499877929688,20027372
2023-05-12,913.3955078125,943.9000244140625,948.0,935.0999755859375,939.75,13873480
2023-05-15,915.1857299804688,945.75,949.0,938.2000122070312,943.75,10453762
2023-05-16,915.766357421875,946.3499755859375,952.2000122070312,943.0,950.0,19612293
2023-05-17,908.9925537109375,939.3499755859375,948.4000244140625,935.7999877929688,947.2999877929688,19273344
2023-05-18,915.9114379882812,946.5,952.25,942.0999755859375,947.9500122070312,21550141
2023-05-19,923.45947265625,954.2999877929688,956.0,941.5999755859375,951.4500122070312,15427412
2023-05-22,919.6370239257812,950.3499755859375,954.25,946.1500244140625,951.0499877929688,15509525
2023-05-23,922.5885620117188,953.4000244140625,958.8499755859375,945.0,952.0,16579935
2023-05-24,910.2506103515625,940.6500244140625,953.8499755859375,938.5,946.7000122070312,18049620
2023-05-25,909.4764404296875,939.8499755859375,941.5999755859375,932.9500122070312,937.0,19328582
2023-05-26,919.975830078125,950.7000122070312,952.4500122070312,935.5499877929688,939.7999877929688,10957182
2023-05-29,917.5082397460938,948.1500244140625,957.5999755859375,946.7999877929688,953.8499755859375,12108079
2023-05-30,919.25,949.9500122070312,952.2999877929688,944.6500244140625,945.3499755859375,18483624
2023-05-31,918.4758911132812,949.1500244140625,952.0,940.5,949.5,27254425
2023-06-01,905.84765625,936.0999755859375,954.25,932.7999877929688,954.25,21650700
2023-06-02,907.8314208984375,938.1500244140625,944.6500244140625,935.0499877929688,943.0,12494376
2023-06-05,916.1534423828125,946.75,951.7999877929688,943.0,943.0,10751684
2023-06-06,911.6537475585938,942.0999755859375,947.7999877929688,938.0999755859375,946.5,11894330
2023-06-07,909.8151245117188,940.2000122070312,945.8499755859375,933.7999877929688,944.3499755859375,16486469
2023-06-08,907.5894775390625,937.9000244140625,950.5,935.2000122070312,936.5999755859375,17608140
2023-06-09,907.7345581054688,938.0499877929688,944.0,936.2000122070312,941.4000244140625,12253128
2023-06-12,905.7025146484375,935.9500122070312,943.5,933.2999877929688,938.0,10520125
2023-06-13,913.0568237304688,943.5499877929688,946.25,934.0999755859375,935.9000244140625,13528776
2023-06-14,909.4281005859375,939.7999877929688,946.9500122070312,936.25,946.0499877929688,13489262
2023-06-15,896.6546630859375,926.5999755859375,942.9500122070312,924.3499755859375,940.7000122070312,19366819
2023-06-16,904.009033203125,934.2000122070312,937.75,927.0,929.2999877929688,11249387
2023-06-19,893.316162109375,923.1500244140625,933.9500122070312,918.7000122070312,933.5,19351375
2023-06-20,895.6385498046875,925.5499877929688,928.5499877929688,914.7999877929688,920.9500122070312,15212286
2023-06-21,894.8159790039062,924.7000122070312,928.4000244140625,920.0,928.0,9210553
2023-06-22,895.8320922851562,925.75,935.5499877929688,920.7000122070312,924.4000244140625,27291569
2023-06-23,893.6548461914062,923.5,931.9000244140625,919.0,926.0499877929688,8767733
2023-06-26,897.4772338867188,927.4500122070312,931.7999877929688,923.2000122070312,927.0999755859375,11749040
2023-06-27,905.84765625,936.0999755859375,939.9500122070312,922.2000122070312,930.0,13422726
2023-06-28,907.1539916992188,937.4500122070312,944.0,934.2999877929688,944.0,25708001
2023-06-30,904.3960571289062,934.5999755859375,942.2000122070312,930.6500244140625,940.5,13843218
2023-07-03,912.0891723632812,942.5499877929688,945.75,936.5,937.0,12350359
2023-07-04,914.1697387695312,944.7000122070312,951.2999877929688,942.0,947.25,14041699
2023-07-05,927.039794921875,958.0,964.75,941.0,942.0499877929688,13817767
2023-07-06,928.3946533203125,959.4000244140625,963.9000244140625,954.0,954.7000122070312,16334427
2023-07-07,915.8148193359375,946.4000244140625,955.0499877929688,943.7999877929688,953.0,8593807
2023-07-10,917.7501220703125,948.4000244140625,952.9000244140625,941.3499755859375,946.0,12069184
2023-07-11,914.41162109375,944.9500122070312,952.7000122070312,941.9000244140625,948.4000244140625,16977595
2023-07-12,913.87939453125,944.4000244140625,951.1500244140625,941.25,948.4000244140625,21511161
2023-07-13,924.814208984375,955.7000122070312,959.25,942.2000122070312,947.7000122070312,23222286
2023-07-14,929.0236206054688,960.0499877929688,965.0,951.3499755859375,959.75,12871569
2023-07-17,937.3941040039062,968.7000122070312,973.7999877929688,952.8499755859375,962.9000244140625,16290763
2023-07-18,943.9259643554688,975.4500122070312,987.9500122070312,971.1500244140625,978.0,29709508
2023-07-19,941.9905395507812,973.4500122070312,980.0,967.5499877929688,980.0,15994261
2023-07-20,963.4247436523438,995.5999755859375,998.1500244140625,972.0999755859375,976.0499877929688,26487838
2023-07-21,964.7794799804688,997.0,1001.4500122070312,988.7999877929688,995.2999877929688,16903003
2023-07-24,959.9411010742188,992.0,1008.7000122070312,990.0999755859375,1004.9500122070312,21687719
2023-07-25,962.5538330078125,994.7000122070312,999.0,988.25,999.0,29325327
2023-07-26,964.2472534179688,996.4500122070312,997.75,990.0,993.0999755859375,12780537
2023-07-27,958.24755859375,990.25,1006.5,987.2000122070312,1002.5499877929688,25932395
2023-07-28,964.00537109375,996.2000122070312,998.7000122070312,977.0499877929688,988.0,12584130
2023-07-31,966.0374755859375,998.2999877929688,999.4000244140625,988.5999755859375,996.0,14303116
2023-08-01,962.4086303710938,994.5499877929688,1003.7000122070312,990.4500122070312,1001.6500244140625,15508569
2023-08-02,955.0543212890625,986.9500122070312,994.0999755859375,977.5,985.25,15787996
2023-08-03,933.8135986328125,965.0,983.0,960.0499877929688,976.5499877929688,30994707
2023-08-04,939.1359252929688,970.5,976.0,961.25,968.6500244140625,20582882
2023-08-07,944.1194458007812,975.6500244140625,981.5,968.2000122070312,970.9500122070312,16686062
2023-08-08,948.2321166992188,979.9000244140625,986.5999755859375,972.2999877929688,975.75,23784778
2023-08-09,949.0126953125,972.7000122070312,975.2999877929688,963.5999755859375,974.9500122070312,19317331
2023-08-10,940.6220703125,964.0999755859375,973.6500244140625,959.4500122070312,971.5499877929688,24858441
2023-08-11,929.64599609375,952.8499755859375,963.5,950.0,963.4000244140625,17162177
2023-08-14,936.1829223632812,959.5499877929688,962.9000244140625,946.0,949.0,19026691
2023-08-16,933.2071533203125,956.5,959.7999877929688,946.5999755859375,954.4500122070312,17930805
2023-08-17,928.4752807617188,951.6500244140625,957.7999877929688,946.4500122070312,956.9500122070312,27077611
2023-08-18,927.4995727539062,950.6500244140625,955.0,946.0,947.9000244140625,13257508
2023-08-21,931.9387817382812,955.2000122070312,959.2999877929688,948.4000244140625,950.7000122070312,13358017
2023-08-22,928.8167724609375,952.0,956.9500122070312,949.2999877929688,956.4000244140625,16872719
2023-08-23,943.3050537109375,966.8499755859375,968.0499877929688,949.8499755859375,954.0,14707331
2023-08-24,945.3539428710938,968.9500122070312,982.4000244140625,966.75,972.5,28389740
2023-08-25,946.7686767578125,970.4000244140625,972.5999755859375,960.2000122070312,962.9500122070312,10275758
2023-08-28,946.9150390625,970.5499877929688,975.0,965.0499877929688,969.9500122070312,10481574
2023-08-29,944.1831665039062,967.75,977.25,965.6500244140625,973.2999877929688,13209913
2023-08-30,935.5487670898438,958.9000244140625,975.9000244140625,955.4000244140625,970.4500122070312,13936165
2023-08-31,935.40234375,958.75,966.2000122070312,954.0499877929688,960.0,36675400
2023-09-01,945.1100463867188,968.7000122070312,973.0499877929688,952.7999877929688,956.9000244140625,16268147
2023-09-04,943.7929077148438,967.3499755859375,969.0499877929688,960.5499877929688,968.7000122070312,9512956
2023-09-05,944.8173828125,968.4000244140625,970.0,962.25,964.0999755859375,16623486
2023-09-06,934.1828002929688,957.5,969.5,950.7999877929688,962.5499877929688,30802100
2023-09-07,942.1343383789062,965.6500244140625,969.5,954.7000122070312,957.4000244140625,13462347
2023-09-08,946.9150390625,970.5499877929688,975.0,961.25,967.5,13086915
2023-09-11,954.427490234375,978.25,982.0,969.3499755859375,974.9500122070312,7894110
2023-09-12,966.379150390625,990.5,995.1500244140625,982.6500244140625,990.0999755859375,20959591
2023-09-13,965.6962890625,989.7999877929688,994.8499755859375,980.5499877929688,989.7999877929688,21997553
2023-09-14,963.6473999023438,987.7000122070312,992.9000244140625,982.25,992.2999877929688,11464188
2023-09-15,968.28173828125,992.4500122070312,997.5,988.5999755859375,990.3499755859375,13307980
2023-09-18,966.0864868164062,990.2000122070312,996.25,987.2999877929688,990.0999755859375,16713222
2023-09-20,963.1107177734375,987.1500244140625,996.0,980.6500244140625,981.5499877929688,25741856
2023-09-21,935.93896484375,959.2999877929688,982.5,957.4500122070312,979.9500122070312,19742813
2023-09-22,927.1581420898438,950.2999877929688,960.9000244140625,947.4000244140625,956.5,12701888
2023-09-25,933.0607299804688,956.3499755859375,961.2000122070312,941.5,950.2999877929688,8997098
2023-09-26,925.5971069335938,948.7000122070312,958.9500122070312,947.0999755859375,958.9500122070312,10521409
2023-09-27,920.1334838867188,943.0999755859375,946.5,934.4000244140625,946.2999877929688,15152973
2023-09-28,919.6455688476562,942.5999755859375,947.25,934.75,945.5,25991282
2023-09-29,928.7191772460938,951.9000244140625,956.0,943.7000122070312,946.7000122070312,10447334
2023-10-03,917.4016723632812,940.2999877929688,951.5999755859375,939.0,951.5999755859375,11131636
2023-10-04,907.4012451171875,930.0499877929688,935.5,925.0,935.0,17334739
2023-10-05,917.938232421875,940.8499755859375,943.9500122070312,934.5499877929688,935.2000122070312,10478856
2023-10-06,922.182373046875,945.2000122070312,946.5499877929688,938.0,946.0,6355755
2023-10-09,915.7431030273438,938.5999755859375,942.0499877929688,936.2999877929688,940.25,6725306
2023-10-10,928.0362548828125,951.2000122070312,957.5,940.3499755859375,940.4000244140625,11452715
2023-10-11,929.889892578125,953.0999755859375,962.0499877929688,950.75,954.9000244140625,12233117
2023-10-12,931.0119018554688,954.25,960.0999755859375,948.4000244140625,952.8499755859375,7836818
2023-10-13,928.1337890625,951.2999877929688,957.4000244140625,944.5499877929688,949.9500122070312,6650442
2023-10-16,928.2313842773438,951.4000244140625,954.8499755859375,946.1500244140625,948.5,5763024
2023-10-17,930.6704711914062,953.9000244140625,960.9500122070312,951.5,955.4000244140625,7747527
2023-10-18,920.767578125,943.75,950.6500244140625,939.0999755859375,949.2000122070312,12000153
2023-10-19,912.9624633789062,935.75,945.0,934.0,936.0,8612676
2023-10-20,910.0355224609375,932.75,940.0,930.0,932.0,6586576
2023-10-23,907.3037109375,929.9500122070312,944.7999877929688,925.4000244140625,942.0,11856890
2023-10-25,893.7909545898438,916.0999755859375,933.7999877929688,911.4000244140625,926.0499877929688,12593434
2023-10-26,886.5224609375,908.6500244140625,916.5999755859375,899.0,914.2999877929688,21693345
2023-10-27,890.5225830078125,912.75,918.1500244140625,911.2999877929688,916.0,8645505
2023-10-30,902.3766479492188,924.9000244140625,926.2999877929688,908.2000122070312,909.0999755859375,7687791
2023-10-31,893.0592041015625,915.3499755859375,931.0,914.0999755859375,929.2999877929688,17211107
2023-11-01,891.7909545898438,914.0499877929688,917.5999755859375,909.2999877929688,913.7999877929688,12927203
2023-11-02,897.5472412109375,919.9500122070312,924.7999877929688,912.7999877929688,920.0499877929688,9747311
2023-11-03,911.0599365234375,933.7999877929688,934.5,926.7999877929688,928.5499877929688,7146961
2023-11-06,922.42626953125,945.4500122070312,947.75,937.4000244140625,941.0,10338367
2023-11-07,925.0116577148438,948.0999755859375,950.4500122070312,930.4500122070312,943.5999755859375,15704942
2023-11-08,912.9624633789062,935.75,948.4500122070312,934.0999755859375,948.4500122070312,17606074
2023-11-09,914.5234375,937.3499755859375,942.3499755859375,933.0,934.0,9406117
2023-11-10,915.7431030273438,938.5999755859375,941.4500122070312,932.4000244140625,934.9000244140625,9560455
2023-11-13,911.694091796875,934.4500122070312,940.9000244140625,932.0,940.9000244140625,11470096
2023-11-15,918.18212890625,941.0999755859375,944.4000244140625,938.75,944.4000244140625,19492138
2023-11-16,913.2063598632812,936.0,946.2000122070312,934.0,939.0,19706373
2023-11-17,899.4009399414062,921.8499755859375,938.4000244140625,920.1500244140625,926.5499877929688,10956653
2023-11-20,899.0107421875,921.4500122070312,926.75,917.5,922.0,10562301
2023-11-21,903.5474243164062,926.0999755859375,928.0499877929688,922.0,924.4000244140625,8989572
2023-11-22,900.279052734375,922.75,925.2000122070312,914.75,923.25,12197979
2023-11-23,900.52294921875,923.0,925.3499755859375,918.5,923.0,5534614
2023-11-24,906.76708984375,929.4000244140625,930.4000244140625,920.2000122070312,921.5,7452002
2023-11-28,902.9620971679688,925.5,931.0499877929688,921.7000122070312,928.9000244140625,14231987
2023-11-29,916.7186889648438,939.5999755859375,941.0999755859375,926.0,930.9000244140625,11680078
2023-11-30,912.1819458007812,934.9500122070312,940.8499755859375,928.2000122070312,938.9500122070312,23950292
2023-12-01,923.6458740234375,946.7000122070312,952.0,933.0,935.9500122070312,16986046
2023-12-04,967.0621337890625,991.2000122070312,994.8499755859375,961.4000244140625,963.7000122070312,33131257
2023-12-05,988.7703247070312,1013.4500122070312,1015.75,995.0499877929688,1002.5,31378461
2023-12-06,978.8187255859375,1003.25,1016.25,1000.25,1014.0,18786590
2023-12-07,974.6721801757812,999.0,1002.2000122070312,988.1500244140625,996.3499755859375,11841945
2023-12-08,986.2335815429688,1010.8499755859375,1012.8499755859375,993.25,994.5,16116363
2023-12-11,992.3313598632812,1017.0999755859375,1020.0,1004.6500244140625,1007.0999755859375,11714606
2023-12-12,990.9655151367188,1015.7000122070312,1021.0,1008.5999755859375,1017.0999755859375,12380856
2023-12-13,989.2093505859375,1013.9000244140625,1020.7000122070312,1009.2000122070312,1014.7999877929688,15887040
2023-12-14,1008.4784545898438,1033.6500244140625,1040.0,1021.25,1022.25,16317672
2023-12-15,1012.1370849609375,1037.4000244140625,1043.699951171875,1025.699951171875,1043.6500244140625,14306067
2023-12-18,996.5755004882812,1021.4500122070312,1029.949951171875,1018.0,1029.949951171875,8592711
2023-12-19,990.7216186523438,1015.4500122070312,1025.5,1012.5999755859375,1025.5,10094256
2023-12-20,982.1358642578125,1006.6500244140625,1022.0,1002.0,1022.0,16490281
2023-12-21,979.9407348632812,1004.4000244140625,1010.9000244140625,989.2000122070312,996.5499877929688,18064916
2023-12-22,970.0866088867188,994.2999877929688,1009.5499877929688,991.5999755859375,1002.9500122070312,20881976
2023-12-26,970.8671264648438,995.0999755859375,997.5,989.9000244140625,994.9000244140625,14339699
2023-12-27,977.8430786132812,1002.25,1004.9000244140625,992.0,997.9500122070312,12996468
2023-12-28,981.4041748046875,1005.9000244140625,1011.7000122070312,999.0999755859375,1008.0,24915990
2023-12-29,972.3306274414062,996.5999755859375,1008.5499877929688,993.7000122070312,1004.0499877929688,12280140
2024-01-01,975.0624389648438,999.4000244140625,1004.8499755859375,991.0,991.5499877929688,7683792
2024-01-02,958.330078125,982.25,997.6500244140625,980.25,997.0,16263825
2024-01-03,960.0862426757812,984.0499877929688,988.0,975.0999755859375,984.7000122070312,16826752
2024-01-04,963.1107177734375,987.1500244140625,989.1500244140625,981.9000244140625,986.4000244140625,22789140
2024-01-05,969.5012817382812,993.7000122070312,998.2999877929688,983.7999877929688,988.0,14875499
2024-01-08,958.086181640625,982.0,998.2000122070312,980.2999877929688,994.0,8393164
2024-01-09,955.8909301757812,979.75,995.0,975.4000244140625,986.25,14660414
2024-01-10,968.8670654296875,993.0499877929688,994.9500122070312,974.2999877929688,974.2999877929688,9409181
2024-01-11,967.0133666992188,991.1500244140625,998.5,986.8499755859375,995.2999877929688,6451345
2024-01-12,979.0626220703125,1003.5,1008.7000122070312,991.75,994.7999877929688,12255743
2024-01-15,985.2579956054688,1009.8499755859375,1011.6500244140625,999.25,1003.5,12388044
2024-01-16,984.4774169921875,1009.0499877929688,1015.7999877929688,1004.5999755859375,1006.0999755859375,11505126
2024-01-17,957.8422241210938,981.75,1007.7999877929688,976.75,987.9000244140625,41914771
2024-01-18,962.3302001953125,986.3499755859375,994.2999877929688,970.1500244140625,973.9500122070312,17902484
2024-01-19,974.8673095703125,999.2000122070312,1010.9000244140625,987.5499877929688,991.2999877929688,23271148
2024-01-23,1003.9904174804688,1029.050048828125,1059.4000244140625,1021.2000122070312,1059.0999755859375,50797448
2024-01-24,974.8673095703125,999.2000122070312,1035.949951171875,996.6500244140625,1029.449951171875,34578943
2024-01-25,985.3555297851562,1009.9500122070312,1015.0999755859375,988.1500244140625,998.4000244140625,28315035
2024-01-29,991.6484985351562,1016.4000244140625,1032.0,1010.0,1020.0,14078922
2024-01-30,992.1362915039062,1016.9000244140625,1023.8499755859375,1008.0,1014.9500122070312,16085742
2024-01-31,1003.1123657226562,1028.1500244140625,1039.0,1003.25,1016.7999877929688,25627447
2024-02-01,1000.1853637695312,1025.1500244140625,1033.949951171875,1017.4000244140625,1033.949951171875,13058880
2024-02-02,999.0633544921875,1024.0,1050.0,1021.6500244140625,1037.0999755859375,14774650
2024-02-05,998.5755615234375,1023.5,1026.449951171875,1012.0999755859375,1022.5,12948430
2024-02-06,1001.4049072265625,1026.4000244140625,1034.9000244140625,1016.7000122070312,1023.5499877929688,12886927
2024-02-07,997.2584228515625,1022.1500244140625,1031.550048828125,1013.0,1028.0,16410895
2024-02-08,965.2083740234375,989.2999877929688,1028.25,985.25,1024.0999755859375,20565502
2024-02-09,986.0872802734375,1010.7000122070312,1013.75,985.5,988.8499755859375,12799837
2024-02-12,971.8427734375,996.0999755859375,1012.2000122070312,985.25,1010.4000244140625,8050066
2024-02-13,994.9656372070312,1019.7999877929688,1027.050048828125,1000.2999877929688,1006.0,18706292
2024-02-14,997.7951049804688,1022.7000122070312,1035.699951171875,1007.5499877929688,1009.5499877929688,17878720
2024-02-15,991.8923950195312,1016.6500244140625,1026.6500244140625,1006.5999755859375,1022.8499755859375,10069878
2024-02-16,998.3316650390625,1023.25,1026.199951171875,1016.9000244140625,1023.2000122070312,7159395
2024-02-19,1018.33251953125,1043.75,1046.0,1023.3499755859375,1023.3499755859375,9388255
2024-02-20,1023.210693359375,1048.75,1052.6500244140625,1033.25,1041.050048828125,11293528
2024-02-21,1026.3326416015625,1051.949951171875,1064.0,1048.0,1056.800048828125,15946325
2024-02-22,1036.8209228515625,1062.699951171875,1066.0,1040.300048828125,1056.0,13432573
2024-02-23,1035.455078125,1061.300048828125,1070.0,1057.6500244140625,1070.0,13142759
2024-02-26,1028.5279541015625,1054.199951171875,1062.300048828125,1050.5,1053.0999755859375,7875941
2024-02-27,1034.3818359375,1060.199951171875,1066.199951171875,1046.5,1050.75,10580973
2024-02-28,1020.72265625,1046.199951171875,1064.8499755859375,1042.1500244140625,1063.0,7730332
2024-02-29,1026.57666015625,1052.199951171875,1060.699951171875,1038.5,1043.050048828125,20944844
2024-03-01,1060.431640625,1086.9000244140625,1089.949951171875,1054.0,1055.0,14909562
2024-03-04,1065.7489013671875,1092.3499755859375,1095.0,1080.0999755859375,1081.0,11424581
2024-03-05,1061.5537109375,1088.050048828125,1099.5,1076.5,1086.199951171875,9222544
2024-03-06,1070.3831787109375,1097.0999755859375,1113.550048828125,1080.300048828125,1080.300048828125,21796484
2024-03-07,1061.4559326171875,1087.949951171875,1095.0,1082.699951171875,1094.949951171875,9963926
2024-03-11,1052.4312744140625,1078.699951171875,1087.949951171875,1076.75,1087.949951171875,13310362
2024-03-12,1050.6263427734375,1076.8499755859375,1094.800048828125,1055.6500244140625,1077.050048828125,21785435
2024-03-13,1057.553466796875,1083.949951171875,1089.6500244140625,1073.1500244140625,1077.1500244140625,24855870
2024-03-14,1057.2120361328125,1083.5999755859375,1097.0999755859375,1075.050048828125,1080.0,14231421
2024-03-15,1054.041015625,1080.3499755859375,1086.25,1070.0,1072.0,66192734
2024-03-18,1054.8704833984375,1081.199951171875,1084.800048828125,1060.050048828125,1075.050048828125,8769440
2024-03-19,1057.553466796875,1083.949951171875,1088.75,1075.25,1078.449951171875,16708715
2024-03-20,1058.090087890625,1084.5,1090.0,1067.5,1080.0,18725251
2024-03-21,1055.4559326171875,1081.800048828125,1100.0,1079.1500244140625,1092.0,19992607
2024-03-22,1063.7489013671875,1090.300048828125,1093.699951171875,1078.699951171875,1081.1500244140625,17214415
2024-03-26,1057.3094482421875,1083.699951171875,1089.1500244140625,1076.949951171875,1081.0,13367635
2024-03-27,1057.3582763671875,1083.75,1092.5,1079.550048828125,1083.699951171875,26907245
2024-03-28,1066.67578125,1093.300048828125,1105.050048828125,1085.0,1085.0,22070566
2024-04-01,1072.8712158203125,1099.6500244140625,1102.949951171875,1094.449951171875,1096.050048828125,10848191
2024-04-02,1054.8704833984375,1081.199951171875,1094.449951171875,1079.25,1094.449951171875,14380396
2024-04-03,1050.9677734375,1077.199951171875,1083.6500244140625,1072.25,1075.0,15477184
2024-04-04,1052.5775146484375,1078.8499755859375,1085.800048828125,1063.449951171875,1084.75,21419689
2024-04-05,1057.016845703125,1083.4000244140625,1086.0,1067.449951171875,1070.0,15340637
2024-04-08,1060.6756591796875,1087.1500244140625,1091.75,1076.300048828125,1078.3499755859375,8023461
2024-04-09,1080.0909423828125,1107.050048828125,1115.25,1088.300048828125,1091.949951171875,12298463
2024-04-10,1082.3836669921875,1109.4000244140625,1116.550048828125,1105.1500244140625,1110.949951171875,10598000
2024-04-12,1077.5054931640625,1104.4000244140625,1111.8499755859375,1095.800048828125,1103.5,12216657
2024-04-15,1052.0897216796875,1078.3499755859375,1106.1500244140625,1076.5999755859375,1100.199951171875,10526597
2024-04-16,1041.06494140625,1067.050048828125,1074.5999755859375,1062.699951171875,1070.550048828125,11278092
2024-04-18,1029.7474365234375,1055.449951171875,1078.050048828125,1050.449951171875,1074.0,16564216
2024-04-19,1041.2601318359375,1067.25,1072.0,1048.0999755859375,1052.949951171875,11284433
2024-04-22,1060.187744140625,1086.6500244140625,1088.699951171875,1070.3499755859375,1078.800048828125,10346714
2024-04-23,1063.699951171875,1090.25,1100.0,1082.699951171875,1100.0,9848215
2024-04-24,1070.0418701171875,1096.75,1098.4000244140625,1089.0,1092.25,5461309
2024-04-25,1086.627685546875,1113.75,1125.6500244140625,1089.949951171875,1090.0,19905338
2024-04-26,1080.9202880859375,1107.9000244140625,1120.0,1102.75,1112.1500244140625,14190059
2024-04-29,1131.89794921875,1160.1500244140625,1163.449951171875,1107.9000244140625,1108.0,28578063
2024-04-30,1122.38525390625,1150.4000244140625,1169.550048828125,1146.75,1159.949951171875,29568491
2024-05-02,1111.7017822265625,1139.449951171875,1155.5,1133.25,1143.0,25118334
2024-05-03,1114.2386474609375,1142.050048828125,1157.4000244140625,1135.449951171875,1141.300048828125,19933604
2024-05-06,1118.3851318359375,1146.300048828125,1158.449951171875,1138.0999755859375,1141.550048828125,14970524
2024-05-07,1104.3358154296875,1131.9000244140625,1152.75,1126.300048828125,1147.949951171875,15097728
2024-05-08,1095.6524658203125,1123.0,1132.0,1116.050048828125,1126.550048828125,19913090
2024-05-09,1088.5302734375,1115.699951171875,1128.8499755859375,1110.0,1120.550048828125,12229853
2024-05-10,1089.847412109375,1117.050048828125,1128.9000244140625,1112.050048828125,1118.0,8573656
2024-05-13,1100.53076171875,1128.0,1130.6500244140625,1106.699951171875,1112.4000244140625,9707983
2024-05-14,1093.2623291015625,1120.550048828125,1127.9000244140625,1118.550048828125,1125.9000244140625,8944262
2024-05-15,1096.9696044921875,1124.3499755859375,1127.800048828125,1113.5,1122.0999755859375,10743423
2024-05-16,1103.5064697265625,1131.050048828125,1136.550048828125,1112.800048828125,1133.0,14265565
2024-05-17,1102.9698486328125,1130.5,1144.0,1120.5999755859375,1131.050048828125,8641784
2024-05-21,1093.6524658203125,1120.949951171875,1133.800048828125,1116.25,1122.199951171875,10452900
2024-05-22,1084.042236328125,1111.0999755859375,1125.9000244140625,1098.0999755859375,1125.0,17527411
2024-05-23,1106.87255859375,1134.5,1137.0,1111.4000244140625,1115.550048828125,13787687
2024-05-24,1104.384521484375,1131.949951171875,1135.0,1124.1500244140625,1130.0,6312670
2024-05-27,1102.2869873046875,1129.800048828125,1147.800048828125,1121.550048828125,1131.9000244140625,11599857
2024-05-28,1099.5062255859375,1126.949951171875,1135.199951171875,1125.0,1132.5,9311718
2024-05-29,1075.1639404296875,1102.0,1123.550048828125,1098.5,1115.050048828125,19268547
2024-05-30,1086.5789794921875,1113.699951171875,1121.0,1096.9000244140625,1097.0,15255387
2024-05-31,1093.7501220703125,1121.050048828125,1130.5999755859375,1111.25,1118.0,26197718
2024-06-03,1131.75146484375,1160.0,1173.0,1136.300048828125,1170.0,25699977
2024-06-04,1045.35791015625,1071.449951171875,1159.4000244140625,1053.550048828125,1157.9000244140625,43476837
2024-06-05,1081.652099609375,1108.6500244140625,1123.25,1051.050048828125,1085.0,42172104
2024-06-06,1083.359375,1110.4000244140625,1118.0,1096.5999755859375,1118.0,18574162
2024-06-07,1094.3841552734375,1121.699951171875,1128.300048828125,1103.5999755859375,1110.4000244140625,17197635
2024-06-10,1096.4329833984375,1123.800048828125,1133.199951171875,1115.0999755859375,1116.0,10851455
2024-06-11,1090.9693603515625,1118.199951171875,1129.050048828125,1111.0,1119.75,12250002
2024-06-12,1092.28662109375,1119.550048828125,1133.4000244140625,1112.0,1121.0,16096514
2024-06-13,1080.3836669921875,1107.3499755859375,1123.199951171875,1105.0,1122.199951171875,12494254
2024-06-14,1078.7249755859375,1105.6500244140625,1114.0,1099.449951171875,1114.0,11377979
2024-06-18,1095.5062255859375,1122.8499755859375,1135.050048828125,1101.199951171875,1113.949951171875,18306176
2024-06-19,1116.580078125,1144.449951171875,1165.550048828125,1126.1500244140625,1127.949951171875,34309514
2024-06-20,1128.62939453125,1156.800048828125,1160.0,1135.5,1154.050048828125,15475933
2024-06-21,1130.4344482421875,1158.6500244140625,1169.9000244140625,1150.6500244140625,1163.550048828125,69259425
2024-06-24,1141.60546875,1170.0999755859375,1175.6500244140625,1152.6500244140625,1154.6500244140625,12210295
2024-06-25,1168.77734375,1197.949951171875,1206.0,1167.6500244140625,1170.25,27309845
2024-06-26,1188.339111328125,1218.0,1222.8499755859375,1193.8499755859375,1202.0,25403461
2024-06-27,1190.19287109375,1219.9000244140625,1235.0,1209.0999755859375,1228.3499755859375,20516632
2024-06-28,1170.3870849609375,1199.5999755859375,1227.0,1196.3499755859375,1227.0,12507092
2024-07-01,1182.3387451171875,1211.8499755859375,1215.3499755859375,1192.050048828125,1199.5999755859375,8636894
2024-07-02,1161.6063232421875,1190.5999755859375,1217.0,1185.550048828125,1217.0,16153925
2024-07-03,1172.3382568359375,1201.5999755859375,1215.8499755859375,1179.449951171875,1196.8499755859375,22330897
2024-07-04,1202.9737548828125,1233.0,1234.949951171875,1214.300048828125,1229.0,15275791
2024-07-05,1203.364013671875,1233.4000244140625,1242.5999755859375,1220.8499755859375,1225.0,9535575
2024-07-08,1204.9739990234375,1235.050048828125,1239.5,1216.9000244140625,1228.9000244140625,6617190
2024-07-09,1217.8524169921875,1248.25,1250.199951171875,1229.300048828125,1234.949951171875,13366874
2024-07-10,1212.9254150390625,1243.199951171875,1252.75,1236.3499755859375,1252.75,18226503
2024-07-11,1208.291015625,1238.449951171875,1257.800048828125,1225.050048828125,1246.3499755859375,11307116
2024-07-12,1202.876220703125,1232.9000244140625,1252.9000244140625,1230.0999755859375,1235.9000244140625,12208290
2024-07-15,1199.9979248046875,1229.949951171875,1238.449951171875,1224.050048828125,1233.0999755859375,15612671
2024-07-16,1209.7056884765625,1239.9000244140625,1245.0,1229.0,1230.0,12320605
2024-07-18,1219.8525390625,1250.300048828125,1256.449951171875,1231.699951171875,1234.9000244140625,10999632
2024-07-19,1218.2427978515625,1248.6500244140625,1250.5,1240.25,1244.0,7958817
2024-07-22,1210.92529296875,1241.1500244140625,1245.300048828125,1232.9000244140625,1240.0,9958965
2024-07-23,1196.8759765625,1226.75,1248.6500244140625,1212.5,1241.1500244140625,19369832
2024-07-24,1193.21728515625,1223.0,1233.6500244140625,1202.050048828125,1225.0,20122521
2024-07-25,1168.7286376953125,1197.9000244140625,1218.25,1190.5999755859375,1205.5,14154461
2024-07-26,1177.802001953125,1207.199951171875,1220.0,1185.949951171875,1190.0,19309265
2024-07-29,1183.1680908203125,1212.699951171875,1242.75,1204.1500244140625,1215.1500244140625,28458261
2024-07-30,1179.9971923828125,1209.449951171875,1230.8499755859375,1204.4000244140625,1213.0,23972277
2024-07-31,1185.3145751953125,1214.9000244140625,1224.6500244140625,1211.0,1219.0,22297629
2024-08-01,1180.63134765625,1210.0999755859375,1222.6500244140625,1206.9000244140625,1212.5,8725046
2024-08-02,1167.4114990234375,1196.550048828125,1201.6500244140625,1190.0999755859375,1197.0,10735395
2024-08-05,1144.044677734375,1172.5999755859375,1188.9000244140625,1167.0,1182.0,14306771
2024-08-06,1138.4345703125,1166.8499755859375,1187.699951171875,1161.5,1175.0,13575619
2024-08-07,1143.8983154296875,1172.449951171875,1179.800048828125,1161.5999755859375,1178.949951171875,15753644
2024-08-08,1136.239501953125,1164.5999755859375,1174.4000244140625,1158.9000244140625,1166.949951171875,10806438
2024-08-09,1143.0689697265625,1171.5999755859375,1180.949951171875,1169.0,1176.550048828125,8687307
2024-08-12,1154.09033203125,1172.800048828125,1178.25,1156.0,1171.0,10860455
2024-08-13,1149.7113037109375,1168.3499755859375,1189.25,1163.5999755859375,1183.199951171875,13117927
2024-08-14,1143.1181640625,1161.6500244140625,1170.050048828125,1153.0,1167.0,13431801
2024-08-16,1168.309814453125,1187.25,1193.0,1165.6500244140625,1170.0,10961370
2024-08-19,1157.140869140625,1175.9000244140625,1195.75,1173.300048828125,1191.0,6686394
2024-08-20,1160.6341552734375,1179.449951171875,1189.800048828125,1170.0,1174.199951171875,10427061
2024-08-21,1156.1075439453125,1174.8499755859375,1178.6500244140625,1165.0999755859375,1177.0,17234142
2024-08-22,1172.098388671875,1191.0999755859375,1192.5999755859375,1176.5999755859375,1182.0,8564142
2024-08-23,1184.300537109375,1203.5,1205.0,1188.550048828125,1193.0,7518309
2024-08-26,1193.9443359375,1213.300048828125,1214.949951171875,1201.050048828125,1205.550048828125,10920226
2024-08-27,1206.7860107421875,1226.3499755859375,1232.5,1208.9000244140625,1213.300048828125,16295325
2024-08-28,1204.3258056640625,1223.8499755859375,1226.4000244140625,1217.300048828125,1222.6500244140625,12291305
2024-08-29,1202.4071044921875,1221.9000244140625,1235.0,1217.0,1218.949951171875,10806748
2024-08-30,1209.590576171875,1229.199951171875,1235.550048828125,1218.9000244140625,1230.0,21211148
2024-09-02,1210.3284912109375,1229.949951171875,1239.199951171875,1222.5,1239.0,12516759
2024-09-03,1227.79541015625,1247.699951171875,1250.949951171875,1220.4000244140625,1227.199951171875,19114907
2024-09-04,1216.62646484375,1236.3499755859375,1243.699951171875,1232.800048828125,1239.8499755859375,13505843
2024-09-05,1216.23291015625,1235.949951171875,1244.8499755859375,1231.300048828125,1238.0,9142811
2024-09-06,1188.8763427734375,1208.1500244140625,1233.9000244140625,1205.0,1225.949951171875,10170479
2024-09-09,1215.298095703125,1235.0,1238.300048828125,1200.449951171875,1202.9000244140625,13863250
2024-09-10,1217.5614013671875,1237.300048828125,1241.3499755859375,1227.0,1236.949951171875,15545130
2024-09-11,1216.62646484375,1236.3499755859375,1239.300048828125,1226.4000244140625,1231.5,11993242
2024-09-12,1232.1744384765625,1252.1500244140625,1257.0,1226.3499755859375,1238.0,15376442
2024-09-13,1230.403076171875,1250.3499755859375,1255.949951171875,1242.050048828125,1252.0,9877288
2024-09-16,1242.7037353515625,1262.8499755859375,1265.5999755859375,1244.699951171875,1251.0,8973335
2024-09-17,1247.8699951171875,1268.0999755859375,1272.25,1258.4000244140625,1259.949951171875,11513121
2024-09-18,1267.796875,1288.3499755859375,1295.3499755859375,1262.0,1262.0,12466597
2024-09-19,1271.388671875,1292.0,1300.0,1285.3499755859375,1288.3499755859375,13172268
2024-09-20,1317.09765625,1338.449951171875,1362.3499755859375,1291.550048828125,1295.0,73257767
2024-09-23,1300.811767578125,1321.9000244140625,1331.800048828125,1308.5,1331.0,11380409
2024-09-24,1297.5643310546875,1318.5999755859375,1331.4000244140625,1315.449951171875,1321.0,13886037
2024-09-25,1302.7305908203125,1323.8499755859375,1327.75,1310.0999755859375,1310.75,8728019
2024-09-26,1307.8477783203125,1329.050048828125,1333.3499755859375,1316.9000244140625,1320.0,11100869
2024-09-27,1285.7557373046875,1306.5999755859375,1333.0,1303.8499755859375,1333.0,17117379
2024-09-30,1252.6917724609375,1273.0,1296.800048828125,1270.9000244140625,1292.0999755859375,12622212
2024-10-01,1254.0694580078125,1274.4000244140625,1280.25,1267.5999755859375,1269.800048828125,10972413
2024-10-03,1236.307373046875,1256.3499755859375,1265.75,1248.1500244140625,1253.5999755859375,17648551
2024-10-04,1219.97216796875,1239.75,1264.4000244140625,1236.199951171875,1247.0999755859375,13488887
2024-10-07,1214.215576171875,1233.9000244140625,1262.949951171875,1225.0,1241.550048828125,20667247
2024-10-08,1216.8724365234375,1236.5999755859375,1247.800048828125,1229.75,1241.0,12219259
2024-10-09,1224.3021240234375,1244.1500244140625,1265.0999755859375,1232.6500244140625,1243.050048828125,14765997
2024-10-10,1223.662353515625,1243.5,1254.699951171875,1238.0,1246.75,9118195
2024-10-11,1203.4893798828125,1223.0,1240.800048828125,1222.0,1237.0,8472512
2024-10-14,1212.099853515625,1231.75,1237.9000244140625,1217.4000244140625,1221.0,11833929
2024-10-15,1235.4710693359375,1255.5,1258.300048828125,1235.4000244140625,1238.949951171875,11657338
2024-10-16,1223.3179931640625,1243.1500244140625,1254.949951171875,1241.5999755859375,1248.5,7869727
2024-10-17,1211.6077880859375,1231.25,1256.949951171875,1224.4000244140625,1249.449951171875,8459497
2024-10-18,1244.327392578125,1264.5,1268.9000244140625,1225.25,1227.949951171875,11018126
2024-10-21,1238.9644775390625,1259.050048828125,1272.3499755859375,1250.550048828125,1264.5,7742775
2024-10-22,1247.279541015625,1267.5,1284.9000244140625,1259.75,1266.5999755859375,20090801
2024-10-23,1231.6331787109375,1251.5999755859375,1267.949951171875,1243.050048828125,1261.0,14055447
2024-10-24,1232.764892578125,1252.75,1260.449951171875,1241.050048828125,1250.25,12223031
2024-10-25,1235.4217529296875,1255.449951171875,1268.9000244140625,1234.199951171875,1247.25,13546055
2024-10-28,1272.2252197265625,1292.8499755859375,1307.800048828125,1280.5999755859375,1285.5,24096412
2024-10-29,1310.60302734375,1331.8499755859375,1335.3499755859375,1299.25,1301.3499755859375,20656117
2024-10-30,1291.21728515625,1312.1500244140625,1330.9000244140625,1305.5999755859375,1324.0,15055031
2024-10-31,1271.634765625,1292.25,1318.949951171875,1288.550048828125,1307.25,23497314
2024-11-01,1271.1920166015625,1291.800048828125,1296.199951171875,1286.25,1289.949951171875,1007022
2024-11-04,1256.8248291015625,1277.199951171875,1291.800048828125,1270.050048828125,1290.0999755859375,14309121
2024-11-05,1276.013671875,1296.699951171875,1301.300048828125,1263.0999755859375,1273.0,16431920
2024-11-06,1281.5736083984375,1302.3499755859375,1315.0,1292.699951171875,1300.25,12037405
2024-11-07,1258.3009033203125,1278.699951171875,1302.800048828125,1275.25,1297.1500244140625,9909035
2024-11-08,1238.7674560546875,1258.8499755859375,1275.0,1252.699951171875,1270.0,11195808
2024-11-11,1249.0509033203125,1269.300048828125,1275.9000244140625,1246.6500244140625,1262.0,8387780
2024-11-12,1250.3302001953125,1270.5999755859375,1295.0,1264.5,1276.1500244140625,13486168
2024-11-13,1233.69970703125,1253.699951171875,1276.25,1250.0,1270.5999755859375,12260404
2024-11-14,1236.8978271484375,1256.949951171875,1267.699951171875,1243.050048828125,1253.75,9506892
2024-11-18,1233.45361328125,1253.449951171875,1262.5999755859375,1249.4000244140625,1260.0,6195554
2024-11-19,1229.173095703125,1249.0999755859375,1261.0,1240.8499755859375,1257.050048828125,11537317
2024-11-21,1230.60009765625,1250.550048828125,1256.9000244140625,1232.550048828125,1248.550048828125,9593870
2024-11-22,1257.6612548828125,1278.050048828125,1281.4000244140625,1256.0,1258.0,11604338
2024-11-25,1280.1959228515625,1300.949951171875,1311.199951171875,1290.0,1296.0,22717581
2024-11-26,1284.132080078125,1304.949951171875,1314.25,1302.449951171875,1310.5999755859375,7646955
2024-11-27,1279.9498291015625,1300.699951171875,1310.8499755859375,1297.8499755859375,1298.5,21938082
2024-11-28,1265.828857421875,1286.3499755859375,1310.5,1282.300048828125,1301.050048828125,22803745
2024-11-29,1279.3594970703125,1300.0999755859375,1303.25,1283.0999755859375,1283.0999755859375,11397228
2024-12-02,1283.8370361328125,1304.6500244140625,1310.550048828125,1289.1500244140625,1299.9000244140625,9626400
2024-12-03,1287.527099609375,1308.4000244140625,1312.800048828125,1296.0999755859375,1303.949951171875,11509276
2024-12-04,1295.0550537109375,1316.050048828125,1320.0,1301.699951171875,1302.5999755859375,11570281
2024-12-05,1315.1787109375,1336.5,1342.9000244140625,1308.5999755859375,1316.25,19210697
2024-12-06,1307.552490234375,1328.75,1347.0999755859375,1326.699951171875,1342.5,8942672
2024-12-09,1301.2054443359375,1322.300048828125,1329.050048828125,1320.25,1322.0999755859375,8000764
2024-12-10,1309.225341796875,1330.449951171875,1332.0,1315.25,1319.0,8218214
2024-12-11,1306.3223876953125,1327.5,1331.25,1316.0,1324.699951171875,8138066
2024-12-12,1308.04443359375,1329.25,1338.75,1321.550048828125,1321.550048828125,9076896
2024-12-13,1323.44482421875,1344.9000244140625,1347.1500244140625,1313.5,1325.3499755859375,13536684
2024-12-16,1324.6256103515625,1346.0999755859375,1350.449951171875,1340.050048828125,1344.9000244140625,9071006
2024-12-17,1312.4727783203125,1333.75,1348.0999755859375,1326.050048828125,1342.0,9879257
2024-12-18,1293.1854248046875,1314.1500244140625,1334.949951171875,1307.449951171875,1325.25,8510595
2024-12-19,1266.3701171875,1286.9000244140625,1303.0,1284.449951171875,1286.0,11517304
2024-12-20,1267.8460693359375,1288.4000244140625,1297.75,1272.4000244140625,1283.949951171875,58491181
2024-12-23,1276.1121826171875,1296.800048828125,1307.0,1287.050048828125,1294.6500244140625,6827512
2024-12-24,1276.554931640625,1297.25,1304.5,1290.25,1296.800048828125,7138516
2024-12-26,1276.6534423828125,1297.3499755859375,1312.75,1289.199951171875,1307.0,7338444
2024-12-27,1286.690673828125,1307.550048828125,1315.949951171875,1298.550048828125,1298.550048828125,4756066
2024-12-30,1273.9964599609375,1294.6500244140625,1326.5,1289.449951171875,1304.949951171875,14207425
2024-12-31,1261.203857421875,1281.6500244140625,1289.949951171875,1280.0999755859375,1286.9000244140625,8449607
2025-01-01,1263.1719970703125,1283.6500244140625,1293.0,1267.0999755859375,1281.6500244140625,4705399
2025-01-02,1270.0111083984375,1290.5999755859375,1293.4000244140625,1278.4000244140625,1285.0999755859375,7433222
2025-01-03,1244.8687744140625,1265.050048828125,1288.0,1262.25,1286.199951171875,11194997
2025-01-06,1243.933837890625,1264.0999755859375,1277.75,1257.0,1268.050048828125,7504047
2025-01-07,1258.842041015625,1279.25,1288.949951171875,1266.5,1266.5,7539758
2025-01-08,1243.5894775390625,1263.75,1285.0,1252.3499755859375,1280.550048828125,7566309
2025-01-09,1242.260986328125,1262.4000244140625,1264.75,1248.0999755859375,1258.0,8684920
2025-01-10,1229.9111328125,1249.8499755859375,1264.949951171875,1243.0999755859375,1259.0,7854524
2025-01-13,1210.1317138671875,1229.75,1243.949951171875,1224.9000244140625,1234.9000244140625,9669336
2025-01-14,1220.5135498046875,1240.300048828125,1244.8499755859375,1227.449951171875,1233.3499755859375,10342698
2025-01-15,1218.4962158203125,1238.25,1244.4000244140625,1230.0,1234.0,5355382
2025-01-16,1229.173095703125,1249.0999755859375,1255.5,1239.6500244140625,1245.0999755859375,11895924
2025-01-17,1205.900390625,1225.449951171875,1249.0,1218.0,1243.3499755859375,9790533
2025-01-20,1213.2806396484375,1232.949951171875,1241.75,1215.25,1223.9000244140625,7676418
2025-01-21,1177.0677490234375,1196.1500244140625,1238.949951171875,1192.699951171875,1236.949951171875,20520898
2025-01-22,1181.2991943359375,1200.449951171875,1207.5,1191.800048828125,1201.0,10377123
2025-01-23,1182.5784912109375,1201.75,1207.9000244140625,1186.0,1197.25,8770650
2025-01-24,1189.90966796875,1209.199951171875,1218.0,1202.0,1203.0999755859375,9216792
2025-01-27,1208.3603515625,1227.949951171875,1234.6500244140625,1193.0999755859375,1195.0,16164687
2025-01-28,1227.00830078125,1246.9000244140625,1264.0,1236.0,1247.3499755859375,18066499
2025-01-29,1231.682373046875,1251.6500244140625,1255.800048828125,1243.050048828125,1252.0,7666777
2025-01-30,1235.5694580078125,1255.5999755859375,1259.8499755859375,1239.5,1250.0,11921041
2025-01-31,1232.814208984375,1252.800048828125,1256.0,1239.0999755859375,1254.5,10195417
2025-02-01,1235.520263671875,1255.550048828125,1261.3499755859375,1233.800048828125,1251.1500244140625,3011914
2025-02-03,1233.0108642578125,1253.0,1260.0,1237.800048828125,1246.8499755859375,6176831
2025-02-04,1247.9683837890625,1268.199951171875,1280.5,1260.0,1262.800048828125,14839077
2025-02-05,1247.476318359375,1267.699951171875,1277.75,1265.1500244140625,1270.199951171875,6840709
2025-02-06,1252.1014404296875,1272.4000244140625,1279.0,1263.199951171875,1275.0,8396554
2025-02-07,1236.8487548828125,1256.9000244140625,1275.0,1249.550048828125,1272.0,7382039
2025-02-10,1242.4576416015625,1262.5999755859375,1265.0,1249.3499755859375,1257.199951171875,5740361
2025-02-11,1232.764892578125,1252.75,1261.8499755859375,1248.4000244140625,1255.8499755859375,6586627
2025-02-12,1231.830078125,1251.800048828125,1269.75,1244.6500244140625,1257.199951171875,8809352
2025-02-13,1228.976318359375,1248.9000244140625,1266.0,1245.9000244140625,1252.550048828125,7263785
2025-02-14,1239.9976806640625,1260.0999755859375,1263.5,1244.449951171875,1252.0999755859375,10368438
2025-02-17,1231.1904296875,1251.1500244140625,1258.1500244140625,1233.25,1251.1500244140625,8386151
2025-02-18,1223.2196044921875,1243.050048828125,1257.5999755859375,1237.050048828125,1252.9000244140625,8135042
2025-02-19,1241.5228271484375,1261.6500244140625,1264.449951171875,1230.25,1234.8499755859375,10683412
2025-02-20,1230.009521484375,1249.949951171875,1264.0,1246.75,1255.3499755859375,8398849
2025-02-21,1213.2806396484375,1232.949951171875,1244.699951171875,1224.550048828125,1241.0999755859375,7786428
2025-02-24,1198.9136962890625,1218.3499755859375,1231.9000244140625,1210.25,1226.699951171875,11522480
2025-02-25,1204.6212158203125,1224.1500244140625,1231.6500244140625,1221.0,1226.5999755859375,11059417
2025-02-27,1202.9482421875,1222.449951171875,1234.8499755859375,1218.449951171875,1225.1500244140625,12008162
2025-02-28,1184.8909912109375,1204.0999755859375,1225.0,1200.0999755859375,1216.0,20215075
2025-03-03,1186.9573974609375,1206.199951171875,1217.0,1204.1500244140625,1210.5,8158881
2025-03-04,1191.0904541015625,1210.4000244140625,1216.6500244140625,1206.25,1207.1500244140625,9574490
2025-03-05,1196.3057861328125,1215.699951171875,1225.949951171875,1211.300048828125,1217.0,9052846
2025-03-06,1198.618408203125,1218.050048828125,1227.949951171875,1209.0,1227.949951171875,11949475
2025-03-07,1195.17431640625,1214.550048828125,1217.8499755859375,1206.300048828125,1211.0999755859375,6620284
2025-03-10,1195.469482421875,1214.8499755859375,1225.800048828125,1208.0,1208.0,7363437
2025-03-11,1225.5321044921875,1245.4000244140625,1248.0,1217.199951171875,1217.199951171875,10927950
2025-03-12,1224.105224609375,1243.949951171875,1251.949951171875,1235.300048828125,1246.949951171875,11548372
2025-03-13,1230.1080322265625,1250.050048828125,1255.5999755859375,1245.300048828125,1251.050048828125,8132940
2025-03-17,1248.755615234375,1269.0,1273.949951171875,1254.75,1257.050048828125,11164812
2025-03-18,1248.755615234375,1269.0,1269.0,1269.0,1269.0,0
2025-03-19,1292.152099609375,1313.0999755859375,1318.300048828125,1302.1500244140625,1305.5999755859375,11278014
2025-03-20,1300.6148681640625,1321.699951171875,1324.25,1311.050048828125,1320.0,10886735
2025-03-21,1321.6734619140625,1343.0999755859375,1349.0,1311.5999755859375,1316.0,60494318
2025-03-24,1336.4835205078125,1358.1500244140625,1373.0,1345.050048828125,1355.949951171875,9352280
2025-03-25,1322.263916015625,1343.699951171875,1363.800048828125,1330.050048828125,1359.0,16419207
2025-03-26,1314.58837890625,1335.9000244140625,1358.0,1331.5,1344.050048828125,10859639
2025-03-27,1315.326416015625,1336.6500244140625,1351.5,1333.1500244140625,1333.1500244140625,15109614
2025-03-28,1326.8397216796875,1348.3499755859375,1357.949951171875,1327.199951171875,1336.0,8266544
2025-04-01,1297.4166259765625,1318.449951171875,1352.3499755859375,1315.4000244140625,1340.0,14288024
2025-04-02,1310.0125732421875,1331.25,1337.949951171875,1322.1500244140625,1322.1500244140625,8042214
2025-04-03,1308.3397216796875,1329.550048828125,1333.0,1321.25,1321.949951171875,4591008
2025-04-04,1313.998046875,1335.300048828125,1338.550048828125,1322.0999755859375,1329.550048828125,8648542
2025-04-07,1267.009765625,1287.550048828125,1325.0,1265.0,1295.25,19185012
2025-04-08,1279.1627197265625,1299.9000244140625,1310.050048828125,1287.3499755859375,1299.8499755859375,13085762
2025-04-09,1280.04833984375,1300.800048828125,1305.0999755859375,1284.5,1304.949951171875,13005622
2025-04-11,1290.7252197265625,1311.6500244140625,1325.0,1305.0999755859375,1305.0999755859375,13064247
2025-04-15,1328.66015625,1350.199951171875,1354.300048828125,1336.199951171875,1351.0,15202603
2025-04-16,1334.7613525390625,1356.4000244140625,1359.699951171875,1342.9000244140625,1357.0,14039073
2025-04-17,1384.2589111328125,1406.699951171875,1408.9000244140625,1360.0999755859375,1362.0,17490424
2025-04-21,1387.3094482421875,1409.800048828125,1436.0,1404.699951171875,1436.0,16882426
2025-04-22,1393.9024658203125,1416.5,1418.800048828125,1398.9000244140625,1412.800048828125,16135274
2025-04-23,1401.676513671875,1424.4000244140625,1429.9000244140625,1411.300048828125,1429.0,13990764
2025-04-24,1380.32275390625,1402.699951171875,1421.199951171875,1398.800048828125,1416.300048828125,15678099
2025-04-25,1382.3892822265625,1404.800048828125,1414.800048828125,1388.4000244140625,1410.0,11705093
2025-04-28,1406.00634765625,1428.800048828125,1435.0,1403.800048828125,1405.5999755859375,10948561
2025-04-29,1406.990478515625,1429.800048828125,1438.300048828125,1422.5999755859375,1428.800048828125,10786910
2025-04-30,1404.2349853515625,1427.0,1433.699951171875,1400.0,1433.0,14192027
2025-05-02,1407.2855224609375,1430.0999755859375,1446.5999755859375,1424.5999755859375,1426.9000244140625,8842434
2025-05-05,1406.5968017578125,1429.4000244140625,1446.800048828125,1426.0,1440.0,4565705
2025-05-06,1408.7615966796875,1431.5999755859375,1433.699951171875,1420.4000244140625,1429.0,6301690
2025-05-07,1412.5010986328125,1435.4000244140625,1442.0,1421.0,1425.0,10480453
2025-05-08,1412.599365234375,1435.5,1448.9000244140625,1426.0999755859375,1438.5999755859375,15306490
2025-05-09,1366.742919921875,1388.9000244140625,1419.9000244140625,1387.0,1415.199951171875,13491197
2025-05-12,1425.39208984375,1448.5,1453.0,1404.0,1409.4000244140625,9925445
2025-05-13,1407.777587890625,1430.5999755859375,1447.9000244140625,1427.4000244140625,1440.0999755859375,12475424
2025-05-14,1403.44775390625,1426.199951171875,1440.699951171875,1417.300048828125,1429.9000244140625,8026837
2025-05-15,1427.6553955078125,1450.800048828125,1456.5,1415.5,1425.9000244140625,18209264
2025-05-16,1430.8043212890625,1454.0,1458.699951171875,1447.0,1453.300048828125,6439208
2025-05-19,1425.8841552734375,1449.0,1459.699951171875,1443.800048828125,1446.5,6005334
2025-05-20,1415.25634765625,1438.199951171875,1459.0,1435.5,1450.199951171875,11352383
2025-05-21,1421.652587890625,1444.699951171875,1451.300048828125,1438.5,1442.9000244140625,5510460
2025-05-22,1419.0941162109375,1442.0999755859375,1445.300048828125,1427.800048828125,1441.0999755859375,7245933
2025-05-23,1426.67138671875,1449.800048828125,1451.800048828125,1434.4000244140625,1442.199951171875,5203706
2025-05-26,1437.2989501953125,1460.5999755859375,1471.5999755859375,1455.0,1458.0,5608725
2025-05-27,1423.3255615234375,1446.4000244140625,1463.0,1435.699951171875,1452.5,14842959
2025-05-28,1430.6075439453125,1453.800048828125,1458.0,1442.5,1447.5999755859375,8618343
2025-05-29,1433.264404296875,1456.5,1462.9000244140625,1445.0,1456.5999755859375,15545514
2025-05-30,1422.7352294921875,1445.800048828125,1460.9000244140625,1444.300048828125,1459.9000244140625,11803975
2025-06-02,1427.360107421875,1450.5,1460.0,1432.800048828125,1442.0,9458990
2025-06-03,1414.961181640625,1437.9000244140625,1455.0,1432.0,1454.9000244140625,11167345
2025-06-04,1408.171142578125,1431.0,1440.0999755859375,1426.4000244140625,1437.4000244140625,8025388
2025-06-05,1431.5916748046875,1454.800048828125,1459.0,1427.300048828125,1430.9000244140625,11385668
2025-06-06,1436.413330078125,1459.699951171875,1461.4000244140625,1442.0999755859375,1448.5999755859375,11580994
2025-06-09,1411.91064453125,1434.800048828125,1466.800048828125,1433.4000244140625,1465.0,11022031
2025-06-10,1400.200439453125,1422.9000244140625,1441.699951171875,1416.5,1439.0,12905272
2025-06-11,1408.171142578125,1431.0,1434.5,1418.5999755859375,1421.800048828125,7136877
2025-06-12,1402.4637451171875,1425.199951171875,1436.5,1420.0,1430.5,7953247
2025-06-13,1393.5089111328125,1416.0999755859375,1421.5,1403.5999755859375,1403.5999755859375,7573103
2025-06-16,1404.1365966796875,1426.9000244140625,1429.0,1414.199951171875,1416.5999755859375,5451137
2025-06-17,1400.4957275390625,1423.199951171875,1429.800048828125,1417.800048828125,1426.9000244140625,6970098
2025-06-18,1390.0648193359375,1412.5999755859375,1432.0,1410.199951171875,1417.0,6751745
2025-06-19,1388.78564453125,1411.300048828125,1414.699951171875,1404.699951171875,1408.0,8849883
2025-06-20,1404.33349609375,1427.0999755859375,1433.300048828125,1410.199951171875,1411.300048828125,12408178
2025-06-23,1397.445068359375,1420.0999755859375,1423.199951171875,1411.9000244140625,1417.0,5514384
2025-06-24,1401.38134765625,1424.0999755859375,1435.9000244140625,1416.5,1427.699951171875,11188438
2025-06-25,1403.0543212890625,1425.800048828125,1428.9000244140625,1415.300048828125,1422.0,7527388
2025-06-26,1416.14208984375,1439.0999755859375,1447.5,1421.699951171875,1424.800048828125,13617435
2025-06-27,1438.87353515625,1462.199951171875,1466.0,1437.0999755859375,1438.9000244140625,22532899
2025-06-30,1422.7352294921875,1445.800048828125,1461.9000244140625,1442.300048828125,1461.800048828125,6325073
2025-07-01,1409.1552734375,1432.0,1447.5999755859375,1429.5999755859375,1445.699951171875,7761449
2025-07-02,1405.0223388671875,1427.800048828125,1451.0,1422.5999755859375,1432.199951171875,13372280
2025-07-03,1403.1527099609375,1425.9000244140625,1446.0999755859375,1423.699951171875,1432.0999755859375,10177738
2025-07-04,1419.782958984375,1442.800048828125,1444.4000244140625,1421.0999755859375,1427.0,5066503
2025-07-07,1412.7962646484375,1435.699951171875,1440.9000244140625,1429.5999755859375,1437.0,5177477
2025-07-08,1418.9957275390625,1442.0,1445.0,1430.0,1432.0,5315847
2025-07-09,1409.056884765625,1431.9000244140625,1438.699951171875,1426.5999755859375,1436.199951171875,8827347
2025-07-10,1401.38134765625,1424.0999755859375,1439.0,1422.0999755859375,1436.800048828125,7795964
2025-07-11,1399.2164306640625,1421.9000244140625,1428.0,1414.5999755859375,1422.0,7158015
2025-07-14,1400.298828125,1423.0,1424.9000244140625,1416.0999755859375,1424.9000244140625,5846154
2025-07-15,1407.9744873046875,1430.800048828125,1433.800048828125,1419.0,1421.0999755859375,6041457
2025-07-16,1403.6446533203125,1426.4000244140625,1429.199951171875,1419.0999755859375,1426.0,5649093
2025-07-17,1396.0673828125,1418.699951171875,1423.199951171875,1409.5,1421.0,12927394
2025-07-18,1403.0543212890625,1425.800048828125,1429.0,1408.5,1415.800048828125,11297246
2025-07-21,1442.4161376953125,1465.800048828125,1467.699951171875,1437.0,1448.0,13867136
2025-07-22,1450.0916748046875,1473.5999755859375,1482.0,1469.699951171875,1474.0999755859375,8930165
2025-07-23,1464.8524169921875,1488.5999755859375,1490.0,1472.5999755859375,1482.9000244140625,11974174
2025-07-24,1459.7353515625,1483.4000244140625,1488.699951171875,1478.0999755859375,1487.699951171875,6700578
2025-07-25,1453.5357666015625,1477.0999755859375,1500.0,1473.5999755859375,1500.0,8696077
2025-07-28,1464.655517578125,1488.4000244140625,1493.800048828125,1477.0999755859375,1477.0999755859375,7507479
2025-07-29,1462.4906005859375,1486.199951171875,1489.800048828125,1475.4000244140625,1479.9000244140625,9776027
2025-07-30,1458.751220703125,1482.4000244140625,1488.5,1477.300048828125,1487.699951171875,7238625
2025-07-31,1457.7672119140625,1481.4000244140625,1494.5,1464.0,1469.9000244140625,12406146
2025-08-01,1448.12353515625,1471.5999755859375,1485.0999755859375,1469.800048828125,1480.4000244140625,4416771
2025-08-04,1439.8575439453125,1463.199951171875,1478.800048828125,1461.300048828125,1476.800048828125,6140054
2025-08-05,1421.3575439453125,1444.4000244140625,1461.5,1441.0,1453.0,14799343
2025-08-06,1420.5703125,1443.5999755859375,1454.0,1441.5999755859375,1442.300048828125,7805252
2025-08-07,1417.322998046875,1440.300048828125,1447.9000244140625,1429.0999755859375,1441.0999755859375,7432535
2025-08-08,1412.9931640625,1435.9000244140625,1447.5999755859375,1432.0,1445.9000244140625,5415511
2025-08-11,1413.681884765625,1436.5999755859375,1438.4000244140625,1420.4000244140625,1427.9000244140625,8492484
2025-08-12,1410.112060546875,1422.0,1433.800048828125,1420.0999755859375,1431.0,5913947
2025-08-13,1408.922119140625,1420.800048828125,1427.699951171875,1415.199951171875,1424.5999755859375,9009465
2025-08-14,1415.3677978515625,1427.300048828125,1431.0999755859375,1412.0,1412.0,7577793
2025-08-18,1422.606689453125,1434.5999755859375,1452.4000244140625,1431.0,1450.0,6908844
2025-08-19,1424.29248046875,1436.300048828125,1438.5,1426.300048828125,1431.0999755859375,6709554
2025-08-20,1418.64013671875,1430.5999755859375,1435.9000244140625,1423.0,1432.5999755859375,5817858
2025-08-21,1433.911376953125,1446.0,1447.800048828125,1436.4000244140625,1440.0999755859375,6238645
2025-08-22,1424.3917236328125,1436.4000244140625,1446.0,1429.4000244140625,1444.300048828125,6657207
2025-08-25,1421.2183837890625,1433.199951171875,1435.9000244140625,1424.0,1435.9000244140625,6738427
2025-08-26,1404.7572021484375,1416.5999755859375,1427.9000244140625,1413.0999755859375,1427.9000244140625,8720155
2025-08-28,1387.4034423828125,1399.0999755859375,1411.800048828125,1396.300048828125,1408.0,12990789
2025-08-29,1386.1143798828125,1397.800048828125,1405.0,1392.0999755859375,1392.0999755859375,8519507
2025-09-01,1399.2039794921875,1411.0,1412.4000244140625,1398.0999755859375,1398.0999755859375,4927348
2025-09-02,1382.54443359375,1394.199951171875,1413.9000244140625,1390.0,1413.9000244140625,7163073
2025-09-03,1385.321044921875,1397.0,1400.0,1384.199951171875,1389.0,9813382
2025-09-04,1393.75,1405.5,1415.0999755859375,1401.9000244140625,1409.9000244140625,10564859
2025-09-05,1391.0726318359375,1402.800048828125,1411.5,1387.699951171875,1411.0,6621077
2025-09-08,1390.973388671875,1402.699951171875,1410.5999755859375,1397.5999755859375,1402.199951171875,5880943
2025-09-09,1391.9649658203125,1403.699951171875,1407.5,1395.199951171875,1399.0,6470679
2025-09-10,1392.163330078125,1403.9000244140625,1413.699951171875,1402.0999755859375,1410.0,7452347
2025-09-11,1389.882568359375,1401.5999755859375,1408.0,1396.0,1398.0,10192026
2025-09-12,1405.847900390625,1417.699951171875,1419.699951171875,1400.0999755859375,1405.0999755859375,7770038
2025-09-15,1407.5338134765625,1419.4000244140625,1426.800048828125,1416.300048828125,1422.0,5845637
2025-09-16,1409.71533203125,1421.5999755859375,1424.9000244140625,1413.699951171875,1414.0,8213151
2025-09-17,1407.33544921875,1419.199951171875,1426.0999755859375,1416.4000244140625,1420.0999755859375,7484283
2025-09-18,1409.814453125,1421.699951171875,1432.800048828125,1415.300048828125,1431.0999755859375,8130537
2025-09-19,1390.4775390625,1402.199951171875,1418.0,1400.199951171875,1416.0999755859375,13457344
2025-09-22,1389.783447265625,1401.5,1409.9000244140625,1397.199951171875,1403.9000244140625,8847948
2025-09-23,1382.6436767578125,1394.300048828125,1403.300048828125,1391.0,1391.0,12827524
2025-09-24,1371.1405029296875,1382.699951171875,1390.9000244140625,1376.5,1386.4000244140625,9735678
2025-09-25,1364.29833984375,1375.800048828125,1391.5,1371.800048828125,1377.0,21613389
2025-09-26,1348.233642578125,1359.5999755859375,1372.699951171875,1357.0,1368.0,18342280
2025-09-29,1336.829833984375,1348.0999755859375,1366.5,1346.199951171875,1359.5999755859375,20563163
2025-09-30,1336.730712890625,1348.0,1356.5999755859375,1342.5999755859375,1353.699951171875,20166871
2025-10-01,1360.530029296875,1372.0,1379.4000244140625,1347.0999755859375,1348.0,20952632
2025-10-03,1353.786865234375,1365.199951171875,1371.9000244140625,1361.300048828125,1371.9000244140625,12163695
2025-10-06,1352.001953125,1363.4000244140625,1372.5999755859375,1359.0999755859375,1371.0,14314283
2025-10-07,1364.3974609375,1375.9000244140625,1383.0999755859375,1363.5999755859375,1363.5999755859375,16126464
2025-10-08,1358.8443603515625,1370.300048828125,1381.5999755859375,1364.300048828125,1372.300048828125,8100832
2025-10-09,1364.69482421875,1376.199951171875,1378.699951171875,1365.0999755859375,1369.800048828125,7909575
2025-10-10,1368.7607421875,1380.300048828125,1385.0,1370.300048828125,1370.300048828125,7673816
2025-10-13,1367.8681640625,1379.4000244140625,1386.4000244140625,1373.0999755859375,1373.0999755859375,8923018
2025-10-14,1372.52880859375,1384.0999755859375,1389.0,1375.0999755859375,1389.0,10610855
2025-10-15,1386.7093505859375,1398.4000244140625,1400.4000244140625,1385.5,1386.5,8988550
2025-10-16,1405.451416015625,1417.300048828125,1418.9000244140625,1399.4000244140625,1401.0,12185032
2025-10-17,1424.5899658203125,1436.5999755859375,1439.5999755859375,1410.9000244140625,1412.0,17037215
2025-10-20,1378.6771240234375,1390.300048828125,1445.0,1389.199951171875,1442.0,23330227
2025-10-21,1370.4464111328125,1382.0,1387.5999755859375,1375.9000244140625,1384.5,3415560
2025-10-23,1352.2994384765625,1363.699951171875,1389.800048828125,1360.0999755859375,1385.0,21124942
2025-10-24,1366.182373046875,1377.699951171875,1381.5999755859375,1368.0999755859375,1368.0999755859375,10570263
2025-10-27,1366.083251953125,1377.5999755859375,1386.800048828125,1374.0,1382.0999755859375,11499836
2025-10-28,1351.7044677734375,1363.0999755859375,1375.800048828125,1356.199951171875,1373.0,26477914
2025-10-29,1358.9434814453125,1370.4000244140625,1371.699951171875,1358.4000244140625,1364.5999755859375,16129382
2025-10-30,1351.0103759765625,1362.4000244140625,1370.199951171875,1361.300048828125,1362.4000244140625,9324401
2025-10-31,1334.0533447265625,1345.300048828125,1362.0,1343.300048828125,1357.0,15926798
2025-11-03,1335.14404296875,1346.4000244140625,1351.5999755859375,1337.9000244140625,1340.5,11071450
2025-11-04,1325.7235107421875,1336.9000244140625,1349.800048828125,1333.199951171875,1342.5999755859375,15211183
2025-11-06,1309.3614501953125,1320.4000244140625,1342.199951171875,1317.4000244140625,1330.0,24221853
2025-11-07,1331.7724609375,1343.0,1344.300048828125,1318.5999755859375,1320.4000244140625,7719245
2025-11-10,1336.730712890625,1348.0,1349.5999755859375,1341.0,1342.9000244140625,8542340
2025-11-11,1346.944580078125,1358.300048828125,1360.4000244140625,1346.199951171875,1349.0,8305184
2025-11-12,1347.53955078125,1358.9000244140625,1370.0,1355.4000244140625,1370.0,9736761
2025-11-13,1374.3138427734375,1385.9000244140625,1390.4000244140625,1358.5,1358.9000244140625,18296626
2025-11-14,1361.521728515625,1373.0,1381.199951171875,1363.199951171875,1374.0,9694498
2025-11-17,1367.4715576171875,1379.0,1382.5,1373.5999755859375,1375.0999755859375,7660717
2025-11-18,1361.9183349609375,1373.4000244140625,1382.800048828125,1369.0999755859375,1380.199951171875,9529560
2025-11-19,1371.5372314453125,1383.0999755859375,1384.0,1371.5999755859375,1373.5,10393918
2025-11-20,1371.4381103515625,1383.0,1388.300048828125,1375.4000244140625,1380.0999755859375,10131863
2025-11-21,1358.0509033203125,1369.5,1376.0,1364.5999755859375,1373.0,11483595
2025-11-24,1356.960205078125,1368.4000244140625,1377.0,1361.5,1373.300048828125,15896003
2025-11-25,1346.4488525390625,1357.800048828125,1376.9000244140625,1354.300048828125,1365.0,12235000
2025-11-26,1363.5050048828125,1375.0,1377.0,1359.9000244140625,1360.0,9659004
2025-11-27,1380.5611572265625,1392.199951171875,1394.0,1375.699951171875,1379.0,15158741
2025-11-28,1377.189697265625,1388.800048828125,1398.5,1385.5999755859375,1392.0,7683986
2025-12-01,1378.478759765625,1390.0999755859375,1400.0,1385.4000244140625,1394.0,8867593
2025-12-02,1361.521728515625,1373.0,1381.800048828125,1370.5999755859375,1381.800048828125,12126396
2025-12-03,1379.8670654296875,1391.5,1394.199951171875,1367.0,1367.0,7955933
2025-12-04,1375.1070556640625,1386.699951171875,1391.5999755859375,1379.9000244140625,1387.0,7373909
2025-12-05,1380.858642578125,1392.5,1395.300048828125,1381.0,1381.0,4942638
2025-12-08,1377.98291015625,1389.5999755859375,1394.9000244140625,1383.300048828125,1387.0,7826227
2025-12-09,1363.7032470703125,1375.199951171875,1384.300048828125,1373.4000244140625,1379.9000244140625,10492030
2025-12-10,1352.2001953125,1363.5999755859375,1379.4000244140625,1357.9000244140625,1377.9000244140625,8725381
2025-12-11,1348.63037109375,1360.0,1366.5999755859375,1352.800048828125,1363.699951171875,6734750
2025-12-12,1354.5802001953125,1366.0,1370.699951171875,1363.300048828125,1368.0,3890885
2025-12-15,1353.786865234375,1365.199951171875,1370.0,1356.0999755859375,1356.0999755859375,5342530
2025-12-16,1354.5802001953125,1366.0,1368.699951171875,1355.5,1364.0,12359741
2025-12-17,1341.0938720703125,1352.4000244140625,1365.0,1343.0999755859375,1365.0,9440391
2025-12-18,1345.4571533203125,1356.800048828125,1369.5,1345.5,1346.300048828125,7314573
2025-12-19,1342.7796630859375,1354.0999755859375,1360.4000244140625,1350.800048828125,1354.0,14318512
2025-12-22,1357.059326171875,1368.5,1371.300048828125,1354.800048828125,1358.0,9375294
2025-12-23,1351.605224609375,1363.0,1365.0,1357.0,1361.0999755859375,9105467
2025-12-24,1348.43212890625,1359.800048828125,1368.199951171875,1357.5999755859375,1363.800048828125,8955140
2025-12-26,1339.110595703125,1350.4000244140625,1362.0,1348.5,1356.5,2812144
2025-12-29,1332.070068359375,1343.300048828125,1355.699951171875,1341.5,1352.0999755859375,6057201
2025-12-30,1331.276611328125,1342.5,1347.0999755859375,1338.0999755859375,1343.300048828125,18621277
2025-12-31,1331.67333984375,1342.9000244140625,1350.0,1339.5,1342.800048828125,6150634
