Price,Adj Close,Close,High,Low,Open,Volume
Ticker,INFY.NS,INFY.NS,INFY.NS,INFY.NS,INFY.NS,INFY.NS
Date,,,,,,
2020-01-01,619.7402954101562,736.8499755859375,740.0,732.5499877929688,735.0,2112415
2020-01-02,617.9320678710938,734.7000122070312,740.7999877929688,730.9000244140625,738.9000244140625,5658200
2020-01-03,627.4361572265625,746.0,748.0,733.9000244140625,733.9000244140625,7882938
2020-01-06,621.42236328125,738.8499755859375,753.7999877929688,736.5,746.0999755859375,6519403
2020-01-07,612.2128295898438,727.9000244140625,742.5999755859375,725.0999755859375,738.0,7899363
2020-01-08,604.0545043945312,718.2000122070312,729.0,708.2999877929688,724.9500122070312,8639443
2020-01-09,611.91845703125,727.5499877929688,731.5,714.2999877929688,721.7000122070312,13521186
2020-01-10,620.833740234375,738.1500244140625,742.9000244140625,730.5,740.4500122070312,9341405
2020-01-13,650.6075439453125,773.5499877929688,777.5,755.0,760.0,36952038
2020-01-14,652.373779296875,775.6500244140625,776.9500122070312,767.2000122070312,769.9500122070312,11414418
2020-01-15,645.5609741210938,767.5499877929688,773.8499755859375,762.1500244140625,773.8499755859375,6047430
2020-01-16,645.0985717773438,767.0,772.5,760.25,770.7000122070312,5740586
2020-01-17,645.8133544921875,767.8499755859375,772.9000244140625,762.25,770.7000122070312,3762957
2020-01-20,646.3180541992188,768.4500122070312,774.4000244140625,762.9500122070312,771.5999755859375,3887680
2020-01-21,641.3135986328125,762.5,770.5,760.75,768.4500122070312,4448374
2020-01-22,647.7899169921875,770.2000122070312,778.0,766.0,768.4500122070312,9733935
2020-01-23,659.6909790039062,784.3499755859375,785.5,776.7000122070312,777.0999755859375,12528017
2020-01-24,658.3452758789062,782.75,786.5,773.5999755859375,775.75,7540490
2020-01-27,654.4343872070312,778.0999755859375,784.7999877929688,774.4000244140625,779.0499877929688,3741610
2020-01-28,654.3502197265625,778.0,781.7999877929688,772.0,781.0,5121009
2020-01-29,664.1908569335938,789.7000122070312,792.7999877929688,784.25,786.5999755859375,6832757
2020-01-30,656.6211547851562,780.7000122070312,789.7000122070312,778.0,789.7000122070312,3859680
2020-01-31,652.6260375976562,775.9500122070312,784.9500122070312,771.5999755859375,780.5499877929688,6092028
2020-02-03,645.4348754882812,767.4000244140625,790.9500122070312,764.5,782.0,6416745
2020-02-04,662.6347045898438,787.8499755859375,789.9000244140625,770.0999755859375,770.0999755859375,5771311
2020-02-05,659.8593139648438,784.5499877929688,786.0,774.4000244140625,781.0,6310409
2020-02-06,648.757080078125,771.3499755859375,786.7999877929688,770.0,784.3499755859375,7341622
2020-02-07,653.761474609375,777.2999877929688,778.8499755859375,771.0,775.9500122070312,2853344
2020-02-10,650.3131103515625,773.2000122070312,778.0,769.75,774.0,3827682
2020-02-11,650.6075439453125,773.5499877929688,779.0999755859375,769.2000122070312,779.0,4312817
2020-02-12,656.91552734375,781.0499877929688,783.25,775.0999755859375,775.7999877929688,2948825
2020-02-13,666.3355102539062,792.25,794.0,782.2000122070312,785.0,4387430
2020-02-14,661.4572143554688,786.4500122070312,799.2000122070312,784.5999755859375,794.5,5321680
2020-02-17,663.9805297851562,789.4500122070312,793.4500122070312,783.2999877929688,790.2999877929688,2929629
2020-02-18,670.8773193359375,797.6500244140625,799.0499877929688,783.6500244140625,785.0,5083346
2020-02-19,673.2322387695312,800.4500122070312,804.8499755859375,796.1500244140625,800.0,3985192
2020-02-20,670.33056640625,797.0,806.0999755859375,793.8499755859375,803.25,4564569
2020-02-24,669.3632202148438,795.8499755859375,811.5999755859375,792.1500244140625,800.0999755859375,6627536
2020-02-25,671.5079956054688,798.4000244140625,806.0,795.4000244140625,799.0,6996695
2020-02-26,658.3452758789062,782.75,801.4500122070312,780.5,793.9500122070312,8760569
2020-02-27,654.2240600585938,777.8499755859375,780.75,772.2000122070312,778.0,5223386
2020-02-28,615.4088745117188,731.7000122070312,756.7999877929688,722.0499877929688,750.0,14123957
2020-03-02,623.2728881835938,741.0499877929688,765.9000244140625,733.75,737.0,9821523
2020-03-03,628.2772216796875,747.0,759.0,741.25,755.0,7826587
2020-03-04,638.15966796875,758.75,761.5,745.5499877929688,753.9000244140625,11013444
2020-03-05,634.6693115234375,754.5999755859375,773.5499877929688,751.75,763.75,7755293
2020-03-06,621.5065307617188,738.9500122070312,744.0,729.0999755859375,741.0,9216022
2020-03-09,592.48974609375,704.4500122070312,725.8499755859375,697.0,724.5,10308654
2020-03-11,576.9721069335938,686.0,695.9500122070312,669.0499877929688,690.6500244140625,16165009
2020-03-12,530.8816528320312,631.2000122070312,670.0,627.5,668.0,13965574
2020-03-13,540.2593994140625,642.3499755859375,667.0,570.0,592.0,16903113
2020-03-16,490.4683532714844,583.1500244140625,622.1500244140625,580.0,622.0,19140152
2020-03-17,466.7502136230469,554.9500122070312,592.0,550.0,588.0999755859375,16059887
2020-03-18,449.3821716308594,534.2999877929688,578.0,528.0,568.0,15390183
2020-03-19,458.8441467285156,545.5499877929688,558.0,509.25,509.25,16583991
2020-03-20,492.19256591796875,585.2000122070312,617.4500122070312,548.0,549.5,21354894
2020-03-23,442.7798156738281,526.4500122070312,560.9500122070312,515.9000244140625,540.0,17146150
2020-03-24,496.0613708496094,589.7999877929688,601.1500244140625,522.0,522.0,20027097
2020-03-25,509.8548889160156,606.2000122070312,635.0,565.7000122070312,597.0,18339548
2020-03-26,540.8062744140625,643.0,650.8499755859375,612.0999755859375,615.0,14843813
2020-03-27,548.9645385742188,652.7000122070312,674.9000244140625,642.25,665.0499877929688,13495283
2020-03-30,527.0967407226562,626.7000122070312,663.5,621.0999755859375,625.0999755859375,14624804
2020-03-31,539.5445556640625,641.5,662.0,633.7000122070312,650.0,15175521
2020-04-01,506.995361328125,602.7999877929688,637.5,594.0,634.3499755859375,13083824
2020-04-03,492.613037109375,585.7000122070312,606.0,582.1500244140625,603.5,10221655
2020-04-07,537.4417724609375,639.0,644.25,612.9000244140625,615.0,15145605
2020-04-08,531.218017578125,631.5999755859375,655.6500244140625,626.3499755859375,630.0,11806896
2020-04-09,535.1289672851562,636.25,652.7999877929688,632.0999755859375,646.7999877929688,11931114
2020-04-13,536.09619140625,637.4000244140625,651.7000122070312,626.0499877929688,629.0,8330276
2020-04-15,537.48388671875,639.0499877929688,653.2999877929688,635.5999755859375,651.4000244140625,11963447
2020-04-16,524.6996459960938,623.8499755859375,634.9000244140625,603.5,619.9500122070312,17783287
2020-04-17,528.821044921875,628.75,646.0,626.0,644.0,8878320
2020-04-20,549.4691162109375,653.2999877929688,661.0,639.0,640.0,13322913
2020-04-21,532.5635986328125,633.2000122070312,646.5,627.7999877929688,627.7999877929688,11660575
2020-04-22,539.8389282226562,641.8499755859375,645.0,628.0499877929688,633.2000122070312,8266728
2020-04-23,571.3369140625,679.2999877929688,683.6500244140625,638.0999755859375,647.0499877929688,14451289
2020-04-24,553.4221801757812,658.0,675.0,654.7999877929688,668.5499877929688,7319940
2020-04-27,558.9732666015625,664.5999755859375,681.0,661.0499877929688,661.0499877929688,7183306
2020-04-28,555.6930541992188,660.7000122070312,677.0,653.0499877929688,673.0,7296571
2020-04-29,569.0238037109375,676.5499877929688,682.0,658.0,666.0,8639056
2020-04-30,601.7835693359375,715.5,720.0,698.0999755859375,700.0,16253821
2020-05-04,566.6268920898438,673.7000122070312,701.2000122070312,670.3499755859375,689.7999877929688,9122740
2020-05-05,566.6268920898438,673.7000122070312,685.5999755859375,670.0,681.75,6393053
2020-05-06,560.066650390625,665.9000244140625,681.4500122070312,664.0499877929688,676.9000244140625,7934250
2020-05-07,559.2675170898438,664.9500122070312,674.3499755859375,662.4500122070312,665.5499877929688,4779548
2020-05-08,567.0474853515625,674.2000122070312,680.9000244140625,668.5,672.25,8400321
2020-05-11,574.3648681640625,682.9000244140625,698.5499877929688,678.0,682.5,7370186
2020-05-12,578.3599243164062,687.6500244140625,691.0,675.5,678.5,7356039
2020-05-13,583.8267822265625,694.1500244140625,699.9000244140625,683.75,694.7999877929688,8287101
2020-05-14,553.5482788085938,658.1500244140625,671.75,652.5999755859375,659.0,16888262
2020-05-15,548.6279907226562,652.2999877929688,664.7999877929688,646.7000122070312,664.7999877929688,9255353
2020-05-18,558.3844604492188,663.9000244140625,670.5499877929688,653.0,659.8499755859375,10435442
2020-05-19,562.3375244140625,668.5999755859375,674.7999877929688,655.0,664.0,5902208
2020-05-20,563.1365356445312,669.5499877929688,673.0,659.6500244140625,668.5,5794636
2020-05-21,565.3652954101562,672.2000122070312,679.4500122070312,665.4000244140625,666.5,7213225
2020-05-22,582.3128051757812,692.3499755859375,695.8499755859375,673.5,675.0,11867731
2020-05-26,572.38818359375,680.5499877929688,699.4500122070312,679.0,693.0,7099606
2020-05-27,593.330810546875,705.4500122070312,709.2000122070312,675.0,686.0499877929688,8774636
2020-05-28,594.970947265625,707.4000244140625,710.0,690.0,707.0,9440091
2020-05-29,589.0884399414062,691.0,700.7999877929688,674.9500122070312,692.5,28290128
2020-06-01,596.3775024414062,699.5499877929688,706.6500244140625,691.5,698.75,12276438
2020-06-02,603.6665649414062,708.0999755859375,711.6500244140625,697.5499877929688,700.5,7059304
2020-06-03,598.0824584960938,701.5499877929688,711.9000244140625,696.0,710.7000122070312,11378568
2020-06-04,603.3681030273438,707.75,709.4500122070312,697.5,702.0,10782424
2020-06-05,599.7875366210938,703.5499877929688,711.7000122070312,700.5999755859375,707.0,7718679
2020-06-08,614.5361328125,720.8499755859375,725.7999877929688,704.0,707.6500244140625,10719105
2020-06-09,611.765380859375,717.5999755859375,729.5999755859375,715.0499877929688,720.0,10078029
2020-06-10,610.2734985351562,715.8499755859375,719.4500122070312,709.2000122070312,715.0,7263049
2020-06-11,600.128662109375,703.9500122070312,713.4000244140625,700.25,712.0,8825715
2020-06-12,589.983642578125,692.0499877929688,695.1500244140625,675.5,675.7999877929688,9795316
2020-06-15,586.1473999023438,687.5499877929688,704.4000244140625,685.25,693.0,7857344
2020-06-16,597.7841796875,701.2000122070312,712.0,699.1500244140625,702.0,10131760
2020-06-17,599.8728637695312,703.6500244140625,710.2999877929688,698.0,699.9000244140625,7291916
2020-06-18,608.6112060546875,713.9000244140625,716.5999755859375,706.0,708.2000122070312,6670195
2020-06-19,601.49267578125,705.5499877929688,711.9000244140625,701.0,709.0,22438862
2020-06-22,599.91552734375,703.7000122070312,708.7000122070312,700.0,707.0999755859375,7804096
2020-06-23,614.3656616210938,720.6500244140625,724.5,692.0999755859375,695.7000122070312,12157390
2020-06-24,608.8243408203125,714.1500244140625,726.7999877929688,709.4000244140625,716.9000244140625,10220838
2020-06-25,597.1873779296875,700.5,705.5999755859375,693.5,704.8499755859375,14945284
2020-06-26,637.8524169921875,748.2000122070312,751.5999755859375,710.0,710.2000122070312,26030458
2020-06-29,623.82861328125,731.75,744.7000122070312,730.0999755859375,735.4000244140625,8954428
2020-06-30,627.4091186523438,735.9500122070312,738.9500122070312,724.25,732.7999877929688,10411290
2020-07-01,623.9564208984375,731.9000244140625,742.2999877929688,729.75,737.25,5477468
2020-07-02,645.0135498046875,756.5999755859375,765.4500122070312,735.4000244140625,737.3499755859375,17263756
2020-07-03,650.2139282226562,762.7000122070312,764.0,752.5,755.0,7796572
2020-07-06,651.322265625,764.0,775.0,761.5,765.2000122070312,8810958
2020-07-07,677.025634765625,794.1500244140625,796.9500122070312,765.5499877929688,769.4000244140625,19362533
2020-07-08,660.4440307617188,774.7000122070312,784.9000244140625,772.2000122070312,784.9000244140625,8476642
2020-07-09,666.4117431640625,781.7000122070312,790.0,775.0,780.0,6854166
2020-07-10,666.5396118164062,781.8499755859375,789.9000244140625,773.5,773.5,5206452
2020-07-13,679.4977416992188,797.0499877929688,805.3499755859375,786.0499877929688,788.0,10804688
2020-07-14,667.733154296875,783.25,806.4000244140625,781.3499755859375,792.9500122070312,8961822
2020-07-15,708.398193359375,830.9500122070312,848.4500122070312,794.7999877929688,799.0,30060599
2020-07-16,776.64208984375,911.0,955.5,894.25,900.0999755859375,90432109
2020-07-17,769.9497680664062,903.1500244140625,919.9000244140625,892.1500244140625,911.0,31682878
2020-07-20,796.5057373046875,934.2999877929688,945.0,906.75,908.5,18421053
2020-07-21,798.5942993164062,936.75,949.7000122070312,929.2000122070312,945.0,12877784
2020-07-22,782.5244140625,917.9000244140625,939.0,910.0,938.9500122070312,14354201
2020-07-23,774.0418090820312,907.9500122070312,915.7999877929688,900.6500244140625,915.6500244140625,13051307
2020-07-24,786.744384765625,922.8499755859375,925.75,903.25,903.25,18209580
2020-07-27,808.5687866210938,948.4500122070312,952.7999877929688,918.6500244140625,921.5499877929688,16827870
2020-07-28,820.8449096679688,962.8499755859375,967.5499877929688,941.2000122070312,946.0,15818463
2020-07-29,813.4281005859375,954.1500244140625,960.0,943.5999755859375,953.25,11152710
2020-07-30,819.6514892578125,961.4500122070312,972.6500244140625,958.75,962.0,12492320
2020-07-31,823.5304565429688,966.0,986.4500122070312,953.2999877929688,969.25,12704346
2020-08-03,815.7725219726562,956.9000244140625,965.4000244140625,947.4500122070312,960.0,8479792
2020-08-04,809.7623291015625,949.8499755859375,970.7000122070312,940.5499877929688,960.4500122070312,11133170
2020-08-05,805.371826171875,944.7000122070312,960.9500122070312,938.2999877929688,952.0,9614176
2020-08-06,827.6651000976562,970.8499755859375,974.4000244140625,942.5,953.5,10976491
2020-08-07,810.6574096679688,950.9000244140625,969.4500122070312,949.0,969.4500122070312,8010948
2020-08-10,811.041015625,951.3499755859375,956.7999877929688,945.2999877929688,948.9000244140625,5716319
2020-08-11,808.5687866210938,948.4500122070312,962.0,946.0999755859375,949.9000244140625,6802442
2020-08-12,814.110107421875,954.9500122070312,958.7999877929688,942.2000122070312,948.0,6908726
2020-08-13,810.9132080078125,951.2000122070312,968.5,948.25,954.7999877929688,5097703
2020-08-14,812.9591674804688,953.5999755859375,963.0,952.0499877929688,955.8499755859375,4663873
2020-08-17,816.2840576171875,957.5,972.4500122070312,954.0999755859375,954.0999755859375,9008210
2020-08-18,824.851806640625,967.5499877929688,969.2000122070312,958.7000122070312,963.9000244140625,6141761
2020-08-19,817.8186645507812,959.2999877929688,971.5499877929688,957.4500122070312,970.9000244140625,6622744
2020-08-20,814.28076171875,955.1500244140625,965.5,951.2999877929688,958.9000244140625,5656501
2020-08-21,808.8671264648438,948.7999877929688,963.4500122070312,946.5499877929688,963.0499877929688,6513773
2020-08-24,807.673583984375,947.4000244140625,952.0,939.2000122070312,947.0,5798574
2020-08-25,799.7452392578125,938.0999755859375,948.6500244140625,933.5999755859375,947.5,6233918
2020-08-26,810.5721435546875,950.7999877929688,954.25,938.4000244140625,941.25,5153601
2020-08-27,807.375244140625,947.0499877929688,960.9500122070312,945.2000122070312,960.0,6154280
2020-08-28,797.3154907226562,935.25,952.5,933.0499877929688,951.4500122070312,7593610
2020-08-31,791.6463012695312,928.5999755859375,950.5,914.5999755859375,935.25,12808355
2020-09-01,779.3275146484375,914.1500244140625,935.0,912.0999755859375,926.25,6907773
2020-09-02,787.7247924804688,924.0,926.4000244140625,913.5,915.0,5678118
2020-09-03,797.5712280273438,935.5499877929688,949.4000244140625,924.0,926.5,8827948
2020-09-04,783.5900268554688,919.1500244140625,929.5,914.4500122070312,915.0,8650342
2020-09-07,788.619873046875,925.0499877929688,927.5499877929688,913.0499877929688,918.9000244140625,6700385
2020-09-08,800.7681884765625,939.2999877929688,952.0,925.5499877929688,929.9500122070312,12891964
2020-09-09,790.9217529296875,927.75,946.0,926.0,935.0,5528947
2020-09-10,801.4075927734375,940.0499877929688,942.0,924.7999877929688,935.2999877929688,5171884
2020-09-11,806.2243041992188,945.7000122070312,954.1500244140625,931.0,934.9000244140625,6671903
2020-09-14,834.1016845703125,978.4000244140625,991.0499877929688,948.2999877929688,957.0,21871587
2020-09-15,837.5543212890625,982.4500122070312,994.0,971.6500244140625,979.5,11608203
2020-09-16,854.0078735351562,1001.75,1005.6500244140625,982.0,986.0,10059251
2020-09-17,861.8936767578125,1011.0,1021.0,995.0,995.0,15628241
2020-09-18,854.348876953125,1002.1500244140625,1018.7999877929688,999.0999755859375,1011.0,12897633
2020-09-21,860.9557495117188,1009.9000244140625,1031.0,1000.5,1001.0,14140637
2020-09-22,858.9098510742188,1007.5,1022.5,991.2000122070312,1009.0,12625762
2020-09-23,869.3532104492188,1019.75,1037.0,1008.0999755859375,1020.1500244140625,13486204
2020-09-24,831.5440673828125,975.4000244140625,1009.0,970.0,1003.0,14427432
2020-09-25,862.2774047851562,1011.4500122070312,1014.9000244140625,975.0,975.7999877929688,13311078
2020-09-28,861.382080078125,1010.4000244140625,1016.1500244140625,998.5,1014.7999877929688,8554526
2020-09-29,860.1886596679688,1009.0,1028.0,1004.0999755859375,1018.0,8708463
2020-09-30,859.5491943359375,1008.25,1023.9500122070312,1005.0,1009.0,8048817
2020-10-01,867.5628051757812,1017.6500244140625,1026.5,1011.75,1020.5999755859375,5563358
2020-10-05,894.033447265625,1048.699951171875,1054.9000244140625,1018.0499877929688,1018.0499877929688,14212509
2020-10-06,900.0437622070312,1055.75,1060.0,1031.3499755859375,1055.0,9090819
2020-10-07,909.2509155273438,1066.550048828125,1072.0,1035.5,1044.9000244140625,9284008
2020-10-08,932.3966674804688,1093.699951171875,1124.0,1088.4000244140625,1090.0,21482613
2020-10-09,943.5646362304688,1106.800048828125,1113.300048828125,1088.449951171875,1095.0999755859375,10567867
2020-10-12,965.13330078125,1132.0999755859375,1140.0,1112.0999755859375,1123.0,14633537
2020-10-13,987.0431518554688,1157.800048828125,1166.050048828125,1135.550048828125,1135.550048828125,17523825
2020-10-14,969.3106079101562,1137.0,1164.9000244140625,1131.0999755859375,1162.0,16649573
2020-10-15,944.8009033203125,1108.25,1186.0,1092.5,1180.0,44288251
2020-10-16,961.2117919921875,1127.5,1135.949951171875,1096.9000244140625,1113.8499755859375,18365685
2020-10-19,959.8475952148438,1125.9000244140625,1139.0,1115.300048828125,1135.0,12902123
2020-10-20,969.73681640625,1137.5,1144.699951171875,1110.0,1118.9000244140625,10448776
2020-10-21,978.9867553710938,1148.3499755859375,1154.3499755859375,1135.0,1141.1500244140625,19811433
2020-10-22,962.533203125,1129.050048828125,1158.0,1123.800048828125,1142.0,11271335
2020-10-23,967.229248046875,1122.5,1135.0,1120.1500244140625,1133.0,9069862
2020-10-26,958.5693969726562,1112.449951171875,1129.5999755859375,1103.1500244140625,1122.25,6309368
2020-10-27,939.957275390625,1090.8499755859375,1109.699951171875,1077.1500244140625,1105.699951171875,10172479
2020-10-28,927.6353149414062,1076.550048828125,1104.75,1070.050048828125,1095.5,7608392
2020-10-29,926.17041015625,1074.8499755859375,1082.0,1060.0999755859375,1070.0,6935616
2020-10-30,913.8915405273438,1060.5999755859375,1083.5999755859375,1052.3499755859375,1072.0,8800386
2020-11-02,923.9732055664062,1072.300048828125,1079.949951171875,1051.0999755859375,1065.0,7183119
2020-11-03,915.5718994140625,1062.550048828125,1079.4000244140625,1057.5,1072.0,7204782
2020-11-04,942.6283569335938,1093.949951171875,1116.0,1066.800048828125,1068.0,15702690
2020-11-05,951.2882690429688,1104.0,1123.0,1099.0,1109.9000244140625,9568890
2020-11-06,958.827880859375,1112.75,1121.0999755859375,1091.699951171875,1108.0,8807127
2020-11-09,979.3358154296875,1136.550048828125,1146.0,1121.1500244140625,1129.300048828125,10160320
2020-11-10,940.129638671875,1091.050048828125,1113.8499755859375,1078.0,1113.8499755859375,15622869
2020-11-11,967.229248046875,1122.5,1126.3499755859375,1087.0,1096.0,12514800
2020-11-12,963.1364135742188,1117.75,1142.0,1113.75,1128.0999755859375,9180976
2020-11-13,968.6941528320312,1124.199951171875,1133.0,1117.0,1120.0,6363212
2020-11-14,976.6647338867188,1133.449951171875,1139.6500244140625,1131.0999755859375,1137.0,1136144
2020-11-17,968.2632446289062,1123.699951171875,1145.0,1112.6500244140625,1144.75,12813968
2020-11-18,956.9322509765625,1110.550048828125,1132.699951171875,1101.449951171875,1128.5,9839468
2020-11-19,945.0411987304688,1096.75,1114.699951171875,1093.800048828125,1100.0,10092343
2020-11-20,950.7281494140625,1103.3499755859375,1109.0,1091.0999755859375,1106.0,8063554
2020-11-23,982.1792602539062,1139.8499755859375,1144.800048828125,1101.949951171875,1105.0,10546363
2020-11-24,982.3516845703125,1140.050048828125,1154.9000244140625,1133.3499755859375,1145.0,8515426
2020-11-25,961.3270263671875,1115.6500244140625,1143.5,1111.25,1137.0,8958701
2020-11-26,959.2156982421875,1113.199951171875,1119.949951171875,1098.300048828125,1119.949951171875,10962256
2020-11-27,947.8416748046875,1100.0,1121.0,1091.0,1118.0,25306145
2020-12-01,980.4559936523438,1137.8499755859375,1140.25,1105.050048828125,1105.050048828125,8933802
2020-12-02,983.0841064453125,1140.9000244140625,1147.449951171875,1121.0,1134.0,6741637
2020-12-03,970.6327514648438,1126.449951171875,1147.0,1122.699951171875,1147.0,16212632
2020-12-04,977.6986083984375,1134.6500244140625,1137.0,1115.0,1125.0,10564055
2020-12-07,985.3244018554688,1143.5,1153.0,1136.0,1147.300048828125,7792141
2020-12-08,993.8119506835938,1153.3499755859375,1167.0,1145.0,1145.0,12308330
2020-12-09,1012.6395263671875,1175.199951171875,1179.5,1157.0,1168.050048828125,10039346
2020-12-10,1006.2201538085938,1167.75,1171.6500244140625,1150.0,1157.4000244140625,9488782
2020-12-11,1002.29931640625,1163.199951171875,1171.949951171875,1155.25,1159.699951171875,10574009
2020-12-14,1003.4627685546875,1164.550048828125,1172.5999755859375,1148.199951171875,1169.4000244140625,6728187
2020-12-15,994.8888549804688,1154.5999755859375,1163.699951171875,1152.0,1156.0,6905926
2020-12-16,1004.4535522460938,1165.699951171875,1168.9000244140625,1153.5999755859375,1160.0,7788404
2020-12-17,998.8527221679688,1159.199951171875,1168.9000244140625,1156.199951171875,1165.9000244140625,6658153
2020-12-18,1025.219970703125,1189.800048828125,1195.0,1175.5999755859375,1182.8499755859375,15995676
2020-12-21,1014.448974609375,1177.300048828125,1209.75,1152.050048828125,1188.0,10858352
2020-12-22,1051.67333984375,1220.5,1223.8499755859375,1176.0999755859375,1182.0,10901851
2020-12-23,1079.7208251953125,1253.050048828125,1258.8499755859375,1230.550048828125,1238.0,15878346
2020-12-24,1065.0723876953125,1236.050048828125,1249.9000244140625,1226.0,1249.9000244140625,7313885
2020-12-28,1068.734619140625,1240.300048828125,1248.0,1236.0,1238.449951171875,4607051
2020-12-29,1077.351318359375,1250.300048828125,1254.449951171875,1235.0,1235.0,6878105
2020-12-30,1074.3353271484375,1246.800048828125,1253.300048828125,1238.1500244140625,1253.0,5194690
2020-12-31,1082.090576171875,1255.800048828125,1258.4000244140625,1239.0,1243.0,7430470
2021-01-01,1086.09716796875,1260.449951171875,1265.5,1255.800048828125,1257.9000244140625,4253550
2021-01-04,1110.0517578125,1288.25,1290.0,1261.1500244140625,1269.0,7208454
2021-01-05,1114.8341064453125,1293.800048828125,1299.0,1275.050048828125,1282.0,8145280
2021-01-06,1104.7525634765625,1282.0999755859375,1302.0,1268.050048828125,1300.0,7161715
2021-01-07,1087.5618896484375,1262.1500244140625,1297.6500244140625,1255.5,1296.0,10954918
2021-01-08,1130.602783203125,1312.0999755859375,1316.800048828125,1278.25,1278.25,13186251
2021-01-11,1185.836181640625,1376.199951171875,1383.3499755859375,1340.0,1342.0999755859375,20528626
2021-01-12,1182.001708984375,1371.75,1378.0,1360.0,1378.0,8309868
2021-01-13,1195.2713623046875,1387.1500244140625,1392.800048828125,1360.0,1373.8499755859375,14442997
2021-01-14,1180.924560546875,1370.5,1384.0,1318.449951171875,1360.0,27521697
2021-01-15,1158.9085693359375,1344.949951171875,1364.449951171875,1340.0,1360.0,15018441
2021-01-18,1130.559814453125,1312.050048828125,1340.0,1306.0,1338.0,8861765
2021-01-19,1134.523193359375,1316.6500244140625,1331.0,1312.0,1320.0,5585744
2021-01-20,1154.16943359375,1339.449951171875,1348.4000244140625,1320.550048828125,1320.550048828125,8225838
2021-01-21,1154.385009765625,1339.699951171875,1361.050048828125,1335.0,1350.0,6142421
2021-01-22,1155.375732421875,1340.8499755859375,1356.0,1326.550048828125,1327.0,9646591
2021-01-25,1141.804443359375,1325.0999755859375,1347.9000244140625,1313.0,1345.0,6542611
2021-01-27,1121.0380859375,1301.0,1327.550048828125,1285.0999755859375,1319.5999755859375,8133665
2021-01-28,1099.66845703125,1276.199951171875,1296.449951171875,1272.550048828125,1291.800048828125,4660690
2021-01-29,1067.65771484375,1239.050048828125,1291.1500244140625,1231.0,1286.25,12183519
2021-02-01,1086.4849853515625,1260.9000244140625,1277.949951171875,1241.0,1250.550048828125,8880279
2021-02-02,1095.4031982421875,1271.25,1294.4000244140625,1263.5999755859375,1280.0,6892490
2021-02-03,1106.949951171875,1284.6500244140625,1304.0,1273.0,1277.6500244140625,8182968
2021-02-04,1102.3828125,1279.3499755859375,1293.4000244140625,1272.050048828125,1285.0,5032240
2021-02-05,1096.135498046875,1272.0999755859375,1288.75,1262.0,1286.4000244140625,5477481
2021-02-08,1123.2353515625,1303.550048828125,1310.0,1275.5,1285.5,6921922
2021-02-09,1124.9588623046875,1305.550048828125,1332.0,1297.8499755859375,1306.9000244140625,7965949
2021-02-10,1117.1607666015625,1296.5,1304.3499755859375,1283.5999755859375,1295.800048828125,5951207
2021-02-11,1113.8431396484375,1292.6500244140625,1296.0,1283.050048828125,1289.0,4673317
2021-02-12,1128.6209716796875,1309.800048828125,1323.75,1301.550048828125,1305.0,5797875
2021-02-15,1128.4915771484375,1309.6500244140625,1328.4000244140625,1307.0999755859375,1320.0,4363513
2021-02-16,1111.904541015625,1290.4000244140625,1319.75,1286.0,1314.0,6896421
2021-02-17,1104.06298828125,1281.300048828125,1294.5,1275.0,1290.4000244140625,4575741
2021-02-18,1113.6707763671875,1292.449951171875,1306.0,1275.0,1276.0,6437551
2021-02-19,1112.679931640625,1291.300048828125,1299.5,1276.800048828125,1296.0999755859375,5389696
2021-02-22,1090.18994140625,1265.199951171875,1308.550048828125,1260.0,1295.0,7371303
2021-02-23,1091.18115234375,1266.3499755859375,1291.0,1257.550048828125,1271.1500244140625,6612942
2021-02-24,1098.031494140625,1274.300048828125,1276.5999755859375,1252.0,1260.050048828125,4537258
2021-02-25,1098.2469482421875,1274.550048828125,1299.75,1272.0,1288.449951171875,8788221
2021-02-26,1079.936279296875,1253.300048828125,1274.300048828125,1244.75,1269.0,15132388
2021-03-01,1091.7413330078125,1267.0,1284.5,1259.0,1263.300048828125,5756286
2021-03-02,1124.0540771484375,1304.5,1310.0,1279.199951171875,1282.25,10461434
2021-03-03,1157.7022705078125,1343.550048828125,1347.0,1308.0,1319.199951171875,9056399
2021-03-04,1146.3282470703125,1330.3499755859375,1363.8499755859375,1325.9000244140625,1335.0,12041941
2021-03-05,1134.56640625,1316.699951171875,1340.0,1305.050048828125,1328.5,6486176
2021-03-08,1150.9813232421875,1335.75,1346.0999755859375,1317.199951171875,1324.800048828125,5119392
2021-03-09,1159.4256591796875,1345.550048828125,1350.449951171875,1318.75,1329.5,6518173
2021-03-10,1178.899658203125,1368.1500244140625,1374.0,1355.0,1356.9000244140625,7925984
2021-03-12,1184.6727294921875,1374.8499755859375,1391.699951171875,1370.050048828125,1373.0,9462061
2021-03-15,1183.595458984375,1373.5999755859375,1379.9000244140625,1358.5,1370.0,6658635
2021-03-16,1192.55712890625,1384.0,1406.0,1380.5,1386.050048828125,9352771
2021-03-17,1195.14208984375,1387.0,1400.0,1382.0,1392.25,7626744
2021-03-18,1152.1444091796875,1337.0999755859375,1393.75,1313.5,1393.75,10961755
2021-03-19,1158.477783203125,1344.449951171875,1355.199951171875,1318.0,1330.0,12767112
2021-03-22,1181.1829833984375,1370.800048828125,1376.0,1336.0999755859375,1350.0999755859375,4862758
2021-03-23,1181.8292236328125,1371.550048828125,1383.25,1359.5999755859375,1372.449951171875,7165335
2021-03-24,1166.4915771484375,1353.75,1370.449951171875,1346.25,1357.8499755859375,6134303
2021-03-25,1149.3011474609375,1333.800048828125,1352.5,1327.5999755859375,1346.75,8749994
2021-03-26,1151.3690185546875,1336.199951171875,1356.699951171875,1332.0,1344.699951171875,4922071
2021-03-30,1193.6773681640625,1385.300048828125,1400.0,1336.1500244140625,1346.9000244140625,10546381
2021-03-31,1178.8134765625,1368.050048828125,1388.0,1363.300048828125,1382.0,8220987
2021-04-01,1193.591064453125,1385.199951171875,1391.5999755859375,1371.0,1380.0,5675155
2021-04-05,1214.874267578125,1409.9000244140625,1425.0,1387.0,1391.0,9479572
2021-04-06,1215.8656005859375,1411.050048828125,1426.0,1406.449951171875,1423.0,5793571
2021-04-07,1232.366455078125,1430.199951171875,1434.949951171875,1406.5999755859375,1410.25,5879234
2021-04-08,1240.681640625,1439.8499755859375,1451.699951171875,1421.0,1430.0,5654434
2021-04-09,1241.7156982421875,1441.050048828125,1455.0,1430.050048828125,1455.0,6052712
2021-04-12,1228.531982421875,1425.75,1477.550048828125,1415.0,1474.0,20384532
2021-04-13,1203.8880615234375,1397.1500244140625,1435.25,1375.0,1433.0,14855206
2021-04-15,1172.523193359375,1360.75,1366.4000244140625,1320.0,1332.300048828125,25342491
2021-04-16,1166.4915771484375,1353.75,1370.8499755859375,1346.5999755859375,1365.0,10879878
2021-04-19,1174.0743408203125,1362.550048828125,1379.699951171875,1332.3499755859375,1340.0,12508028
2021-04-20,1164.42333984375,1351.3499755859375,1379.0,1342.4000244140625,1379.0,8560766
2021-04-22,1164.2080078125,1351.0999755859375,1364.800048828125,1345.1500244140625,1355.550048828125,6622446
2021-04-23,1149.3011474609375,1333.800048828125,1348.4000244140625,1331.0,1343.0,7316262
2021-04-26,1157.7022705078125,1343.550048828125,1351.300048828125,1321.0,1332.25,7088606
2021-04-27,1161.9676513671875,1348.5,1353.0,1340.1500244140625,1346.0,3636115
2021-04-28,1168.43017578125,1356.0,1359.5,1344.5999755859375,1358.0,4879234
2021-04-29,1168.731689453125,1356.3499755859375,1369.0,1351.4000244140625,1368.0,5412357
2021-04-30,1167.0084228515625,1354.3499755859375,1373.9000244140625,1345.9000244140625,1346.300048828125,8354677
2021-05-03,1165.02685546875,1352.050048828125,1361.0,1338.0,1340.800048828125,4560337
2021-05-04,1145.5096435546875,1329.4000244140625,1354.949951171875,1324.0999755859375,1354.0,4887060
2021-05-05,1155.9359130859375,1341.5,1343.9000244140625,1327.800048828125,1341.0999755859375,3939788
2021-05-06,1173.255615234375,1361.5999755859375,1364.699951171875,1337.4000244140625,1345.0,4810090
2021-05-07,1165.4576416015625,1352.550048828125,1373.050048828125,1348.5,1365.300048828125,4991435
2021-05-10,1154.2557373046875,1339.550048828125,1352.9000244140625,1335.050048828125,1349.8499755859375,7195348
2021-05-11,1146.5865478515625,1330.6500244140625,1341.0,1325.0999755859375,1336.9000244140625,6420988
2021-05-12,1143.441650390625,1327.0,1330.0,1314.5,1330.0,5241898
2021-05-14,1134.3079833984375,1316.4000244140625,1326.8499755859375,1311.300048828125,1326.8499755859375,4824609
2021-05-17,1145.5096435546875,1329.4000244140625,1334.949951171875,1320.300048828125,1320.300048828125,5017129
2021-05-18,1154.6434326171875,1340.0,1344.5999755859375,1329.5,1338.0,5620150
2021-05-19,1152.0582275390625,1337.0,1357.449951171875,1333.25,1342.0,4435878
2021-05-20,1154.0404052734375,1339.300048828125,1349.0999755859375,1335.0,1348.4000244140625,4490092
2021-05-21,1167.1376953125,1354.5,1357.5,1346.3499755859375,1347.5,4969733
2021-05-24,1161.579833984375,1348.050048828125,1363.0,1345.0999755859375,1356.6500244140625,4225371
2021-05-25,1173.255615234375,1361.5999755859375,1368.0,1354.449951171875,1358.0,4099340
2021-05-26,1203.97412109375,1397.25,1400.0,1362.050048828125,1367.9000244140625,6850024
2021-05-27,1208.28271484375,1402.25,1416.25,1391.699951171875,1404.199951171875,15365391
2021-05-28,1210.6953125,1405.050048828125,1414.0,1396.0999755859375,1409.75,4261312
2021-05-31,1213.91796875,1393.75,1401.5,1383.0,1401.5,4429904
2021-06-01,1208.213134765625,1387.199951171875,1401.0,1378.6500244140625,1400.0,4791325
2021-06-02,1200.7662353515625,1378.6500244140625,1391.949951171875,1365.0,1380.75,9272276
2021-06-03,1210.346923828125,1389.6500244140625,1399.0,1377.050048828125,1388.0999755859375,5115645
2021-06-04,1206.86328125,1385.6500244140625,1396.9000244140625,1377.6500244140625,1393.949951171875,4194328
2021-06-07,1210.346923828125,1389.6500244140625,1392.0,1377.300048828125,1391.0,5154576
2021-06-08,1230.640625,1412.949951171875,1421.75,1395.550048828125,1396.0,7360630
2021-06-09,1232.6875,1415.300048828125,1425.0,1404.5999755859375,1413.4000244140625,5394317
2021-06-10,1240.5262451171875,1424.300048828125,1429.0,1419.0,1424.0,3496575
2021-06-11,1260.210205078125,1446.9000244140625,1451.5999755859375,1429.449951171875,1430.0999755859375,6140828
2021-06-14,1273.1876220703125,1461.800048828125,1477.0,1453.449951171875,1471.0,7132294
2021-06-15,1283.7265625,1473.9000244140625,1476.0,1463.0,1464.0,5403104
2021-06-16,1289.5618896484375,1480.5999755859375,1489.449951171875,1467.5,1472.699951171875,7661710
2021-06-17,1302.3653564453125,1495.300048828125,1502.6500244140625,1475.0999755859375,1475.0999755859375,7677951
2021-06-18,1309.3330078125,1503.300048828125,1515.800048828125,1487.4000244140625,1509.0,13533974
2021-06-21,1306.7200927734375,1500.300048828125,1505.800048828125,1484.199951171875,1493.0,5454052
2021-06-22,1316.779541015625,1511.8499755859375,1521.449951171875,1502.0999755859375,1509.699951171875,6427862
2021-06-23,1309.202392578125,1503.1500244140625,1525.0,1498.6500244140625,1525.0,5529809
2021-06-24,1358.020263671875,1559.199951171875,1568.75,1511.199951171875,1517.0,10785137
2021-06-25,1371.0848388671875,1574.199951171875,1578.0,1543.0,1572.0,9780240
2021-06-28,1368.99462890625,1571.800048828125,1580.1500244140625,1560.5999755859375,1572.9000244140625,5019178
2021-06-29,1361.3736572265625,1563.050048828125,1573.6500244140625,1559.199951171875,1561.0,5913567
2021-06-30,1376.8333740234375,1580.800048828125,1591.0,1572.050048828125,1572.050048828125,6058722
2021-07-01,1359.0654296875,1560.4000244140625,1576.8499755859375,1559.050048828125,1576.8499755859375,4814317
2021-07-02,1365.5107421875,1567.800048828125,1569.449951171875,1542.5999755859375,1558.949951171875,5166064
2021-07-05,1375.22216796875,1578.949951171875,1585.0,1561.050048828125,1569.1500244140625,4058338
2021-07-06,1360.6331787109375,1562.199951171875,1586.75,1557.0999755859375,1573.699951171875,4089574
2021-07-07,1362.7236328125,1564.5999755859375,1570.550048828125,1544.6500244140625,1566.050048828125,4797120
2021-07-08,1359.3701171875,1560.75,1576.0,1549.0,1568.0,3326813
2021-07-09,1361.2431640625,1562.9000244140625,1569.9000244140625,1551.0,1556.0,3436594
2021-07-12,1348.1346435546875,1547.8499755859375,1578.0,1533.75,1570.550048828125,4588982
2021-07-13,1345.6090087890625,1544.949951171875,1556.4000244140625,1536.300048828125,1556.4000244140625,4456160
2021-07-14,1373.4365234375,1576.9000244140625,1582.800048828125,1538.0999755859375,1554.0,5657716
2021-07-15,1376.8333740234375,1580.800048828125,1596.8499755859375,1556.0,1557.9000244140625,10021355
2021-07-16,1354.754150390625,1555.449951171875,1574.6500244140625,1549.5999755859375,1573.75,6265593
2021-07-19,1342.7784423828125,1541.699951171875,1552.9000244140625,1537.550048828125,1544.699951171875,5669162
2021-07-20,1350.0511474609375,1550.050048828125,1557.699951171875,1538.0,1538.300048828125,5069939
2021-07-22,1385.0205078125,1590.199951171875,1592.8499755859375,1561.4000244140625,1561.4000244140625,7854575
2021-07-23,1385.23828125,1590.449951171875,1598.5,1585.050048828125,1588.550048828125,4179719
2021-07-26,1396.9527587890625,1603.9000244140625,1611.6500244140625,1594.0999755859375,1594.0999755859375,4586710
2021-07-27,1395.777099609375,1602.550048828125,1609.300048828125,1597.9000244140625,1605.0,5892859
2021-07-28,1398.43359375,1605.5999755859375,1607.5999755859375,1585.5,1605.0999755859375,4686788
2021-07-29,1408.3626708984375,1617.0,1620.0,1600.0999755859375,1600.0999755859375,4660873
2021-07-30,1402.701171875,1610.5,1623.4000244140625,1606.1500244140625,1610.0,6234257
2021-08-02,1421.035400390625,1631.550048828125,1634.75,1619.199951171875,1627.449951171875,5553389
2021-08-03,1441.6336669921875,1655.199951171875,1658.6500244140625,1635.5999755859375,1647.0,5513668
2021-08-04,1436.4515380859375,1649.25,1679.9000244140625,1639.050048828125,1669.0999755859375,6740391
2021-08-05,1440.1966552734375,1653.550048828125,1666.0,1647.050048828125,1649.5,5420536
2021-08-06,1437.279052734375,1650.199951171875,1660.6500244140625,1644.0,1657.0,3754855
2021-08-09,1448.6885986328125,1663.300048828125,1667.449951171875,1646.4000244140625,1661.0,5018477
2021-08-10,1460.838623046875,1677.25,1680.0,1661.050048828125,1668.0,6846517
2021-08-11,1461.10009765625,1677.550048828125,1684.0,1668.0,1674.800048828125,4899639
2021-08-12,1471.5953369140625,1689.5999755859375,1696.5,1674.0,1679.1500244140625,5659579
2021-08-13,1491.279052734375,1712.199951171875,1722.5,1691.300048828125,1697.0,5612790
2021-08-16,1484.485595703125,1704.4000244140625,1719.949951171875,1690.0999755859375,1707.699951171875,4564109
2021-08-17,1516.9293212890625,1741.6500244140625,1748.9000244140625,1686.550048828125,1703.9000244140625,9510390
2021-08-18,1509.787353515625,1733.449951171875,1755.5,1727.0,1729.0,6686090
2021-08-20,1509.351806640625,1732.949951171875,1745.0,1716.0999755859375,1716.0999755859375,6206972
2021-08-23,1514.403564453125,1738.75,1753.1500244140625,1732.0,1735.75,6189051
2021-08-24,1498.8133544921875,1720.8499755859375,1757.0,1712.699951171875,1750.0,7602939
2021-08-25,1511.616455078125,1735.550048828125,1746.9000244140625,1718.0,1718.0,6153253
2021-08-26,1504.7791748046875,1727.699951171875,1746.0,1720.0,1734.0,5302248
2021-08-27,1488.318115234375,1708.800048828125,1727.699951171875,1705.199951171875,1725.0,6698514
2021-08-30,1478.954833984375,1698.050048828125,1718.6500244140625,1690.4000244140625,1703.050048828125,6559667
2021-08-31,1486.27099609375,1706.449951171875,1715.0,1685.8499755859375,1700.1500244140625,12255438
2021-09-01,1461.2740478515625,1677.75,1709.5,1673.1500244140625,1709.5,7801974
2021-09-02,1471.1595458984375,1689.0999755859375,1694.300048828125,1662.6500244140625,1677.3499755859375,6830050
2021-09-03,1481.2193603515625,1700.6500244140625,1705.949951171875,1684.4000244140625,1696.050048828125,5339139
2021-09-06,1507.1307373046875,1730.4000244140625,1732.0,1699.3499755859375,1705.1500244140625,4876026
2021-09-07,1486.4453125,1706.6500244140625,1734.9000244140625,1704.0,1730.0,3520341
2021-09-08,1474.7742919921875,1693.25,1700.8499755859375,1682.949951171875,1700.8499755859375,4584896
2021-09-09,1473.337158203125,1691.5999755859375,1694.9000244140625,1682.1500244140625,1685.9000244140625,3331674
2021-09-13,1473.598388671875,1691.9000244140625,1701.5,1675.199951171875,1683.0,4662374
2021-09-14,1468.5902099609375,1686.1500244140625,1695.949951171875,1678.5999755859375,1695.949951171875,4945167
2021-09-15,1490.625732421875,1711.449951171875,1715.0999755859375,1690.199951171875,1693.25,4062344
2021-09-16,1482.6129150390625,1702.25,1719.25,1691.449951171875,1715.199951171875,3246568
2021-09-17,1473.0760498046875,1691.300048828125,1718.0,1684.449951171875,1697.0,7454864
2021-09-20,1470.071044921875,1687.8499755859375,1707.699951171875,1677.949951171875,1685.0,5660743
2021-09-21,1496.7227783203125,1718.449951171875,1726.75,1684.6500244140625,1700.0,4672222
2021-09-22,1495.372802734375,1716.9000244140625,1738.9000244140625,1713.050048828125,1717.0,4553892
2021-09-23,1517.713134765625,1742.550048828125,1745.0,1721.0999755859375,1732.0,3826090
2021-09-24,1536.2646484375,1763.8499755859375,1788.0,1752.449951171875,1758.0,8280446
2021-09-27,1499.074462890625,1721.1500244140625,1769.0,1718.0999755859375,1768.75,5045337
2021-09-28,1469.417724609375,1687.0999755859375,1710.0,1675.0,1710.0,6557197
2021-09-29,1473.903076171875,1692.25,1701.4000244140625,1655.0,1659.25,7792548
2021-09-30,1459.0531005859375,1675.199951171875,1703.0,1670.0999755859375,1703.0,6914031
2021-10-01,1450.2999267578125,1665.1500244140625,1678.949951171875,1661.25,1665.0999755859375,5733906
2021-10-04,1462.1448974609375,1678.75,1688.0,1665.4000244140625,1672.5,2947154
2021-10-05,1474.38232421875,1692.800048828125,1702.949951171875,1663.0,1671.0,4373310
2021-10-06,1457.6162109375,1673.550048828125,1709.0,1670.0,1702.0999755859375,4271698
2021-10-07,1472.814453125,1691.0,1704.199951171875,1676.6500244140625,1687.0,5476108
2021-10-08,1501.4259033203125,1723.8499755859375,1731.5,1698.4000244140625,1705.25,4738376
2021-10-11,1472.77099609375,1690.949951171875,1730.0,1663.699951171875,1682.0,8840633
2021-10-12,1467.71923828125,1685.1500244140625,1689.0,1662.0,1677.0,7439300
2021-10-13,1488.666259765625,1709.199951171875,1713.6500244140625,1680.050048828125,1695.949951171875,7104171
2021-10-14,1494.37109375,1715.75,1783.5999755859375,1698.199951171875,1754.0,19655776
2021-10-18,1560.91357421875,1792.1500244140625,1799.0,1740.0,1740.0,13438109
2021-10-19,1587.0426025390625,1822.1500244140625,1834.5,1782.300048828125,1814.0,10324260
2021-10-20,1569.7972412109375,1802.3499755859375,1848.0,1794.050048828125,1829.4000244140625,5876115
2021-10-21,1527.380859375,1753.6500244140625,1814.0,1746.8499755859375,1814.0,8779629
2021-10-22,1497.8985595703125,1719.800048828125,1763.199951171875,1707.0,1749.9000244140625,7369809
2021-10-25,1487.2291259765625,1707.550048828125,1729.75,1687.199951171875,1722.050048828125,5905209
2021-10-26,1497.026611328125,1703.699951171875,1726.5999755859375,1695.9000244140625,1710.050048828125,5871709
2021-10-27,1519.21337890625,1728.949951171875,1734.1500244140625,1701.1500244140625,1709.0999755859375,5090259
2021-10-28,1497.202392578125,1703.9000244140625,1724.75,1692.050048828125,1719.3499755859375,5329972
2021-10-29,1465.4375,1667.75,1712.5999755859375,1661.050048828125,1699.0,5875091
2021-11-01,1493.8194580078125,1700.050048828125,1707.199951171875,1676.0,1677.5,3636806
2021-11-02,1491.93017578125,1697.9000244140625,1706.449951171875,1686.3499755859375,1695.0,3471772
2021-11-03,1495.97216796875,1702.5,1717.449951171875,1699.0,1709.0,3530713
2021-11-04,1501.4200439453125,1708.699951171875,1717.0,1705.0,1715.0,483407
2021-11-08,1526.72607421875,1737.5,1741.0,1703.0,1730.0,5245903
2021-11-09,1531.119873046875,1742.5,1750.0,1726.0,1734.75,4016134
2021-11-10,1529.0548095703125,1740.1500244140625,1750.949951171875,1721.949951171875,1726.0,4780368
2021-11-11,1523.0360107421875,1733.300048828125,1739.75,1709.0,1732.949951171875,4731349
2021-11-12,1564.246337890625,1780.199951171875,1782.8499755859375,1738.050048828125,1743.0,5069009
2021-11-15,1570.3533935546875,1787.1500244140625,1800.0,1775.5,1782.0999755859375,4354074
2021-11-16,1574.878662109375,1792.300048828125,1808.949951171875,1777.0,1790.0,6034233
2021-11-17,1570.6168212890625,1787.449951171875,1802.0,1780.699951171875,1792.550048828125,4732492
2021-11-18,1563.543212890625,1779.4000244140625,1789.449951171875,1759.0,1781.5999755859375,4326924
2021-11-22,1545.969482421875,1759.4000244140625,1785.4000244140625,1751.1500244140625,1784.0,6621839
2021-11-23,1526.1990966796875,1736.9000244140625,1747.25,1710.0,1735.0999755859375,8436160
2021-11-24,1490.2606201171875,1696.0,1740.5,1688.0,1740.0,7333061
2021-11-25,1513.458251953125,1722.4000244140625,1726.199951171875,1696.949951171875,1700.0,4476260
2021-11-26,1486.4383544921875,1691.6500244140625,1718.3499755859375,1684.0,1702.550048828125,4494181
2021-11-29,1490.5679931640625,1696.3499755859375,1712.0,1669.1500244140625,1691.0,3942776
2021-11-30,1504.890869140625,1712.6500244140625,1729.9000244140625,1700.050048828125,1704.550048828125,14808963
2021-12-01,1506.867919921875,1714.9000244140625,1741.9000244140625,1713.0,1715.0,5193264
2021-12-02,1536.1722412109375,1748.25,1750.5,1711.3499755859375,1715.0,5559574
2021-12-03,1525.0128173828125,1735.550048828125,1786.6500244140625,1732.550048828125,1771.0999755859375,6754012
2021-12-06,1489.6455078125,1695.300048828125,1733.949951171875,1691.5,1730.0,3991449
2021-12-07,1504.01220703125,1711.6500244140625,1724.9000244140625,1694.0,1701.0999755859375,4202122
2021-12-08,1540.653564453125,1753.3499755859375,1759.800048828125,1732.5999755859375,1733.0,3029169
2021-12-09,1549.528076171875,1763.449951171875,1769.4000244140625,1742.0,1759.0,2082171
2021-12-10,1545.837890625,1759.25,1763.75,1746.0,1760.0,1823469
2021-12-13,1533.0091552734375,1744.6500244140625,1771.3499755859375,1738.800048828125,1767.050048828125,4040584
2021-12-14,1539.59912109375,1752.1500244140625,1763.0,1710.3499755859375,1730.9000244140625,4768144
2021-12-15,1523.8265380859375,1734.199951171875,1747.949951171875,1721.199951171875,1745.0,3053149
2021-12-16,1556.6895751953125,1771.5999755859375,1777.5999755859375,1758.0,1762.6500244140625,4481031
2021-12-17,1599.96533203125,1820.8499755859375,1842.0,1806.75,1820.0,18887243
2021-12-20,1580.677734375,1798.9000244140625,1829.6500244140625,1787.300048828125,1801.699951171875,5773891
2021-12-21,1591.8372802734375,1811.5999755859375,1838.0,1801.0,1801.0,5353584
2021-12-22,1603.34814453125,1824.699951171875,1829.1500244140625,1812.3499755859375,1825.0,4156428
2021-12-23,1632.2569580078125,1857.5999755859375,1861.5999755859375,1827.0,1831.25,4112933
2021-12-24,1637.44140625,1863.5,1875.75,1854.0,1872.949951171875,3780347
2021-12-27,1639.77001953125,1866.1500244140625,1874.5,1845.050048828125,1860.0,2647733
2021-12-28,1658.9693603515625,1888.0,1895.9000244140625,1878.4000244140625,1880.699951171875,3340933
2021-12-29,1656.816650390625,1885.550048828125,1893.800048828125,1876.4000244140625,1883.5,3236635
2021-12-30,1663.2310791015625,1892.8499755859375,1909.800048828125,1874.3499755859375,1884.5,4584738
2021-12-31,1658.7498779296875,1887.75,1898.3499755859375,1871.6500244140625,1890.0,4619420
2022-01-03,1668.151611328125,1898.449951171875,1914.050048828125,1887.75,1887.75,3329616
2022-01-04,1668.766845703125,1899.1500244140625,1906.6500244140625,1878.0,1898.449951171875,3921999
2022-01-05,1620.8780517578125,1844.6500244140625,1902.9000244140625,1840.0,1900.0,6995719
2022-01-06,1597.2852783203125,1817.800048828125,1828.0,1800.0,1828.0,6449205
2022-01-07,1594.2098388671875,1814.300048828125,1836.0,1806.800048828125,1815.449951171875,4834389
2022-01-10,1626.238037109375,1850.75,1869.9000244140625,1813.0,1815.0,7857560
2022-01-11,1630.499755859375,1855.5999755859375,1870.0,1850.1500244140625,1855.0,5142287
2022-01-12,1649.69921875,1877.449951171875,1889.0,1860.0,1868.9000244140625,5362535
2022-01-13,1666.70166015625,1896.800048828125,1912.5,1866.3499755859375,1905.0,14277630
2022-01-14,1695.3031005859375,1929.3499755859375,1933.0,1881.0,1882.0,7688506
2022-01-17,1704.221923828125,1939.5,1953.9000244140625,1930.5,1938.550048828125,5262464
2022-01-18,1687.7464599609375,1920.75,1945.0,1911.449951171875,1922.0999755859375,3690315
2022-01-19,1640.5609130859375,1867.050048828125,1916.0,1862.8499755859375,1916.0,5747770
2022-01-20,1602.469482421875,1823.699951171875,1848.0,1815.5,1844.0,5533463
2022-01-21,1569.0791015625,1785.699951171875,1808.0,1776.0,1795.0,8252758
2022-01-24,1526.1112060546875,1736.800048828125,1768.6500244140625,1728.0,1765.0,7116712
2022-01-25,1513.238525390625,1722.1500244140625,1740.0,1700.5,1726.5999755859375,9137653
2022-01-27,1474.9715576171875,1678.5999755859375,1709.699951171875,1665.0,1702.0,11231734
2022-01-28,1481.6492919921875,1686.199951171875,1727.550048828125,1679.5,1681.0,10998502
2022-01-31,1525.583984375,1736.199951171875,1749.5,1715.3499755859375,1718.0,8788872
2022-02-01,1557.0850830078125,1772.050048828125,1780.0,1734.699951171875,1766.0999755859375,5119935
2022-02-02,1570.309326171875,1787.0999755859375,1792.800048828125,1772.0,1789.0,4253717
2022-02-03,1527.64892578125,1738.550048828125,1779.0,1734.0,1779.0,3832922
2022-02-04,1529.8896484375,1741.0999755859375,1753.949951171875,1710.1500244140625,1732.0,4700077
2022-02-07,1506.9556884765625,1715.0,1732.0,1695.4000244140625,1722.199951171875,4310209
2022-02-08,1508.9766845703125,1717.300048828125,1725.0,1696.0,1710.0,6053401
2022-02-09,1526.5506591796875,1737.300048828125,1743.0,1725.0,1735.0,3867244
2022-02-10,1554.9322509765625,1769.5999755859375,1773.9000244140625,1748.75,1755.6500244140625,4334630
2022-02-11,1512.535400390625,1721.3499755859375,1745.949951171875,1713.0,1740.0,7551371
2022-02-14,1478.1346435546875,1682.199951171875,1718.550048828125,1678.25,1690.0,7459637
2022-02-15,1527.38525390625,1738.25,1746.75,1690.449951171875,1699.0,4669915
2022-02-16,1523.0360107421875,1733.300048828125,1755.449951171875,1726.8499755859375,1738.25,5350642
2022-02-17,1515.56689453125,1724.800048828125,1749.0,1720.300048828125,1744.0,3937950
2022-02-18,1499.8822021484375,1706.949951171875,1722.5,1703.5,1710.0,5602215
2022-02-21,1520.751220703125,1730.699951171875,1737.300048828125,1691.5,1701.0,5120890
2022-02-22,1523.9583740234375,1734.3499755859375,1751.0,1691.050048828125,1699.9000244140625,8878515
2022-02-23,1531.4271240234375,1742.8499755859375,1758.25,1733.4000244140625,1750.0,5478811
2022-02-24,1474.5760498046875,1678.1500244140625,1714.949951171875,1670.5,1690.0999755859375,13592379
2022-02-25,1489.0303955078125,1694.5999755859375,1728.1500244140625,1677.0,1715.0,9737281
2022-02-28,1507.4827880859375,1715.5999755859375,1728.050048828125,1665.0,1682.199951171875,15076542
2022-03-02,1496.2357177734375,1702.800048828125,1714.4000244140625,1691.0,1710.0,6771489
2022-03-03,1512.09619140625,1720.8499755859375,1733.9000244140625,1705.550048828125,1720.199951171875,7344147
2022-03-04,1514.2489013671875,1723.300048828125,1736.0,1681.0,1695.25,9074499
2022-03-07,1528.791259765625,1739.8499755859375,1751.0,1696.0,1697.0,9742588
2022-03-08,1562.489013671875,1778.199951171875,1800.0,1718.449951171875,1718.449951171875,10984500
2022-03-09,1593.3751220703125,1813.3499755859375,1831.5999755859375,1791.0,1791.0,10193515
2022-03-10,1604.4027099609375,1825.9000244140625,1844.75,1810.199951171875,1844.75,6547182
2022-03-11,1600.9759521484375,1822.0,1831.4000244140625,1811.0,1814.0,4758657
2022-03-14,1661.341796875,1890.699951171875,1895.0,1831.550048828125,1831.550048828125,10289724
2022-03-15,1616.1771240234375,1839.300048828125,1888.3499755859375,1830.0,1888.3499755859375,7140443
2022-03-16,1660.1995849609375,1889.4000244140625,1893.949951171875,1849.0,1865.0,5233979
2022-03-17,1629.62109375,1854.5999755859375,1923.300048828125,1833.050048828125,1923.300048828125,17731459
2022-03-21,1628.2591552734375,1853.050048828125,1886.9000244140625,1841.0999755859375,1861.0,8362085
2022-03-22,1658.442138671875,1887.4000244140625,1890.0,1839.0,1850.0,5709382
2022-03-23,1645.26171875,1872.4000244140625,1900.0,1857.0,1897.0,6192824
2022-03-24,1657.8271484375,1886.699951171875,1894.5999755859375,1856.1500244140625,1856.1500244140625,3784303
2022-03-25,1648.9085693359375,1876.550048828125,1894.0,1858.0,1892.0,3438588
2022-03-28,1646.579833984375,1873.9000244140625,1880.9000244140625,1852.6500244140625,1866.0,4008555
2022-03-29,1657.2120361328125,1886.0,1889.4000244140625,1860.550048828125,1873.9000244140625,3917785
2022-03-30,1672.9844970703125,1903.949951171875,1919.0,1895.0,1910.0,7795839
2022-03-31,1675.5328369140625,1906.8499755859375,1913.0,1894.199951171875,1900.0,5399145
2022-04-01,1672.63330078125,1903.550048828125,1910.300048828125,1878.300048828125,1886.8499755859375,6171518
2022-04-04,1654.531982421875,1882.949951171875,1893.0,1873.0,1889.75,7364074
2022-04-05,1635.3326416015625,1861.0999755859375,1889.5999755859375,1857.1500244140625,1883.800048828125,5472024
2022-04-06,1606.9947509765625,1828.8499755859375,1857.5,1822.1500244140625,1855.0,5407453
2022-04-07,1591.31005859375,1811.0,1828.1500244140625,1807.550048828125,1821.050048828125,5797544
2022-04-08,1594.473388671875,1814.5999755859375,1838.0,1808.0,1823.0,5131446
2022-04-11,1552.25244140625,1766.550048828125,1814.0,1762.550048828125,1814.0,8248407
2022-04-12,1531.075927734375,1742.449951171875,1757.5,1727.75,1757.5,6456184
2022-04-13,1536.43603515625,1748.550048828125,1757.5,1732.0,1754.949951171875,6257693
2022-04-18,1424.7103271484375,1621.4000244140625,1650.0,1590.0,1605.5,30523965
2022-04-19,1372.5159912109375,1562.0,1636.6500244140625,1550.0,1636.6500244140625,17044923
2022-04-20,1395.098388671875,1587.699951171875,1596.300048828125,1563.0,1575.0,10678747
2022-04-21,1422.4256591796875,1618.800048828125,1627.199951171875,1589.25,1595.0,7766514
2022-04-22,1393.12109375,1585.449951171875,1610.699951171875,1582.4000244140625,1604.3499755859375,8134245
2022-04-25,1371.72509765625,1561.0999755859375,1572.800048828125,1554.0999755859375,1572.800048828125,7000570
2022-04-26,1389.2110595703125,1581.0,1592.0,1566.550048828125,1577.199951171875,5345435
2022-04-27,1364.431884765625,1552.800048828125,1572.75,1550.3499755859375,1572.75,8819356
2022-04-28,1390.6170654296875,1582.5999755859375,1601.800048828125,1557.449951171875,1570.0,9245177
2022-04-29,1377.392578125,1567.550048828125,1597.300048828125,1560.800048828125,1590.0,9831395
2022-05-02,1354.0633544921875,1541.0,1552.75,1531.0,1550.9000244140625,7072627
2022-05-04,1349.2745361328125,1535.550048828125,1570.0,1530.1500244140625,1547.25,6220959
2022-05-05,1392.85791015625,1585.1500244140625,1589.4000244140625,1557.449951171875,1560.050048828125,6144870
2022-05-06,1355.68896484375,1542.8499755859375,1561.8499755859375,1535.050048828125,1550.0,6171472
2022-05-09,1379.85302734375,1570.3499755859375,1586.800048828125,1522.1500244140625,1540.0,6832202
2022-05-10,1364.607666015625,1553.0,1569.1500244140625,1546.050048828125,1558.0,6212545
2022-05-11,1341.5421142578125,1526.75,1549.949951171875,1511.5999755859375,1549.949951171875,7846080
2022-05-12,1325.76953125,1508.800048828125,1527.5,1504.300048828125,1514.0,7034979
2022-05-13,1321.9034423828125,1504.4000244140625,1529.25,1498.0999755859375,1519.300048828125,6723761
2022-05-16,1308.4593505859375,1489.0999755859375,1511.8499755859375,1478.6500244140625,1510.0,6145331
2022-05-17,1334.2490234375,1518.449951171875,1525.0,1480.9000244140625,1494.9000244140625,6516378
2022-05-18,1326.1209716796875,1509.199951171875,1549.699951171875,1505.300048828125,1522.0,6594126
2022-05-19,1254.0244140625,1427.1500244140625,1484.699951171875,1417.6500244140625,1481.0,16561140
2022-05-20,1278.6279296875,1455.1500244140625,1466.75,1446.699951171875,1453.0,10488908
2022-05-23,1290.2705078125,1468.4000244140625,1488.0,1450.050048828125,1455.0999755859375,5887569
2022-05-24,1266.1942138671875,1441.0,1469.550048828125,1435.25,1468.5999755859375,5693167
2022-05-25,1239.3499755859375,1410.449951171875,1442.5,1399.25,1435.0,9630092
2022-05-26,1251.2125244140625,1423.949951171875,1430.0,1407.050048828125,1418.0,13040065
2022-05-27,1284.07568359375,1461.3499755859375,1467.0,1437.4000244140625,1443.949951171875,8284860
2022-05-30,1341.5859375,1526.800048828125,1530.0,1485.0,1487.0,10904213
2022-05-31,1335.1925048828125,1503.5999755859375,1518.0,1488.1500244140625,1510.699951171875,16033857
2022-06-01,1312.9481201171875,1478.550048828125,1514.75,1472.0999755859375,1513.0,8738508
2022-06-02,1339.0997314453125,1508.0,1513.8499755859375,1475.5999755859375,1484.0,7205840
2022-06-03,1351.26513671875,1521.699951171875,1555.0,1518.0,1524.9000244140625,9395707
2022-06-06,1358.6800537109375,1530.050048828125,1536.5999755859375,1493.0,1516.0,6624883
2022-06-07,1337.9453125,1506.699951171875,1519.8499755859375,1502.5999755859375,1519.8499755859375,4904592
2022-06-08,1331.99560546875,1500.0,1520.199951171875,1492.0,1520.199951171875,4697608
2022-06-09,1345.3155517578125,1515.0,1516.949951171875,1481.5,1485.0,4361061
2022-06-10,1311.3941650390625,1476.800048828125,1493.949951171875,1473.5999755859375,1486.0999755859375,6516436
2022-06-13,1264.951904296875,1424.5,1443.5999755859375,1411.699951171875,1443.5999755859375,6987685
2022-06-14,1279.2042236328125,1440.550048828125,1448.9000244140625,1403.1500244140625,1410.0,6090247
2022-06-15,1262.9095458984375,1422.199951171875,1446.4000244140625,1418.8499755859375,1440.199951171875,4651958
2022-06-16,1240.7095947265625,1397.199951171875,1443.75,1392.0,1438.0,6641772
2022-06-17,1231.91845703125,1387.300048828125,1396.949951171875,1367.1500244140625,1391.050048828125,9692047
2022-06-20,1255.7611083984375,1414.1500244140625,1422.3499755859375,1382.0,1390.050048828125,4595194
2022-06-21,1287.507080078125,1449.9000244140625,1456.0,1422.75,1424.0,6270787
2022-06-22,1276.27392578125,1437.25,1459.5999755859375,1435.0,1436.050048828125,6253366
2022-06-23,1289.7713623046875,1452.449951171875,1458.0,1433.0,1439.800048828125,6254281
2022-06-24,1279.692626953125,1441.0999755859375,1467.5,1428.9000244140625,1458.0,6114340
2022-06-27,1309.4405517578125,1474.5999755859375,1484.0,1465.1500244140625,1468.050048828125,4511097
2022-06-28,1314.3690185546875,1480.1500244140625,1488.25,1453.0,1469.0,4412178
2022-06-29,1299.3616943359375,1463.25,1477.0,1457.0,1464.699951171875,5060038
2022-06-30,1298.1629638671875,1461.9000244140625,1482.0,1455.0,1465.050048828125,9165177
2022-07-01,1313.7030029296875,1479.4000244140625,1485.0,1442.3499755859375,1454.0,4651635
2022-07-04,1321.3397216796875,1488.0,1492.25,1462.0,1480.25,4800224
2022-07-05,1310.6392822265625,1475.949951171875,1509.949951171875,1472.0,1498.800048828125,7379669
2022-07-06,1324.5809326171875,1491.6500244140625,1500.0,1470.0,1482.199951171875,5209162
2022-07-07,1330.8414306640625,1498.699951171875,1513.949951171875,1495.699951171875,1503.050048828125,3323472
2022-07-08,1344.8272705078125,1514.449951171875,1516.949951171875,1499.949951171875,1515.0,3652582
2022-07-11,1308.153076171875,1473.1500244140625,1499.9000244140625,1466.4000244140625,1495.0,4702638
2022-07-12,1277.47265625,1438.5999755859375,1468.5999755859375,1436.0,1461.800048828125,4710356
2022-07-13,1282.667236328125,1444.449951171875,1460.0,1438.5999755859375,1450.0,5264025
2022-07-14,1268.814697265625,1428.8499755859375,1452.949951171875,1414.0,1451.0,6157606
2022-07-15,1270.1466064453125,1430.3499755859375,1446.0,1410.6500244140625,1446.0,5620018
2022-07-18,1323.0267333984375,1489.9000244140625,1493.5999755859375,1448.050048828125,1450.0,5835171
2022-07-19,1317.921142578125,1484.1500244140625,1486.8499755859375,1470.0999755859375,1471.550048828125,3418540
2022-07-20,1345.5821533203125,1515.300048828125,1525.800048828125,1500.0,1501.25,5079392
2022-07-21,1361.2108154296875,1532.9000244140625,1535.449951171875,1503.0999755859375,1517.0,5008061
2022-07-22,1337.590087890625,1506.300048828125,1540.0,1492.1500244140625,1534.0,7020642
2022-07-25,1335.1925048828125,1503.5999755859375,1517.1500244140625,1480.0999755859375,1480.0999755859375,7859626
2022-07-26,1288.6170654296875,1451.1500244140625,1496.6500244140625,1445.0,1496.6500244140625,7268273
2022-07-27,1306.2882080078125,1471.050048828125,1473.0,1445.0,1451.0,4517285
2022-07-28,1347.44677734375,1517.4000244140625,1524.449951171875,1489.8499755859375,1496.4000244140625,6636841
2022-07-29,1376.1290283203125,1549.699951171875,1555.699951171875,1528.0,1532.800048828125,7009465
2022-08-01,1377.3280029296875,1551.050048828125,1564.0,1537.9000244140625,1564.0,2983249
2022-08-02,1370.7125244140625,1543.5999755859375,1547.0,1528.3499755859375,1546.550048828125,4374635
2022-08-03,1390.6922607421875,1566.0999755859375,1570.0,1539.9000244140625,1549.0,6011955
2022-08-04,1420.7066650390625,1599.9000244140625,1603.8499755859375,1574.949951171875,1587.5,7402209
2022-08-05,1435.58056640625,1616.6500244140625,1625.699951171875,1602.300048828125,1608.4000244140625,5361971
2022-08-08,1438.0224609375,1619.4000244140625,1622.0,1596.0,1617.0,3763409
2022-08-10,1422.970947265625,1602.449951171875,1621.199951171875,1588.0999755859375,1621.199951171875,4423829
2022-08-11,1438.510986328125,1619.949951171875,1631.3499755859375,1616.0,1630.0,3462090
2022-08-12,1415.5562744140625,1594.0999755859375,1614.0,1590.1500244140625,1613.300048828125,3562286
2022-08-16,1417.6429443359375,1596.449951171875,1609.0,1591.0999755859375,1609.0,3004430
2022-08-17,1426.3453369140625,1606.25,1612.0,1585.0,1596.449951171875,4067324
2022-08-18,1405.655029296875,1582.949951171875,1598.199951171875,1574.0,1594.0999755859375,4635706
2022-08-19,1418.22021484375,1597.0999755859375,1604.9000244140625,1585.0999755859375,1585.300048828125,4739884
2022-08-22,1399.172607421875,1575.6500244140625,1599.0,1574.0,1586.0,3950555
2022-08-23,1369.6468505859375,1542.4000244140625,1554.5,1533.0,1548.0,5551574
2022-08-24,1365.295654296875,1537.5,1546.0,1531.0,1535.0,2888426
2022-08-25,1348.11279296875,1518.1500244140625,1548.699951171875,1513.75,1548.0,4331088
2022-08-26,1351.132080078125,1521.550048828125,1544.949951171875,1517.449951171875,1535.1500244140625,3079136
2022-08-29,1298.0299072265625,1461.75,1468.550048828125,1450.0,1468.550048828125,8079050
2022-08-30,1325.7352294921875,1492.949951171875,1496.0999755859375,1466.0,1473.0999755859375,6725875
2022-09-01,1300.2054443359375,1464.199951171875,1468.0999755859375,1451.050048828125,1460.050048828125,8140604
2022-09-02,1290.2598876953125,1453.0,1478.0,1448.0,1478.0,5175653
2022-09-05,1297.6300048828125,1461.300048828125,1467.0,1446.3499755859375,1451.0,3669352
2022-09-06,1292.1246337890625,1455.0999755859375,1470.0,1445.449951171875,1461.300048828125,3428442
2022-09-07,1294.388916015625,1457.6500244140625,1465.75,1438.050048828125,1440.0,3600574
2022-09-08,1310.5948486328125,1475.9000244140625,1481.0999755859375,1463.5999755859375,1475.0,4061475
2022-09-09,1342.3408203125,1511.6500244140625,1520.0,1480.0,1488.0,4816910
2022-09-12,1364.1409912109375,1536.199951171875,1545.9000244140625,1521.1500244140625,1525.800048828125,5494819
2022-09-13,1371.9112548828125,1544.949951171875,1553.0,1541.300048828125,1551.9000244140625,4947158
2022-09-14,1310.15087890625,1475.4000244140625,1498.949951171875,1472.0,1497.0,14332197
2022-09-15,1272.322265625,1432.800048828125,1475.199951171875,1429.050048828125,1475.0,12784100
2022-09-16,1222.8165283203125,1377.050048828125,1425.0,1368.3499755859375,1425.0,20464045
2022-09-19,1234.582275390625,1390.300048828125,1406.0,1380.5999755859375,1392.0,6595241
2022-09-20,1233.0283203125,1388.550048828125,1413.550048828125,1385.0999755859375,1407.949951171875,7219797
2022-09-21,1222.994140625,1377.25,1388.800048828125,1368.4000244140625,1379.9000244140625,7917054
2022-09-22,1214.735595703125,1367.949951171875,1383.949951171875,1360.0,1366.3499755859375,9168498
2022-09-23,1212.5157470703125,1365.449951171875,1394.800048828125,1362.0,1367.5,10426200
2022-09-26,1225.658203125,1380.25,1399.449951171875,1355.0,1360.0,9414587
2022-09-27,1237.468505859375,1393.550048828125,1406.5,1378.0,1393.449951171875,8561254
2022-09-28,1238.489501953125,1394.699951171875,1405.8499755859375,1377.0,1379.0,7022098
2022-09-29,1241.9971923828125,1398.6500244140625,1409.8499755859375,1393.0,1404.9000244140625,6119965
2022-09-30,1255.1396484375,1413.449951171875,1419.300048828125,1376.0,1388.949951171875,8120130
2022-10-03,1237.6461181640625,1393.75,1412.0,1386.0,1412.0,4943169
2022-10-04,1269.3031005859375,1429.4000244140625,1432.25,1414.0,1419.699951171875,6631341
2022-10-06,1292.1690673828125,1455.1500244140625,1459.800048828125,1444.0999755859375,1445.0,6180672
2022-10-07,1288.661376953125,1451.199951171875,1457.8499755859375,1440.1500244140625,1446.3499755859375,3994466
2022-10-10,1298.828857421875,1462.6500244140625,1465.0,1426.3499755859375,1426.3499755859375,5274677
2022-10-11,1264.3302001953125,1423.800048828125,1479.6500244140625,1420.0999755859375,1462.6500244140625,12824774
2022-10-12,1268.6815185546875,1428.699951171875,1441.0999755859375,1413.550048828125,1437.0,5481467
2022-10-13,1260.8670654296875,1419.9000244140625,1437.949951171875,1415.0,1431.0,4821514
2022-10-14,1309.1300048828125,1474.25,1494.0,1467.25,1485.0,14990688
2022-10-17,1323.0712890625,1489.949951171875,1495.0,1475.5,1476.9000244140625,4286396
2022-10-18,1335.2813720703125,1503.699951171875,1510.949951171875,1497.25,1510.0,4692004
2022-10-19,1319.0753173828125,1485.449951171875,1504.949951171875,1481.300048828125,1504.0,3553171
2022-10-20,1332.794921875,1500.9000244140625,1504.0,1474.199951171875,1475.0,4583939
2022-10-21,1332.439697265625,1500.5,1506.0,1491.3499755859375,1500.300048828125,3594485
2022-10-24,1347.84619140625,1517.8499755859375,1521.800048828125,1511.0,1518.5,982837
2022-10-25,1355.3499755859375,1526.300048828125,1532.9000244140625,1521.050048828125,1528.0999755859375,3914341
2022-10-27,1368.0523681640625,1523.949951171875,1534.9000244140625,1512.5,1530.800048828125,6760137
2022-10-28,1358.4471435546875,1513.25,1527.949951171875,1507.0,1526.0,3053981
2022-10-31,1380.35107421875,1537.6500244140625,1546.4000244140625,1530.25,1530.25,4542336
2022-11-01,1412.0848388671875,1573.0,1575.0,1547.0999755859375,1553.050048828125,4542692
2022-11-02,1394.4000244140625,1553.300048828125,1572.75,1545.0,1572.0,2938906
2022-11-03,1374.15673828125,1530.75,1543.9000244140625,1521.6500244140625,1538.75,3174027
2022-11-04,1359.1202392578125,1514.0,1520.449951171875,1501.1500244140625,1520.449951171875,4509682
2022-11-07,1353.240478515625,1507.449951171875,1527.9000244140625,1491.0999755859375,1521.4000244140625,4898592
2022-11-09,1356.6065673828125,1511.199951171875,1529.0,1501.0999755859375,1529.0,3334755
2022-11-10,1348.302978515625,1501.949951171875,1512.0,1485.0,1485.0,3435763
2022-11-11,1409.4813232421875,1570.0999755859375,1573.5,1546.6500244140625,1546.6500244140625,7214098
2022-11-14,1423.12646484375,1585.300048828125,1591.4000244140625,1568.449951171875,1575.1500244140625,4908813
2022-11-15,1430.936279296875,1594.0,1597.8499755859375,1572.75,1577.8499755859375,3497614
2022-11-16,1438.8363037109375,1602.800048828125,1609.0,1593.5,1597.1500244140625,4497697
2022-11-17,1425.01171875,1587.4000244140625,1602.800048828125,1582.949951171875,1597.199951171875,3469515
2022-11-18,1430.3975830078125,1593.4000244140625,1598.0,1575.5,1591.699951171875,3126064
2022-11-21,1407.7757568359375,1568.199951171875,1587.8499755859375,1564.050048828125,1582.0999755859375,3071764
2022-11-22,1422.902099609375,1585.050048828125,1588.0,1562.0,1569.0,3399329
2022-11-23,1421.1962890625,1583.1500244140625,1592.0,1579.300048828125,1588.9000244140625,3245067
2022-11-24,1463.07421875,1629.800048828125,1636.0,1584.75,1589.0,5282215
2022-11-25,1468.3258056640625,1635.6500244140625,1644.0,1613.800048828125,1631.4000244140625,4563255
2022-11-28,1457.3287353515625,1623.4000244140625,1653.5,1620.0,1628.0,3825766
2022-11-29,1462.40087890625,1629.050048828125,1638.75,1615.050048828125,1621.199951171875,3131710
2022-11-30,1467.697265625,1634.949951171875,1645.75,1613.1500244140625,1619.949951171875,11868134
2022-12-01,1487.5814208984375,1657.0999755859375,1672.5999755859375,1652.300048828125,1656.199951171875,5407928
2022-12-02,1470.3455810546875,1637.9000244140625,1661.800048828125,1633.949951171875,1656.0,4283343
2022-12-05,1472.00634765625,1639.75,1644.8499755859375,1623.300048828125,1638.0,3824966
2022-12-06,1447.903076171875,1612.9000244140625,1626.0,1607.550048828125,1625.0,4822398
2022-12-07,1441.260009765625,1605.5,1623.800048828125,1596.699951171875,1608.0,4898087
2022-12-08,1454.4114990234375,1620.1500244140625,1623.9000244140625,1598.5,1605.5,4206837
2022-12-09,1408.7633056640625,1569.300048828125,1628.0,1561.0999755859375,1628.0,8880658
2022-12-12,1388.9239501953125,1547.199951171875,1565.949951171875,1530.050048828125,1550.0,8037679
2022-12-13,1411.3218994140625,1572.1500244140625,1577.5,1541.1500244140625,1547.199951171875,6135067
2022-12-14,1417.8299560546875,1579.4000244140625,1588.5,1573.0,1582.0,4976020
2022-12-15,1382.9095458984375,1540.5,1570.0,1535.25,1569.300048828125,6443866
2022-12-16,1366.4814453125,1522.199951171875,1549.5,1512.050048828125,1525.0,9630453
2022-12-19,1353.1507568359375,1507.3499755859375,1516.9000244140625,1495.050048828125,1507.949951171875,6222740
2022-12-20,1353.1058349609375,1507.300048828125,1516.0,1482.449951171875,1501.0,7396259
2022-12-21,1355.12548828125,1509.550048828125,1521.0,1502.3499755859375,1515.0,6236361
2022-12-22,1366.3468017578125,1522.050048828125,1529.949951171875,1511.75,1521.5,6302640
2022-12-23,1343.9490966796875,1497.0999755859375,1509.9000244140625,1493.0,1508.699951171875,6283822
2022-12-26,1348.7071533203125,1502.4000244140625,1509.9000244140625,1496.3499755859375,1500.5,4115459
2022-12-27,1359.88330078125,1514.8499755859375,1521.449951171875,1497.5,1509.949951171875,4860076
2022-12-28,1355.6641845703125,1510.1500244140625,1524.949951171875,1498.5,1505.0999755859375,5029860
2022-12-29,1362.307373046875,1517.550048828125,1521.300048828125,1501.0,1504.0,4624745
2022-12-30,1353.9134521484375,1508.199951171875,1530.4000244140625,1504.050048828125,1528.0,5060544
2023-01-02,1368.09716796875,1524.0,1526.5,1504.050048828125,1514.0,3801140
2023-01-03,1366.795654296875,1522.550048828125,1532.6500244140625,1515.0999755859375,1519.8499755859375,4551130
2023-01-04,1341.8843994140625,1494.800048828125,1521.0,1491.0999755859375,1521.0,7059590
2023-01-05,1324.28955078125,1475.199951171875,1505.9000244140625,1469.25,1505.9000244140625,9868404
2023-01-06,1300.3209228515625,1448.5,1475.0,1446.5,1470.0,6443714
2023-01-09,1332.59326171875,1484.449951171875,1489.3499755859375,1448.199951171875,1448.199951171875,11498717
2023-01-10,1319.3970947265625,1469.75,1483.9000244140625,1454.050048828125,1482.0,7158624
2023-01-11,1320.7435302734375,1471.25,1494.0,1464.0,1470.0,6173092
2023-01-12,1329.136962890625,1480.5999755859375,1485.0,1455.0,1481.949951171875,6591385
2023-01-13,1349.8289794921875,1503.6500244140625,1519.4000244140625,1468.0,1483.5,11610426
2023-01-16,1369.44384765625,1525.5,1528.0,1502.300048828125,1510.0,6073063
2023-01-17,1382.0118408203125,1539.5,1542.199951171875,1524.0,1527.0,5922644
2023-01-18,1387.3082275390625,1545.4000244140625,1551.8499755859375,1539.5999755859375,1544.75,5843098
2023-01-19,1381.47314453125,1538.9000244140625,1549.550048828125,1526.1500244140625,1539.9000244140625,6165284
2023-01-20,1369.48876953125,1525.550048828125,1545.0,1524.0,1538.0,6496429
2023-01-23,1389.6422119140625,1548.0,1553.300048828125,1528.0999755859375,1535.0,4855020
2023-01-24,1393.1431884765625,1551.9000244140625,1568.800048828125,1549.75,1560.0,5200802
2023-01-25,1385.15380859375,1543.0,1556.0,1538.75,1547.0,4158617
2023-01-27,1363.7437744140625,1519.1500244140625,1550.949951171875,1507.4000244140625,1546.0,6209955
2023-01-30,1381.38330078125,1538.800048828125,1544.0,1520.0,1528.800048828125,6964719
2023-01-31,1376.8499755859375,1533.75,1548.9000244140625,1513.0,1548.9000244140625,9448126
2023-02-01,1392.4251708984375,1551.0999755859375,1555.050048828125,1528.050048828125,1542.199951171875,6194199
2023-02-02,1421.73486328125,1583.75,1586.949951171875,1552.0,1552.0,6916834
2023-02-03,1435.7840576171875,1599.4000244140625,1604.6500244140625,1573.0,1597.5,7040194
2023-02-06,1409.2569580078125,1569.8499755859375,1598.0,1561.5999755859375,1598.0,4570612
2023-02-07,1402.569091796875,1562.4000244140625,1576.050048828125,1555.0999755859375,1569.0,4336238
2023-02-08,1427.7945556640625,1590.5,1603.0,1565.5,1565.5,7983338
2023-02-09,1451.58349609375,1617.0,1619.75,1586.050048828125,1596.199951171875,6904911
2023-02-10,1443.9979248046875,1608.550048828125,1616.300048828125,1596.449951171875,1612.949951171875,4786762
2023-02-13,1407.1024169921875,1567.449951171875,1597.0,1566.0,1597.0,4001199
2023-02-14,1430.26318359375,1593.25,1596.0,1578.1500244140625,1584.699951171875,5043736
2023-02-15,1433.6744384765625,1597.050048828125,1599.0,1576.0,1584.0,3465747
2023-02-16,1437.9384765625,1601.800048828125,1614.449951171875,1597.8499755859375,1600.0,4290289
2023-02-17,1421.77978515625,1583.800048828125,1595.0,1575.5,1594.0,2857734
2023-02-20,1429.5450439453125,1592.449951171875,1603.0,1582.5,1584.949951171875,2417716
2023-02-21,1417.9197998046875,1579.5,1601.6500244140625,1576.0,1598.699951171875,2723288
2023-02-22,1402.0303955078125,1561.800048828125,1575.0,1555.300048828125,1563.0,3656244
2023-02-23,1392.06591796875,1550.699951171875,1569.8499755859375,1548.1500244140625,1569.8499755859375,4766854
2023-02-24,1392.02099609375,1550.6500244140625,1569.0,1545.0,1560.0,2790986
2023-02-27,1354.901123046875,1509.300048828125,1540.0,1502.0,1540.0,4920268
2023-02-28,1335.376220703125,1487.550048828125,1524.0,1481.300048828125,1515.5999755859375,9679811
2023-03-01,1343.0064697265625,1496.050048828125,1500.8499755859375,1481.5,1492.4000244140625,5125043
2023-03-02,1321.551513671875,1472.1500244140625,1488.5999755859375,1467.300048828125,1485.0,4644499
2023-03-03,1327.9700927734375,1479.300048828125,1489.800048828125,1473.0,1486.75,4615015
2023-03-06,1353.240478515625,1507.449951171875,1520.4000244140625,1493.1500244140625,1494.550048828125,6561742
2023-03-08,1339.9991455078125,1492.699951171875,1496.0,1481.0999755859375,1490.550048828125,4137080
2023-03-09,1328.9576416015625,1480.4000244140625,1498.3499755859375,1474.5999755859375,1495.0,5104656
2023-03-10,1321.0128173828125,1471.550048828125,1474.300048828125,1457.6500244140625,1460.0,3699580
2023-03-13,1288.2916259765625,1435.0999755859375,1478.300048828125,1428.0,1464.199951171875,8798403
2023-03-14,1274.736328125,1420.0,1448.3499755859375,1411.0,1441.0,7402784
2023-03-15,1274.4222412109375,1419.6500244140625,1442.8499755859375,1416.8499755859375,1438.0,7556182
2023-03-16,1260.4630126953125,1404.0999755859375,1417.800048828125,1398.699951171875,1417.800048828125,7323117
2023-03-17,1275.36474609375,1420.699951171875,1442.9000244140625,1411.4000244140625,1430.0,9090018
2023-03-20,1260.05908203125,1403.6500244140625,1419.699951171875,1384.8499755859375,1419.699951171875,8221829
2023-03-21,1248.4337158203125,1390.699951171875,1405.0,1390.0,1399.0,8536755
2023-03-22,1247.1322021484375,1389.25,1407.25,1382.1500244140625,1403.0,8356487
2023-03-23,1233.9356689453125,1374.550048828125,1383.949951171875,1370.0,1383.949951171875,7607718
2023-03-24,1239.4119873046875,1380.6500244140625,1398.949951171875,1377.5,1388.0,7559127
2023-03-27,1246.86279296875,1388.949951171875,1395.75,1374.0999755859375,1386.25,4170193
2023-03-28,1236.673828125,1377.5999755859375,1398.0,1375.8499755859375,1392.0999755859375,6633366
2023-03-29,1242.0150146484375,1383.550048828125,1389.9000244140625,1364.550048828125,1379.0,8813966
2023-03-31,1281.8731689453125,1427.949951171875,1429.949951171875,1393.9000244140625,1404.0,8711975
2023-04-03,1266.5223388671875,1410.8499755859375,1435.0,1405.1500244140625,1435.0,5242764
2023-04-05,1277.9232177734375,1423.550048828125,1427.5,1400.0,1400.0,7506334
2023-04-06,1276.4420166015625,1421.9000244140625,1428.4000244140625,1410.3499755859375,1416.0,6948465
2023-04-10,1281.558837890625,1427.5999755859375,1434.0,1415.0,1423.949951171875,4993788
2023-04-11,1262.30322265625,1406.1500244140625,1433.3499755859375,1389.0,1428.9000244140625,6942255
2023-04-12,1282.1875,1428.300048828125,1431.5,1400.0,1413.050048828125,5831169
2023-04-13,1247.0870361328125,1389.199951171875,1411.050048828125,1383.0,1409.75,11267238
2023-04-17,1129.578125,1258.300048828125,1261.1500244140625,1185.300048828125,1250.300048828125,53171705
2023-04-18,1130.5203857421875,1259.3499755859375,1269.949951171875,1253.0999755859375,1269.949951171875,12430884
2023-04-19,1106.1480712890625,1232.199951171875,1254.3499755859375,1229.4000244140625,1254.3499755859375,11307230
2023-04-20,1098.248291015625,1223.4000244140625,1237.8499755859375,1221.4000244140625,1230.699951171875,8621249
2023-04-21,1101.7940673828125,1227.3499755859375,1233.25,1220.0,1228.0999755859375,8691352
2023-04-24,1100.8516845703125,1226.300048828125,1230.0,1218.0,1228.0,8313774
2023-04-25,1099.5948486328125,1224.9000244140625,1235.5,1215.0,1225.949951171875,6808576
2023-04-26,1101.9737548828125,1227.550048828125,1233.0,1220.550048828125,1228.0,5680192
2023-04-27,1118.7607421875,1246.25,1247.800048828125,1225.4000244140625,1230.0,8020704
2023-04-28,1124.5958251953125,1252.75,1259.0,1244.949951171875,1255.699951171875,10118277
2023-05-02,1146.7689208984375,1277.449951171875,1279.75,1254.550048828125,1254.550048828125,8886401
2023-05-03,1139.3179931640625,1269.1500244140625,1272.5,1262.0999755859375,1266.0,5549783
2023-05-04,1143.267822265625,1273.550048828125,1275.800048828125,1262.5,1268.949951171875,4505401
2023-05-05,1130.2962646484375,1259.0999755859375,1279.0,1254.25,1279.0,5373791
2023-05-08,1136.1312255859375,1265.5999755859375,1270.300048828125,1255.199951171875,1262.449951171875,5260842
2023-05-09,1140.7093505859375,1270.699951171875,1272.0,1260.699951171875,1266.0,4969897
2023-05-10,1134.0216064453125,1263.25,1276.4000244140625,1259.1500244140625,1276.4000244140625,6515734
2023-05-11,1127.60302734375,1256.0999755859375,1275.9000244140625,1253.050048828125,1270.25,6888461
2023-05-12,1117.8179931640625,1245.199951171875,1256.0,1239.050048828125,1253.3499755859375,8292212
2023-05-15,1129.622802734375,1258.3499755859375,1268.9000244140625,1245.6500244140625,1249.9000244140625,5534710
2023-05-16,1134.96435546875,1264.300048828125,1273.949951171875,1262.75,1265.0,5236469
2023-05-17,1119.3441162109375,1246.9000244140625,1260.949951171875,1242.449951171875,1260.5999755859375,10465667
2023-05-18,1118.5362548828125,1246.0,1259.6500244140625,1242.449951171875,1258.5999755859375,6948732
2023-05-19,1139.09375,1268.9000244140625,1273.300048828125,1252.800048828125,1256.050048828125,11094136
2023-05-22,1160.548828125,1292.800048828125,1295.5999755859375,1270.25,1272.949951171875,7625947
2023-05-23,1167.0572509765625,1300.050048828125,1314.1500244140625,1297.050048828125,1299.199951171875,7436031
2023-05-24,1165.80029296875,1298.6500244140625,1305.0,1291.300048828125,1296.300048828125,4824077
2023-05-25,1170.9171142578125,1304.3499755859375,1307.0,1289.25,1294.5,4334121
2023-05-26,1182.67724609375,1317.449951171875,1323.449951171875,1306.0,1306.0,5521606
2023-05-29,1179.9390869140625,1314.4000244140625,1332.699951171875,1309.8499755859375,1332.699951171875,4419365
2023-05-30,1188.42236328125,1323.8499755859375,1326.4000244140625,1309.1500244140625,1315.0,6274719
2023-05-31,1183.440185546875,1318.300048828125,1331.0999755859375,1314.1500244140625,1319.8499755859375,17800782
2023-06-01,1184.5174560546875,1319.5,1329.5,1318.0999755859375,1322.550048828125,4277841
2023-06-02,1181.7880859375,1299.0,1312.9000244140625,1296.050048828125,1309.0,10909311
2023-06-05,1186.7918701171875,1304.5,1309.449951171875,1297.300048828125,1304.0,5002553
2023-06-06,1163.5928955078125,1279.0,1288.5999755859375,1273.0,1288.5999755859375,10008100
2023-06-07,1172.644775390625,1288.949951171875,1294.0,1282.5,1290.5,5397578
2023-06-08,1167.0498046875,1282.800048828125,1292.0,1281.0999755859375,1286.199951171875,5034942
2023-06-09,1151.72021484375,1265.949951171875,1282.5,1264.0,1282.5,5339073
2023-06-12,1175.374267578125,1291.949951171875,1295.699951171875,1273.0,1273.5,4785588
2023-06-13,1187.1102294921875,1304.8499755859375,1306.5,1297.050048828125,1299.9000244140625,4846587
2023-06-14,1183.06201171875,1300.4000244140625,1306.699951171875,1293.199951171875,1306.3499755859375,3457981
2023-06-15,1170.6888427734375,1286.800048828125,1293.949951171875,1282.6500244140625,1293.949951171875,6161155
2023-06-16,1175.1014404296875,1291.6500244140625,1301.5,1281.050048828125,1287.0,8536287
2023-06-19,1177.2392578125,1294.0,1299.5,1287.050048828125,1294.0,4451787
2023-06-20,1185.791259765625,1303.4000244140625,1305.0,1291.0999755859375,1294.0,4009180
2023-06-21,1182.1065673828125,1299.3499755859375,1303.800048828125,1295.0,1299.949951171875,4041529
2023-06-22,1165.91259765625,1281.550048828125,1289.4000244140625,1273.5,1289.4000244140625,6676607
2023-06-23,1150.8560791015625,1265.0,1279.3499755859375,1263.3499755859375,1276.449951171875,7239467
2023-06-26,1155.72314453125,1270.3499755859375,1274.0,1262.25,1270.25,3403244
2023-06-27,1163.729248046875,1279.1500244140625,1282.0,1274.199951171875,1280.0,3240024
2023-06-28,1176.6478271484375,1293.3499755859375,1296.699951171875,1281.4000244140625,1290.0,5662358
2023-06-30,1214.99462890625,1335.5,1338.9000244140625,1304.449951171875,1308.199951171875,12821692
2023-07-03,1213.3570556640625,1333.699951171875,1346.0,1328.449951171875,1330.0,7732412
2023-07-04,1223.7738037109375,1345.1500244140625,1346.0,1331.4000244140625,1344.300048828125,5797775
2023-07-05,1225.72998046875,1347.300048828125,1357.949951171875,1341.0,1357.8499755859375,5414936
2023-07-06,1222.6365966796875,1343.9000244140625,1347.449951171875,1337.1500244140625,1342.550048828125,5963897
2023-07-07,1210.1727294921875,1330.199951171875,1345.800048828125,1325.3499755859375,1334.0,6295647
2023-07-10,1209.217529296875,1329.1500244140625,1341.9000244140625,1319.300048828125,1336.550048828125,3940315
2023-07-11,1226.91259765625,1348.5999755859375,1350.9000244140625,1327.0,1333.449951171875,6126128
2023-07-12,1212.9930419921875,1333.300048828125,1351.9000244140625,1327.0,1351.0,8102770
2023-07-13,1241.9237060546875,1365.0999755859375,1376.800048828125,1330.8499755859375,1334.9000244140625,9977644
2023-07-14,1297.282958984375,1425.949951171875,1430.0,1380.6500244140625,1380.6500244140625,12833381
2023-07-17,1294.5537109375,1422.949951171875,1458.949951171875,1414.300048828125,1425.949951171875,11569884
2023-07-18,1342.0889892578125,1475.199951171875,1477.949951171875,1429.0,1434.0,16743977
2023-07-19,1341.8616943359375,1474.949951171875,1498.800048828125,1460.699951171875,1486.0,13687062
2023-07-20,1318.7080078125,1449.5,1471.0,1440.699951171875,1471.0,8347221
2023-07-21,1211.446533203125,1331.5999755859375,1350.0,1305.0,1320.199951171875,45548305
2023-07-24,1215.9954833984375,1336.5999755859375,1349.9000244140625,1334.25,1341.0,8859789
2023-07-25,1214.17578125,1334.5999755859375,1342.8499755859375,1324.25,1337.0,6801982
2023-07-26,1227.1400146484375,1348.8499755859375,1350.0,1339.4000244140625,1343.0,5528885
2023-07-27,1231.052001953125,1353.1500244140625,1363.800048828125,1347.050048828125,1358.5999755859375,9191861
2023-07-28,1219.5435791015625,1340.5,1363.8499755859375,1336.0,1353.8499755859375,6122735
2023-07-31,1233.3719482421875,1355.699951171875,1357.5,1333.25,1348.75,7902180
2023-08-01,1242.0145263671875,1365.199951171875,1369.0,1357.0,1362.0,6064652
2023-08-02,1234.41796875,1356.8499755859375,1371.949951171875,1348.449951171875,1369.300048828125,7419145
2023-08-03,1241.19580078125,1364.300048828125,1366.550048828125,1349.0,1350.0,6503741
2023-08-04,1253.9781494140625,1378.3499755859375,1385.9000244140625,1362.0,1368.9000244140625,5712345
2023-08-07,1267.3062744140625,1393.0,1395.0,1377.0,1387.9000244140625,3729093
2023-08-08,1264.7589111328125,1390.199951171875,1393.550048828125,1384.4000244140625,1392.8499755859375,4161877
2023-08-09,1268.5799560546875,1394.4000244140625,1396.0,1382.5,1384.0,4090828
2023-08-10,1263.7581787109375,1389.0999755859375,1395.800048828125,1385.5999755859375,1391.5999755859375,3873025
2023-08-11,1248.064697265625,1371.8499755859375,1396.8499755859375,1367.050048828125,1392.0,5783517
2023-08-14,1267.806640625,1393.550048828125,1395.0,1365.5999755859375,1371.8499755859375,4304135
2023-08-16,1290.5052490234375,1418.5,1419.949951171875,1405.4000244140625,1410.800048828125,7735313
2023-08-17,1284.1824951171875,1411.550048828125,1420.0,1406.0,1420.0,5618346
2023-08-18,1263.4852294921875,1388.800048828125,1408.699951171875,1386.1500244140625,1403.699951171875,5134103
2023-08-21,1278.5875244140625,1405.4000244140625,1407.0,1387.1500244140625,1389.75,3032722
2023-08-22,1277.086181640625,1403.75,1406.050048828125,1396.6500244140625,1404.699951171875,2890714
2023-08-23,1280.9072265625,1407.949951171875,1416.5999755859375,1405.6500244140625,1416.0,2559125
2023-08-24,1295.1451416015625,1423.5999755859375,1425.050048828125,1414.449951171875,1421.5,5171963
2023-08-25,1291.9608154296875,1420.0999755859375,1422.5,1411.4000244140625,1413.0,4307172
2023-08-28,1287.91259765625,1415.6500244140625,1424.800048828125,1411.4000244140625,1420.0999755859375,3133464
2023-08-29,1289.7320556640625,1417.6500244140625,1424.4000244140625,1415.300048828125,1424.0,3074444
2023-08-30,1305.6529541015625,1435.1500244140625,1436.6500244140625,1424.0,1427.0,3070887
2023-08-31,1305.92578125,1435.449951171875,1444.9000244140625,1428.6500244140625,1435.1500244140625,9792735
2023-09-01,1313.5679931640625,1443.8499755859375,1446.0,1428.199951171875,1430.949951171875,3582133
2023-09-04,1332.900390625,1465.0999755859375,1470.0,1434.699951171875,1443.0,4609014
2023-09-05,1345.455322265625,1478.9000244140625,1480.050048828125,1456.5,1465.0,5496840
2023-09-06,1344.135986328125,1477.449951171875,1482.9000244140625,1463.300048828125,1481.9000244140625,5075786
2023-09-07,1333.9012451171875,1466.199951171875,1473.4000244140625,1462.050048828125,1470.5999755859375,4411743
2023-09-08,1336.9945068359375,1469.5999755859375,1474.75,1460.199951171875,1463.5,3125838
2023-09-11,1343.2261962890625,1476.449951171875,1478.050048828125,1464.5,1469.5999755859375,4182226
2023-09-12,1365.652099609375,1501.0999755859375,1504.0,1477.0999755859375,1482.5,6793161
2023-09-13,1363.1502685546875,1498.3499755859375,1505.0,1488.6500244140625,1505.0,4804686
2023-09-14,1370.97412109375,1506.949951171875,1512.550048828125,1499.1500244140625,1505.0,6444213
2023-09-15,1375.2047119140625,1511.5999755859375,1518.4000244140625,1509.0,1518.0,8657816
2023-09-18,1357.1912841796875,1491.800048828125,1504.9000244140625,1488.0,1504.9000244140625,3991916
2023-09-20,1355.78125,1490.25,1495.0999755859375,1476.199951171875,1476.199951171875,4169337
2023-09-21,1366.2435302734375,1501.75,1504.550048828125,1476.0,1486.550048828125,6779195
2023-09-22,1361.14892578125,1496.1500244140625,1506.949951171875,1485.199951171875,1491.9000244140625,5455613
2023-09-25,1341.1337890625,1474.1500244140625,1489.8499755859375,1471.550048828125,1489.8499755859375,4217863
2023-09-26,1328.8519287109375,1460.6500244140625,1479.9000244140625,1459.0,1479.1500244140625,3996528
2023-09-27,1334.62890625,1467.0,1469.5999755859375,1450.050048828125,1456.0,3863586
2023-09-28,1309.5650634765625,1439.449951171875,1472.5999755859375,1435.0,1467.9000244140625,5814602
2023-09-29,1305.92578125,1435.449951171875,1446.800048828125,1416.0,1432.0999755859375,6068968
2023-10-03,1304.606689453125,1434.0,1437.0,1420.300048828125,1436.050048828125,4181867
2023-10-04,1314.022705078125,1444.3499755859375,1449.949951171875,1418.199951171875,1425.0,4510406
2023-10-05,1331.399169921875,1463.449951171875,1475.6500244140625,1450.199951171875,1452.0,7384621
2023-10-06,1345.2730712890625,1478.699951171875,1484.5,1463.300048828125,1469.5,3598672
2023-10-09,1342.3165283203125,1475.449951171875,1491.0,1462.199951171875,1464.9000244140625,3567552
2023-10-10,1360.239013671875,1495.1500244140625,1497.0,1469.0999755859375,1483.9000244140625,5688951
2023-10-11,1359.5567626953125,1494.4000244140625,1518.25,1481.449951171875,1497.0,7220129
2023-10-12,1333.2645263671875,1465.5,1504.4000244140625,1452.0,1491.9000244140625,11081662
2023-10-13,1302.0137939453125,1431.1500244140625,1438.0,1400.0,1405.0,17973439
2023-10-16,1304.7432861328125,1434.1500244140625,1443.5999755859375,1430.0,1432.0999755859375,4850745
2023-10-17,1312.294189453125,1442.449951171875,1453.3499755859375,1438.050048828125,1440.25,3923764
2023-10-18,1310.5657958984375,1440.550048828125,1454.0,1438.3499755859375,1442.0,4264837
2023-10-19,1304.288330078125,1433.6500244140625,1439.6500244140625,1426.0999755859375,1426.0999755859375,6795691
2023-10-20,1298.465576171875,1427.25,1438.5,1425.25,1430.0,3928622
2023-10-23,1281.544189453125,1408.6500244140625,1432.3499755859375,1405.25,1425.5999755859375,2636516
2023-10-25,1262.5601806640625,1370.050048828125,1402.550048828125,1361.300048828125,1399.0,6940777
2023-10-26,1252.7919921875,1359.449951171875,1374.0,1353.0999755859375,1355.050048828125,6357656
2023-10-27,1272.05224609375,1380.3499755859375,1385.0,1363.6500244140625,1363.6500244140625,4634358
2023-10-30,1269.0111083984375,1377.050048828125,1380.3499755859375,1363.0999755859375,1380.3499755859375,2667696
2023-10-31,1261.03955078125,1368.4000244140625,1381.1500244140625,1363.0,1379.949951171875,3451595
2023-11-01,1247.9078369140625,1354.1500244140625,1377.449951171875,1351.6500244140625,1373.050048828125,3090672
2023-11-02,1262.652587890625,1370.1500244140625,1376.300048828125,1361.6500244140625,1370.0,3758060
2023-11-03,1280.069580078125,1389.050048828125,1392.0,1377.75,1380.050048828125,3349045
2023-11-06,1293.20166015625,1403.300048828125,1407.25,1390.800048828125,1393.9000244140625,2736381
2023-11-07,1294.1231689453125,1404.300048828125,1405.9000244140625,1394.8499755859375,1400.0,2272209
2023-11-08,1281.86669921875,1391.0,1405.0,1386.449951171875,1405.0,3550635
2023-11-09,1266.9376220703125,1374.800048828125,1397.5,1370.050048828125,1395.9000244140625,5498051
2023-11-10,1261.4544677734375,1368.8499755859375,1373.1500244140625,1361.0,1369.949951171875,2943649
2023-11-13,1265.78564453125,1373.550048828125,1382.449951171875,1370.8499755859375,1379.8499755859375,3462092
2023-11-15,1299.836669921875,1410.5,1414.0,1393.0,1399.0,8551860
2023-11-16,1331.537841796875,1444.9000244140625,1453.4000244140625,1410.5999755859375,1416.0999755859375,6673907
2023-11-17,1324.7645263671875,1437.550048828125,1451.0,1435.050048828125,1441.050048828125,4901251
2023-11-20,1323.8890380859375,1436.5999755859375,1452.0,1433.6500244140625,1442.0,3584210
2023-11-21,1326.1007080078125,1439.0,1450.0,1436.75,1442.0,3793135
2023-11-22,1343.42578125,1457.800048828125,1458.949951171875,1436.199951171875,1436.199951171875,3108786
2023-11-23,1335.5465087890625,1449.25,1467.9000244140625,1447.699951171875,1467.9000244140625,3186928
2023-11-24,1324.626220703125,1437.4000244140625,1452.6500244140625,1433.8499755859375,1445.550048828125,2973195
2023-11-28,1329.5103759765625,1442.699951171875,1445.0,1427.050048828125,1444.0,3755373
2023-11-29,1345.0843505859375,1459.5999755859375,1460.699951171875,1449.800048828125,1451.0999755859375,3875778
2023-11-30,1340.983642578125,1455.1500244140625,1460.6500244140625,1449.550048828125,1453.25,10120867
2023-12-01,1338.3572998046875,1452.300048828125,1459.9000244140625,1446.1500244140625,1459.9000244140625,3489187
2023-12-04,1349.461669921875,1464.3499755859375,1471.9000244140625,1449.300048828125,1460.449951171875,5511948
2023-12-05,1339.8778076171875,1453.949951171875,1466.9000244140625,1442.0,1465.800048828125,5123039
2023-12-06,1358.6312255859375,1474.300048828125,1477.0,1451.050048828125,1456.75,5269178
2023-12-07,1350.89013671875,1465.9000244140625,1472.8499755859375,1461.800048828125,1472.8499755859375,4424453
2023-12-08,1374.1593017578125,1491.1500244140625,1494.699951171875,1466.25,1470.4000244140625,6323433
2023-12-11,1371.7169189453125,1488.5,1498.0,1482.0,1490.0,3862018
2023-12-12,1360.243896484375,1476.050048828125,1490.0,1467.6500244140625,1477.5,6103494
2023-12-13,1335.3160400390625,1449.0,1476.050048828125,1433.1500244140625,1476.0,8549258
2023-12-14,1383.651123046875,1501.449951171875,1511.0,1461.3499755859375,1463.4000244140625,12489858
2023-12-15,1454.563720703125,1578.4000244140625,1588.550048828125,1521.0,1523.050048828125,18395389
2023-12-18,1441.615966796875,1564.3499755859375,1593.0,1560.300048828125,1567.949951171875,6467243
2023-12-19,1436.0408935546875,1558.300048828125,1573.949951171875,1543.25,1570.0999755859375,4221721
2023-12-20,1415.85888671875,1536.4000244140625,1583.5,1530.0,1565.050048828125,6592367
2023-12-21,1415.490478515625,1536.0,1546.6500244140625,1521.25,1521.25,5319038
2023-12-22,1440.280029296875,1562.9000244140625,1566.0,1523.0,1534.949951171875,6741060
2023-12-26,1422.816650390625,1543.949951171875,1548.0,1523.0,1535.0,6878067
2023-12-27,1444.150390625,1567.0999755859375,1570.0,1544.0,1544.0,4225849
2023-12-28,1440.0494384765625,1562.6500244140625,1568.949951171875,1555.0,1568.949951171875,5702253
2023-12-29,1421.84912109375,1542.9000244140625,1559.449951171875,1540.0,1541.050048828125,4388990
2024-01-01,1429.635986328125,1551.3499755859375,1557.0,1535.25,1539.0,2808451
2024-01-02,1414.0157470703125,1534.4000244140625,1549.1500244140625,1523.0,1546.0,5396313
2024-01-03,1373.0994873046875,1490.0,1519.949951171875,1488.0,1519.949951171875,7550363
2024-01-04,1394.0185546875,1512.699951171875,1519.75,1492.9000244140625,1504.949951171875,7056038
2024-01-05,1412.31103515625,1532.550048828125,1539.699951171875,1506.25,1506.75,8895403
2024-01-08,1403.3260498046875,1522.800048828125,1536.0,1513.25,1528.949951171875,4440136
2024-01-09,1409.3160400390625,1529.300048828125,1553.0,1525.8499755859375,1541.9000244140625,4412074
2024-01-10,1400.653564453125,1519.9000244140625,1535.449951171875,1505.0,1524.949951171875,4096845
2024-01-11,1376.9698486328125,1494.199951171875,1525.0,1486.5999755859375,1524.9000244140625,11296088
2024-01-12,1486.2188720703125,1612.75,1618.0,1555.4000244140625,1562.0,26754401
2024-01-15,1522.4814453125,1652.0999755859375,1664.949951171875,1636.0,1644.949951171875,13228305
2024-01-16,1503.5439453125,1631.550048828125,1648.5,1625.0,1644.800048828125,6500917
2024-01-17,1511.51513671875,1640.199951171875,1647.5,1620.25,1620.25,9209876
2024-01-18,1513.7269287109375,1642.5999755859375,1649.0,1628.25,1642.6500244140625,6375464
2024-01-19,1529.0244140625,1659.199951171875,1665.5,1644.1500244140625,1651.5999755859375,4522736
2024-01-23,1513.312255859375,1642.1500244140625,1674.699951171875,1637.699951171875,1650.0999755859375,9401255
2024-01-24,1543.953369140625,1675.4000244140625,1680.0,1645.0,1659.9000244140625,8999681
2024-01-25,1538.1478271484375,1669.0999755859375,1680.550048828125,1658.0,1672.949951171875,8865304
2024-01-29,1526.62841796875,1656.5999755859375,1679.3499755859375,1647.5999755859375,1665.1500244140625,4253785
2024-01-30,1521.8824462890625,1651.449951171875,1690.0,1648.25,1662.449951171875,4995943
2024-01-31,1530.5911865234375,1660.9000244140625,1667.25,1638.0999755859375,1648.25,6763779
2024-02-01,1527.0433349609375,1657.050048828125,1677.0,1650.3499755859375,1659.550048828125,5760011
2024-02-02,1560.4952392578125,1693.3499755859375,1718.5,1665.0,1666.050048828125,7858483
2024-02-05,1554.82763671875,1687.199951171875,1700.75,1681.8499755859375,1694.75,3634135
2024-02-06,1593.7628173828125,1729.449951171875,1733.0,1673.949951171875,1686.75,7694265
2024-02-07,1560.86376953125,1693.75,1729.0,1686.8499755859375,1729.0,4613877
2024-02-08,1559.34326171875,1692.0999755859375,1706.3499755859375,1682.800048828125,1698.0,5919715
2024-02-09,1538.3780517578125,1669.3499755859375,1692.9000244140625,1659.800048828125,1684.699951171875,4600004
2024-02-12,1548.2847900390625,1680.0999755859375,1692.949951171875,1670.3499755859375,1670.3499755859375,3555808
2024-02-13,1552.3857421875,1684.550048828125,1689.0999755859375,1663.5,1683.0,2696481
2024-02-14,1535.475341796875,1666.199951171875,1669.449951171875,1635.5,1660.199951171875,3768579
2024-02-15,1544.8289794921875,1676.3499755859375,1687.75,1661.5999755859375,1677.0,4834391
2024-02-16,1568.14404296875,1701.6500244140625,1709.0,1687.949951171875,1689.0,4880654
2024-02-19,1566.39306640625,1699.75,1711.5,1687.699951171875,1705.0,3690993
2024-02-20,1553.0306396484375,1685.25,1694.25,1668.75,1685.0,3706389
2024-02-21,1525.660888671875,1655.550048828125,1674.0,1645.300048828125,1674.0,4300508
2024-02-22,1549.4366455078125,1681.3499755859375,1684.5999755859375,1644.4000244140625,1665.0,5841277
2024-02-23,1545.289794921875,1676.8499755859375,1698.449951171875,1671.9000244140625,1697.0,5373072
2024-02-26,1529.9000244140625,1660.1500244140625,1674.949951171875,1645.0,1674.949951171875,2782438
2024-02-27,1533.0792236328125,1663.5999755859375,1671.0999755859375,1652.800048828125,1661.0,5159088
2024-02-28,1540.129150390625,1671.25,1687.800048828125,1662.050048828125,1670.0,3188916
2024-02-29,1542.571044921875,1673.9000244140625,1682.25,1653.300048828125,1665.0,7814722
2024-03-01,1524.8775634765625,1654.699951171875,1671.949951171875,1651.0,1669.0,6387291
2024-03-04,1508.75048828125,1637.199951171875,1664.449951171875,1633.6500244140625,1657.8499755859375,4445156
2024-03-05,1480.459228515625,1606.5,1637.3499755859375,1602.0,1634.0,4596579
2024-03-06,1490.6422119140625,1617.550048828125,1620.1500244140625,1576.0,1602.800048828125,6420684
2024-03-07,1489.6285400390625,1616.449951171875,1628.449951171875,1604.199951171875,1616.5999755859375,6348359
2024-03-11,1475.02197265625,1600.5999755859375,1613.800048828125,1588.0,1608.1500244140625,6752895
2024-03-12,1486.403076171875,1612.949951171875,1625.0,1597.6500244140625,1600.0,4614222
2024-03-13,1484.974853515625,1611.4000244140625,1624.5,1598.550048828125,1612.9000244140625,5688997
2024-03-14,1523.58740234375,1653.300048828125,1657.75,1608.0,1614.4000244140625,8803799
2024-03-15,1505.8016357421875,1634.0,1645.800048828125,1618.3499755859375,1641.0999755859375,11809997
2024-03-18,1476.9112548828125,1602.6500244140625,1632.6500244140625,1598.8499755859375,1630.0,4958904
2024-03-19,1438.943603515625,1561.449951171875,1599.0,1558.0,1592.3499755859375,6870411
2024-03-20,1432.95361328125,1554.949951171875,1574.949951171875,1552.3499755859375,1563.0,4759059
2024-03-21,1432.7230224609375,1554.699951171875,1576.949951171875,1543.4000244140625,1564.0,11062497
2024-03-22,1390.470458984375,1508.8499755859375,1528.9000244140625,1498.199951171875,1521.0,14673890
2024-03-26,1375.54150390625,1492.6500244140625,1507.449951171875,1487.9000244140625,1492.0,8351081
2024-03-27,1367.431884765625,1483.8499755859375,1499.0,1481.550048828125,1496.0,6857402
2024-03-28,1380.517822265625,1498.050048828125,1511.800048828125,1487.1500244140625,1487.1500244140625,12499530
2024-04-01,1378.1217041015625,1495.449951171875,1529.949951171875,1492.800048828125,1525.0,6580002
2024-04-02,1366.5103759765625,1482.8499755859375,1493.1500244140625,1480.8499755859375,1484.8499755859375,7279400
2024-04-03,1364.4830322265625,1480.6500244140625,1495.0999755859375,1475.0,1479.0,8736248
2024-04-04,1370.058349609375,1486.699951171875,1495.6500244140625,1468.0,1490.550048828125,11186915
2024-04-05,1363.0545654296875,1479.0999755859375,1486.699951171875,1476.050048828125,1480.050048828125,5072482
2024-04-08,1360.8428955078125,1476.699951171875,1490.949951171875,1474.0999755859375,1483.0,6610887
2024-04-09,1377.56884765625,1494.8499755859375,1513.800048828125,1487.300048828125,1490.0,9423230
2024-04-10,1388.581298828125,1506.800048828125,1509.8499755859375,1484.550048828125,1500.3499755859375,6744595
2024-04-12,1368.2613525390625,1484.75,1506.800048828125,1479.5,1504.0,12275616
2024-04-15,1352.9637451171875,1468.1500244140625,1491.949951171875,1461.050048828125,1480.0,8531224
2024-04-16,1303.4766845703125,1414.449951171875,1455.1500244140625,1413.050048828125,1451.0,16173541
2024-04-18,1307.9002685546875,1419.25,1444.699951171875,1407.5,1421.0999755859375,22107945
2024-04-19,1300.52783203125,1411.25,1426.8499755859375,1378.75,1385.0,20603621
2024-04-22,1320.341064453125,1432.75,1436.8499755859375,1413.050048828125,1419.9000244140625,5859087
2024-04-23,1329.23388671875,1442.4000244140625,1446.8499755859375,1433.0,1443.0,4856174
2024-04-24,1318.4979248046875,1430.75,1444.300048828125,1427.050048828125,1444.300048828125,4268213
2024-04-25,1325.5936279296875,1438.449951171875,1444.9000244140625,1420.0,1420.0,9089398
2024-04-26,1318.0372314453125,1430.25,1445.4000244140625,1427.0,1439.699951171875,8062444
2024-04-29,1322.1842041015625,1434.75,1439.800048828125,1428.25,1429.949951171875,5055957
2024-04-30,1309.098388671875,1420.550048828125,1436.550048828125,1417.550048828125,1434.699951171875,6936588
2024-05-02,1303.4766845703125,1414.449951171875,1424.0,1411.8499755859375,1413.0,10076354
2024-05-03,1305.181640625,1416.300048828125,1424.800048828125,1403.199951171875,1422.0999755859375,8842345
2024-05-06,1314.0284423828125,1425.9000244140625,1445.699951171875,1417.0999755859375,1420.0,6445422
2024-05-07,1327.8975830078125,1440.949951171875,1443.3499755859375,1415.5999755859375,1424.949951171875,6080661
2024-05-08,1315.3187255859375,1427.300048828125,1439.75,1425.5999755859375,1435.25,6234983
2024-05-09,1326.6075439453125,1439.550048828125,1449.949951171875,1424.8499755859375,1427.550048828125,6088406
2024-05-10,1313.1068115234375,1424.9000244140625,1435.949951171875,1413.0,1435.050048828125,8777481
2024-05-13,1311.7705078125,1423.449951171875,1425.0,1411.199951171875,1425.0,3735954
2024-05-14,1312.922607421875,1424.699951171875,1433.75,1418.050048828125,1426.4000244140625,3463230
2024-05-15,1308.5452880859375,1419.949951171875,1431.800048828125,1418.550048828125,1426.0,4327544
2024-05-16,1339.3248291015625,1453.3499755859375,1455.75,1427.0,1433.949951171875,9249145
2024-05-17,1330.98486328125,1444.300048828125,1457.0,1439.25,1457.0,7542860
2024-05-21,1321.6312255859375,1434.1500244140625,1444.699951171875,1428.4000244140625,1430.0,6752663
2024-05-22,1340.6611328125,1454.800048828125,1459.949951171875,1428.0,1428.75,7173285
2024-05-23,1356.8802490234375,1472.4000244140625,1478.1500244140625,1450.0,1454.699951171875,8641428
2024-05-24,1350.15283203125,1465.0999755859375,1475.5,1460.0,1468.25,5277938
2024-05-27,1355.91259765625,1471.3499755859375,1479.5999755859375,1460.25,1471.8499755859375,5821844
2024-05-28,1351.949951171875,1467.050048828125,1476.0,1460.300048828125,1475.5,6186922
2024-05-29,1337.1131591796875,1450.949951171875,1465.5,1450.0,1465.4000244140625,7401634
2024-05-30,1315.456787109375,1427.449951171875,1449.8499755859375,1421.550048828125,1442.800048828125,9663150
2024-05-31,1322.459716796875,1406.9000244140625,1436.75,1400.0,1409.800048828125,37113815
2024-06-03,1321.519775390625,1405.9000244140625,1440.0,1404.0,1440.0,10589244
2024-06-04,1310.0050048828125,1393.6500244140625,1415.0,1358.3499755859375,1409.0,13736134
2024-06-05,1344.2672119140625,1430.0999755859375,1438.0,1400.1500244140625,1400.1500244140625,9233424
2024-06-06,1383.8876953125,1472.25,1474.300048828125,1437.5,1444.949951171875,12660930
2024-06-07,1441.5552978515625,1533.5999755859375,1539.699951171875,1477.25,1481.0,24075302
2024-06-10,1409.737060546875,1499.75,1529.800048828125,1497.300048828125,1525.300048828125,6810606
2024-06-11,1405.97705078125,1495.75,1506.449951171875,1493.949951171875,1500.050048828125,4853054
2024-06-12,1396.060302734375,1485.199951171875,1508.75,1482.75,1507.0,9564320
2024-06-13,1404.2850341796875,1493.949951171875,1505.0,1489.3499755859375,1495.0,7307565
2024-06-14,1399.5382080078125,1488.9000244140625,1503.699951171875,1486.050048828125,1503.699951171875,4237727
2024-06-18,1408.280029296875,1498.199951171875,1507.0,1495.4000244140625,1497.0,5420939
2024-06-19,1420.640625,1511.3499755859375,1515.6500244140625,1496.699951171875,1505.0,5493456
2024-06-20,1424.4476318359375,1515.4000244140625,1517.5,1499.0999755859375,1516.300048828125,7927010
2024-06-21,1440.7093505859375,1532.699951171875,1557.75,1523.699951171875,1545.0,17301941
2024-06-24,1435.492431640625,1527.1500244140625,1529.0999755859375,1515.4000244140625,1524.550048828125,5564989
2024-06-25,1449.404296875,1541.949951171875,1543.9000244140625,1520.3499755859375,1526.0,4551525
2024-06-26,1448.2291259765625,1540.699951171875,1548.8499755859375,1535.0,1541.0,4851004
2024-06-27,1478.9195556640625,1573.3499755859375,1578.4000244140625,1532.050048828125,1538.449951171875,14757754
2024-06-28,1472.7156982421875,1566.75,1588.5,1564.25,1572.550048828125,8197544
2024-07-01,1495.3223876953125,1590.800048828125,1599.9000244140625,1559.5,1559.5,6801771
2024-07-02,1523.7567138671875,1621.050048828125,1633.800048828125,1586.5,1596.199951171875,10493173
2024-07-03,1529.7257080078125,1627.4000244140625,1636.0,1606.0,1625.0,7269965
2024-07-04,1551.5802001953125,1650.6500244140625,1660.0,1628.0,1628.199951171875,8008311
2024-07-05,1548.572265625,1647.449951171875,1665.8499755859375,1633.3499755859375,1651.449951171875,7065022
2024-07-08,1561.9200439453125,1661.6500244140625,1666.0,1640.0,1643.0999755859375,5880533
2024-07-09,1557.6900634765625,1657.1500244140625,1666.75,1651.0,1659.9000244140625,5191182
2024-07-10,1549.32421875,1648.25,1674.0,1637.550048828125,1657.0,9852770
2024-07-11,1553.5069580078125,1652.699951171875,1665.0,1642.050048828125,1656.0,8857679
2024-07-12,1609.0130615234375,1711.75,1719.75,1666.6500244140625,1680.0,17078316
2024-07-15,1604.59521484375,1707.050048828125,1728.0,1702.6500244140625,1726.199951171875,6942230
2024-07-16,1622.454833984375,1726.050048828125,1737.9000244140625,1700.0,1718.5999755859375,6886281
2024-07-18,1652.5343017578125,1758.050048828125,1765.4000244140625,1719.0,1719.0,11248896
2024-07-19,1685.339599609375,1792.949951171875,1844.0,1786.449951171875,1844.0,29819116
2024-07-22,1702.1651611328125,1810.8499755859375,1823.0,1792.949951171875,1800.1500244140625,8462126
2024-07-23,1726.651611328125,1836.9000244140625,1839.949951171875,1783.25,1810.0,7113056
2024-07-24,1723.8787841796875,1833.949951171875,1842.3499755859375,1819.5999755859375,1837.5,6002845
2024-07-25,1715.324951171875,1824.8499755859375,1830.9000244140625,1812.0,1820.0,5815599
2024-07-26,1766.1309814453125,1878.9000244140625,1883.0,1825.3499755859375,1825.3499755859375,11369047
2024-07-29,1758.7991943359375,1871.0999755859375,1903.0,1864.0,1893.5999755859375,4635931
2024-07-30,1764.48583984375,1877.1500244140625,1879.949951171875,1860.0,1871.0999755859375,2721265
2024-07-31,1756.1201171875,1868.25,1885.1500244140625,1865.050048828125,1877.0,5004209
2024-08-01,1741.409423828125,1852.5999755859375,1867.9000244140625,1845.0999755859375,1856.0999755859375,7475014
2024-08-02,1711.89404296875,1821.199951171875,1859.5,1816.1500244140625,1843.0,7400938
2024-08-05,1646.75341796875,1751.9000244140625,1797.5,1718.550048828125,1784.949951171875,10736703
2024-08-06,1646.0013427734375,1751.0999755859375,1796.949951171875,1744.8499755859375,1760.199951171875,7690163
2024-08-07,1684.11767578125,1791.6500244140625,1797.9000244140625,1762.0999755859375,1796.0,5094329
2024-08-08,1638.5284423828125,1743.1500244140625,1779.949951171875,1727.0999755859375,1779.949951171875,6227910
2024-08-09,1664.471923828125,1770.75,1780.75,1756.0,1771.25,4258524
2024-08-12,1689.5224609375,1797.4000244140625,1803.5,1768.0999755859375,1773.050048828125,4315329
2024-08-13,1689.5694580078125,1797.449951171875,1810.0,1789.050048828125,1810.0,4176918
2024-08-14,1713.821044921875,1823.25,1825.0,1797.449951171875,1802.0,7450718
2024-08-16,1747.378173828125,1858.949951171875,1861.8499755859375,1829.5,1850.0,7335657
2024-08-19,1752.877197265625,1864.800048828125,1867.550048828125,1849.199951171875,1860.0,2585989
2024-08-20,1759.8328857421875,1872.199951171875,1885.699951171875,1868.199951171875,1880.0,3870333
2024-08-21,1760.302978515625,1872.699951171875,1879.0,1867.0999755859375,1875.0999755859375,1966902
2024-08-22,1767.39990234375,1880.25,1893.6500244140625,1869.699951171875,1884.0,4300287
2024-08-23,1750.3392333984375,1862.0999755859375,1882.5999755859375,1857.0,1878.199951171875,5015935
2024-08-26,1763.5460205078125,1876.1500244140625,1888.75,1864.0,1870.0,3728589
2024-08-27,1786.0584716796875,1900.0999755859375,1902.75,1873.9000244140625,1876.1500244140625,3830679
2024-08-28,1822.7177734375,1939.0999755859375,1951.0,1897.4000244140625,1906.9000244140625,6514531
2024-08-29,1817.3128662109375,1933.3499755859375,1950.5,1920.9000244140625,1933.0,7228284
2024-08-30,1827.0416259765625,1943.699951171875,1950.0,1928.0,1938.0,13466759
2024-09-02,1846.5933837890625,1964.5,1975.75,1942.800048828125,1943.3499755859375,5573739
2024-09-03,1824.73876953125,1941.25,1967.0,1936.449951171875,1967.0,4694322
2024-09-04,1807.06689453125,1922.449951171875,1927.199951171875,1900.050048828125,1921.0999755859375,4778310
2024-09-05,1817.1248779296875,1933.1500244140625,1940.0,1909.5999755859375,1926.25,4081810
2024-09-06,1787.7034912109375,1901.8499755859375,1936.5,1896.8499755859375,1922.0,5848106
2024-09-09,1780.9356689453125,1894.6500244140625,1920.8499755859375,1889.0,1890.0,4772612
2024-09-10,1797.5263671875,1912.300048828125,1935.0,1896.0,1904.9000244140625,6909600
2024-09-11,1795.50537109375,1910.1500244140625,1926.0,1905.0,1914.699951171875,5312946
2024-09-12,1833.3865966796875,1950.449951171875,1956.4000244140625,1910.800048828125,1925.0,8555092
2024-09-13,1827.417724609375,1944.0999755859375,1958.5999755859375,1935.6500244140625,1950.449951171875,3843127
2024-09-16,1833.1986083984375,1950.25,1952.0,1933.050048828125,1945.75,1570181
2024-09-17,1835.360595703125,1952.550048828125,1958.449951171875,1942.1500244140625,1947.75,2793127
2024-09-18,1778.585693359375,1892.1500244140625,1938.75,1881.300048828125,1938.75,6385468
2024-09-19,1780.5125732421875,1894.199951171875,1924.9000244140625,1878.800048828125,1910.5999755859375,7976570
2024-09-20,1791.3695068359375,1905.75,1915.0,1867.4000244140625,1905.0,15242974
2024-09-23,1782.6275634765625,1896.449951171875,1918.9000244140625,1878.449951171875,1909.0,3636672
2024-09-24,1784.6485595703125,1898.5999755859375,1910.9000244140625,1871.4000244140625,1888.0,7277616
2024-09-25,1781.546630859375,1895.300048828125,1901.5999755859375,1876.800048828125,1886.3499755859375,4268341
2024-09-26,1786.1995849609375,1900.25,1917.949951171875,1893.0,1897.800048828125,8952803
2024-09-27,1792.3094482421875,1906.75,1974.5999755859375,1903.300048828125,1932.0999755859375,14908931
2024-09-30,1763.029052734375,1875.5999755859375,1901.25,1870.5,1880.0,6986955
2024-10-01,1790.0533447265625,1904.3499755859375,1908.949951171875,1875.0,1875.0,4029072
2024-10-03,1779.7606201171875,1893.4000244140625,1911.8499755859375,1881.0,1889.5,7503887
2024-10-04,1803.025146484375,1918.1500244140625,1954.0999755859375,1886.0,1889.550048828125,10001483
2024-10-07,1818.2060546875,1934.300048828125,1942.0,1916.050048828125,1923.199951171875,6112575
2024-10-08,1831.6007080078125,1948.550048828125,1957.949951171875,1906.3499755859375,1937.9000244140625,5637391
2024-10-09,1835.548583984375,1952.75,1977.0,1945.0999755859375,1952.550048828125,4857163
2024-10-10,1803.82421875,1919.0,1964.0,1914.0999755859375,1957.9000244140625,4782119
2024-10-11,1818.9578857421875,1935.0999755859375,1947.0,1910.0999755859375,1918.0,4709431
2024-10-14,1841.3294677734375,1958.9000244140625,1969.5,1931.0999755859375,1932.1500244140625,3751378
2024-10-15,1841.70556640625,1959.300048828125,1991.449951171875,1951.75,1960.0,5353705
2024-10-16,1804.8582763671875,1920.0999755859375,1959.550048828125,1916.3499755859375,1955.0,3111512
2024-10-17,1849.977294921875,1968.0999755859375,1978.0,1930.1500244140625,1935.199951171875,8162822
2024-10-18,1766.788818359375,1879.5999755859375,1936.8499755859375,1869.25,1893.800048828125,10526196
2024-10-21,1741.5504150390625,1852.75,1898.800048828125,1838.0,1891.0999755859375,4654601
2024-10-22,1740.4693603515625,1851.5999755859375,1877.800048828125,1846.949951171875,1858.199951171875,4125240
2024-10-23,1760.9610595703125,1873.4000244140625,1886.0,1844.0,1845.25,4311910
2024-10-24,1751.5142822265625,1863.3499755859375,1884.0,1860.0,1861.4000244140625,2906475
2024-10-25,1750.2923583984375,1862.050048828125,1876.3499755859375,1846.4000244140625,1863.449951171875,4689120
2024-10-28,1753.3941650390625,1865.3499755859375,1881.9000244140625,1857.0,1859.699951171875,7018940
2024-10-29,1748.59326171875,1839.300048828125,1851.5999755859375,1829.0,1846.0,4621252
2024-10-30,1713.227783203125,1802.0999755859375,1839.0,1796.3499755859375,1832.0,5919715
2024-10-31,1670.589599609375,1757.25,1787.9000244140625,1746.5,1787.9000244140625,7395236
2024-11-01,1674.011962890625,1760.8499755859375,1766.0,1752.050048828125,1764.5,371966
2024-11-04,1676.6739501953125,1763.6500244140625,1767.0,1718.0,1724.5,7336722
2024-11-05,1667.68994140625,1754.199951171875,1768.449951171875,1745.0,1760.0,3160880
2024-11-06,1733.7625732421875,1823.699951171875,1827.199951171875,1762.6500244140625,1764.0,10421494
2024-11-07,1714.1309814453125,1803.050048828125,1825.699951171875,1787.0,1812.949951171875,4550965
2024-11-08,1739.704345703125,1829.949951171875,1840.5999755859375,1813.1500244140625,1818.0,4210960
2024-11-11,1768.367431640625,1860.0999755859375,1868.0,1822.550048828125,1829.0,3804234
2024-11-12,1776.638427734375,1868.800048828125,1881.0,1861.0,1871.0999755859375,5012450
2024-11-13,1776.2581787109375,1868.4000244140625,1873.199951171875,1856.300048828125,1861.0999755859375,4257495
2024-11-14,1772.5980224609375,1864.550048828125,1876.0,1856.0,1865.5999755859375,4311431
2024-11-18,1722.1165771484375,1811.449951171875,1849.199951171875,1795.0,1849.199951171875,4839244
2024-11-19,1734.7607421875,1824.75,1859.699951171875,1820.550048828125,1825.5,4669769
2024-11-21,1743.6021728515625,1834.050048828125,1867.0,1820.5999755859375,1842.0,5436504
2024-11-22,1808.4388427734375,1902.25,1914.050048828125,1834.0,1854.0999755859375,6301486
2024-11-25,1796.5076904296875,1889.699951171875,1919.300048828125,1882.0,1916.0,12764638
2024-11-26,1829.2587890625,1924.1500244140625,1938.5999755859375,1897.300048828125,1904.949951171875,6850495
2024-11-27,1829.5914306640625,1924.5,1941.4000244140625,1911.75,1930.0999755859375,4447143
2024-11-28,1765.0875244140625,1856.6500244140625,1914.9000244140625,1851.6500244140625,1914.9000244140625,8468790
2024-11-29,1766.2283935546875,1857.8499755859375,1877.0,1845.0,1851.0999755859375,5244346
2024-12-02,1787.095947265625,1879.800048828125,1882.800048828125,1835.199951171875,1859.0,2868263
2024-12-03,1798.789306640625,1892.0999755859375,1899.75,1871.1500244140625,1887.0,4715792
2024-12-04,1796.0799560546875,1889.25,1913.949951171875,1875.0,1884.0,4705573
2024-12-05,1839.4310302734375,1934.8499755859375,1949.9000244140625,1888.949951171875,1900.0,9050038
2024-12-06,1827.5950927734375,1922.4000244140625,1937.949951171875,1912.4000244140625,1932.800048828125,3573331
2024-12-09,1828.783447265625,1923.6500244140625,1930.199951171875,1897.199951171875,1924.199951171875,4274645
2024-12-10,1852.45556640625,1948.550048828125,1965.5999755859375,1932.0,1939.0,6174921
2024-12-11,1876.79296875,1974.1500244140625,1978.0,1952.0,1955.0,5025612
2024-12-12,1889.0091552734375,1987.0,1998.800048828125,1970.550048828125,1975.199951171875,6462130
2024-12-13,1901.0828857421875,1999.699951171875,2006.449951171875,1953.800048828125,1969.75,5362693
2024-12-16,1882.4019775390625,1980.050048828125,1999.5999755859375,1977.5999755859375,1995.449951171875,3119221
2024-12-17,1879.1221923828125,1976.5999755859375,1982.0,1958.0,1968.0,5811050
2024-12-18,1881.54638671875,1979.1500244140625,1984.949951171875,1961.5999755859375,1966.800048828125,3064095
2024-12-19,1850.2213134765625,1946.199951171875,1959.75,1920.0,1934.0,5323592
2024-12-20,1827.3572998046875,1922.1500244140625,1979.949951171875,1911.25,1975.1500244140625,11056720
2024-12-23,1829.4014892578125,1924.300048828125,1940.0,1909.0,1930.050048828125,2781793
2024-12-24,1814.9034423828125,1909.050048828125,1942.0,1840.0,1927.050048828125,2360544
2024-12-26,1813.3348388671875,1907.4000244140625,1919.75,1902.300048828125,1909.050048828125,3623321
2024-12-27,1822.2236328125,1916.75,1924.1500244140625,1903.9000244140625,1909.4000244140625,3937500
2024-12-30,1812.00390625,1906.0,1916.0,1886.5,1915.699951171875,7789055
2024-12-31,1787.2860107421875,1880.0,1897.0,1845.050048828125,1892.300048828125,3613063
2025-01-01,1789.6627197265625,1882.5,1892.949951171875,1874.0,1874.0,1838368
2025-01-02,1861.296875,1957.8499755859375,1962.6500244140625,1885.300048828125,1887.0,7083645
2025-01-03,1843.1387939453125,1938.75,1952.949951171875,1922.0,1952.949951171875,6218003
2025-01-06,1842.2830810546875,1937.8499755859375,1973.0,1928.0,1952.0,7164403
2025-01-07,1835.62841796875,1930.8499755859375,1958.550048828125,1923.6500244140625,1945.0,4294832
2025-01-08,1837.81494140625,1933.1500244140625,1938.5999755859375,1888.75,1930.0,5482050
2025-01-09,1822.74658203125,1917.300048828125,1951.8499755859375,1910.550048828125,1934.050048828125,6833503
2025-01-10,1869.947998046875,1966.949951171875,1977.800048828125,1932.25,1937.0,8036913
2025-01-13,1865.4322509765625,1962.199951171875,1982.800048828125,1949.0,1956.0,5804152
2025-01-14,1844.374755859375,1940.050048828125,1971.800048828125,1931.0999755859375,1968.8499755859375,5792162
2025-01-15,1853.501220703125,1949.6500244140625,1958.050048828125,1937.0999755859375,1947.0,2985439
2025-01-16,1833.3466796875,1928.449951171875,1966.949951171875,1916.8499755859375,1965.949951171875,7533579
2025-01-17,1725.9193115234375,1815.449951171875,1858.0,1812.0,1851.0,16409953
2025-01-20,1723.8756103515625,1813.300048828125,1827.949951171875,1793.1500244140625,1822.949951171875,4333011
2025-01-21,1711.896728515625,1800.699951171875,1831.6500244140625,1793.050048828125,1819.050048828125,7169109
2025-01-22,1764.8973388671875,1856.449951171875,1865.800048828125,1805.1500244140625,1807.4000244140625,8373913
2025-01-23,1773.4534912109375,1865.449951171875,1879.550048828125,1852.699951171875,1858.0,5907471
2025-01-24,1782.96044921875,1875.449951171875,1894.9000244140625,1864.25,1865.5,4887027
2025-01-27,1732.146484375,1822.0,1863.0,1812.0,1848.75,7652371
2025-01-28,1739.5142822265625,1829.75,1863.5,1824.9000244140625,1830.0,6999495
2025-01-29,1788.474365234375,1881.25,1888.6500244140625,1840.5,1845.0,5145155
2025-01-30,1768.2247314453125,1859.949951171875,1887.199951171875,1844.0,1873.1500244140625,7336056
2025-01-31,1787.095947265625,1879.800048828125,1897.449951171875,1871.0,1871.0,5820470
2025-02-01,1760.0489501953125,1851.3499755859375,1890.5999755859375,1846.0,1880.300048828125,1701402
2025-02-03,1771.4097900390625,1863.300048828125,1876.550048828125,1832.4000244140625,1836.0,4823228
2025-02-04,1805.1590576171875,1898.800048828125,1911.199951171875,1875.0,1889.0,7334787
2025-02-05,1803.4952392578125,1897.050048828125,1919.699951171875,1894.300048828125,1906.0,4996744
2025-02-06,1821.177978515625,1915.6500244140625,1924.0,1900.0,1917.0,4765255
2025-02-07,1809.769775390625,1903.6500244140625,1923.699951171875,1889.449951171875,1919.300048828125,4126260
2025-02-10,1787.5712890625,1880.300048828125,1905.0,1878.5999755859375,1905.0,3828734
2025-02-11,1783.150634765625,1875.6500244140625,1903.0,1870.0,1883.0999755859375,4411601
2025-02-12,1771.26708984375,1863.1500244140625,1894.5999755859375,1847.0,1885.0,5633947
2025-02-13,1752.3485107421875,1843.25,1873.5,1835.6500244140625,1868.5,5237744
2025-02-14,1764.8499755859375,1856.4000244140625,1859.300048828125,1828.3499755859375,1854.0,5292961
2025-02-17,1751.4451904296875,1842.300048828125,1852.75,1822.1500244140625,1838.550048828125,4428956
2025-02-18,1760.619384765625,1851.949951171875,1861.6500244140625,1837.5999755859375,1842.300048828125,4365260
2025-02-19,1721.498779296875,1810.800048828125,1849.199951171875,1805.9000244140625,1847.4000244140625,4611411
2025-02-20,1735.14111328125,1825.1500244140625,1831.0,1805.550048828125,1805.550048828125,2218020
2025-02-21,1725.4915771484375,1815.0,1829.8499755859375,1806.199951171875,1821.800048828125,3379879
2025-02-24,1677.101806640625,1764.0999755859375,1808.0,1750.25,1800.050048828125,7594720
2025-02-25,1680.524169921875,1767.699951171875,1778.449951171875,1745.1500244140625,1745.1500244140625,5092963
2025-02-27,1677.2919921875,1764.300048828125,1775.8499755859375,1751.0999755859375,1755.199951171875,5757079
2025-02-28,1604.4696044921875,1687.699951171875,1755.0999755859375,1682.449951171875,1755.050048828125,12182167
2025-03-03,1624.3388671875,1708.5999755859375,1728.5999755859375,1692.300048828125,1692.300048828125,7504969
2025-03-04,1605.0400390625,1688.300048828125,1699.0,1670.0,1695.0,6759673
2025-03-05,1627.0958251953125,1711.5,1732.949951171875,1692.449951171875,1692.449951171875,8180782
2025-03-06,1631.231201171875,1715.8499755859375,1722.300048828125,1691.0999755859375,1715.0,10610547
2025-03-07,1602.8533935546875,1686.0,1705.0,1675.5,1703.0999755859375,8019331
2025-03-10,1617.5413818359375,1701.449951171875,1719.0,1676.199951171875,1686.0,7558981
2025-03-11,1579.6566162109375,1661.5999755859375,1680.0,1637.050048828125,1680.0,12671234
2025-03-12,1512.3956298828125,1590.8499755859375,1636.9000244140625,1563.800048828125,1636.9000244140625,14870008
2025-03-13,1501.938232421875,1579.8499755859375,1606.050048828125,1570.300048828125,1599.25,7822888
2025-03-17,1511.63525390625,1590.050048828125,1594.0,1545.1500244140625,1545.1500244140625,7526032
2025-03-18,1511.63525390625,1590.050048828125,1590.050048828125,1590.050048828125,1590.050048828125,0
2025-03-19,1508.307861328125,1586.550048828125,1603.0,1572.800048828125,1603.0,7387068
2025-03-20,1535.8778076171875,1615.550048828125,1631.9000244140625,1592.0,1592.0,7186750
2025-03-21,1514.0120849609375,1592.550048828125,1603.9000244140625,1563.6500244140625,1577.949951171875,10074677
2025-03-24,1514.2020263671875,1592.75,1607.0999755859375,1572.699951171875,1597.949951171875,8857726
2025-03-25,1548.1414794921875,1628.449951171875,1636.1500244140625,1605.0,1605.0,9890140
2025-03-26,1520.5716552734375,1599.449951171875,1637.75,1595.0,1626.0,6651302
2025-03-27,1524.469482421875,1603.550048828125,1619.949951171875,1586.0,1595.550048828125,9426573
2025-03-28,1493.1920166015625,1570.6500244140625,1598.449951171875,1560.0,1590.0,6799047
2025-04-01,1451.21923828125,1526.5,1547.4000244140625,1517.8499755859375,1539.25,12680733
2025-04-02,1473.7030029296875,1550.1500244140625,1555.6500244140625,1535.199951171875,1535.199951171875,6193478
2025-04-03,1422.6986083984375,1496.5,1534.6500244140625,1485.050048828125,1534.6500244140625,10459504
2025-04-04,1380.0606689453125,1451.6500244140625,1472.0,1448.0,1460.5,9590254
2025-04-07,1327.867919921875,1396.75,1405.9000244140625,1307.0,1352.0,21715252
2025-04-08,1358.33740234375,1428.800048828125,1456.5,1415.0,1431.0,12805001
2025-04-09,1334.4752197265625,1403.699951171875,1409.449951171875,1381.9000244140625,1405.050048828125,8546854
2025-04-11,1339.941650390625,1409.449951171875,1438.800048828125,1397.050048828125,1411.25,12567440
2025-04-15,1355.675537109375,1426.0,1447.699951171875,1409.0,1445.5999755859375,10178530
2025-04-16,1343.4117431640625,1413.0999755859375,1427.5,1396.800048828125,1425.0,12022740
2025-04-17,1349.49609375,1419.5,1429.800048828125,1378.300048828125,1398.0,14264227
2025-04-21,1379.442626953125,1451.0,1471.800048828125,1410.0,1410.0,15648970
2025-04-22,1352.63330078125,1422.800048828125,1440.0,1419.300048828125,1440.0,9399738
2025-04-23,1402.1639404296875,1474.9000244140625,1487.800048828125,1439.5999755859375,1446.0,11136642
2025-04-24,1398.8365478515625,1471.4000244140625,1482.9000244140625,1461.5,1469.9000244140625,7114292
2025-04-25,1407.2025146484375,1480.199951171875,1501.699951171875,1463.5,1475.5,8329979
2025-04-28,1409.0087890625,1482.0999755859375,1489.5999755859375,1465.300048828125,1480.199951171875,5886253
2025-04-29,1423.6494140625,1497.5,1509.800048828125,1474.0999755859375,1482.0,8056743
2025-04-30,1426.12109375,1500.0999755859375,1508.800048828125,1482.5999755859375,1496.800048828125,7704183
2025-05-02,1432.5858154296875,1506.9000244140625,1523.199951171875,1496.199951171875,1499.699951171875,7402310
2025-05-05,1434.2020263671875,1508.5999755859375,1523.0,1502.800048828125,1515.0,4282493
2025-05-06,1436.958984375,1511.5,1515.5999755859375,1499.0999755859375,1506.0,4270530
2025-05-07,1433.9168701171875,1508.300048828125,1518.800048828125,1496.5999755859375,1500.0,5691799
2025-05-08,1436.864013671875,1511.4000244140625,1516.5,1501.199951171875,1508.0,8424409
2025-05-09,1433.2513427734375,1507.5999755859375,1511.4000244140625,1494.0999755859375,1500.699951171875,4478653
2025-05-12,1546.66796875,1626.9000244140625,1632.0,1532.0,1537.0,11372857
2025-05-13,1491.2430419921875,1568.5999755859375,1612.199951171875,1564.5999755859375,1609.0,12846210
2025-05-14,1513.869384765625,1592.4000244140625,1595.0,1569.5,1574.0,4870057
2025-05-15,1533.453369140625,1613.0,1618.5999755859375,1571.0,1589.800048828125,11151167
2025-05-16,1511.49267578125,1589.9000244140625,1612.5999755859375,1581.5,1612.5999755859375,4576751
2025-05-19,1482.876953125,1559.800048828125,1585.0,1555.699951171875,1576.5,8855798
2025-05-20,1483.637451171875,1560.5999755859375,1583.5,1558.0,1570.0,7143998
2025-05-21,1491.14794921875,1568.5,1571.0,1552.0999755859375,1567.9000244140625,4157309
2025-05-22,1471.18359375,1547.5,1560.800048828125,1540.0,1555.5,6158990
2025-05-23,1487.6304931640625,1564.800048828125,1587.199951171875,1550.0,1550.0,5038421
2025-05-26,1502.5560302734375,1580.5,1583.800048828125,1562.699951171875,1566.5999755859375,3170102
2025-05-27,1492.6690673828125,1570.0999755859375,1582.9000244140625,1556.4000244140625,1579.9000244140625,7775714
2025-05-28,1494.2852783203125,1571.800048828125,1587.699951171875,1570.0,1581.0,3623370
2025-05-29,1507.4046630859375,1585.5999755859375,1608.9000244140625,1576.5999755859375,1589.0,8609500
2025-05-30,1506.5369873046875,1562.699951171875,1572.0,1555.0999755859375,1571.0,13148092
2025-06-02,1497.9569091796875,1553.800048828125,1560.0,1539.0,1560.0,4374509
2025-06-03,1487.5450439453125,1543.0,1567.300048828125,1535.5999755859375,1559.0,6853403
2025-06-04,1495.4503173828125,1551.199951171875,1557.300048828125,1541.4000244140625,1543.0,4548307
2025-06-05,1498.43896484375,1554.300048828125,1567.699951171875,1541.5999755859375,1547.9000244140625,6948539
2025-06-06,1507.5975341796875,1563.800048828125,1568.9000244140625,1543.0999755859375,1554.699951171875,3960020
2025-06-09,1516.3704833984375,1572.9000244140625,1588.0,1571.0,1578.0,2903202
2025-06-10,1538.6402587890625,1596.0,1607.5,1577.5,1584.0,8591925
2025-06-11,1572.4786376953125,1631.0999755859375,1634.5999755859375,1590.0999755859375,1590.0999755859375,10597410
2025-06-12,1550.7874755859375,1608.5999755859375,1628.0,1598.0999755859375,1617.0,10483574
2025-06-13,1544.4246826171875,1602.0,1609.0,1570.199951171875,1576.0,6968315
2025-06-16,1565.441162109375,1623.800048828125,1634.800048828125,1597.0999755859375,1600.0,5591842
2025-06-17,1580.962646484375,1639.9000244140625,1647.4000244140625,1615.5999755859375,1620.699951171875,7622083
2025-06-18,1574.214111328125,1632.9000244140625,1644.699951171875,1621.0,1621.0,5629707
2025-06-19,1560.2352294921875,1618.4000244140625,1630.0,1611.5,1623.9000244140625,5147760
2025-06-20,1564.573486328125,1622.9000244140625,1630.699951171875,1608.9000244140625,1619.0,9202821
2025-06-23,1527.071533203125,1584.0,1601.0,1575.4000244140625,1601.0,7943676
2025-06-24,1524.7576904296875,1581.5999755859375,1609.0,1576.5999755859375,1601.0,8083992
2025-06-25,1556.8609619140625,1614.9000244140625,1619.9000244140625,1585.0999755859375,1590.0,7813533
2025-06-26,1557.9215087890625,1616.0,1624.0,1606.5999755859375,1608.800048828125,6519233
2025-06-27,1550.208984375,1608.0,1629.5999755859375,1602.4000244140625,1619.0,8912268
2025-06-30,1544.2318115234375,1601.800048828125,1615.0,1594.0999755859375,1615.0,6294505
2025-07-01,1549.0521240234375,1606.800048828125,1617.699951171875,1600.5,1609.0,4178937
2025-07-02,1552.619140625,1610.5,1649.0,1603.4000244140625,1618.0,8653641
2025-07-03,1560.5244140625,1618.699951171875,1632.4000244140625,1615.0,1618.5,5259695
2025-07-04,1581.7337646484375,1640.699951171875,1643.4000244140625,1612.300048828125,1625.0,4411273
2025-07-07,1568.526123046875,1627.0,1644.0,1623.0,1640.0,3294523
2025-07-08,1579.8056640625,1638.699951171875,1646.199951171875,1621.5,1628.0,4590681
2025-07-09,1574.9852294921875,1633.699951171875,1638.0,1623.5999755859375,1637.800048828125,4580828
2025-07-10,1557.7286376953125,1615.800048828125,1638.9000244140625,1607.0999755859375,1638.9000244140625,5330179
2025-07-11,1537.579833984375,1594.9000244140625,1607.0999755859375,1563.0,1579.0999755859375,11391755
2025-07-14,1513.8638916015625,1570.300048828125,1591.800048828125,1559.800048828125,1591.800048828125,9173426
2025-07-15,1528.614013671875,1585.5999755859375,1603.5999755859375,1564.0,1565.0999755859375,7614807
2025-07-16,1550.112548828125,1607.9000244140625,1612.0,1578.5,1579.0,6223491
2025-07-17,1526.5894775390625,1583.5,1610.0,1580.0999755859375,1598.0,7374814
2025-07-18,1529.0960693359375,1586.0999755859375,1599.300048828125,1580.0,1592.0999755859375,5161833
2025-07-21,1527.36083984375,1584.300048828125,1589.0,1566.800048828125,1580.0,3682661
2025-07-22,1514.4423828125,1570.9000244140625,1585.800048828125,1565.0,1565.0,8473741
2025-07-23,1517.9129638671875,1574.5,1591.9000244140625,1550.0,1576.300048828125,8035026
2025-07-24,1496.70361328125,1552.5,1582.0,1548.199951171875,1580.0,14169664
2025-07-25,1461.2261962890625,1515.699951171875,1549.5,1511.300048828125,1543.4000244140625,10851259
2025-07-28,1461.515380859375,1516.0,1519.300048828125,1482.5,1513.9000244140625,6439855
2025-07-29,1459.2979736328125,1513.699951171875,1517.199951171875,1496.0999755859375,1512.9000244140625,7070448
2025-07-30,1464.40771484375,1519.0,1521.699951171875,1506.0,1519.9000244140625,5719051
2025-07-31,1454.76708984375,1509.0,1527.0999755859375,1497.0,1509.699951171875,6851407
2025-08-01,1416.782958984375,1469.5999755859375,1498.699951171875,1465.5,1493.9000244140625,8702978
2025-08-04,1427.291259765625,1480.5,1482.800048828125,1451.0,1461.5,8610216
2025-08-05,1407.8173828125,1460.300048828125,1478.699951171875,1455.0,1478.699951171875,10213323
2025-08-06,1385.0654296875,1436.699951171875,1456.0999755859375,1430.300048828125,1452.0,10566934
2025-08-07,1385.25830078125,1436.9000244140625,1442.0,1414.199951171875,1430.0,9892020
2025-08-08,1371.9542236328125,1423.0999755859375,1433.199951171875,1417.0999755859375,1425.0,10048009
2025-08-11,1376.8709716796875,1428.199951171875,1433.4000244140625,1414.0,1419.9000244140625,6625368
2025-08-12,1372.918212890625,1424.0999755859375,1441.0,1421.0,1428.199951171875,9899184
2025-08-13,1375.328369140625,1426.5999755859375,1434.0,1422.4000244140625,1425.0,10318063
2025-08-14,1395.6700439453125,1447.699951171875,1470.0,1426.199951171875,1426.199951171875,12902347
2025-08-18,1384.1978759765625,1435.800048828125,1464.699951171875,1429.5999755859375,1464.699951171875,7254561
2025-08-19,1388.246826171875,1440.0,1449.4000244140625,1432.699951171875,1432.699951171875,3986094
2025-08-20,1442.427001953125,1496.199951171875,1499.0,1440.699951171875,1440.699951171875,10413061
2025-08-21,1442.619873046875,1496.4000244140625,1508.0,1484.300048828125,1508.0,6565539
2025-08-22,1434.0396728515625,1487.5,1504.300048828125,1486.0999755859375,1498.0999755859375,5543397
2025-08-25,1477.0367431640625,1532.0999755859375,1539.0,1506.699951171875,1506.699951171875,10694531
2025-08-26,1474.6265869140625,1529.5999755859375,1538.4000244140625,1518.5999755859375,1523.0,15994798
2025-08-28,1446.1868896484375,1500.0999755859375,1529.5999755859375,1498.0,1529.5999755859375,5443364
2025-08-29,1416.782958984375,1469.5999755859375,1501.9000244140625,1467.699951171875,1501.9000244140625,8169075
2025-09-01,1445.511962890625,1499.4000244140625,1503.4000244140625,1476.199951171875,1476.699951171875,4546057
2025-09-02,1444.837158203125,1498.699951171875,1512.800048828125,1486.300048828125,1499.4000244140625,5218763
2025-09-03,1425.941650390625,1479.0999755859375,1501.9000244140625,1473.0,1500.0,4623483
2025-09-04,1410.420166015625,1463.0,1484.0,1460.0999755859375,1484.0,5787724
2025-09-05,1392.6815185546875,1444.5999755859375,1472.699951171875,1433.0,1470.0,5466487
2025-09-08,1381.4019775390625,1432.9000244140625,1458.0,1428.300048828125,1451.0,3811567
2025-09-09,1450.2359619140625,1504.300048828125,1507.199951171875,1472.5,1481.0,13072640
2025-09-10,1477.518798828125,1532.5999755859375,1534.9000244140625,1509.300048828125,1510.0999755859375,7281071
2025-09-11,1455.4417724609375,1509.699951171875,1527.5,1506.5,1523.9000244140625,8003662
2025-09-12,1470.7703857421875,1525.5999755859375,1542.9000244140625,1521.0999755859375,1537.0,12856963
2025-09-15,1454.1885986328125,1508.4000244140625,1527.5,1501.199951171875,1525.5999755859375,6167414
2025-09-16,1456.9844970703125,1511.300048828125,1514.0,1503.5,1508.4000244140625,8923112
2025-09-17,1467.685546875,1522.4000244140625,1526.699951171875,1514.0,1516.9000244140625,4795698
2025-09-18,1485.2313232421875,1540.5999755859375,1555.0,1538.5,1550.0,9331945
2025-09-19,1484.845703125,1540.199951171875,1551.300048828125,1520.0999755859375,1544.5999755859375,12988129
2025-09-22,1445.6083984375,1499.5,1514.699951171875,1482.0,1482.699951171875,15655204
2025-09-23,1443.6802978515625,1497.5,1513.0,1493.0,1493.0,9832164
2025-09-24,1440.884521484375,1494.5999755859375,1496.699951171875,1482.699951171875,1487.199951171875,4937004
2025-09-25,1431.4368896484375,1484.800048828125,1502.699951171875,1476.5,1489.0,9491867
2025-09-26,1396.8270263671875,1448.9000244140625,1478.699951171875,1441.199951171875,1475.0,8597058
2025-09-29,1389.982177734375,1441.800048828125,1465.0,1436.5,1460.0,10513117
2025-09-30,1389.982177734375,1441.800048828125,1452.199951171875,1438.0999755859375,1443.0,7556305
2025-10-01,1393.8385009765625,1445.800048828125,1449.5,1427.4000244140625,1446.0,6250692
2025-10-03,1394.609619140625,1446.5999755859375,1448.300048828125,1433.199951171875,1439.0,6877533
2025-10-06,1422.9530029296875,1476.0,1478.800048828125,1442.300048828125,1446.5999755859375,4630590
2025-10-07,1406.0819091796875,1458.5,1482.9000244140625,1454.0,1477.699951171875,5570320
2025-10-08,1441.2701416015625,1495.0,1498.0,1455.0,1457.0,4657192
2025-10-09,1455.0562744140625,1509.300048828125,1514.0,1487.0,1502.0,7028753
2025-10-10,1460.4549560546875,1514.9000244140625,1521.699951171875,1498.800048828125,1510.0,3738353
2025-10-13,1439.5347900390625,1493.199951171875,1504.699951171875,1483.4000244140625,1497.0,5859355
2025-10-14,1436.353515625,1489.9000244140625,1514.4000244140625,1486.5,1499.0,5600789
2025-10-15,1421.4105224609375,1474.4000244140625,1488.5999755859375,1467.5,1483.9000244140625,6986098
2025-10-16,1418.61474609375,1471.5,1474.5,1460.5,1473.9000244140625,8005748
2025-10-17,1389.3072509765625,1441.0999755859375,1458.4000244140625,1434.0,1454.9000244140625,16959378
2025-10-20,1408.395751953125,1460.9000244140625,1467.0,1450.0,1453.699951171875,6994246
2025-10-21,1419.482421875,1472.4000244140625,1486.0,1470.0,1478.0,1698704
2025-10-23,1473.566162109375,1528.5,1546.0,1506.0,1510.0,20358624
2025-10-24,1470.57763671875,1525.4000244140625,1543.0,1518.0,1539.5,8652257
2025-10-27,1472.633056640625,1504.5,1515.300048828125,1498.0999755859375,1510.0,7273211
2025-10-28,1468.4241943359375,1500.199951171875,1506.5,1490.5,1499.699951171875,8211019
2025-10-29,1478.408203125,1510.4000244140625,1520.199951171875,1496.9000244140625,1500.199951171875,4884976
2025-10-30,1462.1597900390625,1493.800048828125,1508.199951171875,1489.0999755859375,1507.0,5608867
2025-10-31,1450.9034423828125,1482.300048828125,1497.0999755859375,1480.699951171875,1490.0,4819814
2025-11-03,1454.0355224609375,1485.5,1491.4000244140625,1474.199951171875,1482.300048828125,5470600
2025-11-04,1436.808349609375,1467.9000244140625,1481.9000244140625,1462.9000244140625,1479.699951171875,8691330
2025-11-06,1435.6336669921875,1466.699951171875,1483.0,1461.9000244140625,1478.5999755859375,7944752
2025-11-07,1445.5198974609375,1476.800048828125,1480.9000244140625,1449.0999755859375,1470.0,8765759
2025-11-10,1481.4425048828125,1513.5,1520.0,1490.0,1490.0999755859375,9787975
2025-11-11,1497.88671875,1530.300048828125,1533.4000244140625,1511.0999755859375,1525.0,13692989
2025-11-12,1518.8333740234375,1551.699951171875,1559.199951171875,1538.0999755859375,1540.0,14635417
2025-11-13,1509.14306640625,1541.800048828125,1557.5,1530.300048828125,1557.0999755859375,19655689
2025-11-14,1470.9691162109375,1502.800048828125,1530.0,1488.800048828125,1520.0,9739549
2025-11-17,1475.66748046875,1507.5999755859375,1510.199951171875,1492.5,1496.0,7910354
2025-11-18,1454.91650390625,1486.4000244140625,1506.0,1483.199951171875,1506.0,7525119
2025-11-19,1508.4578857421875,1541.0999755859375,1543.0,1490.5,1490.5,10981126
2025-11-20,1503.955322265625,1536.5,1555.0,1534.0,1555.0,7387584
2025-11-21,1512.2752685546875,1545.0,1551.5,1526.300048828125,1531.0,9186302
2025-11-24,1515.2117919921875,1548.0,1585.0,1541.0,1563.5999755859375,19270381
2025-11-25,1498.1802978515625,1530.5999755859375,1550.5999755859375,1525.9000244140625,1549.0,8107952
2025-11-26,1524.902099609375,1557.9000244140625,1560.300048828125,1532.0999755859375,1532.0999755859375,7575038
2025-11-27,1533.2220458984375,1566.4000244140625,1574.300048828125,1552.199951171875,1564.0,7552252
2025-11-28,1527.055419921875,1560.0999755859375,1568.4000244140625,1557.0,1565.0,4453221
2025-12-01,1530.872802734375,1564.0,1574.0,1556.0,1562.5,5341800
2025-12-02,1527.9364013671875,1561.0,1579.9000244140625,1556.0999755859375,1567.0,6335969
2025-12-03,1545.261474609375,1578.699951171875,1586.0,1554.0999755859375,1555.0999755859375,12895312
2025-12-04,1563.7611083984375,1597.5999755859375,1599.0,1568.0,1568.0,12609619
2025-12-05,1581.9671630859375,1616.199951171875,1631.800048828125,1600.0,1610.0,10344725
2025-12-08,1576.681640625,1610.800048828125,1630.0,1600.199951171875,1617.0999755859375,7550413
2025-12-09,1565.1314697265625,1599.0,1606.9000244140625,1582.4000244140625,1601.199951171875,6957599
2025-12-10,1551.2322998046875,1584.800048828125,1608.0,1582.800048828125,1608.0,5116140
2025-12-11,1564.1527099609375,1598.0,1607.4000244140625,1580.5,1598.0,5159319
2025-12-12,1564.348388671875,1598.199951171875,1601.800048828125,1582.5999755859375,1601.4000244140625,4633912
2025-12-15,1572.766357421875,1606.800048828125,1610.800048828125,1585.0,1585.0,4190558
2025-12-16,1559.1607666015625,1592.9000244140625,1603.0,1585.5999755859375,1600.0,5499258
2025-12-17,1568.0679931640625,1602.0,1606.9000244140625,1586.0,1587.199951171875,4817628
2025-12-18,1592.3427734375,1626.800048828125,1630.0,1606.699951171875,1610.5,6577293
2025-12-19,1603.9906005859375,1638.699951171875,1654.9000244140625,1629.800048828125,1650.0,13149023
2025-12-22,1653.8125,1689.5999755859375,1693.199951171875,1664.0,1664.0,23098923
2025-12-23,1632.9637451171875,1668.300048828125,1679.0,1656.4000244140625,1679.0,6593060
2025-12-24,1628.16748046875,1663.4000244140625,1667.5999755859375,1652.5,1661.0,4271167
2025-12-26,1621.0220947265625,1656.0999755859375,1668.800048828125,1651.699951171875,1663.4000244140625,2006491
2025-12-29,1609.863525390625,1644.699951171875,1673.0999755859375,1637.0999755859375,1658.0,4062817
2025-12-30,1587.2528076171875,1621.5999755859375,1647.9000244140625,1616.800048828125,1647.0,9395937
2025-12-31,1581.1842041015625,1615.4000244140625,1628.5999755859375,1609.199951171875,1621.0,6538656
