Price,Adj Close,Close,High,Low,Open,Volume
Ticker,KOTAKBANK.NS,KOTAKBANK.NS,KOTAKBANK.NS,KOTAKBANK.NS,KOTAKBANK.NS,KOTAKBANK.NS
Date,,,,,,
2020-01-01,332.8424377441406,334.80999755859375,339.3500061035156,334.3999938964844,337.79998779296875,7375280
2020-01-02,332.3453674316406,334.30999755859375,336.70001220703125,332.92999267578125,336.0,9260445
2020-01-03,329.47235107421875,331.4200134277344,334.6000061035156,329.1099853515625,334.19000244140625,7970445
2020-01-06,328.5677185058594,330.510009765625,331.489990234375,327.7200012207031,331.4200134277344,7400435
2020-01-07,332.2062072753906,334.1700134277344,334.95001220703125,330.0799865722656,332.2099914550781,12489655
2020-01-08,329.0249938964844,330.9700012207031,332.2900085449219,327.6000061035156,330.94000244140625,15629655
2020-01-09,331.0530090332031,333.010009765625,334.75,331.739990234375,334.70001220703125,13342120
2020-01-10,334.95989990234375,336.94000244140625,338.3999938964844,334.239990234375,334.82000732421875,12680415
2020-01-13,336.2323913574219,338.2200012207031,340.8999938964844,337.1099853515625,338.3999938964844,9039790
2020-01-14,333.3891906738281,335.3599853515625,339.2200012207031,334.20001220703125,339.20001220703125,10684460
2020-01-15,333.1506042480469,335.1199951171875,337.32000732421875,333.17999267578125,335.19000244140625,12451225
2020-01-16,338.3100891113281,340.30999755859375,341.1199951171875,335.7799987792969,335.7799987792969,16606410
2020-01-17,337.6241760253906,339.6199951171875,341.1700134277344,338.0199890136719,340.7799987792969,11479375
2020-01-20,321.6784362792969,323.5799865722656,341.79998779296875,322.20001220703125,341.79998779296875,40020170
2020-01-21,323.1099548339844,325.0199890136719,326.1199951171875,317.0400085449219,321.0,28727345
2020-01-22,315.2365417480469,317.1000061035156,327.5799865722656,315.20001220703125,326.6400146484375,27395810
2020-01-23,319.2825927734375,321.1700134277344,321.67999267578125,316.260009765625,317.6000061035156,17478415
2020-01-24,326.6589660644531,328.5899963378906,329.79998779296875,317.3999938964844,321.0899963378906,21264685
2020-01-27,321.7679138183594,323.6700134277344,325.79998779296875,321.67999267578125,325.739990234375,9372145
2020-01-28,323.2988586425781,325.2099914550781,327.6000061035156,322.04998779296875,324.0,9905520
2020-01-29,326.16192626953125,328.0899963378906,329.239990234375,324.6099853515625,326.6000061035156,11137465
2020-01-30,323.7362365722656,325.6499938964844,328.05999755859375,323.5,327.55999755859375,7950780
2020-01-31,336.3616943359375,338.3500061035156,345.79998779296875,336.6300048828125,341.92999267578125,47475230
2020-02-03,333.2798767089844,335.25,336.1600036621094,326.79998779296875,329.1199951171875,12551470
2020-02-04,337.6639404296875,339.6600036621094,340.55999755859375,334.0299987792969,336.80999755859375,10352085
2020-02-05,335.9639892578125,337.95001220703125,341.489990234375,335.4200134277344,340.3999938964844,10482560
2020-02-06,332.8324890136719,334.79998779296875,339.5799865722656,333.6000061035156,338.7799987792969,12663090
2020-02-07,328.66705322265625,330.6099853515625,335.5899963378906,328.79998779296875,335.1499938964844,11450755
2020-02-10,331.8979797363281,333.8599853515625,334.9200134277344,329.1400146484375,332.0,6775620
2020-02-11,333.5184326171875,335.489990234375,337.1600036621094,333.30999755859375,336.489990234375,9573830
2020-02-12,340.9644470214844,342.9800109863281,344.0,335.0,336.0199890136719,15052685
2020-02-13,335.97393798828125,337.9599914550781,342.94000244140625,336.4599914550781,342.94000244140625,11234600
2020-02-14,334.2143249511719,336.19000244140625,340.6000061035156,332.7200012207031,339.20001220703125,9460785
2020-02-17,336.2323913574219,338.2200012207031,339.8399963378906,334.45001220703125,337.0,9063825
2020-02-18,336.2125549316406,338.20001220703125,339.9599914550781,335.6600036621094,336.5,11095195
2020-02-19,338.2206115722656,340.2200012207031,348.0,339.0799865722656,348.0,15842670
2020-02-20,335.2084655761719,337.19000244140625,339.8500061035156,335.239990234375,339.4599914550781,10499515
2020-02-24,333.6775207519531,335.6499938964844,336.75,332.4599914550781,334.3999938964844,9630665
2020-02-25,333.19036865234375,335.1600036621094,337.94000244140625,333.6700134277344,335.239990234375,7677775
2020-02-26,331.34130859375,333.29998779296875,335.5400085449219,331.3999938964844,334.0199890136719,12929475
2020-02-27,334.57220458984375,336.54998779296875,337.7799987792969,332.1199951171875,333.20001220703125,13446760
2020-02-28,322.1655578613281,324.07000732421875,332.0199890136719,322.75,330.9800109863281,18716560
2020-03-02,317.9206237792969,319.79998779296875,327.4599914550781,316.8399963378906,326.20001220703125,23814235
2020-03-03,323.34857177734375,325.260009765625,327.2699890136719,317.3999938964844,320.760009765625,14591930
2020-03-04,319.70013427734375,321.5899963378906,326.6199951171875,315.5199890136719,326.44000244140625,12651105
2020-03-05,328.3291015625,330.2699890136719,335.29998779296875,321.6000061035156,323.0,25304810
2020-03-06,324.29296875,326.2099914550781,328.79998779296875,319.6400146484375,321.0400085449219,17711215
2020-03-09,313.7751159667969,315.6300048828125,321.989990234375,308.5199890136719,319.0,27677505
2020-03-11,315.99200439453125,317.8599853515625,320.9800109863281,308.5,315.19000244140625,23571010
2020-03-12,291.2881164550781,293.010009765625,309.2900085449219,270.19000244140625,301.9800109863281,39039565
2020-03-13,292.28216552734375,294.010009765625,301.0,234.41000366210938,280.0,57044450
2020-03-16,275.1136779785156,276.739990234375,288.95001220703125,275.0,283.3999938964844,32902600
2020-03-17,262.9853820800781,264.5400085449219,280.5899963378906,260.6199951171875,278.3999938964844,24105575
2020-03-18,233.0125732421875,234.38999938964844,265.79998779296875,232.4199981689453,265.20001220703125,55827210
2020-03-19,240.74684143066406,242.1699981689453,250.72000122070312,200.1999969482422,219.00999450683594,49586245
2020-03-20,250.98631286621094,252.47000122070312,256.7200012207031,229.3000030517578,243.39999389648438,51895950
2020-03-23,218.35919189453125,219.64999389648438,240.88999938964844,215.6300048828125,227.5,33472025
2020-03-24,229.22496032714844,230.5800018310547,237.0,208.22000122070312,230.6300048828125,36859170
2020-03-25,256.513671875,258.0299987792969,264.79998779296875,225.00999450683594,228.0,32245300
2020-03-26,272.976318359375,274.5899963378906,278.0,250.55999755859375,260.0,36274745
2020-03-27,278.1755676269531,279.82000732421875,290.0,274.9100036621094,287.20001220703125,51116430
2020-03-30,257.219482421875,258.739990234375,276.0,255.16000366210938,269.0400085449219,27851625
2020-03-31,257.6866760253906,259.2099914550781,266.0,257.0,265.6600036621094,22384305
2020-04-01,234.94117736816406,236.3300018310547,258.9800109863281,231.60000610351562,258.9800109863281,54192310
2020-04-03,226.82911682128906,228.1699981689453,236.60000610351562,217.39999389648438,236.3300018310547,50557355
2020-04-07,238.201904296875,239.61000061035156,245.80999755859375,234.1999969482422,244.1999969482422,42762850
2020-04-08,236.13412475585938,237.52999877929688,248.50999450683594,232.07000732421875,236.9600067138672,37025435
2020-04-09,253.0839080810547,254.5800018310547,256.239990234375,238.02000427246094,243.0,40487010
2020-04-13,248.70977783203125,250.17999267578125,251.42999267578125,243.1999969482422,250.0,21252680
2020-04-15,233.37046813964844,234.75,254.19000244140625,230.66000366210938,253.1699981689453,45228380
2020-04-16,224.84088134765625,226.1699981689453,232.99000549316406,222.88999938964844,232.99000549316406,55276025
2020-04-17,235.8557586669922,237.25,239.58999633789062,227.0,237.47000122070312,42926975
2020-04-20,234.16575622558594,235.5500030517578,244.89999389648438,234.4499969482422,244.0,32800900
2020-04-21,224.70167541503906,226.02999877929688,231.0,225.0,230.0,23998980
2020-04-22,229.07583618164062,230.42999267578125,233.35000610351562,221.63999938964844,225.41000366210938,34818460
2020-04-23,248.4612274169922,249.92999267578125,251.0,231.6199951171875,234.39999389648438,52791235
2020-04-24,246.453125,247.91000366210938,251.60000610351562,242.6699981689453,243.8000030517578,33921175
2020-04-27,259.1878662109375,260.7200012207031,264.9800109863281,250.3800048828125,250.3800048828125,38857060
2020-04-28,263.7707214355469,265.3299865722656,267.29998779296875,262.0199890136719,262.0199890136719,33391940
2020-04-29,264.00933837890625,265.57000732421875,270.3999938964844,263.0400085449219,265.3999938964844,33516145
2020-04-30,269.8448181152344,271.44000244140625,276.0,266.80999755859375,268.0,31362610
2020-05-04,254.05813598632812,255.55999755859375,261.17999267578125,252.74000549316406,259.0,25482195
2020-05-05,246.21453857421875,247.6699981689453,260.5799865722656,245.0,259.3999938964844,25024205
2020-05-06,247.7255859375,249.19000244140625,255.47999572753906,242.85000610351562,246.1999969482422,23021370
2020-05-07,238.54983520507812,239.9600067138672,248.0,236.85000610351562,246.10000610351562,34216360
2020-05-08,242.05909729003906,243.49000549316406,248.58999633789062,242.2100067138672,244.39999389648438,17556020
2020-05-11,236.29318237304688,237.69000244140625,250.4600067138672,237.0,248.11000061035156,23370405
2020-05-12,230.07989501953125,231.44000244140625,235.60000610351562,227.39999389648438,235.60000610351562,51342750
2020-05-13,235.9452362060547,237.33999633789062,244.0,234.5399932861328,243.00999450683594,59574620
2020-05-14,233.24119567871094,234.6199951171875,242.8000030517578,233.42999267578125,235.77999877929688,35499850
2020-05-15,234.2751007080078,235.66000366210938,237.97999572753906,230.83999633789062,235.97000122070312,19319900
2020-05-18,221.42108154296875,222.72999572753906,235.1999969482422,222.0,235.0,31987080
2020-05-19,224.76133728027344,226.08999633789062,233.97999572753906,225.05999755859375,230.0,31914605
2020-05-20,230.65650939941406,232.02000427246094,235.60000610351562,223.0,226.0,26271940
2020-05-21,228.69808959960938,230.0500030517578,237.91000366210938,228.9199981689453,233.0,29885640
2020-05-22,230.67637634277344,232.0399932861328,233.44000244140625,223.3000030517578,228.0,25948740
2020-05-26,229.28460693359375,230.63999938964844,235.0,228.91000366210938,232.0,27353985
2020-05-27,242.0789794921875,243.50999450683594,248.60000610351562,232.1999969482422,232.7899932861328,58726830
2020-05-28,244.44497680664062,245.88999938964844,250.97999572753906,241.9199981689453,244.8000030517578,53550015
2020-05-29,243.3614044189453,244.8000030517578,245.9600067138672,240.00999450683594,243.3000030517578,27486760
2020-06-01,248.2126922607422,249.67999267578125,255.83999633789062,247.60000610351562,249.8000030517578,34717880
2020-06-02,267.00164794921875,268.5799865722656,270.6499938964844,259.6099853515625,264.6000061035156,86600150
2020-06-03,275.68035888671875,277.30999755859375,285.6400146484375,268.44000244140625,272.79998779296875,61722075
2020-06-04,265.3116455078125,266.8800048828125,276.010009765625,266.07000732421875,276.010009765625,30020720
2020-06-05,265.98760986328125,267.55999755859375,271.6000061035156,264.20001220703125,268.79998779296875,28440585
2020-06-08,265.77886962890625,267.3500061035156,273.0,263.1000061035156,271.0,26511485
2020-06-09,259.29718017578125,260.8299865722656,272.0,259.82000732421875,268.3900146484375,27386665
2020-06-10,264.8841857910156,266.45001220703125,268.8599853515625,260.7200012207031,260.8999938964844,24381800
2020-06-11,258.2135925292969,259.739990234375,266.8800048828125,257.8399963378906,266.79998779296875,21884065
2020-06-12,254.455810546875,255.9600067138672,257.94000244140625,246.32000732421875,248.0,44962120
2020-06-15,248.31211853027344,249.77999877929688,254.22999572753906,247.44000244140625,254.0,37767895
2020-06-16,253.85934448242188,255.36000061035156,259.1600036621094,247.6199951171875,255.1999969482422,26331460
2020-06-17,247.29811096191406,248.75999450683594,256.989990234375,247.32000732421875,253.88999938964844,27146320
2020-06-18,259.1381530761719,260.6700134277344,261.9800109863281,245.6699981689453,248.0,33362610
2020-06-19,258.9691467285156,260.5,263.1499938964844,255.27000427246094,260.79998779296875,42463075
2020-06-22,269.4770202636719,271.07000732421875,277.0,259.19000244140625,261.9599914550781,38169335
2020-06-23,276.346435546875,277.9800109863281,279.1400146484375,270.010009765625,271.0,23349125
2020-06-24,267.2004699707031,268.7799987792969,279.6000061035156,267.3900146484375,278.3999938964844,26663085
2020-06-25,274.7160339355469,276.3399963378906,277.95001220703125,265.0,267.3999938964844,49925190
2020-06-26,266.4449157714844,268.0199890136719,276.5899963378906,265.3900146484375,276.0,33470980
2020-06-29,269.53668212890625,271.1300048828125,273.3800048828125,262.6000061035156,267.2200012207031,19098405
2020-06-30,270.49102783203125,272.0899963378906,274.5799865722656,269.010009765625,272.9800109863281,23888320
2020-07-01,269.75537109375,271.3500061035156,272.9599914550781,263.20001220703125,263.79998779296875,44697925
2020-07-02,268.8109130859375,270.3999938964844,274.3800048828125,268.4599914550781,271.6300048828125,24964910
2020-07-03,269.1688537597656,270.760009765625,273.739990234375,270.010009765625,271.9800109863281,13840515
2020-07-06,271.97222900390625,273.5799865722656,276.25,272.20001220703125,274.0,16240365
2020-07-07,272.0418395996094,273.6499938964844,274.8800048828125,270.29998779296875,274.0,17871440
2020-07-08,268.9600524902344,270.54998779296875,275.7699890136719,269.6000061035156,273.6000061035156,16915525
2020-07-09,272.02197265625,273.6300048828125,274.9200134277344,269.54998779296875,271.1499938964844,17229575
2020-07-10,268.28399658203125,269.8699951171875,275.0,269.1099853515625,272.67999267578125,15089795
2020-07-13,265.54022216796875,267.1099853515625,272.9800109863281,264.82000732421875,272.0,16783485
2020-07-14,258.1340637207031,259.6600036621094,266.2799987792969,258.6600036621094,265.760009765625,14574715
2020-07-15,256.4837951660156,258.0,262.3900146484375,256.0,261.2799987792969,21862715
2020-07-16,262.9754638671875,264.5299987792969,265.5799865722656,253.39999389648438,257.7200012207031,21020285
2020-07-17,263.9298095703125,265.489990234375,267.5799865722656,260.2200012207031,263.3999938964844,21000815
2020-07-20,262.25970458984375,263.80999755859375,267.3399963378906,261.79998779296875,266.0,17408710
2020-07-21,270.20269775390625,271.79998779296875,272.6000061035156,265.0,265.0199890136719,22021225
2020-07-22,266.8923034667969,268.4700012207031,273.2699890136719,266.19000244140625,273.0,20862875
2020-07-23,273.19500732421875,274.80999755859375,275.9700012207031,267.05999755859375,268.0,21543595
2020-07-24,268.413330078125,270.0,273.0,268.32000732421875,272.0,15561890
2020-07-27,262.9654846191406,264.5199890136719,275.8999938964844,262.0299987792969,273.0,37804195
2020-07-28,275.1832580566406,276.80999755859375,280.3599853515625,263.8800048828125,266.0199890136719,33758855
2020-07-29,276.2569274902344,277.8900146484375,279.5899963378906,269.17999267578125,277.0,20338950
2020-07-30,275.3721923828125,277.0,284.94000244140625,275.20001220703125,279.0199890136719,30485515
2020-07-31,271.5447692871094,273.1499938964844,277.989990234375,270.07000732421875,275.0,16115350
2020-08-03,260.1719970703125,261.7099914550781,271.20001220703125,260.0199890136719,271.20001220703125,26206300
2020-08-04,263.23394775390625,264.7900085449219,266.2699890136719,260.3999938964844,264.0,24732980
2020-08-05,265.27191162109375,266.8399963378906,270.6000061035156,264.3999938964844,266.3999938964844,17378010
2020-08-06,266.4449157714844,268.0199890136719,273.4800109863281,266.1300048828125,269.0,18389150
2020-08-07,266.922119140625,268.5,269.55999755859375,264.6499938964844,268.29998779296875,14035345
2020-08-10,270.44134521484375,272.0400085449219,276.0,269.239990234375,269.79998779296875,14800280
2020-08-11,271.316162109375,272.9200134277344,277.0,271.42999267578125,274.6000061035156,12514625
2020-08-12,265.45086669921875,267.0199890136719,270.9700012207031,266.7099914550781,270.0,19200950
2020-08-13,265.6794738769531,267.25,271.70001220703125,266.7900085449219,268.3800048828125,16656640
2020-08-14,259.9532775878906,261.489990234375,269.3599853515625,260.4599914550781,267.510009765625,16657510
2020-08-17,263.94970703125,265.510009765625,266.7099914550781,262.44000244140625,264.0199890136719,14156700
2020-08-18,272.26055908203125,273.8699951171875,274.989990234375,263.6000061035156,263.7200012207031,21309745
2020-08-19,269.5267333984375,271.1199951171875,276.17999267578125,269.989990234375,274.4700012207031,16983820
2020-08-20,266.09698486328125,267.6700134277344,270.0,266.0299987792969,268.6000061035156,14206945
2020-08-21,266.3057861328125,267.8800048828125,270.3999938964844,266.2099914550781,268.3999938964844,12425830
2020-08-24,275.8194885253906,277.45001220703125,279.29998779296875,268.4700012207031,269.5199890136719,30145690
2020-08-25,278.3743896484375,280.0199890136719,281.0,276.1099853515625,278.3999938964844,22811185
2020-08-26,285.65142822265625,287.3399963378906,288.3299865722656,280.6400146484375,282.0,28593240
2020-08-27,282.3310241699219,284.0,289.1700134277344,282.30999755859375,288.20001220703125,21417855
2020-08-28,291.69573974609375,293.4200134277344,294.79998779296875,280.20001220703125,282.0,53228510
2020-08-31,278.6229553222656,280.2699890136719,300.29998779296875,274.79998779296875,297.6000061035156,34868765
2020-09-01,284.448486328125,286.1300048828125,288.3999938964844,277.2200012207031,283.9700012207031,21291070
2020-09-02,283.02691650390625,284.70001220703125,287.5,281.42999267578125,285.0,16626250
2020-09-03,277.69842529296875,279.3399963378906,287.3999938964844,278.0,286.760009765625,11975745
2020-09-04,274.38800048828125,276.010009765625,278.94000244140625,270.79998779296875,276.0,20508780
2020-09-07,272.1412353515625,273.75,275.79998779296875,271.2799987792969,275.79998779296875,11607735
2020-09-08,268.552490234375,270.1400146484375,274.42999267578125,269.5400085449219,274.3800048828125,14119345
2020-09-09,263.6713562011719,265.2300109863281,270.04998779296875,262.6199951171875,268.6000061035156,17217005
2020-09-10,262.3491516113281,263.8999938964844,268.6099853515625,263.0199890136719,266.0,16449740
2020-09-11,264.5063781738281,266.07000732421875,267.239990234375,262.20001220703125,263.3999938964844,17501570
2020-09-14,259.40655517578125,260.94000244140625,269.5899963378906,260.0,267.3999938964844,19455565
2020-09-15,263.23394775390625,264.7900085449219,265.7699890136719,257.79998779296875,261.6199951171875,25149565
2020-09-16,263.522216796875,265.0799865722656,266.3999938964844,260.1099853515625,264.79998779296875,16429435
2020-09-17,259.486083984375,261.0199890136719,265.32000732421875,260.239990234375,263.0,16544955
2020-09-18,253.9189910888672,255.4199981689453,262.79998779296875,252.5,262.6199951171875,32645685
2020-09-21,256.0563659667969,257.57000732421875,263.8900146484375,254.6300048828125,255.1999969482422,34298955
2020-09-22,252.61666870117188,254.11000061035156,260.29998779296875,252.33999633789062,257.6099853515625,21191625
2020-09-23,253.5809783935547,255.0800018310547,257.489990234375,253.02999877929688,256.010009765625,14176745
2020-09-24,247.7554168701172,249.22000122070312,256.9800109863281,247.1999969482422,253.39999389648438,28080625
2020-09-25,249.13723754882812,250.61000061035156,251.67999267578125,246.1199951171875,251.00999450683594,18199870
2020-09-28,254.23712158203125,255.74000549316406,256.7900085449219,250.72999572753906,251.60000610351562,9460495
2020-09-29,251.16526794433594,252.64999389648438,258.5799865722656,251.82000732421875,257.3599853515625,11747350
2020-09-30,252.14942932128906,253.63999938964844,255.38999938964844,250.39999389648438,252.64999389648438,14753080
2020-10-01,259.47613525390625,261.010009765625,261.9599914550781,255.77999877929688,256.0,15811955
2020-10-05,261.3749084472656,262.9200134277344,266.739990234375,261.7200012207031,262.0,19300040
2020-10-06,266.07708740234375,267.6499938964844,268.3999938964844,262.2099914550781,265.0,13162655
2020-10-07,263.3830261230469,264.94000244140625,268.0,264.3699951171875,267.9800109863281,14173350
2020-10-08,262.4684143066406,264.0199890136719,268.25,262.25,265.29998779296875,25856265
2020-10-09,262.41876220703125,263.9700012207031,267.6499938964844,261.1199951171875,264.6000061035156,26563380
2020-10-12,261.0368957519531,262.5799865722656,271.6400146484375,261.5,265.6000061035156,25875695
2020-10-13,267.4092712402344,268.989990234375,269.94000244140625,261.44000244140625,263.92999267578125,24360745
2020-10-14,269.0793762207031,270.6700134277344,271.6000061035156,264.8299865722656,267.04998779296875,16790105
2020-10-15,260.370849609375,261.9100036621094,273.19000244140625,260.25,270.6700134277344,17482370
2020-10-16,265.7391052246094,267.30999755859375,268.6600036621094,261.70001220703125,261.70001220703125,11790145
2020-10-19,273.721923828125,275.3399963378906,276.0,266.70001220703125,270.0,19853580
2020-10-20,272.1512145996094,273.760009765625,277.20001220703125,271.1000061035156,274.3399963378906,16140555
2020-10-21,277.02239990234375,278.6600036621094,280.0,271.7300109863281,275.0,21402230
2020-10-22,276.97265625,278.6099853515625,281.0,275.510009765625,277.6000061035156,18050460
2020-10-23,274.9844970703125,276.6099853515625,281.5400085449219,275.6499938964844,280.0,11929255
2020-10-26,281.7146911621094,283.3800048828125,285.79998779296875,269.4700012207031,279.79998779296875,40111940
2020-10-27,315.6640319824219,317.5299987792969,320.3999938964844,290.5,290.5,165834400
2020-10-28,308.4466247558594,310.2699890136719,315.0,308.20001220703125,315.0,36224915
2020-10-29,312.33367919921875,314.17999267578125,317.760009765625,305.0,306.3999938964844,36430145
2020-10-30,307.6612854003906,309.4800109863281,314.92999267578125,303.7200012207031,314.79998779296875,21009920
2020-11-02,314.2821350097656,316.1400146484375,320.9599914550781,306.9599914550781,311.0,28562300
2020-11-03,316.84698486328125,318.7200012207031,320.29998779296875,314.0400085449219,316.20001220703125,26303090
2020-11-04,324.2234191894531,326.1400146484375,327.1600036621094,315.6000061035156,317.79998779296875,25440305
2020-11-05,333.12078857421875,335.0899963378906,336.0,326.4100036621094,328.6000061035156,30372525
2020-11-06,341.5906982421875,343.6099853515625,345.0,330.0,332.0,29788295
2020-11-09,343.5988464355469,345.6300048828125,350.3599853515625,340.05999755859375,346.0,26051055
2020-11-10,348.52972412109375,350.5899963378906,358.8900146484375,345.0899963378906,346.20001220703125,40019115
2020-11-11,359.44525146484375,361.57000732421875,363.69000244140625,352.0,354.79998779296875,52671695
2020-11-12,348.8876037597656,350.95001220703125,359.79998779296875,349.69000244140625,359.79998779296875,33875995
2020-11-13,350.5875244140625,352.6600036621094,354.9599914550781,344.07000732421875,349.9800109863281,31322780
2020-11-14,352.02899169921875,354.1099853515625,355.0,352.9800109863281,354.7900085449219,1554265
2020-11-17,357.2183532714844,359.3299865722656,360.3999938964844,352.8999938964844,354.3599853515625,29133725
2020-11-18,363.96844482421875,366.1199951171875,369.9599914550781,356.8299865722656,358.29998779296875,30876240
2020-11-19,363.1234130859375,365.2699890136719,372.1400146484375,363.2099914550781,363.79998779296875,43588840
2020-11-20,375.6593322753906,377.8800048828125,379.79998779296875,362.4200134277344,364.0,45581330
2020-11-23,377.33941650390625,379.57000732421875,381.05999755859375,374.2300109863281,378.4800109863281,52217195
2020-11-24,382.71759033203125,384.9800109863281,389.67999267578125,378.1700134277344,379.20001220703125,44749430
2020-11-25,370.30096435546875,372.489990234375,387.79998779296875,370.6199951171875,387.79998779296875,34185845
2020-11-26,375.5997009277344,377.82000732421875,380.010009765625,370.010009765625,375.0,34322855
2020-11-27,379.17852783203125,381.4200134277344,385.0299987792969,369.3900146484375,379.0,393510620
2020-12-01,372.96527099609375,375.1700134277344,386.0,372.9100036621094,386.0,39778990
2020-12-02,360.70770263671875,362.8399963378906,376.7300109863281,361.79998779296875,376.0,37290055
2020-12-03,362.05975341796875,364.20001220703125,368.79998779296875,362.3399963378906,367.20001220703125,22312640
2020-12-04,367.08001708984375,369.25,371.3999938964844,360.4800109863281,365.6000061035156,19947155
2020-12-07,361.9702453613281,364.1099853515625,371.20001220703125,361.0,369.8900146484375,30160865
2020-12-08,364.60467529296875,366.760009765625,367.79998779296875,363.45001220703125,366.4599914550781,19767180
2020-12-09,374.4962158203125,376.7099914550781,377.79998779296875,367.2200012207031,367.2200012207031,21853220
2020-12-10,378.42303466796875,380.6600036621094,383.9800109863281,371.9700012207031,380.0,23476080
2020-12-11,381.8228759765625,384.0799865722656,385.739990234375,378.70001220703125,378.70001220703125,27332990
2020-12-14,385.5906066894531,387.8699951171875,389.3800048828125,379.79998779296875,386.79998779296875,17284855
2020-12-15,387.9367370605469,390.2300109863281,391.6000061035156,383.8599853515625,389.6000061035156,20709490
2020-12-16,388.2151184082031,390.510009765625,393.0,387.30999755859375,393.0,13823490
2020-12-17,390.77996826171875,393.0899963378906,393.79998779296875,388.510009765625,393.0,17301850
2020-12-18,387.578857421875,389.8699951171875,392.760009765625,384.2699890136719,392.760009765625,16858380
2020-12-21,381.91241455078125,384.1700134277344,391.79998779296875,381.5199890136719,387.0,19707555
2020-12-22,378.3533935546875,380.5899963378906,386.04998779296875,377.2200012207031,386.0,25368720
2020-12-23,381.8924865722656,384.1499938964844,384.9599914550781,378.5,380.20001220703125,11704095
2020-12-24,389.8156433105469,392.1199951171875,395.6000061035156,383.3999938964844,383.6000061035156,16685820
2020-12-28,395.4423828125,397.7799987792969,399.2200012207031,392.4200134277344,392.6000061035156,13715345
2020-12-29,397.5101318359375,399.8599853515625,403.3999938964844,396.6000061035156,396.6000061035156,15764325
2020-12-30,401.2182312011719,403.5899963378906,405.3999938964844,399.79998779296875,400.6400146484375,13287155
2020-12-31,396.7745361328125,399.1199951171875,403.75,397.3999938964844,403.3399963378906,13974145
2021-01-01,396.4663391113281,398.80999755859375,401.5899963378906,398.1400146484375,399.3800048828125,5530495
2021-01-04,390.7997741699219,393.1099853515625,401.19000244140625,391.0,400.79998779296875,15707145
2021-01-05,389.64666748046875,391.95001220703125,392.8800048828125,387.0,391.8999938964844,16316150
2021-01-06,391.76409912109375,394.0799865722656,395.79998779296875,389.67999267578125,394.7799987792969,17262575
2021-01-07,388.1852722167969,390.4800109863281,396.79998779296875,389.5,396.79998779296875,17096585
2021-01-08,391.8237609863281,394.1400146484375,395.20001220703125,389.25,394.3999938964844,16314485
2021-01-11,385.3520202636719,387.6300048828125,393.3800048828125,387.0799865722656,392.0,14977605
2021-01-12,378.45281982421875,380.69000244140625,386.0199890136719,379.1700134277344,385.9599914550781,30177900
2021-01-13,374.2078857421875,376.4200134277344,382.20001220703125,375.3999938964844,382.20001220703125,27915650
2021-01-14,376.3055114746094,378.5299987792969,381.0,374.2099914550781,378.3999938964844,24018190
2021-01-15,370.5893249511719,372.7799987792969,380.79998779296875,370.80999755859375,378.8399963378906,13575820
2021-01-18,367.2192687988281,369.3900146484375,374.45001220703125,367.7699890136719,374.1000061035156,25023140
2021-01-19,375.1821594238281,377.3999938964844,378.3999938964844,369.04998779296875,371.2200012207031,24027570
2021-01-20,374.5061340332031,376.7200012207031,378.0,373.8900146484375,378.0,15207240
2021-01-21,369.3764343261719,371.55999755859375,380.9800109863281,369.1499938964844,380.0,28344310
2021-01-22,363.4515075683594,365.6000061035156,375.0,364.8999938964844,370.0,21490875
2021-01-25,356.7709655761719,358.8800048828125,373.4800109863281,355.0,369.0,33050690
2021-01-27,350.8658752441406,352.94000244140625,364.69000244140625,349.2699890136719,359.6000061035156,39461595
2021-01-28,342.5451354980469,344.57000732421875,352.8900146484375,340.20001220703125,346.20001220703125,30179620
2021-01-29,340.57672119140625,342.5899963378906,349.9700012207031,340.79998779296875,349.9700012207031,25703435
2021-02-01,358.1826171875,360.29998779296875,361.9599914550781,339.2099914550781,346.0,24146050
2021-02-02,370.0723571777344,372.260009765625,375.82000732421875,360.010009765625,366.0,29356685
2021-02-03,368.2630615234375,370.44000244140625,376.6300048828125,364.0,374.0,21446975
2021-02-04,379.83465576171875,382.0799865722656,383.0,366.20001220703125,367.79998779296875,48208370
2021-02-05,394.2096862792969,396.5400085449219,399.70001220703125,382.6300048828125,383.0,81341680
2021-02-08,389.1296691894531,391.42999267578125,406.0,390.29998779296875,400.0,20107375
2021-02-09,387.5390930175781,389.8299865722656,395.0,387.57000732421875,392.0,11154615
2021-02-10,388.1156921386719,390.4100036621094,392.5799865722656,387.3999938964844,390.0,14304705
2021-02-11,389.8951721191406,392.20001220703125,396.95001220703125,388.25,389.8399963378906,11233885
2021-02-12,387.9168701171875,390.2099914550781,395.0,389.20001220703125,392.0,8453765
2021-02-15,394.8558349609375,397.19000244140625,399.79998779296875,391.3999938964844,392.0,14652175
2021-02-16,401.5562438964844,403.92999267578125,409.79998779296875,399.6000061035156,400.0,27400915
2021-02-17,395.5517578125,397.8900146484375,404.70001220703125,393.8299865722656,403.0199890136719,21976120
2021-02-18,386.803466796875,389.0899963378906,396.9700012207031,387.6199951171875,395.8299865722656,17691040
2021-02-19,385.4713134765625,387.75,393.9700012207031,385.0199890136719,388.45001220703125,13678415
2021-02-22,387.6285705566406,389.9200134277344,392.4100036621094,384.32000732421875,387.75,19266380
2021-02-23,372.388671875,374.5899963378906,393.0,373.20001220703125,393.0,27862010
2021-02-24,379.99365234375,382.239990234375,384.79998779296875,370.4100036621094,377.82000732421875,19107080
2021-02-25,376.8721923828125,379.1000061035156,393.0400085449219,377.510009765625,385.3999938964844,28112580
2021-02-26,353.9775085449219,356.07000732421875,373.79998779296875,354.6000061035156,373.79998779296875,42000480
2021-03-01,366.9110412597656,369.0799865722656,370.9800109863281,360.2799987792969,362.20001220703125,16300220
2021-03-02,366.76190185546875,368.92999267578125,373.67999267578125,364.0199890136719,369.0,19185745
2021-03-03,377.6674499511719,379.8999938964844,381.75,370.239990234375,371.0,14378090
2021-03-04,377.3096008300781,379.5400085449219,382.0799865722656,370.0,372.7799987792969,20112570
2021-03-05,382.24041748046875,384.5,385.6600036621094,373.6000061035156,375.1000061035156,27039930
2021-03-08,380.9182434082031,383.1700134277344,389.57000732421875,378.6600036621094,384.0,23490050
2021-03-09,393.464111328125,395.7900085449219,398.20001220703125,383.55999755859375,383.55999755859375,39591725
2021-03-10,390.4817199707031,392.7900085449219,399.8699951171875,391.44000244140625,396.6499938964844,13807350
2021-03-12,384.75555419921875,387.0299987792969,396.0,382.3999938964844,395.79998779296875,13101325
2021-03-15,381.4749450683594,383.7300109863281,388.79998779296875,378.6199951171875,388.79998779296875,13217765
2021-03-16,378.40313720703125,380.6400146484375,388.3399963378906,380.0,385.0199890136719,13846120
2021-03-17,371.4740905761719,373.6700134277344,383.5400085449219,372.20001220703125,380.6400146484375,13474970
2021-03-18,363.9286804199219,366.0799865722656,378.5799865722656,365.0199890136719,376.20001220703125,10987875
2021-03-19,364.6742858886719,366.8299865722656,374.3999938964844,362.80999755859375,363.69000244140625,24015080
2021-03-22,362.3877258300781,364.5299987792969,369.989990234375,361.0,366.6000061035156,12170485
2021-03-23,360.3995361328125,362.5299987792969,368.79998779296875,359.7699890136719,368.79998779296875,21254280
2021-03-24,354.3950500488281,356.489990234375,361.0,354.6700134277344,360.0,15230805
2021-03-25,350.50799560546875,352.5799865722656,359.760009765625,349.0,358.5799865722656,20565065
2021-03-26,352.12841796875,354.2099914550781,358.4800109863281,352.54998779296875,357.0,16553785
2021-03-30,354.15643310546875,356.25,360.3900146484375,355.0,356.4200134277344,27877620
2021-03-31,348.5396728515625,350.6000061035156,355.79998779296875,348.5199890136719,355.760009765625,18991915
2021-04-01,358.7890319824219,360.9100036621094,362.6499938964844,350.1300048828125,354.0,19013260
2021-04-05,349.7723388671875,351.8399963378906,359.9200134277344,346.8800048828125,357.2200012207031,12241205
2021-04-06,351.5816345214844,353.6600036621094,356.2900085449219,345.739990234375,355.20001220703125,14365225
2021-04-07,356.2937927246094,358.3999938964844,362.1400146484375,349.1199951171875,353.2099914550781,15790710
2021-04-08,354.5540771484375,356.6499938964844,364.739990234375,355.739990234375,359.20001220703125,14451450
2021-04-09,357.7352294921875,359.8500061035156,361.2900085449219,348.82000732421875,354.0,15696920
2021-04-12,346.4519958496094,348.5,353.6000061035156,344.6600036621094,351.45001220703125,16641680
2021-04-13,353.0827941894531,355.1700134277344,357.2099914550781,344.69000244140625,349.1600036621094,15593710
2021-04-15,352.5658264160156,354.6499938964844,361.8999938964844,350.5199890136719,360.0,17734430
2021-04-16,350.7466125488281,352.82000732421875,357.6300048828125,352.010009765625,354.79998779296875,14561395
2021-04-19,338.1510009765625,340.1499938964844,344.0,335.0,344.0,19327115
2021-04-20,337.5446472167969,339.5400085449219,346.7200012207031,336.8699951171875,345.0,16585040
2021-04-22,345.1695556640625,347.2099914550781,347.95001220703125,333.8399963378906,337.95001220703125,17952220
2021-04-23,344.8017578125,346.8399963378906,351.2699890136719,344.04998779296875,346.7799987792969,9467250
2021-04-26,349.86181640625,351.92999267578125,356.6000061035156,346.6600036621094,348.0,16265310
2021-04-27,348.0028076171875,350.05999755859375,352.5199890136719,344.9100036621094,350.0,22666800
2021-04-28,360.1609191894531,362.2900085449219,364.79998779296875,350.79998779296875,352.5,20872995
2021-04-29,358.8785400390625,361.0,369.0899963378906,356.1099853515625,365.0199890136719,19800475
2021-04-30,347.7045593261719,349.760009765625,360.3999938964844,347.8900146484375,356.0,13108915
2021-05-03,343.06201171875,345.0899963378906,351.79998779296875,337.0,347.0,27969345
2021-05-04,344.4935607910156,346.5299987792969,352.79998779296875,345.05999755859375,350.20001220703125,21275755
2021-05-05,352.06878662109375,354.1499938964844,355.6000061035156,344.3800048828125,348.20001220703125,12058215
2021-05-06,355.5481872558594,357.6499938964844,358.739990234375,352.6400146484375,356.3399963378906,11901275
2021-05-07,353.9775085449219,356.07000732421875,362.6000061035156,354.70001220703125,359.20001220703125,8053650
2021-05-10,359.7434387207031,361.8699951171875,362.6499938964844,358.1199951171875,361.79998779296875,6662450
2021-05-11,349.02679443359375,351.0899963378906,358.8800048828125,350.6499938964844,355.32000732421875,14779880
2021-05-12,341.7497863769531,343.7699890136719,350.79998779296875,343.1099853515625,350.79998779296875,15909150
2021-05-14,339.3241271972656,341.3299865722656,345.7799987792969,340.2200012207031,345.7799987792969,14689460
2021-05-17,346.7799987792969,348.8299865722656,351.0,342.0,343.3999938964844,21057205
2021-05-18,348.9571838378906,351.0199890136719,354.19000244140625,350.0199890136719,353.6000061035156,23292070
2021-05-19,344.0760192871094,346.1099853515625,350.07000732421875,345.489990234375,349.5899963378906,11860210
2021-05-20,339.6322937011719,341.6400146484375,347.3999938964844,341.0199890136719,346.3999938964844,12990190
2021-05-21,349.4642028808594,351.5299987792969,352.8900146484375,343.1000061035156,343.1000061035156,21465560
2021-05-24,349.3349914550781,351.3999938964844,355.7799987792969,348.3999938964844,352.7300109863281,18069535
2021-05-25,348.04254150390625,350.1000061035156,354.7799987792969,347.6000061035156,354.0799865722656,11008125
2021-05-26,346.08416748046875,348.1300048828125,352.3599853515625,347.3800048828125,352.010009765625,14225500
2021-05-27,353.36114501953125,355.45001220703125,356.69000244140625,345.1400146484375,348.0,26699940
2021-05-28,358.0335388183594,360.1499938964844,362.6000061035156,355.6499938964844,357.20001220703125,16235045
2021-05-31,359.4153747558594,361.5400085449219,362.3599853515625,357.0,359.79998779296875,11554045
2021-06-01,357.2879333496094,359.3999938964844,364.79998779296875,357.6000061035156,363.0,11449080
2021-06-02,354.5242614746094,356.6199951171875,358.6000061035156,354.0,358.6000061035156,15494245
2021-06-03,360.70770263671875,362.8399963378906,365.5899963378906,358.0,358.0,17220655
2021-06-04,360.1112365722656,362.239990234375,364.19000244140625,359.3999938964844,364.0,7543530
2021-06-07,360.8468933105469,362.9800109863281,365.0,361.3999938964844,365.0,5480695
2021-06-08,356.6019592285156,358.7099914550781,363.29998779296875,357.57000732421875,363.0,6655155
2021-06-09,354.4845275878906,356.5799865722656,362.3999938964844,355.0,357.9800109863281,10188570
2021-06-10,357.7948913574219,359.9100036621094,360.6000061035156,355.20001220703125,357.5400085449219,9272445
2021-06-11,356.76104736328125,358.8699951171875,362.0,357.6000061035156,361.79998779296875,8109640
2021-06-14,351.53192138671875,353.6099853515625,357.9800109863281,351.8999938964844,357.9800109863281,12715010
2021-06-15,352.0986328125,354.17999267578125,356.8299865722656,353.20001220703125,355.1600036621094,8679120
2021-06-16,350.05072021484375,352.1199951171875,356.19000244140625,350.6000061035156,354.1700134277344,14227715
2021-06-17,351.13427734375,353.2099914550781,354.3599853515625,347.20001220703125,349.45001220703125,12891210
2021-06-18,350.0208740234375,352.0899963378906,355.3299865722656,346.6499938964844,354.989990234375,13393945
2021-06-21,352.3273010253906,354.4100036621094,355.44000244140625,346.260009765625,348.0,6396605
2021-06-22,349.3548278808594,351.4200134277344,357.0,350.79998779296875,356.0,7858715
2021-06-23,345.2987976074219,347.3399963378906,352.79998779296875,345.45001220703125,352.79998779296875,38011745
2021-06-24,345.5373840332031,347.5799865722656,348.5799865722656,345.44000244140625,347.0,17976965
2021-06-25,344.9607849121094,347.0,350.79998779296875,344.17999267578125,347.0,47888225
2021-06-28,344.57305908203125,346.6099853515625,349.6000061035156,344.44000244140625,347.0,17502535
2021-06-29,339.16510009765625,341.1700134277344,347.6000061035156,340.3999938964844,347.55999755859375,51973310
2021-06-30,339.16510009765625,341.1700134277344,348.70001220703125,339.69000244140625,341.1700134277344,44110495
2021-07-01,341.2030334472656,343.2200012207031,345.0400085449219,341.2300109863281,341.9800109863281,14941930
2021-07-02,341.01416015625,343.0299987792969,345.6000061035156,342.0,345.3999938964844,11212755
2021-07-05,344.1853942871094,346.2200012207031,347.9599914550781,344.29998779296875,345.3999938964844,9438355
2021-07-06,349.0068664550781,351.07000732421875,352.0,345.3999938964844,345.79998779296875,18461110
2021-07-07,350.2892761230469,352.3599853515625,353.70001220703125,348.6300048828125,351.20001220703125,13630910
2021-07-08,344.4239807128906,346.4599914550781,352.6000061035156,345.0,351.6000061035156,11040075
2021-07-09,341.9884033203125,344.010009765625,346.0,342.989990234375,345.79998779296875,8490830
2021-07-12,344.3543701171875,346.3900146484375,348.6000061035156,345.0299987792969,346.3999938964844,8685325
2021-07-13,347.37652587890625,349.42999267578125,350.5,344.7200012207031,348.6000061035156,10333195
2021-07-14,347.5753479003906,349.6300048828125,351.5899963378906,347.1199951171875,348.0,10794920
2021-07-15,347.9530944824219,350.010009765625,351.3999938964844,348.0,351.3999938964844,9752780
2021-07-16,347.84375,349.8999938964844,352.3999938964844,348.0,351.1000061035156,9190250
2021-07-19,342.5351257324219,344.55999755859375,348.0,342.3999938964844,346.7799987792969,10731685
2021-07-20,338.52880859375,340.5299987792969,344.760009765625,339.20001220703125,344.55999755859375,10719295
2021-07-22,339.4335021972656,341.44000244140625,344.3900146484375,340.6300048828125,341.30999755859375,9291265
2021-07-23,342.56494140625,344.5899963378906,345.4599914550781,338.8299865722656,342.0,9979000
2021-07-26,346.07421875,348.1199951171875,350.0,334.6700134277344,342.32000732421875,19695475
2021-07-27,337.59429931640625,339.5899963378906,350.6000061035156,338.7699890136719,350.3999938964844,21505655
2021-07-28,328.62738037109375,330.57000732421875,341.1600036621094,329.20001220703125,341.0,25263775
2021-07-29,326.4004821777344,328.3299865722656,332.79998779296875,327.0199890136719,332.79998779296875,14971325
2021-07-30,329.01507568359375,330.9599914550781,333.9800109863281,325.20001220703125,328.3299865722656,16110005
2021-08-02,331.06298828125,333.0199890136719,335.4599914550781,331.5,333.0,12954880
2021-08-03,335.1487731933594,337.1300048828125,337.8500061035156,333.0,333.0,16150700
2021-08-04,347.9332275390625,349.989990234375,350.6499938964844,337.0,339.739990234375,35020800
2021-08-05,352.2676086425781,354.3500061035156,358.6000061035156,350.510009765625,352.3399963378906,30260460
2021-08-06,353.3511962890625,355.44000244140625,356.94000244140625,351.2300109863281,353.79998779296875,18202345
2021-08-09,354.08685302734375,356.17999267578125,357.9200134277344,352.4200134277344,355.44000244140625,7984430
2021-08-10,360.5188293457031,362.6499938964844,364.9800109863281,355.8599853515625,357.0,22974240
2021-08-11,354.2029724121094,356.1199951171875,364.0,352.42999267578125,364.0,15509515
2021-08-12,355.6153869628906,357.5400085449219,358.20001220703125,352.3999938964844,355.0199890136719,8208450
2021-08-13,355.6750183105469,357.6000061035156,359.79998779296875,354.7699890136719,356.79998779296875,9199585
2021-08-16,354.5511474609375,356.4700012207031,360.239990234375,354.3500061035156,356.79998779296875,7768305
2021-08-17,355.74468994140625,357.6700134277344,359.0,355.4100036621094,355.79998779296875,7096685
2021-08-18,348.0563049316406,349.94000244140625,358.1099853515625,349.1199951171875,357.6700134277344,13818265
2021-08-20,338.8759460449219,340.7099914550781,346.3999938964844,339.3999938964844,346.3999938964844,28216210
2021-08-23,341.5216064453125,343.3699951171875,344.9100036621094,340.0,344.9100036621094,15465845
2021-08-24,339.14447021484375,340.9800109863281,345.0,338.32000732421875,345.0,23539855
2021-08-25,337.6128234863281,339.44000244140625,343.3399963378906,338.79998779296875,341.0,14569050
2021-08-26,337.67242431640625,339.5,343.29998779296875,337.7799987792969,338.760009765625,21912885
2021-08-27,340.86517333984375,342.7099914550781,344.760009765625,339.0,339.0,18306575
2021-08-30,345.3011474609375,347.1700134277344,347.9100036621094,343.19000244140625,343.19000244140625,12806265
2021-08-31,348.8519592285156,350.739990234375,351.9200134277344,347.80999755859375,348.80999755859375,22463045
2021-09-01,347.4495544433594,349.3299865722656,350.7699890136719,347.6000061035156,350.75,36331770
2021-09-02,353.3675231933594,355.2799987792969,357.67999267578125,348.79998779296875,350.3999938964844,28819220
2021-09-03,356.4408874511719,358.3699951171875,362.2900085449219,355.510009765625,358.6000061035156,24225670
2021-09-06,352.99957275390625,354.9100036621094,361.6000061035156,354.0,361.6000061035156,9509655
2021-09-07,351.0699768066406,352.9700012207031,355.8900146484375,349.20001220703125,354.9100036621094,14614185
2021-09-08,361.1156005859375,363.07000732421875,365.6000061035156,351.0,352.0199890136719,76247785
2021-09-09,361.6128845214844,363.57000732421875,368.3399963378906,361.3599853515625,365.20001220703125,18214625
2021-09-13,366.0290222167969,368.010009765625,369.9599914550781,358.95001220703125,365.70001220703125,16358075
2021-09-14,371.5391540527344,373.54998779296875,375.79998779296875,369.0299987792969,370.0,20840400
2021-09-15,372.3249206542969,374.3399963378906,379.69000244140625,371.6000061035156,374.79998779296875,24070115
2021-09-16,379.30712890625,381.3599853515625,382.0,373.6000061035156,375.3999938964844,20643915
2021-09-17,399.42822265625,401.5899963378906,403.3999938964844,382.6000061035156,383.20001220703125,73192445
2021-09-20,398.13525390625,400.2900085449219,407.44000244140625,396.2699890136719,398.0,29405445
2021-09-21,400.0250244140625,402.19000244140625,405.5299987792969,399.2200012207031,403.3999938964844,19334440
2021-09-22,394.97235107421875,397.1099853515625,404.4800109863281,395.760009765625,403.29998779296875,9559045
2021-09-23,402.6209411621094,404.79998779296875,410.3999938964844,398.17999267578125,400.79998779296875,14945535
2021-09-24,403.4365234375,405.6199951171875,410.4700012207031,402.7799987792969,406.0,10574440
2021-09-27,404.4809265136719,406.6700134277344,411.6000061035156,405.1000061035156,406.239990234375,9150320
2021-09-28,411.41339111328125,413.6400146484375,415.55999755859375,402.5799865722656,408.0,19496335
2021-09-29,403.9040222167969,406.0899963378906,412.0,404.0299987792969,411.9800109863281,17101570
2021-09-30,398.9408874511719,401.1000061035156,407.0,399.3599853515625,405.0899963378906,22863740
2021-10-01,396.563720703125,398.7099914550781,402.1600036621094,394.3800048828125,399.3999938964844,16869890
2021-10-04,396.0465087890625,398.19000244140625,402.9800109863281,397.6000061035156,399.0,10215265
2021-10-05,394.3357849121094,396.4700012207031,399.5899963378906,395.1000061035156,398.9800109863281,13599035
2021-10-06,389.0444030761719,391.1499938964844,401.0,388.4200134277344,395.2099914550781,14896375
2021-10-07,388.3879699707031,390.489990234375,396.45001220703125,389.8500061035156,393.6000061035156,11110650
2021-10-08,385.185302734375,387.2699890136719,393.2300109863281,386.20001220703125,390.0,9689170
2021-10-11,392.9532775878906,395.0799865722656,401.0,389.0,389.79998779296875,11880835
2021-10-12,396.8720703125,399.0199890136719,400.79998779296875,393.0,396.0,9454510
2021-10-13,399.70672607421875,401.8699951171875,404.3999938964844,398.9100036621094,400.79998779296875,8712390
2021-10-14,401.38763427734375,403.55999755859375,405.1000061035156,397.0,401.6000061035156,8261780
2021-10-18,400.1543273925781,402.32000732421875,409.3900146484375,401.5899963378906,403.55999755859375,10833895
2021-10-19,404.87872314453125,407.07000732421875,408.989990234375,398.4200134277344,402.3800048828125,8476015
2021-10-20,400.920166015625,403.0899963378906,408.989990234375,399.6400146484375,408.3999938964844,8974465
2021-10-21,426.4420471191406,428.75,431.0,404.3999938964844,406.20001220703125,47477590
2021-10-22,431.9422912597656,434.2799987792969,440.3299865722656,424.54998779296875,430.9800109863281,29659130
2021-10-25,428.5804138183594,430.8999938964844,436.5899963378906,423.010009765625,430.3999938964844,33886310
2021-10-26,439.8096923828125,442.19000244140625,448.0,424.739990234375,430.8999938964844,53345005
2021-10-27,435.2940979003906,437.6499938964844,450.6000061035156,435.32000732421875,440.0,22752840
2021-10-28,417.4407653808594,419.70001220703125,438.0,418.0799865722656,437.6499938964844,15511445
2021-10-29,404.0432434082031,406.2300109863281,419.3900146484375,403.0,415.510009765625,23331725
2021-11-01,413.0644226074219,415.29998779296875,417.3599853515625,406.9599914550781,411.0,9832940
2021-11-02,413.0942687988281,415.3299865722656,418.70001220703125,412.0,413.2300109863281,7681030
2021-11-03,405.31640625,407.510009765625,422.32000732421875,405.6000061035156,416.0,10336455
2021-11-04,409.1854248046875,411.3999938964844,412.3999938964844,407.79998779296875,408.0,1025885
2021-11-08,421.4888610839844,423.7699890136719,425.5199890136719,411.0,411.0,10609980
2021-11-09,417.18218994140625,419.44000244140625,425.3900146484375,416.6600036621094,424.0,8887865
2021-11-10,412.9748840332031,415.2099914550781,418.2699890136719,412.6099853515625,417.0,7228940
2021-11-11,408.6085510253906,410.82000732421875,415.5400085449219,409.510009765625,414.6000061035156,7735765
2021-11-12,412.70635986328125,414.94000244140625,416.0,410.6099853515625,413.6000061035156,7172140
2021-11-15,417.2020263671875,419.4599914550781,421.6000061035156,416.0,416.0199890136719,9096640
2021-11-16,414.3276062011719,416.57000732421875,420.7699890136719,414.0,419.9800109863281,7725535
2021-11-17,408.4096374511719,410.6199951171875,416.3699951171875,409.1000061035156,414.0,7233815
2021-11-18,402.7104797363281,404.8900146484375,412.489990234375,401.7799987792969,410.0,13965995
2021-11-22,388.9847717285156,391.0899963378906,408.79998779296875,388.20001220703125,408.79998779296875,13741645
2021-11-23,394.4451904296875,396.5799865722656,398.6300048828125,386.5400085449219,387.6000061035156,16148125
2021-11-24,400.114501953125,402.2799987792969,404.989990234375,394.0,395.9100036621094,9737415
2021-11-25,404.8289794921875,407.0199890136719,409.6000061035156,402.6099853515625,404.0,15822140
2021-11-26,390.7452087402344,392.8599853515625,401.3999938964844,391.0199890136719,400.3999938964844,13237765
2021-11-29,401.74566650390625,403.9200134277344,409.0,387.44000244140625,398.6000061035156,20859500
2021-11-30,390.267822265625,392.3800048828125,407.9200134277344,389.3800048828125,404.6000061035156,21329080
2021-12-01,388.5670471191406,390.6700134277344,397.17999267578125,388.0,395.79998779296875,12928465
2021-12-02,390.73529052734375,392.8500061035156,396.19000244140625,389.1199951171875,389.510009765625,9664645
2021-12-03,380.7792053222656,382.8399963378906,397.9800109863281,381.0400085449219,393.3399963378906,17458620
2021-12-06,375.0104064941406,377.0400085449219,385.29998779296875,375.3999938964844,384.0,15406680
2021-12-07,385.3444519042969,387.42999267578125,392.760009765625,382.0400085449219,382.3999938964844,36722375
2021-12-08,382.0224304199219,384.0899963378906,394.0,383.0899963378906,394.0,25627975
2021-12-09,381.20684814453125,383.2699890136719,387.3800048828125,377.2200012207031,385.20001220703125,23272265
2021-12-10,377.3079528808594,379.3500061035156,384.0,377.70001220703125,383.0,15274610
2021-12-13,372.60345458984375,374.6199951171875,383.20001220703125,372.45001220703125,382.0,20425550
2021-12-14,366.0986022949219,368.0799865722656,374.79998779296875,363.2099914550781,374.6199951171875,50556260
2021-12-15,371.46954345703125,373.4800109863281,376.3500061035156,367.3500061035156,369.1199951171875,26528735
2021-12-16,370.1466979980469,372.1499938964844,378.19000244140625,370.17999267578125,377.17999267578125,15272310
2021-12-17,356.82879638671875,358.760009765625,371.989990234375,358.0,371.0,14675630
2021-12-20,346.6240539550781,348.5,356.0,344.4800109863281,356.0,16345895
2021-12-21,345.4404296875,347.30999755859375,353.6000061035156,344.20001220703125,352.2099914550781,11321155
2021-12-22,350.5826110839844,352.4800109863281,354.0,346.6300048828125,349.6000061035156,17269195
2021-12-23,353.2084045410156,355.1199951171875,357.739990234375,353.4700012207031,356.9800109863281,9598245
2021-12-24,347.79766845703125,349.67999267578125,356.0,346.0,356.0,11357850
2021-12-27,352.78070068359375,354.69000244140625,355.7900085449219,344.20001220703125,348.6199951171875,8269165
2021-12-28,353.06915283203125,354.9800109863281,357.94000244140625,353.1099853515625,357.0,6428355
2021-12-29,350.9406433105469,352.8399963378906,356.0,350.82000732421875,354.79998779296875,7059540
2021-12-30,349.1602783203125,351.04998779296875,353.989990234375,348.7300109863281,351.79998779296875,12491975
2021-12-31,357.28631591796875,359.2200012207031,360.20001220703125,352.010009765625,352.3999938964844,11064460
2022-01-03,362.92584228515625,364.8900146484375,365.6199951171875,358.32000732421875,359.3999938964844,9925545
2022-01-04,368.5255126953125,370.5199890136719,371.3999938964844,363.05999755859375,366.0,13177875
2022-01-05,382.360595703125,384.42999267578125,385.6700134277344,368.0199890136719,371.3999938964844,21040835
2022-01-06,376.34320068359375,378.3800048828125,383.0,375.0,381.4200134277344,11290150
2022-01-07,378.7998962402344,380.8500061035156,385.0799865722656,376.7200012207031,378.3800048828125,11516755
2022-01-10,387.4928283691406,389.5899963378906,391.05999755859375,380.2699890136719,380.8500061035156,14310435
2022-01-11,385.2748107910156,387.3599853515625,390.8500061035156,384.0400085449219,389.6000061035156,13570095
2022-01-12,389.2135314941406,391.32000732421875,395.2300109863281,389.42999267578125,390.9599914550781,10746980
2022-01-13,383.1960754394531,385.2699890136719,393.3800048828125,384.510009765625,392.0,7435760
2022-01-14,385.5533142089844,387.6400146484375,389.0,379.6000061035156,381.79998779296875,9143810
2022-01-17,385.40411376953125,387.489990234375,390.5899963378906,383.7200012207031,384.3999938964844,8382365
2022-01-18,386.3390808105469,388.42999267578125,395.0,386.0,386.0,10407280
2022-01-19,379.078369140625,381.1300048828125,389.0,380.0199890136719,389.0,7608510
2022-01-20,376.482421875,378.5199890136719,385.0,375.3999938964844,385.0,7449105
2022-01-21,376.711181640625,378.75,380.20001220703125,369.9100036621094,373.6499938964844,8769480
2022-01-24,364.2088317871094,366.17999267578125,377.5799865722656,362.0,376.82000732421875,12737170
2022-01-25,368.9332580566406,370.92999267578125,374.7799987792969,356.44000244140625,362.94000244140625,12845325
2022-01-27,375.8160705566406,377.8500061035156,379.7099914550781,364.2300109863281,368.0,18593095
2022-01-28,377.61627197265625,379.6600036621094,391.3800048828125,377.7300109863281,379.0,24859820
2022-01-31,369.45050048828125,371.45001220703125,387.7799987792969,368.20001220703125,384.0,22583125
2022-02-01,374.4334716796875,376.4599914550781,381.0,366.82000732421875,376.3999938964844,15485430
2022-02-02,386.4286193847656,388.5199890136719,389.6000061035156,379.3800048828125,382.1600036621094,13552540
2022-02-03,379.7547302246094,381.80999755859375,388.489990234375,379.2099914550781,387.9800109863281,11198565
2022-02-04,374.8114929199219,376.8399963378906,383.6000061035156,376.04998779296875,382.79998779296875,8856335
2022-02-07,363.72149658203125,365.69000244140625,378.0,364.0,370.0,10269795
2022-02-08,361.60296630859375,363.55999755859375,369.6099853515625,358.6199951171875,367.0,17846850
2022-02-09,365.0244445800781,367.0,369.55999755859375,364.5299987792969,367.1199951171875,8120290
2022-02-10,371.4297790527344,373.44000244140625,377.7799987792969,366.04998779296875,367.0,12540405
2022-02-11,363.6816711425781,365.6499938964844,370.82000732421875,364.3999938964844,370.82000732421875,9298775
2022-02-14,347.48931884765625,349.3699951171875,364.7699890136719,347.5899963378906,358.010009765625,15134105
2022-02-15,360.6679992675781,362.6199951171875,363.79998779296875,349.2099914550781,351.20001220703125,10276375
2022-02-16,364.039794921875,366.010009765625,370.57000732421875,360.0,363.0199890136719,11348780
2022-02-17,361.50347900390625,363.4599914550781,368.8500061035156,362.0799865722656,367.0,14051145
2022-02-18,363.34356689453125,365.30999755859375,366.20001220703125,361.1700134277344,361.80999755859375,6148340
2022-02-21,363.4530029296875,365.4200134277344,370.260009765625,360.4200134277344,361.6000061035156,6719555
2022-02-22,366.3671569824219,368.3500061035156,369.82000732421875,358.0,358.0,15110375
2022-02-23,375.18939208984375,377.2200012207031,382.57000732421875,370.5799865722656,370.5799865722656,34579605
2022-02-24,357.0376892089844,358.9700012207031,374.8800048828125,355.3500061035156,366.8699951171875,24780215
2022-02-25,369.341064453125,371.3399963378906,373.25,360.2099914550781,364.19000244140625,19969430
2022-02-28,366.56610107421875,368.54998779296875,370.3999938964844,362.94000244140625,367.3999938964844,13562810
2022-03-02,359.25567626953125,361.20001220703125,363.8699951171875,355.05999755859375,362.3599853515625,14154775
2022-03-03,356.5204772949219,358.45001220703125,363.9200134277344,354.5199890136719,362.5899963378906,14810715
2022-03-04,348.5436096191406,350.42999267578125,357.19000244140625,346.739990234375,354.0,12745970
2022-03-07,340.5369567871094,342.3800048828125,346.17999267578125,336.010009765625,338.70001220703125,13489675
2022-03-08,342.764892578125,344.6199951171875,345.8999938964844,334.510009765625,340.0,27182480
2022-03-09,345.94769287109375,347.82000732421875,349.6300048828125,338.3999938964844,344.6199951171875,34597305
2022-03-10,348.98126220703125,350.8699951171875,362.6000061035156,347.20001220703125,360.0,20942345
2022-03-11,350.70196533203125,352.6000061035156,355.9800109863281,347.20001220703125,349.0,12531700
2022-03-14,355.8242492675781,357.75,359.4700012207031,348.3999938964844,349.0899963378906,16583245
2022-03-15,344.8834228515625,346.75,357.989990234375,342.79998779296875,356.79998779296875,24037275
2022-03-16,350.20465087890625,352.1000061035156,354.9599914550781,350.54998779296875,352.0,14636205
2022-03-17,362.0406188964844,364.0,365.5199890136719,356.510009765625,358.0,16795035
2022-03-21,353.50677490234375,355.4200134277344,366.0,354.6000061035156,363.1300048828125,11988495
2022-03-22,359.62371826171875,361.57000732421875,362.7200012207031,351.07000732421875,355.4200134277344,16987280
2022-03-23,352.0447082519531,353.95001220703125,365.45001220703125,351.6000061035156,363.0,16131700
2022-03-24,340.98455810546875,342.8299865722656,345.7799987792969,340.20001220703125,343.0,98550890
2022-03-25,342.5958557128906,344.45001220703125,346.3599853515625,342.3999938964844,345.6000061035156,15195750
2022-03-28,343.18267822265625,345.0400085449219,345.6000061035156,338.4100036621094,345.6000061035156,15351020
2022-03-29,344.137451171875,346.0,348.17999267578125,343.75,347.6000061035156,12928950
2022-03-30,350.72186279296875,352.6199951171875,353.7699890136719,347.20001220703125,349.8800048828125,16790770
2022-03-31,348.8818054199219,350.7699890136719,355.75,349.3999938964844,351.0199890136719,14242040
2022-04-01,353.417236328125,355.3299865722656,356.0,349.1199951171875,349.8599853515625,11868865
2022-04-04,365.2332763671875,367.2099914550781,368.0,347.0,357.3999938964844,19987830
2022-04-05,358.4997253417969,360.44000244140625,367.6099853515625,358.8399963378906,367.2099914550781,10664355
2022-04-06,353.9643249511719,355.8800048828125,358.6000061035156,354.3500061035156,357.5,11745005
2022-04-07,351.3882751464844,353.2900085449219,358.3999938964844,352.6000061035156,354.20001220703125,21943915
2022-04-08,354.9787902832031,356.8999938964844,358.0,351.2200012207031,355.04998779296875,11908355
2022-04-11,354.76995849609375,356.69000244140625,361.2300109863281,352.6600036621094,355.0,9589710
2022-04-12,358.43011474609375,360.3699951171875,362.5299987792969,354.0,354.2099914550781,12061210
2022-04-13,354.0041198730469,355.9200134277344,363.70001220703125,354.54998779296875,361.5400085449219,9618460
2022-04-18,348.1955261230469,350.0799865722656,355.1199951171875,346.0,355.1199951171875,9800705
2022-04-19,339.6617431640625,341.5,353.3399963378906,337.3999938964844,352.6000061035156,11947870
2022-04-20,342.4068298339844,344.260009765625,345.3999938964844,336.67999267578125,342.6000061035156,16007725
2022-04-21,350.2742919921875,352.1700134277344,354.69000244140625,344.80999755859375,345.0,13653455
2022-04-22,343.68988037109375,345.54998779296875,349.7799987792969,344.2799987792969,348.0,11280190
2022-04-25,343.9087219238281,345.7699890136719,347.5799865722656,338.79998779296875,340.5,10746970
2022-04-26,346.663818359375,348.5400085449219,349.6000061035156,346.25,349.2200012207031,7273885
2022-04-27,346.42510986328125,348.29998779296875,350.3999938964844,344.79998779296875,344.79998779296875,14112960
2022-04-28,351.2290954589844,353.1300048828125,354.6000061035156,346.4800109863281,349.79998779296875,11712485
2022-04-29,356.2220764160156,358.1499938964844,362.05999755859375,353.3999938964844,353.7900085449219,18443295
2022-05-02,352.959716796875,354.8699951171875,356.0899963378906,350.010009765625,353.1099853515625,9897330
2022-05-04,353.2084045410156,355.1199951171875,364.739990234375,353.6000061035156,353.6000061035156,28732370
2022-05-05,357.5846862792969,359.5199890136719,364.20001220703125,356.8599853515625,360.20001220703125,17840235
2022-05-06,353.1487121582031,355.05999755859375,358.989990234375,350.0,351.0299987792969,14237415
2022-05-09,351.5970764160156,353.5,356.79998779296875,348.6000061035156,349.0,10846810
2022-05-10,357.4951477050781,359.42999267578125,361.760009765625,353.5,354.0,9949270
2022-05-11,360.0414123535156,361.989990234375,363.6000061035156,359.20001220703125,359.6000061035156,13109420
2022-05-12,350.2842102050781,352.17999267578125,361.32000732421875,351.3999938964844,360.55999755859375,21411340
2022-05-13,353.994140625,355.9100036621094,359.0,351.20001220703125,357.0,13685110
2022-05-16,360.6182861328125,362.57000732421875,365.0,353.2300109863281,356.20001220703125,15195905
2022-05-17,366.0787353515625,368.05999755859375,368.9800109863281,363.5199890136719,364.6000061035156,15103905
2022-05-18,367.3717041015625,369.3599853515625,372.79998779296875,368.1700134277344,369.3900146484375,26608920
2022-05-19,354.7599792480469,356.67999267578125,365.4599914550781,355.6700134277344,362.3999938964844,15541605
2022-05-20,363.8607482910156,365.8299865722656,367.9800109863281,358.8900146484375,362.20001220703125,13248360
2022-05-23,368.8636474609375,370.8599853515625,374.29998779296875,368.25,370.3999938964844,14130390
2022-05-24,374.4931945800781,376.5199890136719,378.0,368.55999755859375,371.5899963378906,17109500
2022-05-25,379.45635986328125,381.510009765625,388.29998779296875,377.260009765625,379.57000732421875,31263010
2022-05-26,379.67510986328125,381.7300109863281,384.3999938964844,376.80999755859375,382.989990234375,24749145
2022-05-27,387.1446838378906,389.239990234375,390.0,382.6000061035156,384.20001220703125,12201835
2022-05-30,378.5910339355469,380.6400146484375,390.3500061035156,379.1099853515625,389.04998779296875,19939000
2022-05-31,367.3816833496094,369.3699951171875,379.2300109863281,365.6700134277344,378.2200012207031,74151530
2022-06-01,371.01202392578125,373.0199890136719,374.79998779296875,367.07000732421875,368.0,11913225
2022-06-02,369.5300598144531,371.5299987792969,375.79998779296875,369.20001220703125,369.6400146484375,13321505
2022-06-03,369.72894287109375,371.7300109863281,375.79998779296875,370.6199951171875,375.79998779296875,9076875
2022-06-06,371.84747314453125,373.8599853515625,375.3999938964844,368.6300048828125,369.0,12940485
2022-06-07,369.6295166015625,371.6300048828125,373.0,366.3999938964844,372.79998779296875,8558195
2022-06-08,367.1131591796875,369.1000061035156,376.0199890136719,367.75,372.0,7328080
2022-06-09,371.0319519042969,373.0400085449219,374.57000732421875,365.5400085449219,367.75,6404340
2022-06-10,356.4309387207031,358.3599853515625,370.8399963378906,356.80999755859375,368.0,14299750
2022-06-13,345.5995788574219,347.4700012207031,350.5199890136719,343.7300109863281,348.6000061035156,11747225
2022-06-14,346.0670471191406,347.94000244140625,349.7300109863281,344.32000732421875,347.1199951171875,7755235
2022-06-15,345.4602966308594,347.3299865722656,350.0,345.7799987792969,347.6000061035156,8850845
2022-06-16,333.3558654785156,335.1600036621094,350.7099914550781,334.0,348.3999938964844,14866460
2022-06-17,332.9181823730469,334.7200012207031,336.739990234375,329.7200012207031,332.20001220703125,15819320
2022-06-20,334.03216552734375,335.8399963378906,337.9700012207031,330.3999938964844,334.7200012207031,8837885
2022-06-21,334.48968505859375,336.29998779296875,341.79998779296875,334.510009765625,338.0,12518015
2022-06-22,332.1424255371094,333.94000244140625,335.1700134277344,330.6000061035156,333.0,8859625
2022-06-23,335.00689697265625,336.82000732421875,339.0,329.760009765625,335.0,12454005
2022-06-24,337.8514709472656,339.67999267578125,342.9800109863281,338.0299987792969,340.0,8088605
2022-06-27,336.4888610839844,338.30999755859375,343.9800109863281,337.0,343.44000244140625,10640560
2022-06-28,331.9633483886719,333.760009765625,338.4700012207031,332.94000244140625,336.9800109863281,13997215
2022-06-29,326.7217102050781,328.489990234375,331.7900085449219,327.3399963378906,330.0,14664150
2022-06-30,330.4316711425781,332.2200012207031,335.3800048828125,326.20001220703125,326.3999938964844,19910320
2022-07-01,331.75445556640625,333.54998779296875,335.8999938964844,327.20001220703125,329.0,11502570
2022-07-04,332.381103515625,334.17999267578125,336.8900146484375,332.010009765625,333.30999755859375,9343905
2022-07-05,330.8195495605469,332.6099853515625,338.9599914550781,331.3900146484375,335.0,13210485
2022-07-06,339.0649719238281,340.8999938964844,342.4800109863281,334.20001220703125,336.3999938964844,27864745
2022-07-07,345.8283386230469,347.70001220703125,348.79998779296875,343.2099914550781,343.6000061035156,15850325
2022-07-08,347.07159423828125,348.95001220703125,351.2900085449219,346.44000244140625,351.0,8890745
2022-07-11,346.3753967285156,348.25,349.3999938964844,345.6400146484375,348.6000061035156,7665895
2022-07-12,341.9394226074219,343.7900085449219,347.79998779296875,342.3900146484375,344.29998779296875,9144160
2022-07-13,346.5345458984375,348.4100036621094,349.19000244140625,344.67999267578125,344.79998779296875,18067340
2022-07-14,352.1043701171875,354.010009765625,355.3999938964844,347.4100036621094,348.0,32854910
2022-07-15,355.6153869628906,357.5400085449219,358.0,354.0,354.4599914550781,11668660
2022-07-18,367.1429748535156,369.1300048828125,370.0,358.8500061035156,360.0,15585190
2022-07-19,365.01446533203125,366.989990234375,370.3999938964844,365.6099853515625,367.0,14475875
2022-07-20,363.58221435546875,365.54998779296875,370.0,363.6199951171875,369.25,12857345
2022-07-21,358.1715087890625,360.1099853515625,365.0,357.55999755859375,365.0,10933370
2022-07-22,363.4530029296875,365.4200134277344,368.3999938964844,357.94000244140625,360.20001220703125,16747900
2022-07-25,357.1768798828125,359.1099853515625,369.760009765625,357.0199890136719,363.20001220703125,9432575
2022-07-26,350.4234619140625,352.32000732421875,358.989990234375,350.3999938964844,358.20001220703125,9012235
2022-07-27,348.9315185546875,350.82000732421875,352.2300109863281,346.4700012207031,352.2300109863281,17398225
2022-07-28,363.7314453125,365.70001220703125,366.3699951171875,353.0,354.9599914550781,10772005
2022-07-29,360.1210021972656,362.07000732421875,371.3800048828125,360.7300109863281,367.5299987792969,11939990
2022-08-01,369.152099609375,371.1499938964844,372.3999938964844,362.3999938964844,363.0,8277685
2022-08-02,374.89105224609375,376.9200134277344,378.6000061035156,366.8399963378906,370.3399963378906,16788030
2022-08-03,368.2270812988281,370.2200012207031,375.9599914550781,368.0,375.0,12678395
2022-08-04,365.1338195800781,367.1099853515625,371.79998779296875,362.8500061035156,371.32000732421875,11805930
2022-08-05,364.8056335449219,366.7799987792969,370.0,364.5299987792969,368.95001220703125,8322855
2022-08-08,366.9142150878906,368.8999938964844,369.8999938964844,363.3599853515625,366.0,7779625
2022-08-10,363.7016296386719,365.6700134277344,369.8500061035156,364.2099914550781,369.6000061035156,8286635
2022-08-11,368.9264831542969,370.70001220703125,371.3299865722656,366.6000061035156,369.79998779296875,13891690
2022-08-12,366.47821044921875,368.239990234375,372.0,367.29998779296875,372.0,6982610
2022-08-16,367.5032653808594,369.2699890136719,372.3599853515625,367.7099914550781,370.0899963378906,6568120
2022-08-17,366.1796569824219,367.94000244140625,370.79998779296875,366.2300109863281,370.79998779296875,16916670
2022-08-18,379.0776672363281,380.8999938964844,382.3999938964844,366.3999938964844,367.79998779296875,18306580
2022-08-19,373.60400390625,375.3999938964844,388.489990234375,374.20001220703125,383.79998779296875,22819530
2022-08-22,364.6570129394531,366.4100036621094,367.6000061035156,362.260009765625,365.3900146484375,20813785
2022-08-23,369.37432861328125,371.1499938964844,373.79998779296875,364.0,364.79998779296875,11071500
2022-08-24,371.73297119140625,373.5199890136719,374.7900085449219,368.2799987792969,370.20001220703125,7078125
2022-08-25,371.9618835449219,373.75,381.0899963378906,371.2300109863281,375.0199890136719,11022045
2022-08-26,378.59002685546875,380.4100036621094,385.3999938964844,373.7799987792969,374.4700012207031,16715440
2022-08-29,368.2298278808594,370.0,375.5899963378906,369.0,371.6000061035156,18198365
2022-08-30,381.2572021484375,383.0899963378906,384.0,371.3999938964844,372.9700012207031,19429250
2022-09-01,378.749267578125,380.57000732421875,385.1000061035156,375.0,375.0,21039210
2022-09-02,381.9339294433594,383.7699890136719,385.79998779296875,380.8800048828125,383.3900146484375,16656880
2022-09-05,385.7257385253906,387.5799865722656,391.3999938964844,382.20001220703125,382.20001220703125,19033850
2022-09-06,381.3070068359375,383.1400146484375,389.989990234375,382.0,388.989990234375,13839270
2022-09-07,379.8240966796875,381.6499938964844,383.0199890136719,377.1400146484375,380.0,9881290
2022-09-08,384.1632385253906,386.010009765625,387.6000061035156,382.3999938964844,384.0199890136719,12060915
2022-09-09,383.4267578125,385.2699890136719,390.1400146484375,383.29998779296875,390.0,14089865
2022-09-12,382.958984375,384.79998779296875,388.79998779296875,383.54998779296875,385.0,7418405
2022-09-13,382.839599609375,384.67999267578125,388.0,384.0299987792969,386.6000061035156,7922905
2022-09-14,389.06964111328125,390.94000244140625,395.55999755859375,378.3999938964844,378.3999938964844,18712145
2022-09-15,384.9792785644531,386.8299865722656,397.44000244140625,384.6000061035156,393.5,18737490
2022-09-16,384.21295166015625,386.05999755859375,396.0,382.0199890136719,385.25,25844110
2022-09-19,384.0537414550781,385.8999938964844,388.0,381.510009765625,384.6199951171875,8379560
2022-09-20,386.0939636230469,387.95001220703125,392.3399963378906,386.6000061035156,388.79998779296875,8063650
2022-09-21,381.8642883300781,383.70001220703125,390.0,379.67999267578125,385.3999938964844,11191380
2022-09-22,376.73895263671875,378.54998779296875,384.9200134277344,376.239990234375,381.1099853515625,9286135
2022-09-23,370.7576904296875,372.5400085449219,377.739990234375,368.3800048828125,374.0199890136719,13068795
2022-09-26,364.0499267578125,365.79998779296875,371.6000061035156,363.3299865722656,367.20001220703125,11425880
2022-09-27,358.1383361816406,359.8599853515625,366.9700012207031,358.4100036621094,366.44000244140625,13700720
2022-09-28,356.80474853515625,358.5199890136719,361.6000061035156,355.0199890136719,358.0,8855585
2022-09-29,351.3708801269531,353.05999755859375,362.0,351.95001220703125,360.3999938964844,13998135
2022-09-30,362.0992736816406,363.8399963378906,365.2900085449219,351.5400085449219,353.6000061035156,14023265
2022-10-03,355.0730895996094,356.7799987792969,362.6000061035156,354.6600036621094,361.6000061035156,12200320
2022-10-04,362.7063903808594,364.45001220703125,365.55999755859375,360.3999938964844,361.6000061035156,8344610
2022-10-06,362.0395812988281,363.7799987792969,368.0,362.3699951171875,365.0,8740755
2022-10-07,363.3333740234375,365.0799865722656,366.0,360.44000244140625,362.1000061035156,5319220
2022-10-10,359.9197998046875,361.6499938964844,364.3500061035156,358.9100036621094,360.2200012207031,5188610
2022-10-11,355.8692321777344,357.5799865722656,361.9700012207031,356.6600036621094,361.9700012207031,7483590
2022-10-12,360.30792236328125,362.0400085449219,362.6000061035156,356.0400085449219,357.6000061035156,5175590
2022-10-13,358.5762023925781,360.29998779296875,363.17999267578125,358.6000061035156,361.0,5864895
2022-10-14,365.0451354980469,366.79998779296875,371.6000061035156,364.5,365.6000061035156,8351190
2022-10-17,369.8520202636719,371.6300048828125,372.44000244140625,364.04998779296875,365.6099853515625,5521415
2022-10-18,370.16058349609375,371.94000244140625,375.17999267578125,371.0199890136719,373.489990234375,8049290
2022-10-19,372.081298828125,373.8699951171875,375.489990234375,371.0,373.79998779296875,4566430
2022-10-20,370.9268798828125,372.7099914550781,376.5899963378906,371.07000732421875,372.0,7955535
2022-10-21,378.7094421386719,380.5299987792969,385.0,373.260009765625,374.0,19709855
2022-10-24,377.3460388183594,379.1600036621094,383.0,378.0,380.5,3245405
2022-10-25,367.5531005859375,369.32000732421875,382.32000732421875,368.3999938964844,382.20001220703125,17558250
2022-10-27,371.2154846191406,373.0,377.6000061035156,369.8900146484375,376.739990234375,22967460
2022-10-28,375.0470886230469,376.8500061035156,378.9700012207031,374.2099914550781,374.79998779296875,15243435
2022-10-31,378.5701599121094,380.3900146484375,382.3999938964844,377.79998779296875,379.79998779296875,9371740
2022-11-01,380.01318359375,381.8399963378906,388.29998779296875,380.67999267578125,381.6000061035156,12727085
2022-11-02,380.1624755859375,381.989990234375,384.0,379.5,383.75,9320405
2022-11-03,378.2118225097656,380.0299987792969,382.6000061035156,378.7200012207031,380.9599914550781,7959355
2022-11-04,378.1719970703125,379.989990234375,381.6000061035156,378.8599853515625,381.20001220703125,10407065
2022-11-07,374.7186279296875,376.5199890136719,382.0,374.3299865722656,381.6000061035156,13123005
2022-11-09,376.8683166503906,378.67999267578125,380.7200012207031,376.1400146484375,379.6000061035156,11613170
2022-11-10,380.600341796875,382.42999267578125,383.0,378.3399963378906,379.0,12550620
2022-11-11,378.00286865234375,379.82000732421875,386.7799987792969,378.17999267578125,386.6000061035156,17120150
2022-11-14,382.7201843261719,384.55999755859375,385.739990234375,380.20001220703125,380.57000732421875,10711335
2022-11-15,380.650146484375,382.4800109863281,386.6600036621094,379.05999755859375,385.0,9951460
2022-11-16,391.2989196777344,393.17999267578125,393.7300109863281,382.7900085449219,382.79998779296875,32188255
2022-11-17,388.2436218261719,390.1099853515625,393.0,388.6499938964844,392.760009765625,12043355
2022-11-18,390.0350036621094,391.9100036621094,399.510009765625,389.5799865722656,392.19000244140625,21360200
2022-11-21,386.95977783203125,388.82000732421875,390.9100036621094,386.55999755859375,390.9100036621094,5963050
2022-11-22,386.0939636230469,387.95001220703125,390.7699890136719,386.0199890136719,390.7699890136719,5833775
2022-11-23,388.8009948730469,390.6700134277344,392.29998779296875,389.1300048828125,390.1000061035156,12502815
2022-11-24,387.10906982421875,388.9700012207031,391.260009765625,386.6099853515625,390.8999938964844,7002105
2022-11-25,383.8348388671875,385.67999267578125,389.79998779296875,384.0,389.79998779296875,10487705
2022-11-28,383.78509521484375,385.6300048828125,388.5899963378906,383.20001220703125,383.20001220703125,7822520
2022-11-29,383.26751708984375,385.1099853515625,387.79998779296875,384.6499938964844,386.32000732421875,6817525
2022-11-30,387.5469970703125,389.4100036621094,391.0,383.20001220703125,387.79998779296875,14753670
2022-12-01,385.0091247558594,386.8599853515625,392.3500061035156,385.57000732421875,391.0,12355025
2022-12-02,384.31256103515625,386.1600036621094,386.9800109863281,383.4200134277344,383.4200134277344,7954840
2022-12-05,385.8352355957031,387.69000244140625,388.7900085449219,384.0,388.3999938964844,6227545
2022-12-06,385.1982727050781,387.04998779296875,388.6199951171875,384.1099853515625,384.1099853515625,6833490
2022-12-07,380.4610595703125,382.2900085449219,386.5,381.1000061035156,386.5,11811400
2022-12-08,377.5848693847656,379.3999938964844,380.9599914550781,375.4200134277344,379.7799987792969,63099190
2022-12-09,375.80340576171875,377.6099853515625,383.3500061035156,375.8500061035156,382.79998779296875,13242275
2022-12-12,371.36474609375,373.1499938964844,375.94000244140625,372.6000061035156,373.0,16407235
2022-12-13,371.9121398925781,373.70001220703125,374.3500061035156,371.6400146484375,372.75,34697825
2022-12-14,372.84765625,374.6400146484375,375.19000244140625,372.75,374.2200012207031,18735705
2022-12-15,370.85723876953125,372.6400146484375,376.3599853515625,370.9800109863281,375.1099853515625,10208995
2022-12-16,366.3488464355469,368.1099853515625,371.3900146484375,367.0400085449219,370.94000244140625,12439140
2022-12-19,369.8520202636719,371.6300048828125,372.79998779296875,368.1000061035156,368.1099853515625,8568235
2022-12-20,367.6526184082031,369.4200134277344,372.3900146484375,366.95001220703125,369.0,7052930
2022-12-21,361.1837158203125,362.9200134277344,372.19000244140625,361.79998779296875,372.1000061035156,11914345
2022-12-22,363.46270751953125,365.2099914550781,367.0,363.79998779296875,365.20001220703125,8570465
2022-12-23,362.64666748046875,364.3900146484375,367.8299865722656,362.3900146484375,363.19000244140625,10510630
2022-12-26,360.9747009277344,362.7099914550781,365.2200012207031,358.8399963378906,364.3900146484375,23733690
2022-12-27,362.4376525878906,364.17999267578125,365.5899963378906,361.3999938964844,364.5299987792969,7741430
2022-12-28,362.2784118652344,364.0199890136719,366.2799987792969,363.04998779296875,364.8800048828125,9521340
2022-12-29,362.00970458984375,363.75,364.0,360.20001220703125,362.8800048828125,10772450
2022-12-30,363.70159912109375,365.45001220703125,367.6000061035156,364.4599914550781,365.0199890136719,13463440
2023-01-02,363.2637023925781,365.010009765625,366.6000061035156,363.2900085449219,365.55999755859375,5625005
2023-01-03,364.8162536621094,366.57000732421875,367.29998779296875,364.20001220703125,364.45001220703125,8317240
2023-01-04,362.4078063964844,364.1499938964844,366.9800109863281,362.7900085449219,366.9800109863281,8320520
2023-01-05,362.3182373046875,364.05999755859375,366.55999755859375,361.2300109863281,364.0,8663090
2023-01-06,355.6502990722656,357.3599853515625,365.20001220703125,354.1300048828125,365.20001220703125,18998275
2023-01-09,360.64630126953125,362.3800048828125,363.20001220703125,357.79998779296875,360.20001220703125,17134340
2023-01-10,357.39190673828125,359.1099853515625,363.20001220703125,357.7799987792969,361.7099914550781,7370655
2023-01-11,358.6459045410156,360.3699951171875,360.8299865722656,356.82000732421875,360.0,8018505
2023-01-12,354.197265625,355.8999938964844,361.3999938964844,354.4800109863281,361.3999938964844,17648025
2023-01-13,354.35650634765625,356.05999755859375,357.4599914550781,351.79998779296875,355.8999938964844,19915985
2023-01-16,355.252197265625,356.9599914550781,359.79998779296875,356.0,357.3999938964844,10590805
2023-01-17,357.8099365234375,359.5299987792969,360.3900146484375,355.32000732421875,356.0,10661970
2023-01-18,358.0985412597656,359.82000732421875,365.3999938964844,359.20001220703125,360.5899963378906,14176160
2023-01-19,351.7689514160156,353.4599914550781,360.70001220703125,353.0,360.70001220703125,22128220
2023-01-20,350.89312744140625,352.5799865722656,355.7799987792969,351.3999938964844,355.7799987792969,21351470
2023-01-23,355.0432434082031,356.75,359.92999267578125,354.0,358.0,38823135
2023-01-24,350.3656921386719,352.04998779296875,358.5400085449219,349.75,358.5400085449219,20795940
2023-01-25,348.28570556640625,349.9599914550781,352.0799865722656,346.6000061035156,351.3999938964844,21401665
2023-01-27,340.9808349609375,342.6199951171875,350.4200134277344,340.79998779296875,350.4200134277344,37584895
2023-01-30,343.5982360839844,345.25,346.1199951171875,336.7699890136719,342.6199951171875,24697780
2023-01-31,344.543701171875,346.20001220703125,347.7200012207031,342.6099853515625,346.1000061035156,21926920
2023-02-01,347.2705993652344,348.94000244140625,356.79998779296875,344.1499938964844,349.0,18260490
2023-02-02,350.6642761230469,352.3500061035156,353.6000061035156,344.0,344.0,20922350
2023-02-03,354.35650634765625,356.05999755859375,356.739990234375,349.0400085449219,354.1199951171875,13376060
2023-02-06,347.7283630371094,349.3999938964844,355.6499938964844,348.0,355.0,15201045
2023-02-07,353.3811950683594,355.0799865722656,356.0,349.4100036621094,350.44000244140625,18215935
2023-02-08,351.4107360839844,353.1000061035156,356.0,352.2200012207031,355.760009765625,7233450
2023-02-09,352.48553466796875,354.17999267578125,355.0400085449219,349.5899963378906,353.5899963378906,10819125
2023-02-10,352.7144470214844,354.4100036621094,355.7300109863281,353.0,353.5799865722656,7229710
2023-02-13,353.062744140625,354.760009765625,356.8900146484375,352.3299865722656,355.0199890136719,11945710
2023-02-14,352.37603759765625,354.07000732421875,355.3999938964844,352.75,354.0,8074465
2023-02-15,355.39154052734375,357.1000061035156,358.0,352.04998779296875,353.69000244140625,12046460
2023-02-16,355.87921142578125,357.5899963378906,360.7799987792969,356.7099914550781,358.79998779296875,11458010
2023-02-17,350.1666564941406,351.8500061035156,358.2799987792969,350.2099914550781,356.6199951171875,12939545
2023-02-20,345.7976379394531,347.4599914550781,353.6099853515625,346.0199890136719,353.6099853515625,16124195
2023-02-21,344.38446044921875,346.0400085449219,349.0,345.010009765625,349.0,14684670
2023-02-22,338.48284912109375,340.1099853515625,345.2200012207031,339.6000061035156,344.7900085449219,17695745
2023-02-23,339.7965087890625,341.42999267578125,342.75,337.54998779296875,341.4800109863281,13850550
2023-02-24,337.8359375,339.4599914550781,344.8500061035156,338.79998779296875,342.6000061035156,10401815
2023-02-27,343.53851318359375,345.19000244140625,345.9599914550781,338.1600036621094,339.6600036621094,11718990
2023-02-28,344.19537353515625,345.8500061035156,348.2799987792969,344.3299865722656,345.19000244140625,21975490
2023-03-01,347.3103942871094,348.9800109863281,350.1199951171875,345.20001220703125,345.8500061035156,28066930
2023-03-02,342.6925964355469,344.3399963378906,349.2699890136719,343.6000061035156,347.1199951171875,20599675
2023-03-03,348.5245666503906,350.20001220703125,353.0,343.9800109863281,346.3999938964844,18131345
2023-03-06,348.5245666503906,350.20001220703125,352.9200134277344,348.2900085449219,351.260009765625,25934230
2023-03-08,346.3749084472656,348.0400085449219,348.8599853515625,345.3699951171875,347.20001220703125,26013040
2023-03-09,341.6974182128906,343.3399963378906,348.9100036621094,342.739990234375,347.8599853515625,34641580
2023-03-10,338.2340393066406,339.8599853515625,342.70001220703125,338.3999938964844,341.3999938964844,24380720
2023-03-13,333.1783142089844,334.7799987792969,344.6600036621094,333.239990234375,339.79998779296875,44894690
2023-03-14,328.0728759765625,329.6499938964844,335.510009765625,328.70001220703125,334.6000061035156,70694930
2023-03-15,331.5959167480469,333.19000244140625,337.6000061035156,332.32000732421875,333.6000061035156,23461815
2023-03-16,331.11822509765625,332.7099914550781,335.7699890136719,329.6400146484375,334.0,18160315
2023-03-17,336.9999694824219,338.6199951171875,341.239990234375,334.2300109863281,335.9200134277344,44641505
2023-03-20,338.3036804199219,339.92999267578125,340.5899963378906,336.2099914550781,337.3999938964844,22319685
2023-03-21,339.7367858886719,341.3699951171875,342.3900146484375,338.3999938964844,341.510009765625,9025900
2023-03-22,339.3984680175781,341.0299987792969,342.6400146484375,338.4200134277344,342.0,16630495
2023-03-23,334.3327941894531,335.94000244140625,340.0,335.0,339.8299865722656,28210755
2023-03-24,336.81085205078125,338.42999267578125,341.7900085449219,335.0,335.2099914550781,27403045
2023-03-27,339.4083557128906,341.0400085449219,342.57000732421875,338.6199951171875,340.1300048828125,14186020
2023-03-28,338.1543884277344,339.7799987792969,341.9599914550781,337.0899963378906,341.7900085449219,11858260
2023-03-29,342.5632019042969,344.2099914550781,345.3999938964844,339.0,340.0199890136719,14105000
2023-03-31,344.9119567871094,346.57000732421875,348.1300048828125,344.20001220703125,345.1000061035156,17828775
2023-04-03,347.46966552734375,349.1400146484375,350.44000244140625,346.6400146484375,346.79998779296875,12184330
2023-04-05,348.7037048339844,350.3800048828125,351.94000244140625,347.80999755859375,349.0,12631750
2023-04-06,349.7387390136719,351.4200134277344,352.2900085449219,347.8699951171875,350.0,7786775
2023-04-10,350.1766052246094,351.8599853515625,353.6000061035156,349.92999267578125,351.42999267578125,6265855
2023-04-11,367.5331726074219,369.29998779296875,371.79998779296875,365.20001220703125,369.44000244140625,46468815
2023-04-12,367.0455322265625,368.80999755859375,370.19000244140625,366.29998779296875,368.3999938964844,17043565
2023-04-13,372.1111755371094,373.8999938964844,374.8599853515625,366.20001220703125,367.6000061035156,14620580
2023-04-17,377.2165832519531,379.0299987792969,382.760009765625,365.2200012207031,377.7900085449219,51771495
2023-04-18,375.8531799316406,377.6600036621094,380.9200134277344,377.17999267578125,380.19000244140625,14863605
2023-04-19,375.17645263671875,376.9800109863281,377.6700134277344,375.2300109863281,377.6600036621094,9383280
2023-04-20,374.9972839355469,376.79998779296875,380.67999267578125,374.4100036621094,376.8599853515625,11613885
2023-04-21,376.9180603027344,378.7300109863281,380.7300109863281,375.42999267578125,376.3999938964844,8356705
2023-04-24,377.6346435546875,379.45001220703125,380.3999938964844,375.510009765625,378.0400085449219,10087030
2023-04-25,376.0522155761719,377.8599853515625,381.3999938964844,375.3999938964844,380.3999938964844,23692095
2023-04-26,373.9224548339844,375.7200012207031,378.8800048828125,372.6700134277344,375.5,15797590
2023-04-27,379.8937683105469,381.7200012207031,382.6000061035156,375.3699951171875,375.3800048828125,25306465
2023-04-28,385.75555419921875,387.6099853515625,388.6600036621094,379.2200012207031,381.20001220703125,21838060
2023-05-02,382.3917541503906,384.2300109863281,387.489990234375,378.0,383.6000061035156,23028855
2023-05-03,384.3423767089844,386.19000244140625,386.7699890136719,382.5400085449219,383.79998779296875,17245035
2023-05-04,387.65643310546875,389.5199890136719,390.2200012207031,384.3500061035156,385.989990234375,17257895
2023-05-05,383.89453125,385.739990234375,394.79998779296875,383.1000061035156,390.42999267578125,17421090
2023-05-08,389.8956604003906,391.7699890136719,393.70001220703125,384.20001220703125,387.17999267578125,19354705
2023-05-09,388.99005126953125,390.8599853515625,394.0,389.6300048828125,392.9700012207031,18115375
2023-05-10,389.86578369140625,391.739990234375,392.79998779296875,386.3299865722656,392.0,19562195
2023-05-11,389.716552734375,391.5899963378906,396.0,390.3699951171875,394.0,22059120
2023-05-12,390.2440185546875,392.1199951171875,393.6000061035156,388.7300109863281,390.79998779296875,16085405
2023-05-15,392.712158203125,394.6000061035156,395.3999938964844,390.4800109863281,391.4100036621094,14858460
2023-05-16,387.5469970703125,389.4100036621094,395.6000061035156,387.6000061035156,395.6000061035156,22847485
2023-05-17,380.00323486328125,381.8299865722656,390.17999267578125,379.1099853515625,389.9599914550781,27410085
2023-05-18,383.6357727050781,385.4800109863281,386.7300109863281,382.239990234375,384.79998779296875,20726140
2023-05-19,386.4721374511719,388.3299865722656,389.3699951171875,384.70001220703125,386.0,19734635
2023-05-22,386.18353271484375,388.0400085449219,390.5,384.7300109863281,389.0,17004400
2023-05-23,382.46142578125,384.29998779296875,388.0400085449219,383.0,388.0400085449219,21677620
2023-05-24,380.2420959472656,382.07000732421875,388.0,379.4800109863281,384.3900146484375,17787685
2023-05-25,384.143310546875,385.989990234375,386.7099914550781,381.510009765625,383.6000061035156,29833785
2023-05-26,387.14886474609375,389.010009765625,389.989990234375,384.70001220703125,389.989990234375,16477060
2023-05-29,388.7710876464844,390.6400146484375,394.6600036621094,389.6499938964844,392.6199951171875,18877545
2023-05-30,393.050537109375,394.94000244140625,395.82000732421875,390.4700012207031,391.57000732421875,37148525
2023-05-31,400.94256591796875,402.8699951171875,412.8800048828125,390.7799987792969,396.989990234375,442990630
2023-06-01,384.1632385253906,386.010009765625,395.8299865722656,385.0,393.6000061035156,29837160
2023-06-02,385.8948974609375,387.75,390.2699890136719,385.6000061035156,388.989990234375,17790360
2023-06-05,383.1381530761719,384.9800109863281,390.29998779296875,384.45001220703125,389.0,12029545
2023-06-06,389.93548583984375,391.80999755859375,393.2799987792969,386.0299987792969,386.9800109863281,20564205
2023-06-07,386.0243225097656,387.8800048828125,394.3999938964844,387.20001220703125,394.3999938964844,15502070
2023-06-08,375.4949035644531,377.29998779296875,387.3800048828125,375.9100036621094,387.3800048828125,27458070
2023-06-09,372.6087646484375,374.3999938964844,379.5400085449219,372.1400146484375,372.3999938964844,70984620
2023-06-12,374.0916748046875,375.8900146484375,376.79998779296875,372.8900146484375,374.9700012207031,14075865
2023-06-13,369.4141540527344,371.19000244140625,376.6000061035156,370.3999938964844,375.07000732421875,47809135
2023-06-14,371.1457824707031,372.92999267578125,373.5899963378906,369.2799987792969,371.19000244140625,27892715
2023-06-15,364.94561767578125,366.70001220703125,373.79998779296875,365.739990234375,373.5899963378906,24190940
2023-06-16,369.7027587890625,371.4800109863281,372.3299865722656,366.6000061035156,367.3900146484375,15988285
2023-06-19,363.1641845703125,364.9100036621094,373.69000244140625,363.6000061035156,372.7699890136719,38049565
2023-06-20,367.0355529785156,368.79998779296875,369.3999938964844,363.05999755859375,364.0,23114525
2023-06-21,367.34405517578125,369.1099853515625,369.95001220703125,367.2200012207031,369.4100036621094,11995540
2023-06-22,365.463134765625,367.2200012207031,369.4599914550781,366.0799865722656,369.1099853515625,17141050
2023-06-23,363.9603576660156,365.7099914550781,369.1099853515625,364.7799987792969,366.6000061035156,12920315
2023-06-26,362.845703125,364.5899963378906,366.3900146484375,363.9800109863281,366.3900146484375,11068395
2023-06-27,367.1748962402344,368.94000244140625,369.3999938964844,364.1300048828125,365.5400085449219,10693325
2023-06-28,366.3488464355469,368.1099853515625,369.6199951171875,365.8800048828125,369.20001220703125,26699910
2023-06-30,367.5431213378906,369.30999755859375,370.1099853515625,366.5899963378906,369.5799865722656,19673600
2023-07-03,367.0256042480469,368.7900085449219,371.79998779296875,367.6000061035156,371.20001220703125,16042700
2023-07-04,370.5586242675781,372.3399963378906,373.6700134277344,367.2099914550781,370.0,32877935
2023-07-05,371.1856384277344,372.9700012207031,373.55999755859375,370.6300048828125,372.55999755859375,15595925
2023-07-06,373.6636962890625,375.4599914550781,376.57000732421875,371.80999755859375,372.0,18271205
2023-07-07,368.9264831542969,370.70001220703125,374.8800048828125,370.1000061035156,374.3999938964844,10382720
2023-07-10,371.5936584472656,373.3800048828125,374.8699951171875,369.0,370.6000061035156,17187710
2023-07-11,371.5339660644531,373.32000732421875,378.760009765625,372.6600036621094,374.79998779296875,20483785
2023-07-12,373.8229675292969,375.6199951171875,378.17999267578125,373.5799865722656,374.9800109863281,21775415
2023-07-13,372.1509704589844,373.94000244140625,380.32000732421875,373.2900085449219,377.79998779296875,26326850
2023-07-14,372.01165771484375,373.79998779296875,377.4700012207031,372.0,374.0199890136719,35659580
2023-07-17,377.5948181152344,379.4100036621094,379.8900146484375,373.3299865722656,374.239990234375,16649280
2023-07-18,376.3607482910156,378.1700134277344,381.6000061035156,375.8699951171875,379.07000732421875,28978225
2023-07-19,379.49566650390625,381.32000732421875,383.0,378.30999755859375,378.9599914550781,16888935
2023-07-20,389.507568359375,391.3800048828125,392.4800109863281,378.5799865722656,380.20001220703125,46527925
2023-07-21,392.15484619140625,394.0400085449219,397.54998779296875,390.1199951171875,390.3800048828125,19248750
2023-07-24,377.6346435546875,379.45001220703125,390.0,377.6400146484375,390.0,35165465
2023-07-25,373.3054504394531,375.1000061035156,380.3999938964844,371.2900085449219,380.20001220703125,39724580
2023-07-26,377.2464599609375,379.05999755859375,379.5799865722656,375.1300048828125,376.0,12310365
2023-07-27,372.9571228027344,374.75,380.5199890136719,372.510009765625,377.79998779296875,31450005
2023-07-28,373.57415771484375,375.3699951171875,377.1600036621094,372.2200012207031,373.9200134277344,11510165
2023-07-31,369.5335388183594,371.30999755859375,375.0,369.8299865722656,373.20001220703125,20126035
2023-08-01,368.2298278808594,370.0,373.1499938964844,368.8800048828125,370.0,22339710
2023-08-02,362.9949951171875,364.739990234375,369.5799865722656,363.6099853515625,368.1099853515625,20902255
2023-08-03,362.9054260253906,364.6499938964844,366.7699890136719,361.1700134277344,364.0199890136719,35076460
2023-08-04,366.2421875,367.70001220703125,368.55999755859375,362.2300109863281,365.79998779296875,27217660
2023-08-07,364.857666015625,366.30999755859375,369.0,365.2799987792969,369.0,18541550
2023-08-08,364.1504821777344,365.6000061035156,368.5299987792969,364.4100036621094,366.29998779296875,20448115
2023-08-09,364.8476867675781,366.29998779296875,366.79998779296875,363.3500061035156,366.79998779296875,13121620
2023-08-10,358.74200439453125,360.1700134277344,366.4800109863281,359.20001220703125,365.1499938964844,25560495
2023-08-11,356.86944580078125,358.2900085449219,360.0,356.3999938964844,359.6000061035156,21328080
2023-08-14,357.3973388671875,358.82000732421875,360.4700012207031,357.0,357.79998779296875,16499595
2023-08-16,355.8236083984375,357.239990234375,357.9700012207031,355.5,357.3999938964844,9419700
2023-08-17,351.7398681640625,353.1400146484375,357.4800109863281,352.6000061035156,356.3999938964844,25658695
2023-08-18,348.7716979980469,350.1600036621094,353.67999267578125,349.29998779296875,351.4200134277344,20566460
2023-08-21,350.67413330078125,352.07000732421875,354.5199890136719,349.7699890136719,350.20001220703125,19777340
2023-08-22,351.2219543457031,352.6199951171875,354.3999938964844,351.69000244140625,353.79998779296875,16644060
2023-08-23,354.5985107421875,356.010009765625,356.3800048828125,350.79998779296875,353.9599914550781,16691425
2023-08-24,354.77777099609375,356.19000244140625,359.79998779296875,355.25,357.79998779296875,20618955
2023-08-25,354.35943603515625,355.7699890136719,357.8699951171875,353.3999938964844,354.239990234375,10216750
2023-08-28,356.6503601074219,358.07000732421875,359.32000732421875,354.92999267578125,355.7699890136719,9902680
2023-08-29,355.2060546875,356.6199951171875,359.510009765625,355.79998779296875,359.3900146484375,13543460
2023-08-30,353.5726013183594,354.9800109863281,358.5899963378906,353.0,358.20001220703125,12979480
2023-08-31,350.35540771484375,351.75,356.760009765625,350.8599853515625,354.9800109863281,41570050
2023-09-01,352.8155822753906,354.2200012207031,355.9200134277344,350.8699951171875,352.7799987792969,13476050
2023-09-04,351.04266357421875,352.44000244140625,357.79998779296875,351.4599914550781,355.4800109863281,23488415
2023-09-05,352.8056335449219,354.2099914550781,356.6000061035156,352.6199951171875,353.0,21286715
2023-09-06,352.6562194824219,354.05999755859375,355.3999938964844,352.0400085449219,354.20001220703125,31101115
2023-09-07,356.38140869140625,357.79998779296875,358.4700012207031,353.4599914550781,355.0,11040445
2023-09-08,357.21807861328125,358.6400146484375,361.0,356.30999755859375,359.3999938964844,11930910
2023-09-11,360.1463928222656,361.5799865722656,362.29998779296875,359.04998779296875,360.0,11584510
2023-09-12,360.8038024902344,362.239990234375,363.79998779296875,359.2799987792969,363.79998779296875,17044830
2023-09-13,363.4731750488281,364.9200134277344,367.20001220703125,360.1199951171875,360.1199951171875,29659350
2023-09-14,362.8655700683594,364.30999755859375,366.3500061035156,362.79998779296875,365.6000061035156,12797115
2023-09-15,361.3416442871094,362.7799987792969,364.69000244140625,362.20001220703125,363.239990234375,20607700
2023-09-18,358.2439880371094,359.6700134277344,362.3999938964844,358.79998779296875,362.20001220703125,19850560
2023-09-20,356.4710693359375,357.8900146484375,360.69000244140625,355.1400146484375,357.3900146484375,26840715
2023-09-21,349.7478332519531,351.1400146484375,358.1600036621094,350.20001220703125,356.79998779296875,23923755
2023-09-22,349.897216796875,351.2900085449219,353.9800109863281,350.42999267578125,351.6000061035156,18550615
2023-09-25,355.4650573730469,356.8800048828125,357.8599853515625,351.3599853515625,352.79998779296875,11132835
2023-09-26,351.421142578125,352.82000732421875,356.3599853515625,350.739990234375,355.2200012207031,18280835
2023-09-27,351.6303405761719,353.0299987792969,354.2200012207031,350.0,352.79998779296875,15021030
2023-09-28,345.2656555175781,346.6400146484375,354.3800048828125,345.79998779296875,352.44000244140625,41315985
2023-09-29,345.763671875,347.1400146484375,348.79998779296875,346.5899963378906,348.79998779296875,17858645
2023-10-03,344.04052734375,345.4100036621094,347.0,343.0899963378906,346.0,27674345
2023-10-04,343.0444641113281,344.4100036621094,345.3999938964844,341.79998779296875,343.0,31104895
2023-10-05,345.4748229980469,346.8500061035156,349.3999938964844,344.2300109863281,346.0,14834005
2023-10-06,347.3971862792969,348.7799987792969,349.3999938964844,346.0400085449219,347.05999755859375,9961615
2023-10-09,342.49664306640625,343.8599853515625,346.760009765625,343.4100036621094,346.0,9197565
2023-10-10,349.8275146484375,351.2200012207031,353.739990234375,344.1199951171875,345.5,16844910
2023-10-11,352.8753356933594,354.2799987792969,355.989990234375,352.010009765625,352.010009765625,17499220
2023-10-12,351.3713073730469,352.7699890136719,355.3800048828125,352.25,355.0,11919135
2023-10-13,351.0028076171875,352.3999938964844,353.989990234375,350.42999267578125,351.0,10619635
2023-10-16,348.56256103515625,349.95001220703125,352.42999267578125,349.2900085449219,352.20001220703125,7899785
2023-10-17,352.90521240234375,354.30999755859375,354.9599914550781,350.1600036621094,351.0,16086785
2023-10-18,349.28961181640625,350.67999267578125,355.0400085449219,349.0199890136719,354.6000061035156,15258400
2023-10-19,346.3114929199219,347.69000244140625,350.67999267578125,347.1199951171875,348.3999938964844,9965895
2023-10-20,352.51678466796875,353.9200134277344,354.6400146484375,346.5299987792969,346.70001220703125,20361915
2023-10-23,346.7696533203125,348.1499938964844,353.79998779296875,344.489990234375,353.79998779296875,37732210
2023-10-25,344.2397155761719,345.6099853515625,352.3500061035156,344.3999938964844,349.79998779296875,17563340
2023-10-26,337.6260681152344,338.9700012207031,345.5400085449219,337.79998779296875,345.5400085449219,31396400
2023-10-27,339.1898193359375,340.5400085449219,341.6000061035156,337.79998779296875,341.6000061035156,14874150
2023-10-30,342.13812255859375,343.5,344.17999267578125,337.67999267578125,340.3999938964844,7557815
2023-10-31,346.5007629394531,347.8800048828125,349.3999938964844,343.3699951171875,345.5400085449219,24196680
2023-11-01,343.51263427734375,344.8800048828125,347.19000244140625,343.57000732421875,346.20001220703125,12640525
2023-11-02,346.1620788574219,347.5400085449219,351.7300109863281,346.4200134277344,347.0,12752790
2023-11-03,345.2756042480469,346.6499938964844,348.8500061035156,346.0199890136719,348.0,7794790
2023-11-06,346.6601257324219,348.0400085449219,349.3999938964844,346.3999938964844,348.79998779296875,5933425
2023-11-07,348.861328125,350.25,350.8800048828125,345.2200012207031,347.0299987792969,17998015
2023-11-08,347.8653259277344,349.25,352.19000244140625,348.0,350.6000061035156,18214185
2023-11-09,347.6063232421875,348.989990234375,351.3399963378906,347.82000732421875,349.17999267578125,9718555
2023-11-10,347.7059326171875,349.0899963378906,349.8500061035156,346.9200134277344,346.9200134277344,8173995
2023-11-13,348.2537841796875,349.6400146484375,350.44000244140625,346.70001220703125,350.20001220703125,14276385
2023-11-15,352.49688720703125,353.8999938964844,354.4599914550781,350.0299987792969,352.20001220703125,17161355
2023-11-16,353.1642150878906,354.57000732421875,356.67999267578125,353.0,354.20001220703125,10395580
2023-11-17,351.5207824707031,352.9200134277344,356.8500061035156,351.8599853515625,352.0,13554350
2023-11-20,352.7060241699219,354.1099853515625,355.19000244140625,350.0199890136719,351.20001220703125,9618255
2023-11-21,352.0386657714844,353.44000244140625,355.7900085449219,352.1300048828125,355.7900085449219,13528825
2023-11-22,347.74578857421875,349.1300048828125,352.6000061035156,347.5,351.6000061035156,22568660
2023-11-23,346.4808044433594,347.8599853515625,349.760009765625,347.3999938964844,348.010009765625,14181445
2023-11-24,347.4170837402344,348.79998779296875,349.8999938964844,346.739990234375,347.8999938964844,12809895
2023-11-28,347.0684814453125,348.45001220703125,349.6000061035156,347.6000061035156,349.0,16746460
2023-11-29,349.2995910644531,350.69000244140625,351.8500061035156,348.0400085449219,349.70001220703125,17365700
2023-11-30,349.6980285644531,351.0899963378906,353.20001220703125,349.19000244140625,351.2900085449219,31274735
2023-12-01,348.7119445800781,350.1000061035156,353.20001220703125,349.6499938964844,352.0,10011890
2023-12-04,362.2679748535156,363.7099914550781,365.19000244140625,350.5299987792969,354.0,22895865
2023-12-05,364.2401123046875,365.69000244140625,367.3999938964844,361.70001220703125,365.6000061035156,27857360
2023-12-06,362.835693359375,364.2799987792969,367.8699951171875,362.6300048828125,366.4100036621094,23479400
2023-12-07,363.9213562011719,365.3699951171875,367.3699951171875,362.67999267578125,365.0,12503210
2023-12-08,366.232177734375,367.69000244140625,368.6000061035156,364.1400146484375,365.3699951171875,14927330
2023-12-11,367.3477478027344,368.80999755859375,372.3299865722656,368.05999755859375,369.0,16029165
2023-12-12,363.42333984375,364.8699951171875,370.6000061035156,363.80999755859375,369.6000061035156,19074810
2023-12-13,363.7919006347656,365.239990234375,367.1499938964844,362.6199951171875,364.79998779296875,16256660
2023-12-14,369.29998779296875,370.7699890136719,373.0899963378906,366.489990234375,368.79998779296875,24394315
2023-12-15,368.6525573730469,370.1199951171875,373.0,368.54998779296875,373.0,19385985
2023-12-18,367.92547607421875,369.3900146484375,371.17999267578125,368.0,369.0400085449219,18793650
2023-12-19,367.84576416015625,369.30999755859375,370.9700012207031,367.1400146484375,369.9700012207031,15444615
2023-12-20,363.8516540527344,365.29998779296875,372.79998779296875,363.05999755859375,370.42999267578125,19842810
2023-12-21,369.0708923339844,370.5400085449219,371.489990234375,361.0,364.20001220703125,12019200
2023-12-22,370.6247253417969,372.1000061035156,375.92999267578125,370.20001220703125,370.94000244140625,16546475
2023-12-26,375.8738098144531,377.3699951171875,379.79998779296875,371.42999267578125,373.3999938964844,21753345
2023-12-27,378.9615173339844,380.4700012207031,382.0,376.6300048828125,378.79998779296875,17036215
2023-12-28,382.7464294433594,384.2699890136719,385.29998779296875,380.6199951171875,382.20001220703125,24750070
2023-12-29,380.1069641113281,381.6199951171875,383.54998779296875,378.010009765625,382.4200134277344,12230850
2024-01-01,380.3161315917969,381.8299865722656,383.79998779296875,378.6199951171875,381.79998779296875,7129510
2024-01-02,371.5310974121094,373.010009765625,381.6000061035156,372.0199890136719,381.6000061035156,25603980
2024-01-03,371.7004089355469,373.17999267578125,374.0,369.5299987792969,372.79998779296875,18907575
2024-01-04,371.24224853515625,372.7200012207031,374.29998779296875,372.1099853515625,374.29998779296875,14328830
2024-01-05,368.0549011230469,369.5199890136719,373.9800109863281,368.2799987792969,373.1000061035156,38996705
2024-01-08,363.7720031738281,365.2200012207031,370.2900085449219,363.7200012207031,369.6000061035156,61265835
2024-01-09,363.88153076171875,365.3299865722656,371.6000061035156,364.20001220703125,367.3999938964844,21696115
2024-01-10,362.7161865234375,364.1600036621094,366.5,362.32000732421875,364.1600036621094,35263790
2024-01-11,363.12457275390625,364.57000732421875,368.2799987792969,363.07000732421875,366.3999938964844,20850350
2024-01-12,365.1962890625,366.6499938964844,368.510009765625,362.8800048828125,365.0,10863105
2024-01-15,368.8318176269531,370.29998779296875,370.7200012207031,367.25,368.6000061035156,30861560
2024-01-16,368.1346435546875,369.6000061035156,372.19000244140625,368.20001220703125,370.1099853515625,23254490
2024-01-17,354.518798828125,355.92999267578125,366.92999267578125,355.2200012207031,364.6099853515625,54184415
2024-01-18,354.04071044921875,355.45001220703125,358.5400085449219,352.9200134277344,354.0,21467250
2024-01-19,351.4609680175781,352.8599853515625,359.989990234375,350.8299865722656,357.4100036621094,22801645
2024-01-23,355.4849548339844,356.8999938964844,364.9800109863281,352.7799987792969,360.20001220703125,33904120
2024-01-24,356.3017272949219,357.7200012207031,360.70001220703125,352.5799865722656,357.79998779296875,16341755
2024-01-25,352.2777404785156,353.67999267578125,359.5199890136719,350.4800109863281,358.0,33510850
2024-01-29,363.134521484375,364.5799865722656,366.010009765625,355.20001220703125,357.05999755859375,26180740
2024-01-30,363.27398681640625,364.7200012207031,367.8900146484375,360.6700134277344,365.0,19145935
2024-01-31,363.6026306152344,365.04998779296875,368.2900085449219,357.70001220703125,363.20001220703125,40587005
2024-02-01,363.1046142578125,364.54998779296875,366.4100036621094,362.6400146484375,366.0,10360840
2024-02-02,363.14447021484375,364.5899963378906,370.0,363.67999267578125,368.3599853515625,25249380
2024-02-05,360.236083984375,361.6700134277344,365.3900146484375,359.79998779296875,365.0,17304030
2024-02-06,355.98297119140625,357.3999938964844,362.79998779296875,356.6300048828125,362.79998779296875,23459485
2024-02-07,357.0985412597656,358.5199890136719,361.9599914550781,356.79998779296875,358.20001220703125,22961120
2024-02-08,344.56842041015625,345.94000244140625,360.760009765625,345.4100036621094,360.30999755859375,22713870
2024-02-09,347.1083068847656,348.489990234375,349.79998779296875,343.79998779296875,346.0,20319880
2024-02-12,340.5544128417969,341.9100036621094,349.79998779296875,338.2200012207031,348.6000061035156,22532445
2024-02-13,346.0525207519531,347.42999267578125,349.0199890136719,341.79998779296875,342.6000061035156,22461670
2024-02-14,348.4031677246094,349.7900085449219,352.9599914550781,342.42999267578125,344.7300109863281,19251615
2024-02-15,346.4708557128906,347.8500061035156,351.489990234375,344.010009765625,351.0,12708350
2024-02-16,345.67401123046875,347.04998779296875,350.20001220703125,346.44000244140625,349.989990234375,8215730
2024-02-19,344.9070739746094,346.2799987792969,348.79998779296875,345.2300109863281,348.79998779296875,22239770
2024-02-20,351.1024169921875,352.5,353.7300109863281,347.4700012207031,347.94000244140625,38055620
2024-02-21,347.8354187011719,349.2200012207031,353.79998779296875,348.1099853515625,353.79998779296875,20924355
2024-02-22,343.5823669433594,344.95001220703125,349.0,342.8399963378906,348.8999938964844,31003800
2024-02-23,343.43292236328125,344.79998779296875,346.54998779296875,343.0799865722656,344.8999938964844,17268830
2024-02-26,339.906982421875,341.260009765625,345.0799865722656,340.3900146484375,344.4200134277344,29790330
2024-02-27,339.99664306640625,341.3500061035156,342.989990234375,339.3999938964844,342.6000061035156,22158260
2024-02-28,335.3849792480469,336.7200012207031,342.57000732421875,335.0400085449219,342.20001220703125,15381635
2024-02-29,336.55035400390625,337.8900146484375,340.45001220703125,333.4800109863281,337.3999938964844,33034875
2024-03-01,344.1700439453125,345.5400085449219,346.04998779296875,339.0,339.1000061035156,17220745
2024-03-04,344.0704040527344,345.44000244140625,348.29998779296875,343.70001220703125,345.5899963378906,13885990
2024-03-05,341.779541015625,343.1400146484375,345.44000244140625,341.7900085449219,345.3800048828125,15610970
2024-03-06,350.5545959472656,351.95001220703125,354.3900146484375,343.67999267578125,344.57000732421875,37258560
2024-03-07,348.2238464355469,349.6099853515625,352.9800109863281,349.0,351.95001220703125,15696800
2024-03-11,344.5584716796875,345.92999267578125,353.9700012207031,344.8500061035156,353.17999267578125,18200715
2024-03-12,342.705810546875,344.07000732421875,348.69000244140625,341.4700012207031,346.9800109863281,51216490
2024-03-13,344.5385437011719,345.9100036621094,348.54998779296875,343.44000244140625,344.07000732421875,29080415
2024-03-14,347.0983581542969,348.4800109863281,351.57000732421875,343.8299865722656,345.0,24048165
2024-03-15,346.2816162109375,347.6600036621094,351.20001220703125,344.239990234375,347.1600036621094,77537270
2024-03-18,346.2019348144531,347.5799865722656,348.9700012207031,343.05999755859375,347.4800109863281,11570715
2024-03-19,348.5425720214844,349.92999267578125,351.3800048828125,346.1099853515625,346.9700012207031,22405375
2024-03-20,351.68011474609375,353.0799865722656,353.70001220703125,346.1600036621094,350.2799987792969,22104430
2024-03-21,353.0247802734375,354.42999267578125,358.1300048828125,352.8599853515625,354.4200134277344,18918405
2024-03-22,353.87139892578125,355.2799987792969,356.5,353.0,353.9800109863281,35306415
2024-03-26,349.3493957519531,350.739990234375,355.0799865722656,350.0,353.0,26518150
2024-03-27,353.7120361328125,355.1199951171875,355.9599914550781,350.7799987792969,351.6000061035156,41155650
2024-03-28,355.6841735839844,357.1000061035156,360.7799987792969,354.8399963378906,355.5899963378906,33150360
2024-04-01,356.7200927734375,358.1400146484375,363.5299987792969,357.29998779296875,359.0,14429400
2024-04-02,350.08648681640625,351.4800109863281,359.6000061035156,350.8900146484375,358.7799987792969,34255950
2024-04-03,344.8572998046875,346.2300109863281,351.3399963378906,345.79998779296875,350.70001220703125,63417755
2024-04-04,348.4429931640625,349.8299865722656,350.3399963378906,344.6600036621094,349.3999938964844,65626460
2024-04-05,355.6144714355469,357.0299987792969,357.44000244140625,348.0199890136719,349.80999755859375,32790115
2024-04-08,356.2618713378906,357.67999267578125,360.3699951171875,357.0199890136719,358.760009765625,13174055
2024-04-09,354.7080383300781,356.1199951171875,358.6000061035156,355.1400146484375,358.07000732421875,11866155
2024-04-10,363.7420959472656,365.19000244140625,365.9800109863281,356.79998779296875,357.7799987792969,27629090
2024-04-12,361.17230224609375,362.6099853515625,363.6199951171875,359.8699951171875,362.20001220703125,19831135
2024-04-15,358.20416259765625,359.6300048828125,361.94000244140625,356.0,357.989990234375,21599340
2024-04-16,357.0985412597656,358.5199890136719,360.9200134277344,355.1300048828125,355.6000061035156,20483890
2024-04-18,355.9331970214844,357.3500061035156,362.6000061035156,356.6199951171875,358.010009765625,21253700
2024-04-19,357.1085205078125,358.5299987792969,361.0,352.6000061035156,352.79998779296875,19351900
2024-04-22,360.5548095703125,361.989990234375,364.5,360.0,362.6000061035156,30755695
2024-04-23,361.17230224609375,362.6099853515625,365.79998779296875,360.6199951171875,362.0,29780025
2024-04-24,367.0987243652344,368.55999755859375,369.1000061035156,361.55999755859375,362.3999938964844,16475385
2024-04-25,327.1875915527344,328.489990234375,339.55999755859375,320.3999938964844,333.0,330895395
2024-04-26,320.424560546875,321.70001220703125,331.0,321.0,328.489990234375,110734245
2024-04-29,326.7792053222656,328.0799865722656,329.45001220703125,321.8999938964844,322.0199890136719,56137045
2024-04-30,323.5022888183594,324.7900085449219,329.3999938964844,324.0,328.0799865722656,91032240
2024-05-02,313.8805847167969,315.1300048828125,318.8999938964844,310.4800109863281,318.0,133202390
2024-05-03,308.1134948730469,309.3399963378906,317.5799865722656,308.7699890136719,316.6000061035156,80617945
2024-05-06,323.5719909667969,324.8599853515625,326.6000061035156,318.79998779296875,321.0,108041055
2024-05-07,327.4764709472656,328.7799987792969,329.4700012207031,323.6000061035156,325.739990234375,49333925
2024-05-08,328.3629455566406,329.6700134277344,331.489990234375,327.2200012207031,328.0,49268765
2024-05-09,327.3171081542969,328.6199951171875,332.3699951171875,327.3999938964844,329.6000061035156,23280220
2024-05-10,324.2991027832031,325.5899963378906,330.6199951171875,323.17999267578125,328.6000061035156,58847010
2024-05-13,326.9385681152344,328.239990234375,328.7300109863281,323.20001220703125,325.3999938964844,29196240
2024-05-14,327.95458984375,329.260009765625,330.0,326.5,328.3999938964844,21410130
2024-05-15,328.85101318359375,330.1600036621094,330.79998779296875,327.4100036621094,329.94000244140625,26304500
2024-05-16,333.0841369628906,334.4100036621094,335.0,329.44000244140625,331.0,34991785
2024-05-17,337.9647216796875,339.30999755859375,341.1300048828125,333.0,334.79998779296875,48087255
2024-05-21,338.3033447265625,339.6499938964844,343.0,338.0,338.3999938964844,29050835
2024-05-22,338.5623474121094,339.9100036621094,340.989990234375,336.2200012207031,340.55999755859375,30293485
2024-05-23,340.4548034667969,341.80999755859375,342.7200012207031,339.4100036621094,340.0,28406475
2024-05-24,339.3392639160156,340.69000244140625,343.57000732421875,338.94000244140625,342.20001220703125,24680885
2024-05-27,340.8432922363281,342.20001220703125,344.3999938964844,340.5,340.69000244140625,17271435
2024-05-28,339.37908935546875,340.7300109863281,343.20001220703125,339.6000061035156,342.4599914550781,18580705
2024-05-29,336.23162841796875,337.57000732421875,342.17999267578125,336.44000244140625,339.6000061035156,24762360
2024-05-30,336.6798095703125,338.0199890136719,341.5199890136719,336.6000061035156,336.8699951171875,27902445
2024-05-31,334.74749755859375,336.0799865722656,340.6000061035156,332.1099853515625,340.6000061035156,64022380
2024-06-03,342.2476501464844,343.6099853515625,347.7699890136719,340.0199890136719,344.2900085449219,49005355
2024-06-04,326.2911682128906,327.5899963378906,343.1000061035156,320.489990234375,340.6499938964844,76147340
2024-06-05,342.25762939453125,343.6199951171875,344.95001220703125,329.0,332.510009765625,72131590
2024-06-06,345.5644836425781,346.94000244140625,347.70001220703125,340.760009765625,344.20001220703125,31799505
2024-06-07,349.3493957519531,350.739990234375,351.7300109863281,344.3999938964844,346.010009765625,23040730
2024-06-10,347.74578857421875,349.1300048828125,354.69000244140625,347.2300109863281,350.0199890136719,24240220
2024-06-11,342.6361083984375,344.0,349.44000244140625,343.4200134277344,349.32000732421875,20528235
2024-06-12,341.7894592285156,343.1499938964844,346.79998779296875,342.5799865722656,344.0199890136719,29407880
2024-06-13,343.90106201171875,345.2699890136719,347.510009765625,343.79998779296875,346.2799987792969,30080725
2024-06-14,342.0783386230469,343.44000244140625,346.9800109863281,342.0799865722656,344.6000061035156,15768330
2024-06-18,342.5165710449219,343.8800048828125,344.92999267578125,340.6499938964844,343.7200012207031,28536650
2024-06-19,347.9549255371094,349.3399963378906,352.6099853515625,343.0,345.79998779296875,49798990
2024-06-20,351.84942626953125,353.25,357.9700012207031,352.05999755859375,353.0,46215520
2024-06-21,353.72198486328125,355.1300048828125,357.79998779296875,349.05999755859375,354.0,95158445
2024-06-24,353.1044616699219,354.510009765625,355.0400085449219,349.95001220703125,351.42999267578125,21144440
2024-06-25,354.967041015625,356.3800048828125,359.6499938964844,352.6000061035156,355.30999755859375,29669295
2024-06-26,358.20416259765625,359.6300048828125,363.20001220703125,355.2200012207031,356.0,33429660
2024-06-27,364.658447265625,366.1099853515625,367.6000061035156,357.0,358.20001220703125,66713845
2024-06-28,359.0707092285156,360.5,369.5899963378906,359.7799987792969,364.44000244140625,24845035
2024-07-01,360.186279296875,361.6199951171875,362.6300048828125,358.0,360.5,14507550
2024-07-02,352.51678466796875,353.9200134277344,364.19000244140625,347.4200134277344,364.19000244140625,48125085
2024-07-03,360.7041931152344,362.1400146484375,363.1700134277344,350.44000244140625,353.1600036621094,44905015
2024-07-04,365.3158264160156,366.7699890136719,367.7099914550781,360.260009765625,361.32000732421875,25344465
2024-07-05,369.0708923339844,370.5400085449219,371.5899963378906,363.69000244140625,364.0,17328265
2024-07-08,369.1705017089844,370.6400146484375,371.45001220703125,367.0899963378906,370.79998779296875,19306015
2024-07-09,368.1047668457031,369.57000732421875,374.0,366.0,372.239990234375,19601055
2024-07-10,364.5190124511719,365.9700012207031,368.8999938964844,364.0400085449219,368.6000061035156,28148945
2024-07-11,367.4373779296875,368.8999938964844,370.3999938964844,364.30999755859375,366.1700134277344,23076860
2024-07-12,365.11663818359375,366.57000732421875,370.20001220703125,365.25,368.8999938964844,21204275
2024-07-15,367.2481384277344,368.7099914550781,371.5799865722656,365.3299865722656,367.79998779296875,29549980
2024-07-16,359.62847900390625,361.05999755859375,369.82000732421875,360.17999267578125,368.4200134277344,32713510
2024-07-18,363.9014587402344,365.3500061035156,366.239990234375,358.6300048828125,361.0,37954190
2024-07-19,363.2732849121094,364.32000732421875,366.20001220703125,361.19000244140625,363.70001220703125,20694325
2024-07-22,350.50006103515625,351.510009765625,364.20001220703125,349.7799987792969,364.20001220703125,53711805
2024-07-23,352.7635498046875,353.7799987792969,356.1000061035156,347.8299865722656,353.79998779296875,30775980
2024-07-24,348.2366027832031,349.239990234375,356.17999267578125,345.80999755859375,353.5899963378906,37436035
2024-07-25,354.00994873046875,355.0299987792969,355.79998779296875,346.3999938964844,346.3999938964844,15481985
2024-07-26,361.7276916503906,362.7699890136719,365.9700012207031,351.6199951171875,351.6199951171875,26546755
2024-07-29,357.7491760253906,358.7799987792969,365.3999938964844,356.70001220703125,364.94000244140625,40031835
2024-07-30,356.19366455078125,357.2200012207031,361.3299865722656,356.260009765625,358.7799987792969,28397685
2024-07-31,360.5411071777344,361.5799865722656,363.20001220703125,354.6300048828125,358.6000061035156,29031285
2024-08-01,357.4998779296875,358.5299987792969,363.6499938964844,357.25,361.4200134277344,19080220
2024-08-02,359.6537170410156,360.69000244140625,362.0,355.0,356.2200012207031,16212945
2024-08-05,353.7108459472656,354.7300109863281,361.1199951171875,353.7099914550781,354.0400085449219,24559090
2024-08-06,353.09259033203125,354.1099853515625,358.44000244140625,352.0,357.0,19620110
2024-08-07,354.2891540527344,355.30999755859375,357.32000732421875,352.010009765625,357.0,17688725
2024-08-08,353.5313415527344,354.54998779296875,356.3599853515625,352.5299987792969,353.3299865722656,12361105
2024-08-09,352.9131164550781,353.92999267578125,357.0899963378906,353.0,357.010009765625,12322215
2024-08-12,353.491455078125,354.510009765625,358.2099914550781,350.25,352.20001220703125,22722215
2024-08-13,349.40325927734375,350.4100036621094,358.29998779296875,349.2200012207031,352.6000061035156,17651595
2024-08-14,348.5755920410156,349.5799865722656,352.0,348.9100036621094,351.0,12928245
2024-08-16,354.438720703125,355.4599914550781,357.1499938964844,349.20001220703125,352.3999938964844,14809355
2024-08-19,355.24639892578125,356.2699890136719,358.0,354.20001220703125,356.1099853515625,10861395
2024-08-20,360.0924377441406,361.1300048828125,362.6099853515625,355.25,356.6000061035156,15577430
2024-08-21,361.5482177734375,362.5899963378906,363.3999938964844,357.4700012207031,360.0,28585950
2024-08-22,363.2533264160156,364.29998779296875,364.8599853515625,361.1600036621094,362.79998779296875,16089940
2024-08-23,362.5553283691406,363.6000061035156,365.5799865722656,362.5400085449219,364.29998779296875,9075930
2024-08-26,361.4585266113281,362.5,364.5899963378906,361.94000244140625,364.0,11781285
2024-08-27,359.6337890625,360.6700134277344,362.6199951171875,358.3399963378906,362.2099914550781,22708480
2024-08-28,357.230712890625,358.260009765625,361.17999267578125,357.1700134277344,359.20001220703125,21403980
2024-08-29,354.42877197265625,355.45001220703125,359.70001220703125,354.6000061035156,356.6499938964844,27655790
2024-08-30,355.13671875,356.1600036621094,358.0,354.8699951171875,355.4599914550781,37290860
2024-09-02,355.0270080566406,356.04998779296875,358.69000244140625,354.5400085449219,356.3999938964844,20242600
2024-09-03,355.7349853515625,356.760009765625,357.2900085449219,354.4700012207031,356.010009765625,25981365
2024-09-04,355.7349853515625,356.760009765625,357.6600036621094,352.70001220703125,354.0,15962215
2024-09-05,354.5683288574219,355.5899963378906,357.2699890136719,352.0,356.25,17865025
2024-09-06,351.8162536621094,352.8299865722656,356.3900146484375,351.29998779296875,353.510009765625,16274400
2024-09-09,357.0013427734375,358.0299987792969,358.7900085449219,351.69000244140625,353.5400085449219,17182305
2024-09-10,357.2904968261719,358.32000732421875,359.92999267578125,355.6099853515625,359.6000061035156,17488060
2024-09-11,356.8218688964844,357.8500061035156,361.0899963378906,357.0,359.0,18669360
2024-09-12,364.4399108886719,365.489990234375,366.8299865722656,359.0299987792969,360.7799987792969,31827540
2024-09-13,363.02398681640625,364.07000732421875,367.3999938964844,363.3500061035156,367.3999938964844,10283600
2024-09-16,365.20770263671875,366.260009765625,369.1400146484375,365.6600036621094,366.6000061035156,13653170
2024-09-17,368.26885986328125,369.3299865722656,370.67999267578125,366.1300048828125,367.8800048828125,18374310
2024-09-18,366.88287353515625,367.94000244140625,371.8900146484375,367.1199951171875,370.0,34387495
2024-09-19,373.3143615722656,374.3900146484375,375.0,369.0199890136719,369.9800109863281,14462150
2024-09-20,379.8056335449219,380.8999938964844,385.260009765625,374.0,374.79998779296875,94247895
2024-09-23,385.8282775878906,386.94000244140625,388.3999938964844,381.6400146484375,382.989990234375,18431360
2024-09-24,381.83978271484375,382.94000244140625,387.7200012207031,381.9200134277344,387.0,18546930
2024-09-25,378.4993896484375,379.5899963378906,384.5400085449219,378.8599853515625,382.010009765625,16537335
2024-09-26,379.36688232421875,380.4599914550781,382.6600036621094,376.8599853515625,379.0,21022565
2024-09-27,373.4140319824219,374.489990234375,382.0,373.260009765625,380.0,33215560
2024-09-30,369.7247009277344,370.7900085449219,376.8900146484375,368.6199951171875,371.3399963378906,16234200
2024-10-01,374.8000793457031,375.8800048828125,376.95001220703125,369.3999938964844,369.3999938964844,24357630
2024-10-03,363.5125732421875,364.55999755859375,372.7300109863281,363.1600036621094,371.5799865722656,31816160
2024-10-04,360.760498046875,361.79998779296875,370.0,359.6700134277344,363.1000061035156,18673160
2024-10-07,357.02130126953125,358.04998779296875,367.2799987792969,353.8800048828125,362.0,37233165
2024-10-08,359.6437072753906,360.67999267578125,362.79998779296875,356.3699951171875,360.0,25485515
2024-10-09,359.125244140625,360.1600036621094,364.0,357.9800109863281,360.20001220703125,35394010
2024-10-10,374.1419677734375,375.2200012207031,376.79998779296875,361.05999755859375,361.9800109863281,29528990
2024-10-11,375.3983459472656,376.4800109863281,378.7200012207031,372.2300109863281,374.44000244140625,26057900
2024-10-14,381.0620422363281,382.1600036621094,383.20001220703125,376.489990234375,377.010009765625,21955690
2024-10-15,377.95098876953125,379.0400085449219,383.07000732421875,377.489990234375,382.44000244140625,21477465
2024-10-16,374.1918029785156,375.2699890136719,378.489990234375,373.6300048828125,376.79998779296875,15727780
2024-10-17,371.7388916015625,372.80999755859375,375.6600036621094,370.260009765625,375.2699890136719,17707160
2024-10-18,373.1348571777344,374.2099914550781,375.70001220703125,369.6000061035156,373.6000061035156,19173835
2024-10-21,356.8118591308594,357.8399963378906,371.0,347.0,370.0,65890685
2024-10-22,351.6168518066406,352.6300048828125,359.1000061035156,351.7699890136719,358.3900146484375,27471910
2024-10-23,352.544189453125,353.55999755859375,357.4100036621094,351.6199951171875,352.2300109863281,14180685
2024-10-24,351.4273986816406,352.44000244140625,354.54998779296875,350.05999755859375,353.20001220703125,11584100
2024-10-25,352.7535705566406,353.7699890136719,357.29998779296875,351.3999938964844,353.0,14146135
2024-10-28,348.9644775390625,349.9700012207031,356.1300048828125,349.010009765625,353.6000061035156,16510740
2024-10-29,351.028564453125,352.0400085449219,353.42999267578125,346.1400146484375,348.70001220703125,20790595
2024-10-30,345.92327880859375,346.9200134277344,352.0,345.32000732421875,345.3999938964844,21929745
2024-10-31,345.22528076171875,346.2200012207031,349.32000732421875,344.7900085449219,345.4700012207031,14723350
2024-11-01,347.8776550292969,348.8800048828125,350.8299865722656,347.2699890136719,347.9200134277344,912445
2024-11-04,344.87628173828125,345.8699951171875,348.79998779296875,344.8500061035156,348.79998779296875,14424150
2024-11-05,350.4202880859375,351.42999267578125,352.1000061035156,342.20001220703125,344.29998779296875,20143075
2024-11-06,351.50714111328125,352.5199890136719,353.69000244140625,349.32000732421875,352.0199890136719,18261260
2024-11-07,348.376220703125,349.3800048828125,353.0,346.6000061035156,352.6000061035156,15304920
2024-11-08,348.1568298339844,349.1600036621094,352.82000732421875,347.7799987792969,349.0,18234125
2024-11-11,347.7978515625,348.79998779296875,352.6600036621094,347.44000244140625,349.0,16025150
2024-11-12,343.29083251953125,344.2799987792969,349.8800048828125,343.0400085449219,348.9599914550781,16141950
2024-11-13,336.6001281738281,337.57000732421875,345.6300048828125,335.80999755859375,342.79998779296875,17967450
2024-11-14,340.5986022949219,341.5799865722656,342.5199890136719,337.9599914550781,338.0,16638790
2024-11-18,343.56005859375,344.54998779296875,345.6499938964844,339.94000244140625,342.79998779296875,10412075
2024-11-19,344.55718994140625,345.54998779296875,347.9599914550781,342.70001220703125,345.9599914550781,13798315
2024-11-21,346.4218444824219,347.4200134277344,348.1499938964844,340.75,343.0199890136719,16470295
2024-11-22,351.27783203125,352.2900085449219,354.44000244140625,346.5799865722656,346.79998779296875,17768630
2024-11-25,357.1210021972656,358.1499938964844,358.9200134277344,353.3800048828125,356.3999938964844,34357160
2024-11-26,355.69512939453125,356.7200012207031,359.19000244140625,355.0,359.0,11563695
2024-11-27,355.6153564453125,356.6400146484375,361.1000061035156,355.82000732421875,356.19000244140625,16012220
2024-11-28,350.8291320800781,351.8399963378906,357.7799987792969,350.70001220703125,356.6499938964844,19856975
2024-11-29,352.03564453125,353.04998779296875,354.7200012207031,351.3999938964844,351.3999938964844,14939970
2024-12-02,349.7821350097656,350.7900085449219,354.5199890136719,349.20001220703125,353.0,21326400
2024-12-03,348.9744873046875,349.9800109863281,352.239990234375,348.0,352.0,19858250
2024-12-04,350.4901123046875,351.5,353.3999938964844,349.2799987792969,350.3999938964844,15933930
2024-12-05,354.00994873046875,355.0299987792969,357.7300109863281,349.6000061035156,352.79998779296875,28486145
2024-12-06,354.36895751953125,355.3900146484375,357.010009765625,352.20001220703125,354.7799987792969,12979410
2024-12-09,356.2236022949219,357.25,360.989990234375,353.6199951171875,353.6199951171875,12770115
2024-12-10,357.9087219238281,358.94000244140625,360.55999755859375,356.6499938964844,356.6499938964844,9899420
2024-12-11,357.9087219238281,358.94000244140625,361.3599853515625,357.989990234375,359.20001220703125,11967140
2024-12-12,352.7236633300781,353.739990234375,359.2900085449219,353.07000732421875,358.0,17441295
2024-12-13,360.0924377441406,361.1300048828125,361.79998779296875,349.6099853515625,351.6700134277344,19467655
2024-12-16,359.8531188964844,360.8900146484375,362.6000061035156,358.7699890136719,360.6000061035156,14946965
2024-12-17,355.78485107421875,356.80999755859375,361.3699951171875,355.0,359.2200012207031,17964305
2024-12-18,354.9771728515625,356.0,357.3399963378906,354.07000732421875,356.3999938964844,17647150
2024-12-19,351.407470703125,352.4200134277344,353.6000061035156,349.0799865722656,352.69000244140625,20370400
2024-12-20,347.7080993652344,348.7099914550781,353.7699890136719,346.6700134277344,351.0,73428440
2024-12-23,348.06707763671875,349.07000732421875,352.8399963378906,348.0,349.5,13740180
2024-12-24,348.804931640625,349.80999755859375,350.92999267578125,347.6099853515625,348.510009765625,13563125
2024-12-26,349.55279541015625,350.55999755859375,353.8900146484375,348.4100036621094,351.3599853515625,5660030
2024-12-27,350.96875,351.9800109863281,355.44000244140625,350.79998779296875,352.0,12241355
2024-12-30,347.1397705078125,348.1400146484375,356.20001220703125,346.70001220703125,353.0,27513860
2024-12-31,356.1836853027344,357.2099914550781,359.32000732421875,347.010009765625,347.010009765625,23658490
2025-01-01,356.6523132324219,357.67999267578125,359.3500061035156,355.3999938964844,355.8500061035156,7424140
2025-01-02,366.37432861328125,367.42999267578125,368.0400085449219,359.3800048828125,360.0,25484935
2025-01-03,366.6734924316406,367.7300109863281,370.6000061035156,363.4200134277344,370.20001220703125,21385745
2025-01-06,354.9073791503906,355.92999267578125,365.0,354.5799865722656,364.20001220703125,19961975
2025-01-07,353.3917541503906,354.4100036621094,359.489990234375,353.9800109863281,357.3999938964844,21999690
2025-01-08,352.7137145996094,353.7300109863281,356.94000244140625,352.489990234375,356.0199890136719,21823395
2025-01-09,357.0113220214844,358.0400085449219,361.739990234375,354.79998779296875,354.79998779296875,27349135
2025-01-10,350.2308349609375,351.239990234375,357.92999267578125,350.6700134277344,356.8399963378906,17513090
2025-01-13,346.68109130859375,347.67999267578125,348.9100036621094,344.75,346.5799865722656,15461940
2025-01-14,349.11407470703125,350.1199951171875,353.7699890136719,345.9200134277344,349.9200134277344,24744805
2025-01-15,356.89166259765625,357.9200134277344,359.0,352.0199890136719,352.0199890136719,17549305
2025-01-16,360.0724792480469,361.1099853515625,362.989990234375,357.07000732421875,359.1600036621094,22257670
2025-01-17,350.70947265625,351.7200012207031,361.1000061035156,349.6600036621094,359.3999938964844,17608640
2025-01-20,382.9964294433594,384.1000061035156,385.9800109863281,373.20001220703125,378.0,66621575
2025-01-21,377.57208251953125,378.6600036621094,384.19000244140625,378.20001220703125,384.19000244140625,22078315
2025-01-22,382.3981628417969,383.5,384.1000061035156,377.4100036621094,379.79998779296875,20883345
2025-01-23,377.88116455078125,378.9700012207031,384.7900085449219,378.4200134277344,381.4200134277344,15805795
2025-01-24,376.1561279296875,377.239990234375,383.70001220703125,374.6099853515625,378.20001220703125,20126830
2025-01-27,375.19891357421875,376.2799987792969,379.760009765625,372.54998779296875,375.0,9642515
2025-01-28,376.46527099609375,377.54998779296875,381.0,374.1600036621094,379.0,25786920
2025-01-29,382.966552734375,384.07000732421875,384.94000244140625,377.0,377.55999755859375,11758155
2025-01-30,379.20733642578125,380.29998779296875,387.6199951171875,375.489990234375,384.07000732421875,21195905
2025-01-31,379.16748046875,380.260009765625,381.7900085449219,377.9200134277344,380.6099853515625,11666145
2025-02-01,379.52642822265625,380.6199951171875,383.42999267578125,374.32000732421875,379.79998779296875,5481785
2025-02-03,375.8171081542969,376.8999938964844,380.760009765625,376.30999755859375,378.7200012207031,16599040
2025-02-04,384.59185791015625,385.70001220703125,388.239990234375,375.44000244140625,378.2099914550781,26663090
2025-02-05,381.2514953613281,382.3500061035156,387.7900085449219,380.4700012207031,387.55999755859375,17136925
2025-02-06,382.08905029296875,383.19000244140625,384.0,379.2900085449219,383.3999938964844,15969855
2025-02-07,384.74139404296875,385.8500061035156,392.1199951171875,381.5799865722656,384.20001220703125,22070870
2025-02-10,390.9036560058594,392.0299987792969,393.0,384.7099914550781,387.05999755859375,17846865
2025-02-11,382.6175537109375,383.7200012207031,394.1000061035156,381.32000732421875,392.9200134277344,17533410
2025-02-12,387.6729736328125,388.7900085449219,389.79998779296875,380.989990234375,384.69000244140625,16095020
2025-02-13,393.4263916015625,394.55999755859375,398.55999755859375,392.1099853515625,392.6000061035156,63391865
2025-02-14,389.3581237792969,390.4800109863281,394.79998779296875,386.6700134277344,394.79998779296875,13050240
2025-02-17,387.9421691894531,389.05999755859375,392.7900085449219,386.5299987792969,391.0,11500595
2025-02-18,391.5418395996094,392.6700134277344,393.20001220703125,387.8299865722656,388.4100036621094,21720625
2025-02-19,395.859375,397.0,398.9800109863281,392.3999938964844,392.7900085449219,19570825
2025-02-20,392.9776611328125,394.1099853515625,396.4700012207031,392.0,396.4599914550781,23621860
2025-02-21,389.48773193359375,390.6099853515625,395.6700134277344,386.8999938964844,394.1099853515625,20042760
2025-02-24,392.0902404785156,393.2200012207031,394.0,386.7099914550781,387.6600036621094,11090405
2025-02-25,392.3196105957031,393.45001220703125,395.9100036621094,391.7200012207031,393.79998779296875,20099470
2025-02-27,388.3908996582031,389.510009765625,395.0,387.9800109863281,394.3999938964844,18540340
2025-02-28,379.49652099609375,380.5899963378906,387.4100036621094,378.7799987792969,387.4100036621094,34851575
2025-03-03,381.8198547363281,382.9200134277344,384.7300109863281,379.0400085449219,381.1099853515625,13038950
2025-03-04,380.4637145996094,381.55999755859375,383.20001220703125,379.3500061035156,380.2300109863281,15860250
2025-03-05,385.5091857910156,386.6199951171875,390.7300109863281,379.0799865722656,380.6199951171875,19058440
2025-03-06,383.2357482910156,384.3399963378906,388.989990234375,381.9700012207031,388.79998779296875,25965465
2025-03-07,385.9678649902344,387.0799865722656,388.1199951171875,382.010009765625,383.3999938964844,13901690
2025-03-10,383.2457275390625,384.3500061035156,388.010009765625,383.2699890136719,386.5,11142670
2025-03-11,385.9280090332031,387.0400085449219,388.79998779296875,380.8900146484375,384.6000061035156,16035260
2025-03-12,395.37078857421875,396.510009765625,399.5400085449219,387.6000061035156,388.0,33522470
2025-03-13,395.8793029785156,397.0199890136719,398.6700134277344,393.9100036621094,395.1400146484375,24628970
2025-03-17,397.4747314453125,398.6199951171875,399.7699890136719,394.8500061035156,396.0199890136719,15854645
2025-03-18,397.4747314453125,398.6199951171875,398.6199951171875,398.6199951171875,398.6199951171875,0
2025-03-19,403.14837646484375,404.30999755859375,410.20001220703125,403.45001220703125,407.8500061035156,26691440
2025-03-20,405.96026611328125,407.1300048828125,407.7799987792969,403.29998779296875,406.20001220703125,13416530
2025-03-21,414.6053466796875,415.79998779296875,419.5199890136719,407.0,408.0,94254040
2025-03-24,433.97955322265625,435.2300109863281,436.8500061035156,418.04998779296875,420.0,42541755
2025-03-25,432.7530517578125,434.0,440.5,432.0,435.9800109863281,36712165
2025-03-26,427.74749755859375,428.9800109863281,435.20001220703125,425.9800109863281,435.0,15084580
2025-03-27,424.5068664550781,425.7300109863281,430.2799987792969,422.3699951171875,428.79998779296875,47106120
2025-03-28,432.99237060546875,434.239990234375,435.9800109863281,427.79998779296875,427.8599853515625,18361265
2025-04-01,427.9468994140625,429.17999267578125,435.70001220703125,427.17999267578125,434.8599853515625,18754695
2025-04-02,429.68194580078125,430.9200134277344,432.1300048828125,427.92999267578125,428.20001220703125,10660960
2025-04-03,425.2945556640625,426.5199890136719,430.3399963378906,425.42999267578125,425.79998779296875,8470190
2025-04-04,425.16497802734375,426.3900146484375,429.260009765625,423.6300048828125,426.17999267578125,18942015
2025-04-07,406.3990173339844,407.57000732421875,416.7200012207031,400.1600036621094,403.739990234375,35695245
2025-04-08,409.84906005859375,411.0299987792969,415.9800109863281,407.6000061035156,412.489990234375,20471695
2025-04-09,409.3605041503906,410.5400085449219,413.0,408.4200134277344,410.79998779296875,19597890
2025-04-11,421.02685546875,422.239990234375,427.8999938964844,411.70001220703125,413.0,27973445
2025-04-15,422.8216857910156,424.0400085449219,429.3999938964844,419.9200134277344,429.0,28178320
2025-04-16,423.4598388671875,424.67999267578125,430.32000732421875,422.6600036621094,424.0,14498895
2025-04-17,436.3626708984375,437.6199951171875,438.7799987792969,419.5400085449219,423.0,26943160
2025-04-21,446.9920654296875,448.2799987792969,452.239990234375,435.0799865722656,439.0,24432490
2025-04-22,452.4563293457031,453.760009765625,460.3800048828125,449.0799865722656,449.79998779296875,33664915
2025-04-23,444.12030029296875,445.3999938964844,458.0,444.0,457.0,17619395
2025-04-24,443.3226013183594,444.6000061035156,447.5799865722656,442.739990234375,443.6000061035156,20842685
2025-04-25,439.6133117675781,440.8800048828125,446.67999267578125,435.6400146484375,444.0,10680015
2025-04-28,443.84112548828125,445.1199951171875,446.3599853515625,437.8800048828125,439.3999938964844,12190890
2025-04-29,439.7329406738281,441.0,449.3999938964844,439.760009765625,445.1199951171875,15291325
2025-04-30,440.3511657714844,441.6199951171875,446.20001220703125,437.6400146484375,442.7799987792969,23114585
2025-05-02,435.0863342285156,436.3399963378906,444.7200012207031,434.239990234375,440.79998779296875,9079030
2025-05-05,415.781982421875,416.9800109863281,426.760009765625,411.6000061035156,421.0199890136719,44108085
2025-05-06,413.60821533203125,414.79998779296875,418.2799987792969,413.0,417.20001220703125,17025485
2025-05-07,417.7762451171875,418.9800109863281,420.3599853515625,410.8999938964844,412.739990234375,18697280
2025-05-08,421.3060607910156,422.5199890136719,427.739990234375,418.9800109863281,419.79998779296875,34624355
2025-05-09,419.4114990234375,420.6199951171875,424.0,415.0,415.0,23271500
2025-05-12,427.7674255371094,429.0,432.7200012207031,425.2200012207031,426.79998779296875,15109370
2025-05-13,421.9043273925781,423.1199951171875,429.2200012207031,420.2200012207031,427.0,21539120
2025-05-14,417.2776794433594,418.4800109863281,423.9800109863281,416.79998779296875,422.20001220703125,10687970
2025-05-15,420.0696105957031,421.2799987792969,422.3999938964844,413.0799865722656,417.0199890136719,21311795
2025-05-16,420.4285888671875,421.6400146484375,422.9800109863281,418.0199890136719,419.9800109863281,10289540
2025-05-19,421.02685546875,422.239990234375,424.79998779296875,420.0799865722656,420.3999938964844,7528520
2025-05-20,416.8189697265625,418.0199890136719,423.5799865722656,416.94000244140625,422.9599914550781,19545490
2025-05-21,413.0697937011719,414.260009765625,419.260009765625,412.0,419.0,10708700
2025-05-22,411.97296142578125,413.1600036621094,415.5199890136719,410.1400146484375,414.79998779296875,16446640
2025-05-23,418.9528503417969,420.1600036621094,421.8599853515625,413.1600036621094,413.1600036621094,8254765
2025-05-26,416.659423828125,417.8599853515625,422.3999938964844,417.0199890136719,418.0199890136719,10201425
2025-05-27,414.2862854003906,415.4800109863281,419.79998779296875,412.239990234375,418.0,17299700
2025-05-28,413.6680603027344,414.8599853515625,416.0799865722656,412.67999267578125,415.0,8173180
2025-05-29,415.1239013671875,416.32000732421875,419.20001220703125,411.0,415.4599914550781,24936910
2025-05-30,413.7478332519531,414.94000244140625,418.0400085449219,413.1000061035156,416.32000732421875,49038640
2025-06-02,411.5342102050781,412.7200012207031,415.1600036621094,410.239990234375,413.3999938964844,13505700
2025-06-03,407.7251892089844,408.8999938964844,415.1600036621094,406.8399963378906,414.0,32319090
2025-06-04,408.08416748046875,409.260009765625,411.70001220703125,408.1600036621094,409.4200134277344,11655570
2025-06-05,406.8078308105469,407.9800109863281,411.2799987792969,406.8399963378906,410.9599914550781,18626660
2025-06-06,413.4885559082031,414.67999267578125,416.9800109863281,406.760009765625,408.7799987792969,22121620
2025-06-09,426.4113464355469,427.6400146484375,428.4800109863281,418.0,422.20001220703125,28895440
2025-06-10,428.9839172363281,430.2200012207031,434.5799865722656,427.6400146484375,429.3399963378906,24578710
2025-06-11,427.8272705078125,429.05999755859375,432.1400146484375,426.6000061035156,429.79998779296875,8910305
2025-06-12,424.13787841796875,425.3599853515625,429.760009765625,424.44000244140625,429.05999755859375,14890860
2025-06-13,420.26904296875,421.4800109863281,424.3999938964844,414.3999938964844,414.3999938964844,22336370
2025-06-16,426.57086181640625,427.79998779296875,428.94000244140625,417.760009765625,421.5799865722656,14707980
2025-06-17,426.13214111328125,427.3599853515625,431.1600036621094,426.0400085449219,427.79998779296875,15541500
2025-06-18,425.2546691894531,426.4800109863281,427.4800109863281,421.739990234375,425.0,19503255
2025-06-19,428.046630859375,429.2799987792969,430.94000244140625,426.6199951171875,427.8999938964844,17025995
2025-06-20,432.71319580078125,433.9599914550781,435.20001220703125,426.260009765625,429.0,16863180
2025-06-23,435.5649719238281,436.82000732421875,437.94000244140625,430.239990234375,431.6199951171875,8603070
2025-06-24,443.4422912597656,444.7200012207031,446.7200012207031,438.2799987792969,441.6000061035156,28022600
2025-06-25,438.3968200683594,439.6600036621094,444.7200012207031,438.20001220703125,444.6000061035156,17877145
2025-06-26,439.51361083984375,440.7799987792969,442.0,436.0,440.4800109863281,28350635
2025-06-27,440.311279296875,441.5799865722656,443.4599914550781,436.5199890136719,442.0,48247195
2025-06-30,431.4568176269531,432.70001220703125,441.79998779296875,430.8999938964844,441.5799865722656,18638285
2025-07-01,435.46527099609375,436.7200012207031,437.29998779296875,431.8599853515625,432.70001220703125,20128770
2025-07-02,432.5735778808594,433.82000732421875,439.44000244140625,432.20001220703125,437.0,9382555
2025-07-03,424.0980224609375,425.32000732421875,430.3800048828125,424.3800048828125,427.82000732421875,23336995
2025-07-04,424.7361755371094,425.9599914550781,427.4599914550781,422.20001220703125,424.79998779296875,8431075
2025-07-07,428.72467041015625,429.9599914550781,431.3599853515625,424.3599853515625,426.0,10852925
2025-07-08,443.6217346191406,444.8999938964844,448.29998779296875,435.239990234375,437.0,37631455
2025-07-09,444.5789794921875,445.8599853515625,446.82000732421875,442.79998779296875,443.3999938964844,10104510
2025-07-10,439.49365234375,440.760009765625,448.5400085449219,437.3800048828125,445.82000732421875,28609065
2025-07-11,442.843994140625,444.1199951171875,445.0,439.7200012207031,440.3599853515625,13395830
2025-07-14,439.49365234375,440.760009765625,445.3999938964844,439.4599914550781,444.7799987792969,11976685
2025-07-15,436.3626708984375,437.6199951171875,446.7200012207031,436.3800048828125,442.0,14870715
2025-07-16,434.6276550292969,435.8800048828125,438.0,431.20001220703125,436.82000732421875,11438515
2025-07-17,432.91259765625,434.1600036621094,438.3399963378906,433.3399963378906,435.0,10897805
2025-07-18,427.3621826171875,428.1000061035156,433.6000061035156,426.20001220703125,433.5199890136719,12832715
2025-07-21,432.2936706542969,433.0400085449219,433.5199890136719,426.0400085449219,427.6199951171875,9135495
2025-07-22,431.29541015625,432.0400085449219,435.0,429.0,434.3999938964844,7822810
2025-07-23,433.3318786621094,434.0799865722656,435.9599914550781,431.239990234375,434.20001220703125,13952705
2025-07-24,427.681640625,428.4200134277344,434.3599853515625,428.0,433.0799865722656,10292000
2025-07-25,424.18768310546875,424.9200134277344,429.9800109863281,423.6600036621094,427.82000732421875,8727375
2025-07-28,392.6421203613281,393.32000732421875,411.05999755859375,392.0,405.05999755859375,69123495
2025-07-29,393.86004638671875,394.5400085449219,395.94000244140625,390.6000061035156,393.3999938964844,25219670
2025-07-30,391.2644958496094,391.94000244140625,396.17999267578125,391.3999938964844,393.2200012207031,17949955
2025-07-31,395.0379943847656,395.7200012207031,399.7200012207031,387.0,388.239990234375,21519590
2025-08-01,397.7932434082031,398.4800109863281,401.3999938964844,394.4200134277344,396.6000061035156,13361865
2025-08-04,398.7116394042969,399.3999938964844,401.3999938964844,396.4200134277344,397.3999938964844,7716305
2025-08-05,399.9095764160156,400.6000061035156,401.6000061035156,398.9599914550781,401.6000061035156,12106660
2025-08-06,399.789794921875,400.4800109863281,405.1199951171875,398.5400085449219,400.6000061035156,13311395
2025-08-07,397.73333740234375,398.4200134277344,399.1000061035156,393.0,396.20001220703125,72760995
2025-08-08,389.8669128417969,390.5400085449219,399.8999938964844,389.6400146484375,398.7799987792969,10928645
2025-08-11,394.4989013671875,395.17999267578125,404.79998779296875,391.2799987792969,392.79998779296875,11012565
2025-08-12,391.1247253417969,391.79998779296875,397.17999267578125,391.2799987792969,395.0,7889120
2025-08-13,396.8548583984375,397.5400085449219,399.260009765625,392.44000244140625,393.6000061035156,13733665
2025-08-14,394.9581298828125,395.6400146484375,398.70001220703125,395.1000061035156,397.6000061035156,9922965
2025-08-18,399.5901184082031,400.2799987792969,405.20001220703125,399.4200134277344,399.5799865722656,21519720
2025-08-19,405.2803039550781,405.9800109863281,406.5,398.5,398.79998779296875,15558845
2025-08-20,402.8045654296875,403.5,404.8399963378906,401.1000061035156,404.1000061035156,13134705
2025-08-21,402.8644714355469,403.55999755859375,407.79998779296875,402.5799865722656,407.79998779296875,14493935
2025-08-22,396.63525390625,397.32000732421875,403.7200012207031,396.0400085449219,402.0400085449219,8958465
2025-08-25,395.97637939453125,396.6600036621094,399.760009765625,395.3399963378906,397.3999938964844,11849075
2025-08-26,392.46246337890625,393.1400146484375,396.7799987792969,392.239990234375,395.6000061035156,18550690
2025-08-28,388.2696838378906,388.94000244140625,393.6000061035156,388.2200012207031,391.0,17989700
2025-08-29,391.3843078613281,392.05999755859375,396.9800109863281,390.0400085449219,390.0400085449219,15371790
2025-09-01,393.04144287109375,393.7200012207031,394.55999755859375,391.0400085449219,392.05999755859375,7891610
2025-09-02,387.8304443359375,388.5,395.0400085449219,388.0799865722656,393.20001220703125,12917095
2025-09-03,391.3643493652344,392.0400085449219,392.760009765625,386.2200012207031,388.79998779296875,20037270
2025-09-04,389.2679443359375,389.94000244140625,394.3399963378906,389.29998779296875,392.20001220703125,9457295
2025-09-05,388.4294128417969,389.1000061035156,391.4599914550781,387.4200134277344,389.94000244140625,9906260
2025-09-08,389.3478088378906,390.0199890136719,392.29998779296875,386.29998779296875,388.5,12527790
2025-09-09,391.40423583984375,392.0799865722656,393.17999267578125,387.9599914550781,391.20001220703125,15873920
2025-09-10,393.9798278808594,394.6600036621094,397.7799987792969,393.1600036621094,396.9800109863281,42604510
2025-09-11,393.7801513671875,394.4599914550781,397.0,392.6600036621094,395.3999938964844,11816335
2025-09-12,393.7801513671875,394.4599914550781,397.0,393.20001220703125,394.6400146484375,18077285
2025-09-15,393.4806823730469,394.1600036621094,396.32000732421875,392.9800109863281,393.6000061035156,13098130
2025-09-16,403.64312744140625,404.3399963378906,406.1000061035156,394.6400146484375,395.2799987792969,20084385
2025-09-17,409.353271484375,410.05999755859375,410.5400085449219,404.05999755859375,405.79998779296875,23917190
2025-09-18,410.2117919921875,410.9200134277344,412.260009765625,408.44000244140625,410.0,17420580
2025-09-19,405.49993896484375,406.20001220703125,410.9200134277344,405.4800109863281,410.9200134277344,22431125
2025-09-22,403.64312744140625,404.3399963378906,407.9200134277344,403.4800109863281,406.3999938964844,13229910
2025-09-23,408.83416748046875,409.5400085449219,410.6199951171875,401.67999267578125,404.6000061035156,25428240
2025-09-24,405.5598449707031,406.260009765625,409.6199951171875,405.79998779296875,408.3999938964844,18394385
2025-09-25,402.0059814453125,402.70001220703125,407.5,402.0,406.4599914550781,20039275
2025-09-26,398.27239990234375,398.9599914550781,403.8399963378906,397.82000732421875,401.79998779296875,9595825
2025-09-29,397.6335144042969,398.32000732421875,400.739990234375,394.05999755859375,399.17999267578125,26530510
2025-09-30,397.8531494140625,398.5400085449219,403.0,397.2200012207031,400.79998779296875,29309685
2025-10-01,411.94879150390625,412.6600036621094,414.3999938964844,397.20001220703125,397.20001220703125,30579755
2025-10-03,419.3759765625,420.1000061035156,421.6000061035156,412.3999938964844,412.6600036621094,23679650
2025-10-06,428.4602966308594,429.20001220703125,430.9200134277344,418.6000061035156,422.79998779296875,25764180
2025-10-07,424.6468811035156,425.3800048828125,430.6199951171875,424.3399963378906,428.3999938964844,12364695
2025-10-08,422.83001708984375,423.55999755859375,426.5,422.44000244140625,425.29998779296875,4402475
2025-10-09,428.1807861328125,428.9200134277344,430.3999938964844,420.260009765625,423.6000061035156,15827485
2025-10-10,429.27886962890625,430.0199890136719,431.55999755859375,427.32000732421875,429.0,9681210
2025-10-13,429.6781921386719,430.4200134277344,431.20001220703125,426.760009765625,427.20001220703125,10600020
2025-10-14,429.6182861328125,430.3599853515625,433.0,428.32000732421875,429.79998779296875,8022815
2025-10-15,429.1790466308594,429.9200134277344,433.17999267578125,428.239990234375,431.0,11540535
2025-10-16,440.3197937011719,441.0799865722656,442.9200134277344,430.44000244140625,430.5799865722656,33692100
2025-10-17,440.3996887207031,441.1600036621094,441.9800109863281,438.0799865722656,440.7799987792969,16706510
2025-10-20,441.9969177246094,442.760009765625,453.20001220703125,440.0400085449219,442.79998779296875,15207085
2025-10-21,438.6427001953125,439.3999938964844,443.9599914550781,437.3800048828125,442.760009765625,1134020
2025-10-23,444.35284423828125,445.1199951171875,448.8800048828125,442.20001220703125,445.0,21496105
2025-10-24,436.6461486816406,437.3999938964844,447.6000061035156,433.6400146484375,447.6000061035156,16293685
2025-10-27,428.9794006347656,429.7200012207031,437.20001220703125,424.3999938964844,434.44000244140625,18599700
2025-10-28,431.4151916503906,432.1600036621094,433.6199951171875,428.3999938964844,428.3999938964844,23304345
2025-10-29,429.3587341308594,430.1000061035156,434.8599853515625,429.3800048828125,434.0,7088915
2025-10-30,426.70330810546875,427.44000244140625,430.6000061035156,425.2799987792969,430.0,12438465
2025-10-31,419.71539306640625,420.44000244140625,429.3800048828125,420.0,429.3800048828125,18931270
2025-11-03,421.97149658203125,422.70001220703125,423.8399963378906,417.5799865722656,420.44000244140625,7657265
2025-11-04,418.5973205566406,419.32000732421875,424.2200012207031,418.6000061035156,423.3399963378906,9581885
2025-11-06,415.92193603515625,416.6400146484375,420.760009765625,414.4200134277344,414.6000061035156,11902845
2025-11-07,416.940185546875,417.6600036621094,419.8599853515625,411.8399963378906,415.739990234375,7000945
2025-11-10,417.81866455078125,418.5400085449219,420.9599914550781,416.20001220703125,416.20001220703125,10866480
2025-11-11,416.6606750488281,417.3800048828125,420.6000061035156,414.9800109863281,420.0,10814210
2025-11-12,416.1814880371094,416.8999938964844,420.0199890136719,416.0,420.0199890136719,9035425
2025-11-13,414.32470703125,415.0400085449219,417.8999938964844,412.9200134277344,417.8999938964844,10711530
2025-11-14,415.22314453125,415.94000244140625,417.1000061035156,412.6000061035156,413.20001220703125,12202755
2025-11-17,419.8551330566406,420.5799865722656,423.9800109863281,418.4800109863281,419.0,25151640
2025-11-18,417.8985290527344,418.6199951171875,421.3999938964844,416.0,418.1199951171875,10300340
2025-11-19,420.4541015625,421.17999267578125,422.0,417.8999938964844,419.8999938964844,12464500
2025-11-20,419.0165710449219,419.739990234375,422.9599914550781,418.6400146484375,422.9599914550781,36702845
2025-11-21,416.84033203125,417.55999755859375,422.29998779296875,415.70001220703125,420.0,39194210
2025-11-24,416.7405090332031,417.4599914550781,420.79998779296875,415.4800109863281,419.0,24922845
2025-11-25,413.26654052734375,413.9800109863281,418.8599853515625,413.3399963378906,418.8599853515625,15164895
2025-11-26,420.03485107421875,420.760009765625,422.0,414.82000732421875,415.0,14896715
2025-11-27,421.3126220703125,422.0400085449219,426.1000061035156,418.2799987792969,420.79998779296875,20148975
2025-11-28,424.1477355957031,424.8800048828125,428.3599853515625,420.44000244140625,423.79998779296875,15840785
2025-12-01,428.77972412109375,429.5199890136719,432.6000061035156,425.6199951171875,426.79998779296875,16310160
2025-12-02,427.7415466308594,428.4800109863281,432.0,427.8800048828125,428.0,18294165
2025-12-03,428.4802551269531,429.2200012207031,430.3399963378906,423.82000732421875,427.0199890136719,14031015
2025-12-04,426.34393310546875,427.0799865722656,429.3599853515625,424.29998779296875,429.2200012207031,12871640
2025-12-05,430.23724365234375,430.9800109863281,433.20001220703125,426.3999938964844,427.0,9658475
2025-12-08,425.58526611328125,426.32000732421875,431.7799987792969,425.20001220703125,431.739990234375,14960235
2025-12-09,424.8066101074219,425.5400085449219,426.67999267578125,421.7799987792969,424.0,16037550
2025-12-10,425.16595458984375,425.8999938964844,431.1000061035156,424.739990234375,426.0,10941335
2025-12-11,435.28851318359375,436.0400085449219,441.0,423.82000732421875,425.8999938964844,24978600
2025-12-12,434.5697326660156,435.32000732421875,440.20001220703125,434.94000244140625,436.3399963378906,14312745
2025-12-15,435.50811767578125,436.260009765625,437.1199951171875,431.29998779296875,433.4200134277344,13779900
2025-12-16,435.7277526855469,436.4800109863281,438.79998779296875,434.29998779296875,435.6000061035156,8544595
2025-12-17,433.89093017578125,434.6400146484375,438.6400146484375,432.70001220703125,437.6000061035156,8060720
2025-12-18,432.17388916015625,432.9200134277344,435.7799987792969,431.9800109863281,434.6400146484375,5633400
2025-12-19,431.1556396484375,431.8999938964844,435.5,431.260009765625,433.70001220703125,11504670
2025-12-22,429.1990051269531,429.94000244140625,435.20001220703125,429.4200134277344,434.0,9041130
2025-12-23,431.7945251464844,432.5400085449219,434.17999267578125,429.94000244140625,430.5,8070815
2025-12-24,431.9941711425781,432.739990234375,435.6400146484375,432.2200012207031,433.6000061035156,7791790
2025-12-26,432.0940246582031,432.8399963378906,434.7200012207031,430.5799865722656,432.3999938964844,3691745
2025-12-29,430.9759521484375,431.7200012207031,436.3599853515625,431.0799865722656,434.1199951171875,4858980
2025-12-30,429.7979736328125,430.5400085449219,433.0,427.7799987792969,431.94000244140625,28360690
2025-12-31,439.4613037109375,440.2200012207031,441.0799865722656,431.1400146484375,431.6000061035156,14284445
