Price,Adj Close,Close,High,Low,Open,Volume
Ticker,LT.NS,LT.NS,LT.NS,LT.NS,LT.NS,LT.NS
Date,,,,,,
2020-01-01,1180.6744384765625,1309.949951171875,1318.9000244140625,1303.0,1308.4000244140625,3123998
2020-01-02,1212.5360107421875,1345.300048828125,1348.0,1311.0,1312.0,4335359
2020-01-03,1203.2974853515625,1335.050048828125,1344.949951171875,1330.1500244140625,1344.949951171875,2059871
2020-01-06,1186.8035888671875,1316.75,1332.0,1314.0999755859375,1331.0,2646905
2020-01-07,1190.18359375,1320.5,1339.5,1313.75,1328.0,2077893
2020-01-08,1164.090576171875,1291.550048828125,1308.699951171875,1283.3499755859375,1302.0,4147568
2020-01-09,1186.2626953125,1316.1500244140625,1319.9000244140625,1305.0999755859375,1311.0,2067779
2020-01-10,1193.87890625,1324.5999755859375,1335.949951171875,1319.0,1319.0,2360798
2020-01-13,1202.9820556640625,1334.699951171875,1339.4000244140625,1328.699951171875,1329.0,1825244
2020-01-14,1195.230712890625,1326.0999755859375,1331.0,1315.0999755859375,1329.800048828125,2046500
2020-01-15,1192.9776611328125,1323.5999755859375,1336.1500244140625,1320.0,1325.5999755859375,2127677
2020-01-16,1189.1019287109375,1319.300048828125,1332.9000244140625,1317.4000244140625,1327.699951171875,1773135
2020-01-17,1175.491943359375,1304.199951171875,1325.949951171875,1302.0,1320.5999755859375,2941837
2020-01-20,1180.3590087890625,1309.5999755859375,1319.9000244140625,1306.5,1313.949951171875,2542477
2020-01-21,1173.82470703125,1302.3499755859375,1313.9000244140625,1300.449951171875,1304.75,1361576
2020-01-22,1166.478759765625,1294.199951171875,1312.0,1292.0,1311.0,2449753
2020-01-23,1200.819091796875,1332.300048828125,1339.8499755859375,1306.0,1307.0,10056067
2020-01-24,1225.064208984375,1359.199951171875,1367.8499755859375,1332.0,1332.0,5837319
2020-01-27,1215.51025390625,1348.5999755859375,1364.9000244140625,1340.0,1340.0,2510013
2020-01-28,1213.7530517578125,1346.6500244140625,1355.0,1338.0,1350.9000244140625,2352852
2020-01-29,1230.9228515625,1365.699951171875,1374.949951171875,1352.0999755859375,1353.0999755859375,3678474
2020-01-30,1234.9786376953125,1370.199951171875,1376.800048828125,1353.0,1365.949951171875,2743506
2020-01-31,1234.1676025390625,1369.300048828125,1377.0,1360.449951171875,1375.949951171875,3939306
2020-02-03,1159.6741943359375,1286.6500244140625,1303.9000244140625,1272.0,1290.0,5767353
2020-02-04,1164.270751953125,1291.75,1307.300048828125,1287.550048828125,1296.0,3604309
2020-02-05,1180.7647705078125,1310.050048828125,1325.0,1295.0,1297.9000244140625,4220104
2020-02-06,1187.5697021484375,1317.5999755859375,1325.0,1309.050048828125,1322.9000244140625,2354458
2020-02-07,1170.805419921875,1299.0,1314.4000244140625,1296.0,1313.050048828125,3053804
2020-02-10,1158.4573974609375,1285.300048828125,1302.449951171875,1273.0999755859375,1300.0,3039992
2020-02-11,1159.8994140625,1286.9000244140625,1298.949951171875,1284.0,1292.0,2200796
2020-02-12,1169.2730712890625,1297.300048828125,1299.8499755859375,1280.0,1289.0999755859375,2568696
2020-02-13,1164.721435546875,1292.25,1299.8499755859375,1285.0,1299.0,1545536
2020-02-14,1167.3353271484375,1295.1500244140625,1304.949951171875,1290.5999755859375,1295.0,1780119
2020-02-17,1153.860595703125,1280.199951171875,1297.8499755859375,1277.0,1297.0,2155085
2020-02-18,1159.403564453125,1286.3499755859375,1289.800048828125,1266.449951171875,1281.5,2347917
2020-02-19,1154.942138671875,1281.4000244140625,1299.0,1276.5999755859375,1298.0,1820353
2020-02-20,1154.2210693359375,1280.5999755859375,1288.9000244140625,1275.300048828125,1279.9000244140625,3034681
2020-02-24,1135.383544921875,1259.699951171875,1271.9000244140625,1252.6500244140625,1271.9000244140625,3414064
2020-02-25,1119.4755859375,1242.050048828125,1265.6500244140625,1240.1500244140625,1262.199951171875,3133077
2020-02-26,1091.625,1211.1500244140625,1238.0,1206.0,1235.0,5721483
2020-02-27,1090.9036865234375,1210.3499755859375,1216.949951171875,1200.0,1212.3499755859375,4003149
2020-02-28,1070.3538818359375,1187.550048828125,1196.449951171875,1162.0,1189.6500244140625,6286647
2020-03-02,1046.333984375,1160.9000244140625,1212.3499755859375,1150.550048828125,1205.0,3177486
2020-03-03,1064.7208251953125,1181.300048828125,1186.800048828125,1162.050048828125,1166.0,3134527
2020-03-04,1060.5296630859375,1176.6500244140625,1187.8499755859375,1158.0,1185.0,3135151
2020-03-05,1065.7572021484375,1182.449951171875,1187.25,1166.199951171875,1180.0999755859375,2625152
2020-03-06,1044.5313720703125,1158.9000244140625,1164.0,1130.8499755859375,1148.0,3956575
2020-03-09,993.2015991210938,1101.949951171875,1135.800048828125,1067.300048828125,1135.800048828125,8038295
2020-03-11,1006.72119140625,1116.949951171875,1120.949951171875,1085.800048828125,1090.0,5628125
2020-03-12,916.2293701171875,1016.5499877929688,1070.050048828125,1004.0999755859375,1070.0,9200130
2020-03-13,947.6853637695312,1051.449951171875,1060.449951171875,890.0,950.0,8117911
2020-03-16,873.1016235351562,968.7000122070312,1042.0,961.9000244140625,1014.25,6671806
2020-03-17,862.3309936523438,956.75,1005.0,940.1500244140625,972.0,4720207
2020-03-18,815.282470703125,904.5499877929688,974.75,900.0,968.0,5586097
2020-03-19,759.8966674804688,843.0999755859375,884.0,837.7000122070312,873.9000244140625,7251950
2020-03-20,779.3651123046875,864.7000122070312,877.7999877929688,831.2999877929688,849.0,6130185
2020-03-23,652.5955200195312,724.0499877929688,809.9500122070312,706.0,809.0,7308612
2020-03-24,646.9749145507812,707.9000244140625,755.75,672.0,755.0,7110384
2020-03-25,699.8460083007812,765.75,775.0,661.0,697.2000122070312,16122446
2020-03-26,765.8778076171875,838.0,842.2999877929688,754.1500244140625,787.75,9028497
2020-03-27,765.0095825195312,837.0499877929688,890.0,812.0,867.9000244140625,6573448
2020-03-30,729.9144897460938,798.6500244140625,815.0,791.0,801.0,4474168
2020-03-31,738.9166259765625,808.5,823.0,791.2000122070312,820.0,8045468
2020-04-01,707.7058715820312,774.3499755859375,812.4000244140625,766.5499877929688,806.8499755859375,4104403
2020-04-03,707.97998046875,774.6500244140625,791.0999755859375,762.7999877929688,791.0999755859375,4268480
2020-04-07,732.6563110351562,801.6500244140625,813.0,791.0,805.0,5768998
2020-04-08,737.63720703125,807.0999755859375,832.0,797.7000122070312,804.0,6151091
2020-04-09,742.8465576171875,812.7999877929688,834.3499755859375,804.4000244140625,834.3499755859375,6410296
2020-04-13,790.96533203125,865.4500122070312,872.4000244140625,807.9500122070312,812.7999877929688,9462711
2020-04-15,804.4002075195312,880.1500244140625,926.5999755859375,869.0,890.9500122070312,10435477
2020-04-16,833.1891479492188,911.6500244140625,919.7999877929688,870.1500244140625,875.9500122070312,6980512
2020-04-17,852.6102905273438,932.9000244140625,940.0,916.0,930.0,5827648
2020-04-20,836.7991333007812,915.5999755859375,943.0,911.0,940.7999877929688,4958362
2020-04-21,795.443603515625,870.3499755859375,906.5999755859375,863.0,897.0,5122305
2020-04-22,779.22119140625,852.5999755859375,885.5,850.0,873.0,6090168
2020-04-23,768.2539672851562,840.5999755859375,869.5,835.0,860.0,6321888
2020-04-24,777.9417114257812,851.2000122070312,869.0,834.1500244140625,838.0,7960368
2020-04-27,781.6431884765625,855.25,874.9000244140625,852.25,861.9500122070312,4224177
2020-04-28,783.3796997070312,857.1500244140625,867.7000122070312,852.0999755859375,863.7999877929688,3772704
2020-04-29,800.0132446289062,875.3499755859375,883.0499877929688,854.0,862.0,4837925
2020-04-30,820.3026123046875,897.5499877929688,916.7999877929688,884.0999755859375,890.2000122070312,6332497
2020-05-04,777.4391479492188,850.6500244140625,880.0,845.0,880.0,4678576
2020-05-05,764.8724365234375,836.9000244140625,869.7999877929688,835.0,861.0,4296433
2020-05-06,765.2379150390625,837.2999877929688,848.0,817.5999755859375,838.0,5081524
2020-05-07,752.0316772460938,822.8499755859375,836.0499877929688,820.0999755859375,833.0,3529134
2020-05-08,745.7255859375,815.9500122070312,834.8499755859375,810.0,833.0,4394509
2020-05-11,750.88916015625,821.5999755859375,827.5,816.3499755859375,821.2000122070312,2882920
2020-05-12,744.6744995117188,814.7999877929688,819.25,804.0,817.0,3024381
2020-05-13,788.6348876953125,862.9000244140625,871.9500122070312,850.5,863.7000122070312,8625444
2020-05-14,796.6317749023438,871.6500244140625,879.5999755859375,841.5,858.9000244140625,6778584
2020-05-15,790.0057373046875,864.4000244140625,885.0,854.0,881.9500122070312,5653901
2020-05-18,743.3492431640625,813.3499755859375,870.0,810.0,869.9000244140625,6211249
2020-05-19,727.8123168945312,796.3499755859375,833.7999877929688,791.7000122070312,827.0999755859375,5533176
2020-05-20,763.1361083984375,835.0,841.0,800.0,800.0,5949898
2020-05-21,749.8838500976562,820.5,845.0,818.0999755859375,835.9500122070312,4701930
2020-05-22,745.4969482421875,815.7000122070312,826.5,810.0999755859375,815.0,4607479
2020-05-26,754.4993896484375,825.5499877929688,842.7000122070312,821.0,821.9000244140625,4335209
2020-05-27,777.621826171875,850.8499755859375,857.2000122070312,827.0,831.9500122070312,5159287
2020-05-28,827.568359375,905.5,912.0,855.0,855.0,11481079
2020-05-29,852.0162963867188,932.25,937.5,891.0,893.2000122070312,10166556
2020-06-01,848.26904296875,928.1500244140625,974.1500244140625,924.0,944.6500244140625,7617144
2020-06-02,864.0802001953125,945.4500122070312,953.0,913.0499877929688,935.0,7325471
2020-06-03,878.56591796875,961.2999877929688,972.8499755859375,955.0,955.9500122070312,4651554
2020-06-04,850.599609375,930.7000122070312,968.0,928.5999755859375,961.0499877929688,5355931
2020-06-05,873.03662109375,955.25,959.9000244140625,936.5999755859375,940.0,6071040
2020-06-08,878.6117553710938,961.3499755859375,995.0,949.0,979.5,9858804
2020-06-09,871.2545776367188,953.2999877929688,970.25,949.7000122070312,964.5,5117749
2020-06-10,865.08544921875,946.5499877929688,959.5,935.7000122070312,957.0,5175923
2020-06-11,850.3711547851562,930.4500122070312,952.0,928.2000122070312,944.0,3602957
2020-06-12,846.669677734375,926.4000244140625,929.9000244140625,890.0,890.0,5411314
2020-06-15,822.450439453125,899.9000244140625,929.4500122070312,894.0999755859375,921.7999877929688,4982324
2020-06-16,818.0177612304688,895.0499877929688,924.7000122070312,891.1500244140625,920.0,4661460
2020-06-17,808.6499633789062,884.7999877929688,899.75,881.0999755859375,892.7000122070312,4681085
2020-06-18,819.4801635742188,896.6500244140625,900.0,874.0,876.0,5869802
2020-06-19,820.896728515625,898.2000122070312,915.9000244140625,895.0999755859375,902.0,5409996
2020-06-22,829.3506469726562,907.4500122070312,916.0,896.0,905.0,6839642
2020-06-23,884.32373046875,967.5999755859375,970.0,909.0,910.0,14580218
2020-06-24,873.3108520507812,955.5499877929688,989.9000244140625,952.0,979.0,11985132
2020-06-25,861.932373046875,943.0999755859375,964.7999877929688,936.25,949.9000244140625,7508087
2020-06-26,879.3886108398438,962.2000122070312,976.0999755859375,940.5,955.0,6554103
2020-06-29,855.9917602539062,936.5999755859375,956.0999755859375,930.0,950.0,4575801
2020-06-30,862.4351196289062,943.6500244140625,952.1500244140625,931.4000244140625,948.7000122070312,3656480
2020-07-01,844.7503051757812,924.2999877929688,941.0,917.0,941.0,6426017
2020-07-02,860.287353515625,941.2999877929688,950.7000122070312,926.0,936.0,6542705
2020-07-03,862.9834594726562,944.25,955.4000244140625,941.5999755859375,948.0,3928063
2020-07-06,869.3353271484375,951.2000122070312,959.5,946.6500244140625,953.0999755859375,3900219
2020-07-07,862.3892822265625,943.5999755859375,961.9000244140625,940.0,955.0,4051767
2020-07-08,860.2415161132812,941.25,964.4000244140625,938.0,944.9500122070312,5227021
2020-07-09,863.6232299804688,944.9500122070312,952.0,940.0,945.0,3777760
2020-07-10,851.9248046875,932.1500244140625,952.0,930.5499877929688,940.0,4537688
2020-07-13,848.26904296875,928.1500244140625,944.7999877929688,925.0,940.0,3821300
2020-07-14,834.3316040039062,912.9000244140625,934.9500122070312,905.8499755859375,928.0,3646237
2020-07-15,833.69189453125,912.2000122070312,925.0,909.2999877929688,918.0499877929688,3229770
2020-07-16,841.8715209960938,921.1500244140625,924.0,898.4500122070312,913.0,3134451
2020-07-17,845.892822265625,925.5499877929688,929.9500122070312,918.0,922.0999755859375,2040517
2020-07-20,840.4548950195312,919.5999755859375,931.9000244140625,915.0,929.0,3035845
2020-07-21,857.3170166015625,938.0499877929688,942.2999877929688,920.5999755859375,927.0,4756570
2020-07-22,841.6430053710938,920.9000244140625,941.0,910.0,939.2000122070312,4977432
2020-07-23,837.6673583984375,916.5499877929688,937.9500122070312,911.3499755859375,912.0,9075059
2020-07-24,826.5630493164062,904.4000244140625,914.5,898.0499877929688,914.4000244140625,6059379
2020-07-27,826.0147094726562,903.7999877929688,915.0,896.2999877929688,908.0,3615970
2020-07-28,834.8799438476562,913.5,917.0,899.0,908.7999877929688,3793721
2020-07-29,842.6027221679688,921.9500122070312,940.8499755859375,917.25,919.5999755859375,7245021
2020-07-30,830.0817260742188,908.25,932.7000122070312,904.2000122070312,929.0,3364408
2020-07-31,834.8342895507812,913.4500122070312,922.9000244140625,907.0499877929688,913.9000244140625,2943858
2020-08-03,837.0734252929688,915.9000244140625,919.75,903.5499877929688,913.0,3583167
2020-08-04,844.7046508789062,924.25,930.0,916.5999755859375,918.0,3860346
2020-08-05,853.4629516601562,925.75,934.5,920.7999877929688,923.9500122070312,3007723
2020-08-06,850.14404296875,922.1500244140625,933.7000122070312,920.25,926.0499877929688,2188023
2020-08-07,844.1516723632812,915.6500244140625,926.8499755859375,914.0999755859375,922.5499877929688,2461109
2020-08-10,885.0845947265625,960.0499877929688,970.0,925.0,925.0,11861641
2020-08-11,886.7901000976562,961.9000244140625,979.7000122070312,957.0999755859375,969.5999755859375,5427516
2020-08-12,875.5888671875,949.75,956.0,945.0,952.0,3672458
2020-08-13,913.3412475585938,990.7000122070312,993.6500244140625,951.5499877929688,957.0,8816193
2020-08-14,906.0582275390625,982.7999877929688,1017.0,973.4000244140625,999.9500122070312,13443785
2020-08-17,922.6526489257812,1000.7999877929688,1007.0,987.7000122070312,1002.0,4735094
2020-08-18,926.1098022460938,1004.5499877929688,1008.0,995.4000244140625,1005.9500122070312,4362050
2020-08-19,930.3046264648438,1009.0999755859375,1024.949951171875,1005.4000244140625,1017.25,4914223
2020-08-20,917.9970092773438,995.75,1005.0,981.0,986.0,4791040
2020-08-21,916.5218505859375,994.1500244140625,1010.0,992.0,1010.0,2806380
2020-08-24,913.9405517578125,991.3499755859375,1001.4000244140625,990.0,996.0,2026255
2020-08-25,903.8456420898438,980.4000244140625,999.9000244140625,977.7999877929688,993.0,2914757
2020-08-26,893.2896728515625,968.9500122070312,988.0,965.0,987.0,4482066
2020-08-27,899.42041015625,975.5999755859375,980.0,965.2999877929688,975.25,4466609
2020-08-28,905.1823120117188,981.8499755859375,1004.7000122070312,978.2000122070312,988.0,7821191
2020-08-31,871.1636962890625,944.9500122070312,995.4000244140625,940.4000244140625,988.0999755859375,8489726
2020-09-01,880.61328125,955.2000122070312,966.0,943.2999877929688,964.9500122070312,5099949
2020-09-02,880.9359741210938,955.5499877929688,959.7999877929688,948.0,956.4500122070312,2107714
2020-09-03,886.0987548828125,961.1500244140625,971.0,953.2999877929688,960.0,3278899
2020-09-04,868.9050903320312,942.5,956.1500244140625,940.0,948.0,3130721
2020-09-07,859.3631591796875,932.1500244140625,950.75,916.25,947.1500244140625,3470806
2020-09-08,845.1196899414062,916.7000122070312,936.0,912.9500122070312,936.0,3738931
2020-09-09,838.4818115234375,909.5,928.0,901.0,907.5499877929688,5656245
2020-09-10,849.0377807617188,920.9500122070312,923.0,912.0,917.7000122070312,2948599
2020-09-11,845.7649536132812,917.4000244140625,921.5499877929688,912.0,920.0,2632298
2020-09-14,831.6596069335938,902.0999755859375,923.3499755859375,901.0,922.4000244140625,5006356
2020-09-15,838.8966674804688,909.9500122070312,915.2000122070312,900.0,910.0,4488829
2020-09-16,849.8212890625,921.7999877929688,924.0,911.3499755859375,915.0,3596197
2020-09-17,835.5316162109375,906.2999877929688,917.9500122070312,905.0499877929688,915.0,4512652
2020-09-18,830.3688354492188,900.7000122070312,914.0999755859375,897.0,911.2000122070312,7496145
2020-09-21,812.9907836914062,881.8499755859375,903.7999877929688,874.2999877929688,901.0,4597697
2020-09-22,789.6202392578125,856.5,887.9500122070312,852.0,887.9500122070312,5089087
2020-09-23,793.4000854492188,860.5999755859375,873.7000122070312,854.5499877929688,866.2000122070312,3709291
2020-09-24,784.2732543945312,850.7000122070312,859.9000244140625,843.0,856.0,11609426
2020-09-25,819.81298828125,889.25,895.4000244140625,852.0,860.0999755859375,4961967
2020-09-28,832.3510131835938,902.8499755859375,917.5,893.0,898.0,3853608
2020-09-29,825.5288696289062,895.4500122070312,912.8499755859375,892.4000244140625,909.9500122070312,3362381
2020-09-30,831.1986694335938,901.5999755859375,904.5,884.0999755859375,897.7999877929688,3582787
2020-10-01,832.304931640625,902.7999877929688,913.5999755859375,900.7000122070312,909.9500122070312,2506154
2020-10-05,826.9118041992188,896.9500122070312,908.5499877929688,895.0499877929688,907.9500122070312,2788003
2020-10-06,822.9013671875,892.5999755859375,904.5499877929688,888.25,901.0499877929688,3497325
2020-10-07,818.5684814453125,887.9000244140625,895.0,876.0499877929688,895.0,5073845
2020-10-08,812.2532958984375,881.0499877929688,894.0,879.0499877929688,890.2999877929688,3918217
2020-10-09,837.5137939453125,908.4500122070312,914.9500122070312,885.5999755859375,887.4000244140625,9668150
2020-10-12,835.0245971679688,905.75,925.75,902.0499877929688,916.9500122070312,6188905
2020-10-13,826.45068359375,896.4500122070312,915.7000122070312,888.8499755859375,907.9500122070312,4548652
2020-10-14,843.7366943359375,915.2000122070312,917.0,887.2000122070312,897.0,5286914
2020-10-15,819.3980712890625,888.7999877929688,919.0,885.4000244140625,913.0,4927777
2020-10-16,824.2843017578125,894.0999755859375,903.5,889.5,894.0,2373435
2020-10-19,832.3971557617188,902.9000244140625,906.0,884.0,899.0,5800391
2020-10-20,845.6727294921875,917.2999877929688,935.5,913.0,919.0,13188572
2020-10-21,852.264404296875,924.4500122070312,931.0,908.6500244140625,924.9500122070312,6390783
2020-10-22,863.1890869140625,936.2999877929688,939.0,920.1500244140625,922.0,6151367
2020-10-23,867.7525634765625,941.25,948.5,928.0,940.0,5102184
2020-10-26,877.4327392578125,951.75,959.25,943.0,949.8499755859375,6975809
2020-10-27,905.2744750976562,981.9500122070312,986.0,955.1500244140625,960.0,9638520
2020-10-28,906.1043090820312,982.8499755859375,994.6500244140625,974.2000122070312,989.9500122070312,7369181
2020-10-29,861.52978515625,934.5,958.7999877929688,926.0,951.0999755859375,11852038
2020-10-30,856.9200439453125,929.5,946.7999877929688,924.2000122070312,941.0,4797473
2020-11-02,856.7357177734375,929.2999877929688,937.9500122070312,920.6500244140625,930.0,3682174
2020-11-03,873.7450561523438,947.75,952.9000244140625,932.5,944.9000244140625,4049112
2020-11-04,883.236572265625,939.8499755859375,950.6500244140625,930.0,934.25,3369408
2020-11-05,900.3873291015625,958.0999755859375,959.7999877929688,944.2999877929688,952.0,2889134
2020-11-06,902.8777465820312,960.75,967.5,950.0999755859375,959.0,3419233
2020-11-09,907.6705932617188,965.8499755859375,974.5999755859375,962.4000244140625,971.0,3040456
2020-11-10,971.4334716796875,1033.699951171875,1036.9000244140625,971.5999755859375,975.0,12149416
2020-11-11,995.6323852539062,1059.449951171875,1062.800048828125,1021.25,1040.0,10254627
2020-11-12,1008.55419921875,1073.199951171875,1075.8499755859375,1052.449951171875,1054.9000244140625,6743163
2020-11-13,988.1611938476562,1051.5,1068.1500244140625,1038.0999755859375,1065.050048828125,5025096
2020-11-14,995.3973999023438,1059.199951171875,1067.800048828125,1054.0,1060.050048828125,911852
2020-11-17,1015.7903442382812,1080.9000244140625,1096.8499755859375,1061.050048828125,1063.0,7611327
2020-11-18,1078.9893798828125,1148.1500244140625,1154.25,1079.1500244140625,1080.9000244140625,13436421
2020-11-19,1065.9267578125,1134.25,1177.0,1107.699951171875,1125.050048828125,10841151
2020-11-20,1064.0941162109375,1132.300048828125,1161.0,1118.5,1140.0,7009257
2020-11-23,1058.0325927734375,1125.8499755859375,1147.8499755859375,1122.8499755859375,1138.800048828125,4998877
2020-11-24,1067.1014404296875,1135.5,1144.0,1128.300048828125,1135.0,4623887
2020-11-25,1048.77587890625,1116.0,1147.800048828125,1112.449951171875,1141.5,4651911
2020-11-26,1051.4542236328125,1118.8499755859375,1134.949951171875,1101.550048828125,1130.0,7360928
2020-11-27,1054.79052734375,1122.4000244140625,1139.800048828125,1092.0,1129.0,18995549
2020-12-01,1048.72900390625,1115.949951171875,1140.0,1111.199951171875,1140.0,3551604
2020-12-02,1046.6614990234375,1113.75,1132.050048828125,1104.0999755859375,1120.050048828125,4434968
2020-12-03,1057.3748779296875,1125.1500244140625,1137.449951171875,1120.300048828125,1135.0,4087608
2020-12-04,1080.258056640625,1149.5,1162.0,1128.75,1130.0,6542918
2020-12-07,1099.2412109375,1169.699951171875,1171.9000244140625,1144.0,1154.800048828125,5484461
2020-12-08,1100.839111328125,1171.4000244140625,1182.5,1148.050048828125,1174.949951171875,4982626
2020-12-09,1109.860595703125,1181.0,1185.0,1166.3499755859375,1178.0,4304573
2020-12-10,1118.6473388671875,1190.3499755859375,1193.75,1170.050048828125,1182.0,4921373
2020-12-11,1122.359375,1194.300048828125,1216.800048828125,1182.0,1188.0,6689415
2020-12-14,1174.37548828125,1249.6500244140625,1263.9000244140625,1198.0999755859375,1198.0999755859375,9723233
2020-12-15,1171.18017578125,1246.25,1252.0,1216.0999755859375,1250.0,6953407
2020-12-16,1191.8548583984375,1268.25,1278.0,1247.050048828125,1256.25,5729223
2020-12-17,1201.7694091796875,1278.800048828125,1284.0,1254.050048828125,1270.0,5345257
2020-12-18,1204.35400390625,1281.550048828125,1301.0,1270.0,1283.949951171875,10315248
2020-12-21,1160.466796875,1234.8499755859375,1338.5,1154.0,1276.25,21153346
2020-12-22,1186.6392822265625,1262.699951171875,1268.0,1213.550048828125,1235.25,7998730
2020-12-23,1188.6129150390625,1264.800048828125,1271.300048828125,1248.3499755859375,1268.0,4057070
2020-12-24,1186.16943359375,1262.199951171875,1281.0,1253.5,1275.0,3277840
2020-12-28,1211.7310791015625,1289.4000244140625,1291.0,1266.5,1275.0,3405825
2020-12-29,1207.4549560546875,1284.8499755859375,1295.050048828125,1267.699951171875,1294.949951171875,3778319
2020-12-30,1214.221435546875,1292.050048828125,1296.3499755859375,1271.0,1288.199951171875,2866392
2020-12-31,1210.0394287109375,1287.5999755859375,1304.0,1282.0,1293.0,3889877
2021-01-01,1218.873046875,1297.0,1299.949951171875,1283.0,1283.0,2058419
2021-01-04,1235.412841796875,1314.5999755859375,1322.550048828125,1302.0,1305.0,4014636
2021-01-05,1227.6131591796875,1306.300048828125,1313.0,1295.050048828125,1307.0,2833637
2021-01-06,1234.8492431640625,1314.0,1330.0,1300.0,1308.0,4615963
2021-01-07,1258.296142578125,1338.949951171875,1346.800048828125,1325.0,1330.0,4270598
2021-01-08,1290.671142578125,1373.4000244140625,1382.949951171875,1347.0,1349.800048828125,4984995
2021-01-11,1268.6806640625,1350.0,1384.949951171875,1345.0,1382.0,3252470
2021-01-12,1268.4927978515625,1349.800048828125,1366.8499755859375,1344.050048828125,1354.0,2836161
2021-01-13,1271.030029296875,1352.5,1373.0,1344.300048828125,1354.0,4389762
2021-01-14,1293.67822265625,1376.5999755859375,1389.699951171875,1356.25,1358.0,5168591
2021-01-15,1272.58056640625,1354.1500244140625,1384.5,1345.050048828125,1376.699951171875,2587576
2021-01-18,1255.5709228515625,1336.050048828125,1353.8499755859375,1326.1500244140625,1345.199951171875,3185998
2021-01-19,1287.3349609375,1369.8499755859375,1382.0,1337.0,1340.050048828125,3885798
2021-01-20,1299.3638916015625,1382.6500244140625,1393.050048828125,1362.550048828125,1369.0,3957992
2021-01-21,1288.6976318359375,1371.300048828125,1396.0,1361.050048828125,1395.0,2985423
2021-01-22,1280.0518798828125,1362.0999755859375,1375.0,1348.5,1362.0,3282665
2021-01-25,1279.300048828125,1361.300048828125,1396.4000244140625,1342.0,1370.0,4847989
2021-01-27,1277.9375,1359.8499755859375,1392.699951171875,1330.0999755859375,1368.800048828125,8896211
2021-01-28,1264.3106689453125,1345.3499755859375,1365.0999755859375,1340.0,1344.699951171875,2962948
2021-01-29,1254.30224609375,1334.699951171875,1369.0,1325.0999755859375,1362.0,5130876
2021-02-01,1361.5762939453125,1448.8499755859375,1462.0,1337.199951171875,1345.75,11317043
2021-02-02,1428.6282958984375,1520.199951171875,1593.0,1474.0,1474.0,14349665
2021-02-03,1436.4754638671875,1528.550048828125,1558.0,1505.0,1530.0,6197782
2021-02-04,1437.650146484375,1529.800048828125,1550.0,1510.0,1525.0,3957579
2021-02-05,1425.1513671875,1516.5,1547.0,1511.0999755859375,1534.4000244140625,3270494
2021-02-08,1458.324951171875,1551.800048828125,1570.0,1520.0,1521.1500244140625,5223019
2021-02-09,1472.092529296875,1566.449951171875,1574.5,1545.0,1557.0,3825206
2021-02-10,1459.3115234375,1552.8499755859375,1564.0,1528.699951171875,1560.0,2578777
2021-02-11,1438.307861328125,1530.5,1559.9000244140625,1526.550048828125,1549.4000244140625,2720190
2021-02-12,1429.7091064453125,1521.3499755859375,1544.0,1516.0999755859375,1535.0,1867284
2021-02-15,1445.0272216796875,1537.6500244140625,1544.0,1521.3499755859375,1527.0,1917477
2021-02-16,1456.116455078125,1549.449951171875,1574.0,1539.0,1540.0,3838556
2021-02-17,1455.082763671875,1548.3499755859375,1567.0,1533.0,1544.0,2340184
2021-02-18,1432.763427734375,1524.5999755859375,1551.199951171875,1515.1500244140625,1542.199951171875,2446843
2021-02-19,1417.915283203125,1508.800048828125,1547.0,1498.8499755859375,1523.8499755859375,3044240
2021-02-22,1364.7244873046875,1452.199951171875,1511.949951171875,1447.0999755859375,1510.9000244140625,6168108
2021-02-23,1396.7703857421875,1486.300048828125,1498.0,1460.0,1462.0,3733776
2021-02-24,1434.642822265625,1526.5999755859375,1532.0,1486.699951171875,1486.699951171875,2380414
2021-02-25,1415.7066650390625,1506.449951171875,1540.5999755859375,1502.0,1534.0,3168105
2021-02-26,1355.60888671875,1442.5,1493.5,1435.1500244140625,1482.0,5579058
2021-03-01,1384.130615234375,1472.8499755859375,1486.0,1438.199951171875,1456.0,2494481
2021-03-02,1396.1595458984375,1485.6500244140625,1489.6500244140625,1458.1500244140625,1479.300048828125,2089473
2021-03-03,1406.7318115234375,1496.9000244140625,1510.0,1481.3499755859375,1493.5,2184001
2021-03-04,1374.4981689453125,1462.5999755859375,1494.3499755859375,1458.0,1473.0,3530366
2021-03-05,1375.3907470703125,1463.550048828125,1477.199951171875,1439.0999755859375,1453.5999755859375,3306902
2021-03-08,1423.929443359375,1515.199951171875,1525.0,1470.0,1478.0,4150049
2021-03-09,1417.4451904296875,1508.300048828125,1532.300048828125,1491.800048828125,1525.0,3779948
2021-03-10,1432.3875732421875,1524.199951171875,1534.75,1507.5,1523.0,2210547
2021-03-12,1422.8018798828125,1514.0,1565.0,1503.1500244140625,1526.300048828125,4885349
2021-03-15,1394.373779296875,1483.75,1528.0999755859375,1463.300048828125,1520.0,3181450
2021-03-16,1373.7462158203125,1461.800048828125,1497.0,1457.0,1488.300048828125,3233903
2021-03-17,1351.051025390625,1437.6500244140625,1492.949951171875,1431.75,1476.0,5178384
2021-03-18,1342.076171875,1428.0999755859375,1469.699951171875,1420.0,1455.550048828125,3381940
2021-03-19,1326.2412109375,1411.25,1421.8499755859375,1378.5999755859375,1415.0,9920812
2021-03-22,1315.7158203125,1400.050048828125,1417.4000244140625,1392.25,1409.0,2964175
2021-03-23,1319.7568359375,1404.3499755859375,1416.5,1398.0999755859375,1401.9000244140625,2564844
2021-03-24,1286.67724609375,1369.1500244140625,1407.0,1360.050048828125,1400.0,4237815
2021-03-25,1288.5096435546875,1371.0999755859375,1389.0,1361.0,1361.0,3894604
2021-03-26,1314.0712890625,1398.300048828125,1408.0,1382.0,1386.300048828125,3093766
2021-03-30,1337.80029296875,1423.550048828125,1428.199951171875,1395.550048828125,1408.0,2801282
2021-03-31,1333.430419921875,1418.9000244140625,1431.5999755859375,1410.4000244140625,1423.5999755859375,2400871
2021-04-01,1357.5823974609375,1444.5999755859375,1447.8499755859375,1420.5,1432.0,1380763
2021-04-05,1319.239990234375,1403.800048828125,1439.0,1381.4000244140625,1439.0,2548649
2021-04-06,1316.6085205078125,1401.0,1416.300048828125,1393.300048828125,1405.9000244140625,1824079
2021-04-07,1319.5689697265625,1404.1500244140625,1417.199951171875,1389.25,1402.0,1841308
2021-04-08,1333.665283203125,1419.1500244140625,1434.800048828125,1410.0,1410.0,1644834
2021-04-09,1319.5218505859375,1404.0999755859375,1417.0,1397.0999755859375,1414.0,2015002
2021-04-12,1264.122802734375,1345.1500244140625,1393.949951171875,1332.0,1393.949951171875,3755497
2021-04-13,1290.9530029296875,1373.699951171875,1382.0,1347.25,1347.25,2063654
2021-04-15,1291.8458251953125,1374.6500244140625,1391.0999755859375,1358.0999755859375,1378.949951171875,2625838
2021-04-16,1277.279541015625,1359.1500244140625,1393.300048828125,1355.300048828125,1360.5,3752588
2021-04-19,1231.5128173828125,1310.449951171875,1346.199951171875,1306.0,1340.0,4157065
2021-04-20,1251.2950439453125,1331.5,1339.449951171875,1317.699951171875,1320.0,2989204
2021-04-22,1256.2757568359375,1336.800048828125,1339.5,1307.25,1310.0,2398100
2021-04-23,1243.213134765625,1322.9000244140625,1344.6500244140625,1314.449951171875,1330.0,2062964
2021-04-26,1255.4300537109375,1335.9000244140625,1341.199951171875,1323.0,1330.050048828125,1431562
2021-04-27,1297.4844970703125,1380.6500244140625,1388.449951171875,1335.9000244140625,1339.0,4303909
2021-04-28,1293.0206298828125,1375.9000244140625,1399.949951171875,1372.5,1384.8499755859375,3220346
2021-04-29,1276.8095703125,1358.6500244140625,1389.550048828125,1353.5,1383.949951171875,2221346
2021-04-30,1259.7059326171875,1340.449951171875,1365.0,1336.0999755859375,1350.0,1968093
2021-05-03,1261.63232421875,1342.5,1351.300048828125,1319.1500244140625,1325.5,1653245
2021-05-04,1257.027587890625,1337.5999755859375,1350.9000244140625,1331.0,1350.0,2029558
2021-05-05,1258.0142822265625,1338.6500244140625,1346.75,1324.0,1342.199951171875,1813150
2021-05-06,1259.1890869140625,1339.9000244140625,1356.550048828125,1335.75,1344.0,2333882
2021-05-07,1261.8201904296875,1342.699951171875,1359.9000244140625,1339.0,1347.0,2362325
2021-05-10,1310.969970703125,1395.0,1398.8499755859375,1347.0,1347.0,3929224
2021-05-11,1300.256591796875,1383.5999755859375,1399.9000244140625,1376.0999755859375,1380.0,1975828
2021-05-12,1301.8544921875,1385.300048828125,1425.0,1377.0,1380.0,4283174
2021-05-14,1330.235107421875,1415.5,1423.9000244140625,1374.050048828125,1394.0,4558155
2021-05-17,1303.217041015625,1386.75,1441.0,1368.199951171875,1433.0,9620003
2021-05-18,1331.9267578125,1417.300048828125,1422.0,1397.0,1405.0,3312380
2021-05-19,1318.9110107421875,1403.449951171875,1435.0,1400.0,1414.0,3215258
2021-05-20,1324.8314208984375,1409.75,1426.949951171875,1401.6500244140625,1410.800048828125,1996254
2021-05-21,1332.631591796875,1418.050048828125,1424.699951171875,1407.0999755859375,1415.0,2185322
2021-05-24,1356.3135986328125,1443.25,1458.0,1410.0,1420.0,5035538
2021-05-25,1363.5498046875,1450.949951171875,1461.949951171875,1442.0999755859375,1460.0,2892219
2021-05-26,1384.177490234375,1472.9000244140625,1476.5999755859375,1452.800048828125,1458.9000244140625,3230579
2021-05-27,1393.5281982421875,1482.8499755859375,1485.0,1461.75,1475.949951171875,3747221
2021-05-28,1389.0643310546875,1478.0999755859375,1499.6500244140625,1473.9000244140625,1487.0999755859375,2315923
2021-05-31,1379.290771484375,1467.699951171875,1476.0,1457.550048828125,1472.300048828125,2405318
2021-06-01,1385.822265625,1474.6500244140625,1492.5,1463.0,1465.949951171875,2077742
2021-06-02,1382.4390869140625,1471.050048828125,1474.5999755859375,1455.050048828125,1468.300048828125,2469417
2021-06-03,1419.8416748046875,1510.8499755859375,1515.0,1473.199951171875,1480.0999755859375,3025466
2021-06-04,1444.933349609375,1537.550048828125,1547.25,1516.9000244140625,1518.949951171875,5677538
2021-06-07,1463.963623046875,1557.800048828125,1569.5,1540.75,1545.449951171875,3131245
2021-06-08,1455.834716796875,1549.1500244140625,1583.0,1546.050048828125,1561.0,3945382
2021-06-09,1427.7825927734375,1519.300048828125,1555.0,1513.300048828125,1550.0,3025732
2021-06-10,1428.158447265625,1519.699951171875,1534.0,1515.0,1525.0,1584311
2021-06-11,1412.8873291015625,1503.449951171875,1527.1500244140625,1498.6500244140625,1521.0,1909384
2021-06-14,1424.446533203125,1515.75,1519.5,1478.0,1503.449951171875,2005404
2021-06-15,1419.7945556640625,1510.800048828125,1523.699951171875,1505.8499755859375,1520.0,1831871
2021-06-16,1401.0933837890625,1490.9000244140625,1516.0,1488.0,1505.8499755859375,1504791
2021-06-17,1397.9451904296875,1487.550048828125,1499.8499755859375,1480.25,1481.0,1675778
2021-06-18,1387.0908203125,1476.0,1490.949951171875,1460.0999755859375,1487.550048828125,4649835
2021-06-21,1378.6800537109375,1467.050048828125,1469.4000244140625,1447.25,1460.0,1970012
2021-06-22,1408.893310546875,1499.199951171875,1504.800048828125,1469.550048828125,1470.0999755859375,3862264
2021-06-23,1390.14501953125,1479.25,1507.0,1476.0999755859375,1505.0,1818874
2021-06-24,1413.4512939453125,1504.050048828125,1513.199951171875,1482.0,1490.0,2762042
2021-06-25,1432.058349609375,1523.8499755859375,1529.300048828125,1507.5,1510.5,2099002
2021-06-28,1423.2247314453125,1514.449951171875,1527.949951171875,1510.3499755859375,1526.0,1173658
2021-06-29,1419.888671875,1510.9000244140625,1529.800048828125,1503.9000244140625,1513.0,2174022
2021-06-30,1410.162109375,1500.550048828125,1523.4000244140625,1495.5,1516.0,2139362
2021-07-01,1402.408935546875,1492.300048828125,1503.0,1480.1500244140625,1497.0999755859375,2060651
2021-07-02,1396.1595458984375,1485.6500244140625,1500.6500244140625,1475.5,1500.0,1814564
2021-07-05,1417.1162109375,1507.949951171875,1514.0,1488.0,1490.0,1605396
2021-07-06,1414.81396484375,1505.5,1519.0,1500.0,1506.0,1072506
2021-07-07,1425.104248046875,1516.449951171875,1519.699951171875,1495.0,1495.0,1096808
2021-07-08,1410.302978515625,1500.699951171875,1524.0,1497.0,1503.0,1456033
2021-07-09,1409.26904296875,1499.5999755859375,1502.8499755859375,1485.5,1497.9000244140625,1248405
2021-07-12,1410.3499755859375,1500.75,1516.0,1491.5999755859375,1504.4000244140625,865284
2021-07-13,1422.426025390625,1513.5999755859375,1515.0,1501.3499755859375,1515.0,995833
2021-07-14,1451.652587890625,1544.699951171875,1549.9000244140625,1508.0,1513.550048828125,4010254
2021-07-15,1512.4083251953125,1609.3499755859375,1625.0,1549.949951171875,1550.0,9066480
2021-07-16,1521.2421875,1618.75,1622.800048828125,1595.0999755859375,1609.3499755859375,4157388
2021-07-19,1512.6431884765625,1609.5999755859375,1639.4000244140625,1597.5999755859375,1600.0,3027093
2021-07-20,1494.5528564453125,1590.3499755859375,1622.6500244140625,1582.0,1609.8499755859375,1847026
2021-07-22,1543.2325439453125,1642.1500244140625,1647.1500244140625,1591.550048828125,1610.0,3231269
2021-07-23,1514.6636962890625,1611.75,1645.949951171875,1606.8499755859375,1644.0,2259058
2021-07-26,1501.365966796875,1597.5999755859375,1627.300048828125,1592.800048828125,1611.75,2219416
2021-07-27,1511.3743896484375,1608.25,1619.0,1584.25,1610.1500244140625,3984778
2021-07-28,1515.1285400390625,1594.199951171875,1601.300048828125,1553.0,1592.449951171875,4119892
2021-07-29,1516.8392333984375,1596.0,1607.3499755859375,1586.0,1594.0,1672177
2021-07-30,1522.01904296875,1601.449951171875,1624.9000244140625,1585.0,1598.0,2536568
2021-08-02,1533.8988037109375,1613.949951171875,1618.0,1602.050048828125,1606.300048828125,1083353
2021-08-03,1553.287109375,1634.3499755859375,1638.699951171875,1610.300048828125,1625.0,1777140
2021-08-04,1542.690185546875,1623.199951171875,1644.300048828125,1613.5999755859375,1640.0,2067087
2021-08-05,1546.681884765625,1627.4000244140625,1632.8499755859375,1608.800048828125,1620.0,1831728
2021-08-06,1530.4775390625,1610.3499755859375,1639.0,1608.300048828125,1627.0,1192143
2021-08-09,1518.21728515625,1597.449951171875,1624.0,1590.0,1620.0,1223794
2021-08-10,1509.663818359375,1588.449951171875,1609.9000244140625,1572.0,1606.0,1429931
2021-08-11,1504.769287109375,1583.300048828125,1597.9000244140625,1562.75,1590.199951171875,1370930
2021-08-12,1542.927734375,1623.449951171875,1627.0,1582.0,1590.0,1645811
2021-08-13,1585.6483154296875,1668.4000244140625,1676.800048828125,1625.0,1626.0,5439442
2021-08-16,1573.9583740234375,1656.0999755859375,1677.050048828125,1653.3499755859375,1674.0,1794407
2021-08-17,1557.4688720703125,1638.75,1665.0,1625.050048828125,1658.0,1838525
2021-08-18,1551.861572265625,1632.8499755859375,1661.0999755859375,1627.0999755859375,1647.0,1570228
2021-08-20,1514.558349609375,1593.5999755859375,1623.0,1590.0,1618.9000244140625,2416059
2021-08-23,1502.345703125,1580.75,1619.0,1567.9000244140625,1600.0999755859375,1973841
2021-08-24,1526.1533203125,1605.800048828125,1613.3499755859375,1582.800048828125,1590.0,1580003
2021-08-25,1514.7486572265625,1593.800048828125,1626.0,1590.0,1614.949951171875,1795313
2021-08-26,1516.6016845703125,1595.75,1602.949951171875,1585.0,1593.800048828125,2051262
2021-08-27,1556.8511962890625,1638.0999755859375,1666.699951171875,1598.050048828125,1604.0,4903187
2021-08-30,1577.760009765625,1660.0999755859375,1684.949951171875,1645.0999755859375,1646.699951171875,3345934
2021-08-31,1589.2598876953125,1672.199951171875,1676.0,1645.0,1660.050048828125,3264644
2021-09-01,1602.7554931640625,1686.4000244140625,1718.0,1672.199951171875,1672.25,3530101
2021-09-02,1602.5654296875,1686.199951171875,1710.0,1682.0,1687.9000244140625,2400278
2021-09-03,1607.6025390625,1691.5,1704.300048828125,1672.0999755859375,1697.0,2336258
2021-09-06,1610.168701171875,1694.199951171875,1716.0,1690.199951171875,1700.0,1850835
2021-09-07,1598.2884521484375,1681.699951171875,1705.0,1679.449951171875,1694.199951171875,1734879
2021-09-08,1583.89013671875,1666.550048828125,1694.699951171875,1658.0,1682.0,1644392
2021-09-09,1587.216552734375,1670.050048828125,1680.5999755859375,1655.199951171875,1655.199951171875,1225239
2021-09-13,1588.7845458984375,1671.699951171875,1675.6500244140625,1660.5,1662.050048828125,1578773
2021-09-14,1612.3070068359375,1696.449951171875,1698.800048828125,1675.4000244140625,1676.0,1407269
2021-09-15,1631.8377685546875,1717.0,1724.5999755859375,1697.0,1700.0,2757989
2021-09-16,1635.8770751953125,1721.25,1728.5,1709.25,1709.5999755859375,2128381
2021-09-17,1631.0775146484375,1716.199951171875,1741.699951171875,1706.0999755859375,1724.0,3473932
2021-09-20,1619.815185546875,1704.3499755859375,1735.0,1699.949951171875,1700.199951171875,1820374
2021-09-21,1635.54443359375,1720.9000244140625,1730.75,1692.4000244140625,1698.5999755859375,2029747
2021-09-22,1626.04052734375,1710.9000244140625,1730.0,1706.0,1720.9000244140625,1487933
2021-09-23,1681.9239501953125,1769.699951171875,1775.0,1715.050048828125,1718.300048828125,3702946
2021-09-24,1681.0208740234375,1768.75,1810.0,1750.0,1780.0,3612494
2021-09-27,1653.3167724609375,1739.5999755859375,1782.75,1737.0,1772.0,1650711
2021-09-28,1650.98828125,1737.1500244140625,1759.050048828125,1719.0,1745.300048828125,1442615
2021-09-29,1635.639404296875,1721.0,1742.0,1716.5999755859375,1732.0,1698747
2021-09-30,1618.484619140625,1702.949951171875,1734.25,1697.0,1719.949951171875,1792078
2021-10-01,1612.734619140625,1696.9000244140625,1712.5,1687.5,1697.5,1563937
2021-10-04,1630.1746826171875,1715.25,1723.949951171875,1684.050048828125,1696.5,1588493
2021-10-05,1631.5526123046875,1716.699951171875,1740.0,1706.0,1714.5,1705242
2021-10-06,1610.9764404296875,1695.050048828125,1735.9000244140625,1690.0,1716.699951171875,1845661
2021-10-07,1627.5135498046875,1712.449951171875,1729.300048828125,1700.0,1710.0,1378863
2021-10-08,1641.2467041015625,1726.9000244140625,1741.0,1720.0,1740.0,1755402
2021-10-11,1631.74267578125,1716.9000244140625,1746.8499755859375,1715.0,1733.75,1528151
2021-10-12,1632.978271484375,1718.199951171875,1725.550048828125,1700.0,1710.5,1671988
2021-10-13,1665.1492919921875,1752.050048828125,1763.9000244140625,1724.050048828125,1727.0,2105025
2021-10-14,1700.5518798828125,1789.300048828125,1817.9000244140625,1767.449951171875,1775.0,4440909
2021-10-18,1699.743896484375,1788.449951171875,1810.5,1782.0,1807.1500244140625,1918546
2021-10-19,1754.487060546875,1846.050048828125,1885.0,1802.050048828125,1809.800048828125,6639827
2021-10-20,1717.0888671875,1806.699951171875,1868.6500244140625,1796.300048828125,1855.0,3295376
2021-10-21,1716.185791015625,1805.75,1826.5,1791.050048828125,1815.0,2774633
2021-10-22,1703.35546875,1792.25,1831.5,1781.3499755859375,1816.0,1520637
2021-10-25,1695.6572265625,1784.1500244140625,1812.800048828125,1760.3499755859375,1792.25,2488386
2021-10-26,1707.156982421875,1796.25,1811.9000244140625,1781.550048828125,1785.0,1930107
2021-10-27,1696.0374755859375,1784.550048828125,1814.0,1775.0999755859375,1801.0,1408879
2021-10-28,1724.2642822265625,1814.25,1862.0,1791.0,1799.550048828125,6379424
2021-10-29,1679.0252685546875,1766.6500244140625,1824.9000244140625,1735.800048828125,1822.0,3984689
2021-11-01,1706.3016357421875,1795.3499755859375,1805.0,1751.199951171875,1776.0,2316925
2021-11-02,1725.594970703125,1815.6500244140625,1824.449951171875,1795.4000244140625,1800.0,1687119
2021-11-03,1795.7818603515625,1889.5,1915.0,1818.0,1818.0,11580233
2021-11-04,1814.26708984375,1908.949951171875,1920.8499755859375,1900.0,1900.0,764191
2021-11-08,1829.0936279296875,1924.550048828125,1953.9000244140625,1912.199951171875,1944.550048828125,3674523
2021-11-09,1847.1986083984375,1943.5999755859375,1964.0999755859375,1930.300048828125,1933.5,3550645
2021-11-10,1853.4237060546875,1950.1500244140625,1954.0,1932.0,1932.699951171875,3208195
2021-11-11,1835.8887939453125,1931.699951171875,1981.75,1925.6500244140625,1947.8499755859375,7061537
2021-11-12,1862.7376708984375,1959.949951171875,1965.0,1928.0999755859375,1940.0,2026320
2021-11-15,1850.4775390625,1947.050048828125,1974.5,1943.0,1961.25,1127678
2021-11-16,1858.3182373046875,1955.300048828125,1979.949951171875,1944.0,1950.0,2279531
2021-11-17,1856.037353515625,1952.9000244140625,1978.9000244140625,1943.550048828125,1949.0,2166686
2021-11-18,1802.9100341796875,1897.0,1954.0,1893.0,1952.9000244140625,1883794
2021-11-22,1772.02197265625,1864.5,1900.0,1837.8499755859375,1898.25,2407464
2021-11-23,1792.7880859375,1886.3499755859375,1895.5999755859375,1844.5,1850.0,2028470
2021-11-24,1770.1209716796875,1862.5,1902.4000244140625,1845.949951171875,1894.0,1361828
2021-11-25,1758.14599609375,1849.9000244140625,1866.8499755859375,1838.199951171875,1855.0,1930012
2021-11-26,1689.954833984375,1778.1500244140625,1841.75,1768.5999755859375,1820.0,2796595
2021-11-29,1679.595458984375,1767.25,1790.050048828125,1735.1500244140625,1778.0,2111420
2021-11-30,1677.219482421875,1764.75,1798.9000244140625,1751.300048828125,1767.25,3385628
2021-12-01,1697.41552734375,1786.0,1794.0,1762.050048828125,1764.0,1359786
2021-12-02,1700.4566650390625,1789.199951171875,1794.0,1763.0,1785.949951171875,2813690
2021-12-03,1711.908935546875,1801.25,1844.800048828125,1796.550048828125,1799.949951171875,3612772
2021-12-06,1694.2314453125,1782.6500244140625,1821.0,1778.0,1799.0,1566109
2021-12-07,1708.9154052734375,1798.0999755859375,1810.0,1772.0999755859375,1790.199951171875,2097201
2021-12-08,1734.528564453125,1825.050048828125,1841.0,1802.0,1802.0,3433206
2021-12-09,1786.5631103515625,1879.800048828125,1884.1500244140625,1827.949951171875,1835.0,3791595
2021-12-10,1780.48046875,1873.4000244140625,1890.8499755859375,1861.050048828125,1879.800048828125,1771926
2021-12-13,1769.170654296875,1861.5,1896.25,1855.050048828125,1893.699951171875,1857829
2021-12-14,1773.162353515625,1865.699951171875,1874.0,1846.199951171875,1850.0,1685243
2021-12-15,1787.5135498046875,1880.800048828125,1898.75,1863.6500244140625,1866.0,2176709
2021-12-16,1780.95556640625,1873.9000244140625,1908.0,1866.300048828125,1892.0,2469902
2021-12-17,1755.4847412109375,1847.0999755859375,1874.699951171875,1831.699951171875,1866.5,2352938
2021-12-20,1710.1031494140625,1799.3499755859375,1829.6500244140625,1771.5,1821.0,2488158
2021-12-21,1736.9046630859375,1827.550048828125,1852.199951171875,1812.5,1817.9000244140625,2077840
2021-12-22,1778.199462890625,1871.0,1879.550048828125,1827.550048828125,1827.550048828125,1692505
2021-12-23,1785.27978515625,1878.449951171875,1887.8499755859375,1862.0999755859375,1883.0,1677127
2021-12-24,1767.1748046875,1859.4000244140625,1888.75,1850.0,1888.75,1203991
2021-12-27,1773.637451171875,1866.199951171875,1875.6500244140625,1845.800048828125,1859.4000244140625,1139744
2021-12-28,1805.2857666015625,1899.5,1909.0,1872.0999755859375,1872.0999755859375,1916098
2021-12-29,1800.8663330078125,1894.8499755859375,1908.949951171875,1890.050048828125,1895.0,1287946
2021-12-30,1792.1702880859375,1885.699951171875,1901.699951171875,1880.9000244140625,1892.300048828125,1805349
2021-12-31,1801.8643798828125,1895.9000244140625,1907.0999755859375,1887.300048828125,1887.3499755859375,1145546
2022-01-03,1827.477783203125,1922.8499755859375,1937.449951171875,1893.6500244140625,1895.0,1906676
2022-01-04,1841.4486083984375,1937.550048828125,1943.0,1914.550048828125,1922.8499755859375,1643920
2022-01-05,1851.95068359375,1948.5999755859375,1951.0,1927.6500244140625,1940.699951171875,1711667
2022-01-06,1829.0458984375,1924.5,1953.0,1919.5999755859375,1944.5,1372015
2022-01-07,1810.4180908203125,1904.9000244140625,1934.949951171875,1897.1500244140625,1929.050048828125,1447123
2022-01-10,1856.2274169921875,1953.0999755859375,1959.949951171875,1907.25,1910.0,2397846
2022-01-11,1863.8780517578125,1961.1500244140625,1970.0,1937.6500244140625,1949.0,2232435
2022-01-12,1876.28076171875,1974.199951171875,1984.0,1960.300048828125,1978.5,1585970
2022-01-13,1918.2884521484375,2018.4000244140625,2029.0,1975.550048828125,1975.550048828125,2373324
2022-01-14,1943.3316650390625,2044.75,2049.949951171875,2007.0,2014.0,3124945
2022-01-17,1966.7589111328125,2069.39990234375,2071.949951171875,2042.0,2044.75,1858651
2022-01-18,1921.9000244140625,2022.199951171875,2078.550048828125,2010.550048828125,2075.64990234375,1460676
2022-01-19,1920.6646728515625,2020.9000244140625,2027.0,1987.0,2019.9000244140625,2336679
2022-01-20,1904.1275634765625,2003.5,2035.0,1984.0999755859375,2020.0,2031107
2022-01-21,1859.0311279296875,1956.050048828125,1994.800048828125,1943.050048828125,1982.1500244140625,2209132
2022-01-24,1805.6661376953125,1899.9000244140625,1959.0,1881.550048828125,1955.0,2307120
2022-01-25,1829.8062744140625,1925.300048828125,1931.300048828125,1850.0999755859375,1895.0,2998042
2022-01-27,1816.0728759765625,1910.8499755859375,1922.0,1867.0,1914.550048828125,2932713
2022-01-28,1803.4327392578125,1897.550048828125,1948.0,1891.300048828125,1916.0999755859375,2233620
2022-01-31,1814.504638671875,1909.199951171875,1924.0,1850.449951171875,1890.199951171875,3161064
2022-02-01,1891.7723388671875,1990.5,1999.9000244140625,1917.0,1928.6500244140625,5392787
2022-02-02,1884.3592529296875,1982.699951171875,2008.0,1970.5999755859375,1995.0999755859375,3579380
2022-02-03,1837.7420654296875,1933.6500244140625,1985.0,1930.0,1981.5,2262217
2022-02-04,1851.332763671875,1947.949951171875,1957.800048828125,1923.300048828125,1948.0,1440816
2022-02-07,1791.0299072265625,1884.5,1947.5,1874.550048828125,1932.5,2641464
2022-02-08,1782.5711669921875,1875.5999755859375,1896.949951171875,1848.0,1890.0,2040523
2022-02-09,1795.11669921875,1888.800048828125,1899.9000244140625,1875.5999755859375,1884.5,1390810
2022-02-10,1806.71142578125,1901.0,1911.0,1881.0,1892.0,1288856
2022-02-11,1778.4371337890625,1871.25,1889.0,1850.0,1889.0,1744894
2022-02-14,1709.7706298828125,1799.0,1846.949951171875,1795.0,1843.25,2290199
2022-02-15,1782.9991455078125,1876.050048828125,1882.0,1806.1500244140625,1810.0,2602134
2022-02-16,1768.41015625,1860.699951171875,1887.300048828125,1842.1500244140625,1876.050048828125,1898439
2022-02-17,1776.0135498046875,1868.699951171875,1884.9000244140625,1854.0999755859375,1869.0,1459905
2022-02-18,1789.6993408203125,1883.0999755859375,1896.0,1865.1500244140625,1870.0,1912482
2022-02-21,1771.4991455078125,1863.949951171875,1883.9000244140625,1848.8499755859375,1874.949951171875,1262585
2022-02-22,1752.9664306640625,1844.449951171875,1855.0,1800.5,1813.0,2288298
2022-02-23,1730.0142822265625,1820.300048828125,1852.0,1816.1500244140625,1849.0,1583872
2022-02-24,1670.1864013671875,1757.3499755859375,1800.0,1751.0,1783.25,3616355
2022-02-25,1688.909423828125,1777.050048828125,1798.699951171875,1765.0,1782.0,2476882
2022-02-28,1726.64013671875,1816.75,1822.25,1752.800048828125,1764.9000244140625,2553662
2022-03-02,1695.9898681640625,1784.5,1826.949951171875,1768.5,1800.0,3152628
2022-03-03,1665.386962890625,1752.300048828125,1813.550048828125,1745.550048828125,1810.0,2259979
2022-03-04,1626.84814453125,1711.75,1754.050048828125,1703.0,1740.0,3906819
2022-03-07,1553.382080078125,1634.449951171875,1666.800048828125,1605.550048828125,1658.25,6318251
2022-03-08,1576.2392578125,1658.5,1666.0,1595.0,1627.9000244140625,4421730
2022-03-09,1607.0797119140625,1690.949951171875,1699.800048828125,1650.050048828125,1676.5,3306502
2022-03-10,1642.482177734375,1728.199951171875,1758.0,1707.0,1740.0,2776325
2022-03-11,1642.91015625,1728.6500244140625,1735.449951171875,1705.800048828125,1720.0,1577597
2022-03-14,1660.112060546875,1746.75,1754.0,1715.5,1735.0,1558334
2022-03-15,1656.975830078125,1743.449951171875,1765.0,1726.5999755859375,1748.0,2062332
2022-03-16,1669.093505859375,1756.199951171875,1770.6500244140625,1746.199951171875,1761.0,2101909
2022-03-17,1699.22119140625,1787.9000244140625,1804.5999755859375,1768.449951171875,1781.1500244140625,3383036
2022-03-21,1669.1885986328125,1756.300048828125,1805.0,1745.0,1805.0,2301462
2022-03-22,1686.0582275390625,1774.050048828125,1777.0,1721.1500244140625,1756.300048828125,3986030
2022-03-23,1679.595458984375,1767.25,1791.550048828125,1759.1500244140625,1780.0,1574226
2022-03-24,1683.682373046875,1771.550048828125,1779.699951171875,1751.0,1755.0,1580887
2022-03-25,1664.2464599609375,1751.0999755859375,1777.9000244140625,1739.0,1775.5999755859375,1483897
2022-03-28,1655.217529296875,1741.5999755859375,1755.0,1725.0999755859375,1752.0,1799629
2022-03-29,1660.01708984375,1746.6500244140625,1754.0999755859375,1733.0,1748.699951171875,2071779
2022-03-30,1685.6304931640625,1773.5999755859375,1777.050048828125,1754.0999755859375,1766.9000244140625,1712835
2022-03-31,1679.9755859375,1767.6500244140625,1781.3499755859375,1758.0,1779.949951171875,1401916
2022-04-01,1701.31201171875,1790.0999755859375,1794.0,1759.0,1759.0,2050573
2022-04-04,1735.763916015625,1826.3499755859375,1829.8499755859375,1776.5999755859375,1784.0,1955281
2022-04-05,1744.983154296875,1836.050048828125,1845.0,1827.0,1840.0,1718581
2022-04-06,1760.90234375,1852.800048828125,1858.0,1827.699951171875,1833.0,2245496
2022-04-07,1735.716552734375,1826.300048828125,1855.8499755859375,1810.1500244140625,1849.9000244140625,2003954
2022-04-08,1739.9459228515625,1830.75,1838.9000244140625,1818.050048828125,1835.4000244140625,1903321
2022-04-11,1693.1387939453125,1781.5,1829.75,1779.0,1820.25,2262446
2022-04-12,1661.0150146484375,1747.699951171875,1781.5,1733.5999755859375,1780.0,4215141
2022-04-13,1673.46533203125,1760.800048828125,1772.8499755859375,1747.0999755859375,1754.199951171875,1673417
2022-04-18,1652.1287841796875,1738.3499755859375,1749.949951171875,1715.0,1746.300048828125,1808707
2022-04-19,1621.145751953125,1705.75,1760.75,1687.0,1748.300048828125,2737766
2022-04-20,1607.6976318359375,1691.5999755859375,1712.4000244140625,1671.3499755859375,1709.949951171875,3832617
2022-04-21,1629.4619140625,1714.5,1725.800048828125,1700.0,1702.949951171875,1797489
2022-04-22,1610.3111572265625,1694.3499755859375,1716.4000244140625,1690.4000244140625,1701.0,1474689
2022-04-25,1575.1463623046875,1657.3499755859375,1675.0,1652.0,1675.0,1964344
2022-04-26,1615.63330078125,1699.949951171875,1703.0999755859375,1664.0,1680.0,2440990
2022-04-27,1593.8692626953125,1677.050048828125,1691.5999755859375,1666.699951171875,1675.0,1346726
2022-04-28,1633.9761962890625,1719.25,1731.0,1680.0,1690.0,3117433
2022-04-29,1610.3111572265625,1694.3499755859375,1739.0,1687.1500244140625,1731.0,2404830
2022-05-02,1596.150146484375,1679.449951171875,1685.949951171875,1655.050048828125,1668.5999755859375,1399802
2022-05-04,1552.9068603515625,1633.949951171875,1681.9000244140625,1625.050048828125,1679.5,1777673
2022-05-05,1556.4234619140625,1637.6500244140625,1671.199951171875,1633.0,1650.699951171875,1707752
2022-05-06,1541.9774169921875,1622.449951171875,1633.0,1612.0999755859375,1616.0,1439520
2022-05-09,1535.989990234375,1616.1500244140625,1629.8499755859375,1591.25,1607.550048828125,1400010
2022-05-10,1528.1966552734375,1607.949951171875,1629.5999755859375,1601.0,1611.0,1176030
2022-05-11,1492.88916015625,1570.800048828125,1609.0,1557.3499755859375,1600.5,2988788
2022-05-12,1450.4539794921875,1526.1500244140625,1554.949951171875,1513.0999755859375,1550.0,3407191
2022-05-13,1458.3896484375,1534.5,1574.9000244140625,1502.0,1530.0,4328846
2022-05-16,1466.373046875,1542.9000244140625,1567.5,1539.449951171875,1550.0,1775914
2022-05-17,1524.53759765625,1604.0999755859375,1607.9000244140625,1545.0,1545.0,1608711
2022-05-18,1494.5048828125,1572.5,1623.0,1565.0,1623.0,2984009
2022-05-19,1471.1724853515625,1547.949951171875,1562.75,1540.3499755859375,1550.0,1798843
2022-05-20,1530.239990234375,1610.0999755859375,1613.449951171875,1561.050048828125,1569.4000244140625,2175224
2022-05-23,1562.6011962890625,1644.1500244140625,1660.0,1605.5999755859375,1629.0,4177811
2022-05-24,1545.636474609375,1626.300048828125,1653.699951171875,1610.0999755859375,1644.800048828125,1970395
2022-05-25,1496.6434326171875,1574.75,1639.699951171875,1571.0999755859375,1633.0,1417130
2022-05-26,1486.949462890625,1564.550048828125,1588.9000244140625,1536.6500244140625,1575.0,3578710
2022-05-27,1520.926025390625,1600.300048828125,1606.0,1574.0,1575.199951171875,1279218
2022-05-30,1578.472900390625,1660.8499755859375,1663.699951171875,1613.5999755859375,1620.0,2119326
2022-05-31,1572.437744140625,1654.5,1674.4000244140625,1645.0,1660.5,3534742
2022-06-01,1566.2601318359375,1648.0,1661.0,1638.449951171875,1653.550048828125,1425466
2022-06-02,1555.9483642578125,1637.1500244140625,1649.449951171875,1623.699951171875,1632.0,1852251
2022-06-03,1570.1092529296875,1652.050048828125,1673.699951171875,1644.949951171875,1657.949951171875,2928263
2022-06-06,1558.846923828125,1640.199951171875,1662.300048828125,1634.0999755859375,1652.1500244140625,1538005
2022-06-07,1510.6141357421875,1589.449951171875,1638.4000244140625,1586.0999755859375,1630.0,2157491
2022-06-08,1505.957275390625,1584.550048828125,1607.800048828125,1570.0999755859375,1595.0,2122442
2022-06-09,1515.9840087890625,1595.0999755859375,1600.0,1556.199951171875,1556.199951171875,1361104
2022-06-10,1506.47998046875,1585.0999755859375,1594.5,1569.050048828125,1570.0,1337799
2022-06-13,1456.061279296875,1532.050048828125,1565.949951171875,1518.300048828125,1560.1500244140625,2460367
2022-06-14,1468.0362548828125,1544.6500244140625,1554.300048828125,1525.199951171875,1532.050048828125,1983405
2022-06-15,1482.95751953125,1560.3499755859375,1567.0,1539.050048828125,1547.949951171875,1461683
2022-06-16,1451.641845703125,1527.4000244140625,1575.0,1516.75,1568.4000244140625,2329325
2022-06-17,1416.0491943359375,1489.949951171875,1529.949951171875,1481.4000244140625,1522.0,4548572
2022-06-20,1398.7996826171875,1471.800048828125,1497.8499755859375,1456.3499755859375,1490.0,1837431
2022-06-21,1425.885986328125,1500.300048828125,1515.199951171875,1476.9000244140625,1480.0,1458922
2022-06-22,1405.405029296875,1478.75,1490.949951171875,1468.0,1490.0,1906619
2022-06-23,1420.18359375,1494.300048828125,1511.75,1481.5,1481.5,1828491
2022-06-24,1420.7061767578125,1494.8499755859375,1512.0,1489.0,1501.75,1731440
2022-06-27,1459.625244140625,1535.800048828125,1544.699951171875,1509.75,1524.0,2389778
2022-06-28,1474.5465087890625,1551.5,1557.5,1524.0999755859375,1530.0,2072405
2022-06-29,1471.125,1547.9000244140625,1554.0,1525.4000244140625,1531.25,1480197
2022-06-30,1480.961669921875,1558.25,1566.9000244140625,1542.0999755859375,1549.050048828125,3308971
2022-07-01,1494.17236328125,1572.1500244140625,1576.0,1534.5999755859375,1560.949951171875,1294305
2022-07-04,1503.2486572265625,1581.699951171875,1587.449951171875,1550.199951171875,1572.0999755859375,1269969
2022-07-05,1487.28173828125,1564.9000244140625,1597.25,1561.5999755859375,1584.0,1445200
2022-07-06,1478.9658203125,1556.1500244140625,1590.5,1551.800048828125,1565.550048828125,2422594
2022-07-07,1531.190185546875,1611.0999755859375,1614.1500244140625,1565.6500244140625,1565.9000244140625,1697912
2022-07-08,1603.75341796875,1687.449951171875,1702.0,1618.0,1621.0,6516138
2022-07-11,1580.51611328125,1663.0,1688.8499755859375,1653.4000244140625,1684.949951171875,1316037
2022-07-12,1571.724853515625,1653.75,1672.9000244140625,1649.050048828125,1655.0,781516
2022-07-13,1565.54736328125,1647.25,1683.25,1644.4000244140625,1664.0,1914814
2022-07-14,1564.501953125,1646.1500244140625,1667.3499755859375,1634.5999755859375,1651.8499755859375,1170472
2022-07-15,1601.2823486328125,1684.8499755859375,1687.8499755859375,1649.199951171875,1653.9000244140625,1345141
2022-07-18,1641.95947265625,1727.6500244140625,1734.5999755859375,1690.0,1696.050048828125,3200640
2022-07-19,1644.0029296875,1729.800048828125,1734.949951171875,1714.0,1719.949951171875,1351783
2022-07-20,1653.6495361328125,1739.949951171875,1746.8499755859375,1727.949951171875,1740.3499755859375,1509911
2022-07-21,1699.0828857421875,1765.1500244140625,1768.949951171875,1715.0999755859375,1726.9000244140625,2827327
2022-07-22,1701.58544921875,1767.75,1779.550048828125,1752.550048828125,1765.5,1495629
2022-07-25,1715.7353515625,1782.449951171875,1785.5,1760.050048828125,1765.0,1916615
2022-07-26,1685.7032470703125,1751.25,1780.75,1741.9000244140625,1780.75,1585897
2022-07-27,1729.4039306640625,1796.6500244140625,1819.5,1750.0,1754.0,5369460
2022-07-28,1733.8316650390625,1801.25,1816.0,1786.949951171875,1805.0,1831059
2022-07-29,1740.377197265625,1808.050048828125,1832.5,1794.0,1814.949951171875,1747781
2022-08-01,1746.7781982421875,1814.699951171875,1817.8499755859375,1790.300048828125,1808.0,1341943
2022-08-02,1725.9385986328125,1793.050048828125,1811.6500244140625,1775.699951171875,1809.0,1749346
2022-08-03,1722.810302734375,1789.800048828125,1804.0,1773.0,1793.050048828125,1264299
2022-08-04,1713.4732666015625,1780.0999755859375,1814.800048828125,1775.0,1793.800048828125,1856927
2022-08-05,1720.54833984375,1787.449951171875,1807.0,1775.300048828125,1782.949951171875,1430542
2022-08-08,1761.1685791015625,1829.6500244140625,1832.050048828125,1790.25,1796.4000244140625,2625195
2022-08-10,1785.7142333984375,1855.1500244140625,1867.0,1822.25,1830.0,3422074
2022-08-11,1797.26513671875,1867.1500244140625,1878.800048828125,1855.199951171875,1870.050048828125,1918049
2022-08-12,1777.3399658203125,1846.449951171875,1869.0,1838.0,1865.0,1041383
2022-08-16,1779.6982421875,1848.9000244140625,1864.0,1842.0,1860.0,1426893
2022-08-17,1786.24365234375,1855.699951171875,1867.3499755859375,1850.050048828125,1861.449951171875,1748371
2022-08-18,1823.6397705078125,1894.550048828125,1898.550048828125,1850.0,1857.0,2519639
2022-08-19,1863.58642578125,1936.050048828125,1942.0,1892.75,1894.0999755859375,4134598
2022-08-22,1810.2598876953125,1880.6500244140625,1944.0,1875.0,1937.0999755859375,3175874
2022-08-23,1806.794677734375,1877.050048828125,1911.949951171875,1865.699951171875,1870.0,1811509
2022-08-24,1822.484375,1893.3499755859375,1898.0,1851.5999755859375,1876.0,1534933
2022-08-25,1807.6126708984375,1877.9000244140625,1918.0,1873.0,1900.0,1121363
2022-08-26,1834.08349609375,1905.4000244140625,1912.0,1887.199951171875,1890.199951171875,1119310
2022-08-29,1811.0780029296875,1881.5,1890.0,1861.0,1870.0,1183546
2022-08-30,1850.54345703125,1922.5,1928.0,1889.1500244140625,1893.9000244140625,1394462
2022-09-01,1841.3509521484375,1912.949951171875,1930.5,1892.0999755859375,1905.0,2014905
2022-09-02,1867.869873046875,1940.5,1958.800048828125,1900.25,1900.5,3201140
2022-09-05,1894.6773681640625,1968.3499755859375,1972.75,1942.0999755859375,1947.949951171875,2474746
2022-09-06,1888.85400390625,1962.300048828125,1985.0999755859375,1951.300048828125,1973.800048828125,1172733
2022-09-07,1884.8109130859375,1958.0999755859375,1961.3499755859375,1934.0,1941.0999755859375,1238549
2022-09-08,1900.5009765625,1974.4000244140625,1977.0,1947.550048828125,1967.9000244140625,1632797
2022-09-09,1876.7735595703125,1949.75,1987.4000244140625,1944.0,1977.3499755859375,980869
2022-09-12,1888.4688720703125,1961.9000244140625,1967.0,1947.9000244140625,1949.75,791708
2022-09-13,1916.8165283203125,1991.3499755859375,1995.0,1963.0999755859375,1968.9000244140625,1761021
2022-09-14,1880.7681884765625,1953.9000244140625,1972.949951171875,1949.4000244140625,1964.6500244140625,2322752
2022-09-15,1884.2335205078125,1957.5,1984.699951171875,1954.800048828125,1959.0999755859375,1566565
2022-09-16,1848.1370849609375,1920.0,1956.9000244140625,1915.0,1947.0,3881617
2022-09-19,1839.1851806640625,1910.699951171875,1931.949951171875,1905.0,1921.0999755859375,1755456
2022-09-20,1860.3616943359375,1932.699951171875,1955.800048828125,1925.0,1931.0,1666658
2022-09-21,1824.6983642578125,1895.6500244140625,1946.300048828125,1891.5999755859375,1921.0999755859375,1618385
2022-09-22,1817.5272216796875,1888.199951171875,1905.5999755859375,1873.0,1882.0,1875115
2022-09-23,1787.3505859375,1856.8499755859375,1895.449951171875,1852.550048828125,1890.0,1948766
2022-09-26,1782.152587890625,1851.449951171875,1876.800048828125,1818.0,1849.0,1529101
2022-09-27,1772.286376953125,1841.199951171875,1864.0,1832.5,1856.0,1443698
2022-09-28,1766.751708984375,1835.449951171875,1856.0,1825.5999755859375,1829.699951171875,1853503
2022-09-29,1747.5482177734375,1815.5,1857.4000244140625,1797.4000244140625,1844.6500244140625,2377718
2022-09-30,1778.5430908203125,1847.699951171875,1882.949951171875,1816.050048828125,1823.949951171875,2339518
2022-10-03,1751.206298828125,1819.300048828125,1852.0,1814.0,1852.0,1850414
2022-10-04,1801.5003662109375,1871.550048828125,1880.949951171875,1835.300048828125,1835.300048828125,1637532
2022-10-06,1841.3509521484375,1912.949951171875,1919.0,1878.0999755859375,1882.0,2771898
2022-10-07,1852.516845703125,1924.550048828125,1928.949951171875,1903.050048828125,1905.0,1469264
2022-10-10,1838.174560546875,1909.6500244140625,1917.0,1883.5,1905.0,1656954
2022-10-11,1808.6234130859375,1878.949951171875,1923.800048828125,1871.25,1923.800048828125,1047963
2022-10-12,1839.7147216796875,1911.25,1916.0,1858.050048828125,1880.0,1907748
2022-10-13,1805.9283447265625,1876.1500244140625,1912.0,1868.25,1901.0,1303645
2022-10-14,1840.0513916015625,1911.5999755859375,1936.75,1898.449951171875,1900.0,1819114
2022-10-17,1812.71435546875,1883.199951171875,1914.0,1878.4000244140625,1902.9000244140625,2588147
2022-10-18,1846.30810546875,1918.0999755859375,1931.199951171875,1893.0999755859375,1893.0999755859375,1401849
2022-10-19,1833.602294921875,1904.9000244140625,1947.0,1901.6500244140625,1920.0,1636141
2022-10-20,1832.88037109375,1904.1500244140625,1917.800048828125,1886.300048828125,1898.6500244140625,1374019
2022-10-21,1806.505859375,1876.75,1925.0,1867.0999755859375,1913.699951171875,2225676
2022-10-24,1838.2706298828125,1909.75,1919.9000244140625,1900.0,1906.0,269400
2022-10-25,1876.14794921875,1949.0999755859375,1954.6500244140625,1891.550048828125,1915.0,2136147
2022-10-27,1890.538330078125,1964.050048828125,1971.8499755859375,1949.9000244140625,1952.0999755859375,2245395
2022-10-28,1901.126708984375,1975.050048828125,1986.0,1963.800048828125,1972.0,2013794
2022-10-31,1947.3780517578125,2023.0999755859375,2034.6500244140625,1978.199951171875,1986.0,3176507
2022-11-01,1948.6776123046875,2024.449951171875,2056.0,1990.050048828125,2032.0,4464211
2022-11-02,1937.9449462890625,2013.300048828125,2042.0,2000.0,2036.5,1889651
2022-11-03,1933.51708984375,2008.699951171875,2022.5,1993.0,2006.0,1052241
2022-11-04,1939.677490234375,2015.0999755859375,2029.3499755859375,2004.75,2010.0,2312753
2022-11-07,1942.1322021484375,2017.6500244140625,2032.0,1993.0,2021.4000244140625,1395070
2022-11-09,1928.51171875,2003.5,2036.949951171875,1996.25,2025.050048828125,1301233
2022-11-10,1903.62939453125,1977.6500244140625,2001.8499755859375,1970.199951171875,1995.0,1261210
2022-11-11,1935.8272705078125,2011.0999755859375,2018.800048828125,1991.949951171875,2003.5999755859375,1203125
2022-11-14,1924.9503173828125,1999.800048828125,2021.9000244140625,1995.25,2013.050048828125,1175155
2022-11-15,1921.8218994140625,1996.550048828125,2017.0,1978.0999755859375,2003.0,1450841
2022-11-16,1928.6080322265625,2003.5999755859375,2009.8499755859375,1985.050048828125,1986.0,1195832
2022-11-17,1953.5867919921875,2029.550048828125,2059.0,2001.0999755859375,2002.0,3786182
2022-11-18,1948.6776123046875,2024.449951171875,2050.949951171875,2006.8499755859375,2039.0,1248459
2022-11-21,1936.1640625,2011.449951171875,2033.0,2007.0,2019.0,714687
2022-11-22,1953.827392578125,2029.800048828125,2033.1500244140625,2019.5999755859375,2021.550048828125,1337869
2022-11-23,1949.2071533203125,2025.0,2044.0,2018.0,2038.949951171875,1046988
2022-11-24,1975.3890380859375,2052.199951171875,2060.0,2028.4000244140625,2030.5,1611889
2022-11-25,1985.5440673828125,2062.75,2095.800048828125,2058.449951171875,2061.0,2652761
2022-11-28,1987.180419921875,2064.449951171875,2072.0,2052.0,2064.35009765625,1105372
2022-11-29,1973.8009033203125,2050.550048828125,2072.0,2038.5999755859375,2070.0,1413764
2022-11-30,1997.19140625,2074.85009765625,2086.0,2045.0,2053.0,2104550
2022-12-01,2025.4906005859375,2104.25,2110.0,2079.449951171875,2085.25,2614357
2022-12-02,2007.4423828125,2085.5,2098.89990234375,2069.14990234375,2096.10009765625,1957264
2022-12-05,2007.5389404296875,2085.60009765625,2096.800048828125,2068.85009765625,2095.949951171875,1767537
2022-12-06,2015.1431884765625,2093.5,2100.0,2067.0,2081.0,1530731
2022-12-07,2044.5018310546875,2124.0,2144.0,2096.300048828125,2096.300048828125,3438327
2022-12-08,2086.566162109375,2167.699951171875,2175.0,2120.0,2120.0,3743754
2022-12-09,2073.427001953125,2154.050048828125,2194.35009765625,2137.5,2168.0,2573609
2022-12-12,2082.7158203125,2163.699951171875,2169.0,2134.550048828125,2148.89990234375,1536090
2022-12-13,2091.571044921875,2172.89990234375,2175.699951171875,2152.5,2170.0,1233124
2022-12-14,2113.27734375,2195.449951171875,2210.0,2175.050048828125,2176.949951171875,1516631
2022-12-15,2096.04736328125,2177.550048828125,2209.0,2173.60009765625,2196.699951171875,1323412
2022-12-16,2093.592529296875,2175.0,2211.60009765625,2161.0,2161.0,2822390
2022-12-19,2102.255859375,2184.0,2187.449951171875,2155.050048828125,2171.0,1592779
2022-12-20,2082.28271484375,2163.25,2179.89990234375,2138.0,2179.89990234375,1747181
2022-12-21,2065.967041015625,2146.300048828125,2174.949951171875,2142.85009765625,2153.10009765625,1979681
2022-12-22,2030.9774169921875,2109.949951171875,2148.35009765625,2096.89990234375,2144.0,1993744
2022-12-23,1985.5440673828125,2062.75,2104.14990234375,2050.10009765625,2094.5,2026125
2022-12-26,2012.784912109375,2091.050048828125,2108.0,2051.0,2052.75,1154610
2022-12-27,2044.5980224609375,2124.10009765625,2128.0,2085.0,2101.550048828125,1059351
2022-12-28,2041.7099609375,2121.10009765625,2136.0,2113.64990234375,2129.0,1153883
2022-12-29,2031.89208984375,2110.89990234375,2120.550048828125,2094.14990234375,2109.64990234375,1517150
2022-12-30,2007.7314453125,2085.800048828125,2133.0,2081.10009765625,2115.0,1189427
2023-01-02,2011.24462890625,2089.449951171875,2097.60009765625,2075.050048828125,2092.89990234375,807344
2023-01-03,2010.763427734375,2088.949951171875,2096.800048828125,2067.949951171875,2088.0,1260225
2023-01-04,1993.0523681640625,2070.550048828125,2101.449951171875,2058.0,2090.949951171875,1015547
2023-01-05,2009.2235107421875,2087.35009765625,2099.199951171875,2068.5,2080.0,1881403
2023-01-06,2008.453369140625,2086.550048828125,2121.699951171875,2071.85009765625,2090.199951171875,1877917
2023-01-09,2042.28759765625,2121.699951171875,2127.300048828125,2100.75,2108.0,1844365
2023-01-10,2027.8009033203125,2106.64990234375,2131.89990234375,2097.199951171875,2131.89990234375,1425414
2023-01-11,2045.8011474609375,2125.35009765625,2140.0,2097.10009765625,2106.10009765625,1455621
2023-01-12,2078.91357421875,2159.75,2164.64990234375,2118.10009765625,2118.10009765625,2726901
2023-01-13,2072.801025390625,2153.39990234375,2164.85009765625,2117.199951171875,2161.89990234375,2180210
2023-01-16,2057.20751953125,2137.199951171875,2161.0,2132.300048828125,2147.0,1009649
2023-01-17,2130.266845703125,2213.10009765625,2217.800048828125,2136.39990234375,2139.89990234375,4645453
2023-01-18,2181.66796875,2266.5,2274.800048828125,2200.0,2221.0,4090049
2023-01-19,2188.02099609375,2273.10009765625,2283.800048828125,2241.0,2259.85009765625,2176835
2023-01-20,2165.737548828125,2249.949951171875,2297.64990234375,2238.449951171875,2282.449951171875,1962410
2023-01-23,2149.9033203125,2233.5,2273.300048828125,2227.0,2255.0,1466706
2023-01-24,2124.87646484375,2207.5,2252.300048828125,2200.0,2244.699951171875,1036962
2023-01-25,2093.303955078125,2174.699951171875,2205.0,2155.0,2201.0,2134447
2023-01-27,2079.009765625,2159.85009765625,2195.0,2127.10009765625,2174.699951171875,1647900
2023-01-30,2033.81689453125,2112.89990234375,2173.25,2083.800048828125,2129.39990234375,3441304
2023-01-31,2044.88671875,2124.39990234375,2132.75,2072.64990234375,2119.949951171875,4516463
2023-02-01,2065.2451171875,2145.550048828125,2215.949951171875,2080.300048828125,2133.0,6868872
2023-02-02,2064.619384765625,2144.89990234375,2166.949951171875,2107.85009765625,2135.60009765625,3488506
2023-02-03,2085.459228515625,2166.550048828125,2181.85009765625,2131.050048828125,2176.949951171875,2045634
2023-02-06,2075.400146484375,2156.10009765625,2181.60009765625,2142.300048828125,2164.25,1332484
2023-02-07,2084.255859375,2165.300048828125,2172.0,2150.050048828125,2162.25,1089248
2023-02-08,2051.095458984375,2130.85009765625,2175.25,2125.550048828125,2160.550048828125,1452145
2023-02-09,2067.025634765625,2147.39990234375,2151.949951171875,2135.699951171875,2150.0,1563181
2023-02-10,2082.860107421875,2163.85009765625,2169.949951171875,2137.550048828125,2140.199951171875,1454665
2023-02-13,2120.833740234375,2203.300048828125,2210.39990234375,2160.199951171875,2173.0,2978938
2023-02-14,2109.619384765625,2191.64990234375,2216.0,2182.14990234375,2215.0,1874906
2023-02-15,2093.64111328125,2175.050048828125,2187.85009765625,2157.25,2186.0,1946344
2023-02-16,2096.76904296875,2178.300048828125,2202.300048828125,2171.699951171875,2186.800048828125,2464602
2023-02-17,2143.02099609375,2226.35009765625,2249.0,2160.0,2169.800048828125,3753179
2023-02-20,2142.20263671875,2225.5,2252.0,2215.0,2233.699951171875,1779752
2023-02-21,2146.0048828125,2229.449951171875,2262.0,2222.699951171875,2239.0,1882604
2023-02-22,2112.603515625,2194.75,2241.0,2182.050048828125,2229.0,2103097
2023-02-23,2078.336181640625,2159.14990234375,2208.199951171875,2153.5,2204.0,2000556
2023-02-24,2054.17529296875,2134.050048828125,2172.300048828125,2118.75,2160.0,1479060
2023-02-27,2034.587158203125,2113.699951171875,2139.89990234375,2082.10009765625,2134.050048828125,1398112
2023-02-28,2030.2073974609375,2109.14990234375,2138.300048828125,2085.0,2115.0,2108587
2023-03-01,2036.1270751953125,2115.300048828125,2130.0,2100.0,2100.0,1389077
2023-03-02,2042.191650390625,2121.60009765625,2149.0,2107.550048828125,2129.949951171875,1727640
2023-03-03,2071.50146484375,2152.050048828125,2159.89990234375,2132.25,2140.0,1821066
2023-03-06,2061.009765625,2141.14990234375,2184.85009765625,2139.800048828125,2158.25,1821012
2023-03-08,2089.5498046875,2170.800048828125,2189.60009765625,2140.60009765625,2152.0,2965342
2023-03-09,2111.111572265625,2193.199951171875,2199.0,2171.5,2174.949951171875,1873933
2023-03-10,2077.084716796875,2157.85009765625,2182.0,2133.0,2171.5,1900535
2023-03-13,2053.983154296875,2133.85009765625,2178.949951171875,2107.0,2164.050048828125,2334468
2023-03-14,2063.945556640625,2144.199951171875,2171.0,2134.39990234375,2144.35009765625,2871343
2023-03-15,2095.180908203125,2176.64990234375,2212.449951171875,2160.0,2164.199951171875,3044201
2023-03-16,2092.2451171875,2173.60009765625,2187.0,2132.0,2184.89990234375,2946792
2023-03-17,2113.56591796875,2195.75,2228.89990234375,2186.699951171875,2186.699951171875,3286473
2023-03-20,2096.04736328125,2177.550048828125,2205.0,2152.0,2191.10009765625,1996773
2023-03-21,2125.790771484375,2208.449951171875,2227.0,2182.0,2182.699951171875,3178680
2023-03-22,2131.084716796875,2213.949951171875,2246.25,2207.89990234375,2219.5,1956033
2023-03-23,2124.05810546875,2206.64990234375,2242.0,2200.550048828125,2214.0,2455799
2023-03-24,2085.073974609375,2166.14990234375,2219.35009765625,2153.050048828125,2206.0,1449544
2023-03-27,2073.378662109375,2154.0,2190.0,2150.0,2175.050048828125,1540581
2023-03-28,2053.742431640625,2133.60009765625,2169.800048828125,2122.449951171875,2167.75,1627243
2023-03-29,2067.07373046875,2147.449951171875,2159.300048828125,2121.0,2137.64990234375,2372385
2023-03-31,2083.19677734375,2164.199951171875,2176.949951171875,2150.550048828125,2156.5,1489542
2023-04-03,2088.92431640625,2170.14990234375,2183.5,2155.0,2180.0,1231654
2023-04-05,2173.24560546875,2257.75,2262.5,2165.0,2170.0,2763363
2023-04-06,2189.127685546875,2274.25,2291.64990234375,2254.449951171875,2257.75,2389899
2023-04-10,2223.2509765625,2309.699951171875,2319.89990234375,2278.050048828125,2284.89990234375,1955914
2023-04-11,2215.358154296875,2301.5,2330.0,2287.300048828125,2320.0,1342440
2023-04-12,2202.8447265625,2288.5,2312.699951171875,2281.949951171875,2304.0,1165839
2023-04-13,2174.2080078125,2258.75,2295.0,2242.449951171875,2294.800048828125,1956668
2023-04-17,2131.133056640625,2214.0,2273.800048828125,2201.14990234375,2258.75,4125850
2023-04-18,2133.635498046875,2216.60009765625,2230.0,2188.0,2220.0,2848601
2023-04-19,2136.523681640625,2219.60009765625,2235.0,2208.10009765625,2208.10009765625,1970015
2023-04-20,2149.18115234375,2232.75,2251.449951171875,2222.25,2225.0,1898996
2023-04-21,2132.2880859375,2215.199951171875,2243.0,2202.0,2240.14990234375,1009316
2023-04-24,2145.47509765625,2228.89990234375,2232.699951171875,2186.550048828125,2220.0,1239073
2023-04-25,2163.812255859375,2247.949951171875,2254.0,2218.10009765625,2231.050048828125,1350118
2023-04-26,2190.956787109375,2276.14990234375,2287.300048828125,2244.050048828125,2247.85009765625,1894812
2023-04-27,2219.3046875,2305.60009765625,2310.0,2267.10009765625,2275.75,1252989
2023-04-28,2275.903564453125,2364.39990234375,2369.0,2312.300048828125,2312.300048828125,2884961
2023-05-02,2295.203369140625,2384.449951171875,2416.35009765625,2373.199951171875,2373.199951171875,1840153
2023-05-03,2268.10693359375,2356.300048828125,2390.0,2348.5,2384.10009765625,998235
2023-05-04,2268.6845703125,2356.89990234375,2381.64990234375,2342.85009765625,2361.800048828125,1230912
2023-05-05,2288.513427734375,2377.5,2406.949951171875,2357.0,2357.0,2425866
2023-05-08,2276.8662109375,2365.39990234375,2385.0,2354.050048828125,2377.449951171875,1583576
2023-05-09,2285.481689453125,2374.35009765625,2401.89990234375,2367.64990234375,2367.64990234375,1417301
2023-05-10,2275.951904296875,2364.449951171875,2388.949951171875,2350.0,2387.0,1675409
2023-05-11,2158.229248046875,2242.14990234375,2314.050048828125,2237.35009765625,2300.0,9470848
2023-05-12,2137.96728515625,2221.10009765625,2235.0,2197.35009765625,2222.64990234375,5367292
2023-05-15,2162.753662109375,2246.85009765625,2260.0,2215.0,2220.89990234375,2662740
2023-05-16,2143.8388671875,2227.199951171875,2255.0,2223.10009765625,2254.60009765625,2528855
2023-05-17,2136.523681640625,2219.60009765625,2244.0,2210.199951171875,2224.35009765625,1961004
2023-05-18,2106.298828125,2188.199951171875,2233.550048828125,2181.0,2230.0,2290757
2023-05-19,2108.079345703125,2190.050048828125,2199.050048828125,2168.5,2192.0,1729803
2023-05-22,2133.635498046875,2216.60009765625,2222.0,2178.39990234375,2190.0,1112099
2023-05-23,2115.39501953125,2197.64990234375,2228.60009765625,2194.0,2225.60009765625,2265389
2023-05-24,2103.36279296875,2185.14990234375,2208.5,2176.0,2200.0,2648479
2023-05-25,2122.18115234375,2204.699951171875,2207.300048828125,2178.0,2190.0,1689521
2023-05-26,2135.41650390625,2218.449951171875,2220.75,2201.0,2209.0,1249128
2023-05-29,2141.2880859375,2224.550048828125,2241.800048828125,2220.199951171875,2225.0,1369656
2023-05-30,2128.052978515625,2210.800048828125,2237.0,2207.199951171875,2230.0,1716729
2023-05-31,2123.09521484375,2205.64990234375,2224.0,2200.0,2201.10009765625,2809284
2023-06-01,2125.1650390625,2207.800048828125,2222.0,2202.14990234375,2217.0,1049488
2023-06-02,2150.913818359375,2234.550048828125,2237.300048828125,2212.14990234375,2221.0,1399950
2023-06-05,2183.40087890625,2268.300048828125,2272.800048828125,2240.0,2245.0,2344944
2023-06-06,2192.689208984375,2277.949951171875,2280.699951171875,2263.699951171875,2269.0,1677680
2023-06-07,2228.833984375,2315.5,2318.0,2278.0,2278.0,2128603
2023-06-08,2252.705810546875,2340.300048828125,2345.050048828125,2312.75,2316.949951171875,2556995
2023-06-09,2274.556396484375,2363.0,2368.85009765625,2338.25,2345.0,2501720
2023-06-12,2252.368896484375,2339.949951171875,2370.0,2333.10009765625,2365.0,1172382
2023-06-13,2266.27783203125,2354.39990234375,2357.89990234375,2327.10009765625,2345.85009765625,1688768
2023-06-14,2266.90380859375,2355.050048828125,2360.0,2340.0,2352.89990234375,1013564
2023-06-15,2272.919677734375,2361.300048828125,2369.5,2349.0,2355.0,2561534
2023-06-16,2278.214111328125,2366.800048828125,2380.0,2352.25,2363.75,1794542
2023-06-19,2277.781005859375,2366.35009765625,2419.89990234375,2361.0,2379.0,3111256
2023-06-20,2292.844970703125,2382.0,2389.64990234375,2354.449951171875,2364.949951171875,1771306
2023-06-21,2304.828857421875,2394.449951171875,2412.0,2382.0,2382.0,1607299
2023-06-22,2325.813232421875,2416.25,2424.0,2380.0,2394.60009765625,1741775
2023-06-23,2300.112548828125,2389.550048828125,2427.0,2383.25,2418.949951171875,1212955
2023-06-26,2288.5615234375,2377.550048828125,2403.85009765625,2367.949951171875,2398.10009765625,793572
2023-06-27,2298.668701171875,2388.050048828125,2396.949951171875,2371.550048828125,2387.449951171875,1012317
2023-06-28,2330.818603515625,2421.449951171875,2432.89990234375,2390.050048828125,2400.0,1734938
2023-06-30,2382.8935546875,2475.550048828125,2483.5,2415.050048828125,2420.0,2690699
2023-07-03,2362.197998046875,2454.050048828125,2492.39990234375,2448.0,2478.199951171875,1078456
2023-07-04,2369.706298828125,2461.85009765625,2484.39990234375,2458.199951171875,2458.199951171875,1441581
2023-07-05,2378.3212890625,2470.800048828125,2484.949951171875,2454.35009765625,2461.0,1191896
2023-07-06,2395.455322265625,2488.60009765625,2499.949951171875,2467.550048828125,2468.10009765625,1796824
2023-07-07,2357.67431640625,2449.35009765625,2504.0,2444.60009765625,2482.75,1837661
2023-07-10,2347.470703125,2438.75,2463.35009765625,2420.0,2450.0,1178479
2023-07-11,2381.93115234375,2474.550048828125,2479.0,2447.199951171875,2447.199951171875,1219658
2023-07-12,2363.06494140625,2454.949951171875,2485.949951171875,2447.800048828125,2480.300048828125,1822435
2023-07-13,2358.444091796875,2450.14990234375,2484.89990234375,2446.25,2466.0,1141663
2023-07-14,2379.717041015625,2472.25,2477.050048828125,2448.64990234375,2450.25,845623
2023-07-17,2376.39599609375,2468.800048828125,2494.0,2465.0,2475.0,878697
2023-07-18,2382.075439453125,2474.699951171875,2489.949951171875,2468.10009765625,2469.0,720865
2023-07-19,2400.79736328125,2494.14990234375,2502.949951171875,2466.39990234375,2474.60009765625,1431080
2023-07-20,2396.513916015625,2489.699951171875,2495.699951171875,2469.050048828125,2494.0,1045704
2023-07-21,2489.4501953125,2586.25,2595.0,2521.10009765625,2522.0,4610417
2023-07-24,2507.739013671875,2605.25,2638.0,2583.89990234375,2637.64990234375,2155297
2023-07-25,2465.049072265625,2560.89990234375,2617.75,2553.0,2616.0,2068876
2023-07-26,2547.20458984375,2646.25,2673.85009765625,2585.0,2591.0,5820099
2023-07-27,2560.632568359375,2660.199951171875,2676.35009765625,2646.449951171875,2668.949951171875,2117794
2023-07-28,2550.381103515625,2649.550048828125,2668.14990234375,2625.0,2660.14990234375,1325724
2023-07-31,2580.990966796875,2681.35009765625,2690.0,2631.10009765625,2655.0,1284981
2023-08-01,2566.8408203125,2666.64990234375,2689.0,2655.35009765625,2681.35009765625,1298745
2023-08-02,2552.724853515625,2622.14990234375,2644.949951171875,2602.699951171875,2638.0,1479486
2023-08-03,2529.311767578125,2598.10009765625,2642.75,2586.300048828125,2615.0,1612618
2023-08-04,2557.348876953125,2626.89990234375,2635.0,2598.5,2605.0,1101278
2023-08-07,2566.110595703125,2635.89990234375,2654.0,2623.10009765625,2628.0,1163125
2023-08-08,2562.508544921875,2632.199951171875,2649.5,2628.300048828125,2639.050048828125,767310
2023-08-09,2581.395263671875,2651.60009765625,2655.0,2615.25,2635.0,906865
2023-08-10,2573.509521484375,2643.5,2661.60009765625,2621.64990234375,2640.10009765625,1040041
2023-08-11,2568.64208984375,2638.5,2656.89990234375,2631.25,2642.050048828125,1320121
2023-08-14,2589.475341796875,2659.89990234375,2663.550048828125,2616.0,2637.0,1364413
2023-08-16,2619.800537109375,2691.050048828125,2695.0,2652.050048828125,2669.0,1703875
2023-08-17,2582.271484375,2652.5,2691.050048828125,2642.0,2691.050048828125,1629067
2023-08-18,2572.000732421875,2641.949951171875,2674.699951171875,2632.75,2650.0,1898966
2023-08-21,2591.76318359375,2662.25,2666.60009765625,2623.449951171875,2641.85009765625,1376318
2023-08-22,2607.874755859375,2678.800048828125,2685.64990234375,2662.0,2668.0,1497180
2023-08-23,2645.647705078125,2717.60009765625,2726.0,2682.449951171875,2689.550048828125,1990672
2023-08-24,2616.977294921875,2688.14990234375,2766.800048828125,2680.60009765625,2747.5,2619182
2023-08-25,2568.544677734375,2638.39990234375,2682.699951171875,2631.0,2677.449951171875,1408427
2023-08-28,2623.987060546875,2695.35009765625,2700.0,2650.050048828125,2653.550048828125,1551734
2023-08-29,2646.962158203125,2718.949951171875,2722.10009765625,2696.300048828125,2710.0,1101830
2023-08-30,2637.275390625,2709.0,2737.64990234375,2707.0,2722.949951171875,1920079
2023-08-31,2631.142333984375,2702.699951171875,2724.60009765625,2678.35009765625,2720.0,2439625
2023-09-01,2630.55810546875,2702.10009765625,2715.949951171875,2688.300048828125,2710.0,1263430
2023-09-04,2639.31982421875,2711.10009765625,2742.0,2705.0,2733.0,1548282
2023-09-05,2660.591064453125,2732.949951171875,2739.0,2720.0,2720.5,1066447
2023-09-06,2658.157470703125,2730.449951171875,2742.800048828125,2712.0,2740.0,1747425
2023-09-07,2771.03759765625,2846.39990234375,2855.949951171875,2730.0,2733.0,4100519
2023-09-08,2824.7763671875,2901.60009765625,2928.699951171875,2872.449951171875,2888.0,3638510
2023-09-11,2817.572021484375,2894.199951171875,2926.0,2890.050048828125,2905.0,1545803
2023-09-12,2866.151123046875,2944.10009765625,3009.0,2932.449951171875,2951.60009765625,7788759
2023-09-13,2829.78955078125,2906.75,2943.699951171875,2888.449951171875,2943.5,2458417
2023-09-14,2841.325927734375,2918.60009765625,2931.64990234375,2906.0,2924.89990234375,1910041
2023-09-15,2831.5419921875,2908.550048828125,2934.949951171875,2900.0,2933.0,1655275
2023-09-18,2842.542724609375,2919.85009765625,2930.0,2907.0,2910.0,736631
2023-09-20,2813.483154296875,2890.0,2944.949951171875,2886.050048828125,2926.949951171875,1399240
2023-09-21,2822.585693359375,2899.35009765625,2905.10009765625,2846.050048828125,2885.050048828125,2444711
2023-09-22,2841.228759765625,2918.5,2936.449951171875,2902.25,2908.699951171875,1965569
2023-09-25,2825.65234375,2902.5,2923.800048828125,2871.0,2917.949951171875,1049532
2023-09-26,2835.436279296875,2912.550048828125,2944.0,2910.0,2915.0,953456
2023-09-27,2886.546142578125,2965.050048828125,2994.89990234375,2911.64990234375,2922.0,2903693
2023-09-28,2930.305908203125,3010.0,3050.5,2978.25,2989.0,4081102
2023-09-29,2943.497314453125,3023.550048828125,3058.35009765625,3005.25,3040.0,2698016
2023-10-03,2991.88134765625,3073.25,3077.449951171875,2995.10009765625,3040.5,3254492
2023-10-04,2947.586181640625,3027.75,3064.10009765625,2990.050048828125,3064.10009765625,3100946
2023-10-05,3014.07763671875,3096.050048828125,3114.89990234375,3032.550048828125,3032.550048828125,3413447
2023-10-06,3011.7900390625,3093.699951171875,3114.949951171875,3073.14990234375,3114.949951171875,1898118
2023-10-09,2993.292724609375,3074.699951171875,3085.0,3055.550048828125,3075.0,1181760
2023-10-10,2994.55859375,3076.0,3099.0,3072.14990234375,3073.85009765625,1551789
2023-10-11,3006.92236328125,3088.699951171875,3110.0,3084.39990234375,3090.0,2066921
2023-10-12,3000.15625,3081.75,3105.050048828125,3067.050048828125,3094.0,1870280
2023-10-13,3007.798583984375,3089.60009765625,3099.0,3063.5,3067.75,1437808
2023-10-16,3019.77294921875,3101.89990234375,3113.25,3074.699951171875,3098.949951171875,818794
2023-10-17,2985.115478515625,3066.300048828125,3114.199951171875,3063.0,3109.89990234375,1847182
2023-10-18,2964.96337890625,3045.60009765625,3079.14990234375,3037.14990234375,3068.64990234375,1350839
2023-10-19,2973.530517578125,3054.39990234375,3069.89990234375,3007.14990234375,3025.60009765625,1599104
2023-10-20,2932.59375,3012.35009765625,3056.25,2977.300048828125,3039.949951171875,1667471
2023-10-23,2879.97509765625,2958.300048828125,3006.89990234375,2949.0,3003.0,1614030
2023-10-25,2838.89208984375,2916.10009765625,2965.5,2910.300048828125,2959.0,2108353
2023-10-26,2788.755859375,2864.60009765625,2916.14990234375,2857.050048828125,2906.0,3286109
2023-10-27,2825.068115234375,2901.89990234375,2910.550048828125,2857.64990234375,2864.64990234375,2399538
2023-10-30,2848.870849609375,2926.35009765625,2932.0,2856.14990234375,2899.199951171875,1693052
2023-10-31,2851.49951171875,2929.050048828125,2951.550048828125,2907.949951171875,2929.949951171875,1556467
2023-11-01,2818.642822265625,2895.300048828125,2983.14990234375,2871.050048828125,2947.449951171875,3875595
2023-11-02,2840.839111328125,2918.10009765625,2937.85009765625,2903.199951171875,2935.0,1451606
2023-11-03,2834.17041015625,2911.25,2948.050048828125,2905.0,2934.0,1136175
2023-11-06,2896.6708984375,2975.449951171875,2979.0,2927.25,2933.0,1235499
2023-11-07,2882.8955078125,2961.300048828125,2983.60009765625,2956.10009765625,2970.0,1112206
2023-11-08,2917.11474609375,2996.449951171875,3002.75,2961.0,2974.699951171875,1013438
2023-11-09,2944.762939453125,3024.85009765625,3028.699951171875,2997.0,3003.0,1719911
2023-11-10,2952.9404296875,3033.25,3044.0,3005.25,3021.050048828125,947753
2023-11-13,2967.78662109375,3048.5,3054.35009765625,3031.64990234375,3050.0,531769
2023-11-15,2983.80126953125,3064.949951171875,3071.050048828125,3055.0,3062.35009765625,1160184
2023-11-16,2970.366455078125,3051.14990234375,3082.10009765625,3045.0,3057.949951171875,1597607
2023-11-17,3026.684814453125,3109.0,3115.449951171875,3045.14990234375,3050.0,1325050
2023-11-20,3007.019775390625,3088.800048828125,3111.949951171875,3076.199951171875,3095.10009765625,1231164
2023-11-21,2993.439208984375,3074.85009765625,3099.0,3062.449951171875,3088.5,1884782
2023-11-22,3000.69189453125,3082.300048828125,3088.64990234375,3062.5,3074.85009765625,1104208
2023-11-23,2965.011962890625,3045.64990234375,3088.0,3031.050048828125,3080.0,1514688
2023-11-24,2973.384521484375,3054.25,3067.0,3039.60009765625,3050.0,915121
2023-11-28,2969.2470703125,3050.0,3059.14990234375,3035.0,3054.0,1210508
2023-11-29,3002.103515625,3083.75,3089.89990234375,3049.0,3050.0,1801107
2023-11-30,3026.87939453125,3109.199951171875,3124.550048828125,3058.699951171875,3076.300048828125,3131624
2023-12-01,3106.1728515625,3190.64990234375,3197.949951171875,3121.050048828125,3129.949951171875,2112908
2023-12-04,3225.819091796875,3313.550048828125,3347.550048828125,3250.0,3285.0,3095974
2023-12-05,3227.668701171875,3315.449951171875,3325.0,3279.050048828125,3319.050048828125,1659309
2023-12-06,3302.484130859375,3392.300048828125,3401.0,3321.0,3330.0,2057233
2023-12-07,3266.756103515625,3355.60009765625,3409.89990234375,3337.050048828125,3392.300048828125,2128823
2023-12-08,3289.0009765625,3378.449951171875,3430.0,3366.0,3377.0,2428891
2023-12-11,3296.15625,3385.800048828125,3405.0,3360.0,3377.949951171875,1534238
2023-12-12,3253.9052734375,3342.39990234375,3375.0,3332.0,3375.0,1888423
2023-12-13,3309.78564453125,3399.800048828125,3410.0,3346.199951171875,3352.949951171875,1509107
2023-12-14,3342.2041015625,3433.10009765625,3440.0,3400.10009765625,3425.949951171875,2425646
2023-12-15,3395.650390625,3488.0,3498.89990234375,3432.85009765625,3435.14990234375,2632935
2023-12-18,3399.1552734375,3491.60009765625,3506.0,3466.0,3496.0,1767429
2023-12-19,3406.310302734375,3498.949951171875,3525.0,3476.050048828125,3488.949951171875,1311700
2023-12-20,3327.990478515625,3418.5,3514.60009765625,3412.550048828125,3505.0,1876048
2023-12-21,3333.490966796875,3424.14990234375,3439.949951171875,3333.0,3390.050048828125,2292802
2023-12-22,3385.8662109375,3477.949951171875,3496.0,3408.60009765625,3424.0,1681707
2023-12-26,3397.64599609375,3490.050048828125,3508.35009765625,3477.949951171875,3477.949951171875,1072263
2023-12-27,3450.167724609375,3544.0,3549.0,3504.14990234375,3510.0,1389266
2023-12-28,3424.90478515625,3518.050048828125,3559.949951171875,3500.5,3545.0,3371121
2023-12-29,3432.644287109375,3526.0,3540.0,3495.0,3531.0,968577
2024-01-01,3432.108642578125,3525.449951171875,3538.0,3496.050048828125,3538.0,777080
2024-01-02,3347.071533203125,3438.10009765625,3525.449951171875,3432.0,3525.050048828125,1511464
2024-01-03,3349.261962890625,3440.35009765625,3465.85009765625,3411.60009765625,3433.0,1283859
2024-01-04,3367.1259765625,3458.699951171875,3480.10009765625,3423.0,3441.050048828125,1651616
2024-01-05,3428.65283203125,3521.89990234375,3555.0,3460.0,3464.949951171875,2069018
2024-01-08,3408.403564453125,3501.10009765625,3559.949951171875,3490.0,3540.0,1993855
2024-01-09,3461.801025390625,3555.949951171875,3593.75,3520.10009765625,3527.449951171875,1807271
2024-01-10,3451.6279296875,3545.5,3558.949951171875,3520.0,3549.949951171875,1534821
2024-01-11,3412.05419921875,3504.85009765625,3559.550048828125,3500.550048828125,3545.5,1105348
2024-01-12,3474.31103515625,3568.800048828125,3578.64990234375,3494.050048828125,3505.050048828125,1782631
2024-01-15,3449.242919921875,3543.050048828125,3605.699951171875,3538.050048828125,3576.10009765625,1783518
2024-01-16,3478.886474609375,3573.5,3589.0,3538.0,3548.0,1791818
2024-01-17,3476.404052734375,3570.949951171875,3614.449951171875,3547.699951171875,3555.0,2699076
2024-01-18,3500.791015625,3596.0,3616.949951171875,3525.0,3570.800048828125,2148898
2024-01-19,3549.467041015625,3646.0,3655.85009765625,3603.0,3603.0,1913923
2024-01-23,3456.982177734375,3551.0,3661.35009765625,3536.199951171875,3637.60009765625,1742142
2024-01-24,3494.1708984375,3589.199951171875,3617.949951171875,3521.699951171875,3570.0,3711521
2024-01-25,3498.308349609375,3593.449951171875,3618.25,3564.800048828125,3599.89990234375,2206540
2024-01-29,3609.8251953125,3708.0,3733.85009765625,3600.10009765625,3604.0,2072982
2024-01-30,3537.103515625,3633.300048828125,3737.89990234375,3624.89990234375,3715.949951171875,1454989
2024-01-31,3387.61865234375,3479.75,3538.0,3387.050048828125,3520.0,9637606
2024-02-01,3308.033203125,3398.0,3493.75,3371.0,3480.0,6149780
2024-02-02,3286.664306640625,3376.050048828125,3436.35009765625,3361.0,3402.699951171875,7579802
2024-02-05,3253.2724609375,3341.75,3407.949951171875,3318.449951171875,3375.5,2954238
2024-02-06,3333.588134765625,3424.25,3427.75,3337.550048828125,3346.0,2545192
2024-02-07,3304.820556640625,3394.699951171875,3447.0,3389.0,3445.0,2099940
2024-02-08,3247.18798828125,3335.5,3417.800048828125,3293.85009765625,3413.0,3471727
2024-02-09,3236.528076171875,3324.550048828125,3390.0,3308.949951171875,3336.25,3121873
2024-02-12,3212.18994140625,3299.550048828125,3339.14990234375,3287.0,3330.0,1922273
2024-02-13,3233.558837890625,3321.5,3338.550048828125,3284.10009765625,3312.0,2151493
2024-02-14,3221.3896484375,3309.0,3316.949951171875,3263.050048828125,3290.050048828125,2502138
2024-02-15,3212.919921875,3300.300048828125,3321.949951171875,3290.199951171875,3309.0,1999189
2024-02-16,3297.080810546875,3386.75,3398.0,3304.050048828125,3304.949951171875,2768329
2024-02-19,3251.4228515625,3339.85009765625,3408.0,3335.5,3400.550048828125,1216447
2024-02-20,3267.87548828125,3356.75,3367.75,3328.449951171875,3339.85009765625,1578162
2024-02-21,3209.123046875,3296.39990234375,3356.89990234375,3290.050048828125,3356.89990234375,2430672
2024-02-22,3274.68994140625,3363.75,3369.0,3276.949951171875,3310.0,2521388
2024-02-23,3298.249267578125,3387.949951171875,3399.89990234375,3340.75,3363.75,2107176
2024-02-26,3378.272705078125,3470.14990234375,3491.64990234375,3393.0,3400.0,4122419
2024-02-27,3413.611572265625,3506.449951171875,3512.0,3451.89990234375,3475.0,2122286
2024-02-28,3378.3212890625,3470.199951171875,3513.0,3446.14990234375,3505.0,1666903
2024-02-29,3385.47705078125,3477.550048828125,3496.0,3436.449951171875,3485.0,2119512
2024-03-01,3537.2978515625,3633.5,3658.35009765625,3500.0,3501.64990234375,4407803
2024-03-04,3547.9580078125,3644.449951171875,3679.800048828125,3622.050048828125,3670.0,1307501
2024-03-05,3516.951416015625,3612.60009765625,3644.449951171875,3590.300048828125,3631.199951171875,1981370
2024-03-06,3545.767578125,3642.199951171875,3652.449951171875,3586.050048828125,3618.0,1500196
2024-03-07,3579.597412109375,3676.949951171875,3705.14990234375,3643.25,3660.75,2344401
2024-03-11,3544.210205078125,3640.60009765625,3700.0,3631.449951171875,3700.0,1748541
2024-03-12,3525.761474609375,3621.64990234375,3672.0,3613.14990234375,3639.050048828125,1470377
2024-03-13,3444.862060546875,3538.550048828125,3636.800048828125,3511.89990234375,3634.89990234375,2503293
2024-03-14,3512.667724609375,3608.199951171875,3636.0,3522.0,3527.050048828125,4528490
2024-03-15,3443.4990234375,3537.14990234375,3603.0,3524.050048828125,3598.0,4054210
2024-03-18,3466.912109375,3561.199951171875,3572.199951171875,3526.699951171875,3537.14990234375,1354787
2024-03-19,3408.987548828125,3501.699951171875,3549.5,3481.0,3541.0,1447405
2024-03-20,3416.77587890625,3509.699951171875,3524.949951171875,3487.75,3502.75,1442811
2024-03-21,3465.744140625,3560.0,3596.0,3525.14990234375,3525.14990234375,2504962
2024-03-22,3522.013671875,3617.800048828125,3647.300048828125,3546.199951171875,3546.199951171875,3020545
2024-03-26,3572.928955078125,3670.10009765625,3676.89990234375,3600.0,3605.0,2320963
2024-03-27,3608.26806640625,3706.39990234375,3727.199951171875,3670.10009765625,3683.0,2387693
2024-03-28,3664.245361328125,3763.89990234375,3813.35009765625,3697.550048828125,3706.550048828125,4278668
2024-04-01,3736.383544921875,3838.0,3851.85009765625,3780.85009765625,3780.85009765625,1905190
2024-04-02,3706.59375,3807.39990234375,3860.0,3771.25,3849.800048828125,3608162
2024-04-03,3682.304443359375,3782.449951171875,3799.699951171875,3770.14990234375,3799.699951171875,1684618
2024-04-04,3697.296630859375,3797.85009765625,3819.75,3731.050048828125,3804.89990234375,2339529
2024-04-05,3643.99609375,3743.10009765625,3790.0,3716.25,3770.10009765625,1645597
2024-04-08,3707.031982421875,3807.85009765625,3819.800048828125,3743.10009765625,3745.0,1083395
2024-04-09,3685.030517578125,3785.25,3827.949951171875,3775.0,3820.0,1997057
2024-04-10,3653.82861328125,3753.199951171875,3800.0,3750.10009765625,3800.0,1951581
2024-04-12,3581.836669921875,3679.25,3802.10009765625,3663.5,3749.949951171875,3437544
2024-04-15,3505.4638671875,3600.800048828125,3679.85009765625,3586.199951171875,3626.050048828125,1719910
2024-04-16,3449.632080078125,3543.449951171875,3598.14990234375,3529.449951171875,3580.050048828125,2291042
2024-04-18,3456.93359375,3550.949951171875,3617.64990234375,3539.699951171875,3561.949951171875,3273257
2024-04-19,3425.19677734375,3518.35009765625,3542.89990234375,3472.39990234375,3525.0,2759031
2024-04-22,3517.048583984375,3612.699951171875,3620.0,3540.949951171875,3568.75,2605754
2024-04-23,3514.56591796875,3610.14990234375,3632.75,3588.0,3632.75,1434580
2024-04-24,3538.612060546875,3634.85009765625,3654.949951171875,3601.10009765625,3616.550048828125,1501234
2024-04-25,3555.600341796875,3652.300048828125,3666.0,3611.60009765625,3616.10009765625,2420380
2024-04-26,3509.747314453125,3605.199951171875,3660.89990234375,3585.0,3652.0,1973113
2024-04-29,3538.076904296875,3634.300048828125,3649.89990234375,3605.199951171875,3606.10009765625,1396979
2024-04-30,3499.135986328125,3594.300048828125,3648.949951171875,3584.050048828125,3639.0,1571996
2024-05-02,3504.1982421875,3599.5,3634.14990234375,3576.050048828125,3590.050048828125,3748847
2024-05-03,3407.137939453125,3499.800048828125,3622.0,3488.449951171875,3610.0,4079696
2024-05-06,3371.6044921875,3463.300048828125,3527.0,3441.10009765625,3522.800048828125,2614667
2024-05-07,3336.99560546875,3427.75,3496.0,3425.0,3479.39990234375,3376013
2024-05-08,3394.531005859375,3486.85009765625,3497.39990234375,3367.800048828125,3429.0,4116670
2024-05-09,3188.727783203125,3275.449951171875,3377.0,3266.64990234375,3312.75,12120574
2024-05-10,3184.833740234375,3271.449951171875,3306.14990234375,3234.60009765625,3281.60009765625,4132191
2024-05-13,3206.640869140625,3293.85009765625,3315.0,3225.199951171875,3267.050048828125,3557067
2024-05-14,3289.974365234375,3379.449951171875,3384.89990234375,3293.39990234375,3300.0,2870328
2024-05-15,3320.98095703125,3411.300048828125,3417.39990234375,3353.14990234375,3390.0,2718682
2024-05-16,3368.975830078125,3460.60009765625,3468.5,3378.699951171875,3428.949951171875,3398714
2024-05-17,3359.38671875,3450.75,3475.949951171875,3412.14990234375,3475.949951171875,2676919
2024-05-21,3349.845947265625,3440.949951171875,3470.300048828125,3434.0,3458.0,2100848
2024-05-22,3369.21923828125,3460.85009765625,3472.699951171875,3435.050048828125,3450.050048828125,1409992
2024-05-23,3490.47119140625,3585.39990234375,3601.64990234375,3455.0,3460.89990234375,4525637
2024-05-24,3529.899169921875,3625.89990234375,3659.0,3582.300048828125,3586.0,2740360
2024-05-27,3555.307861328125,3652.0,3695.0,3600.0,3644.89990234375,2570708
2024-05-28,3561.343994140625,3658.199951171875,3685.25,3646.050048828125,3652.0,1440187
2024-05-29,3538.5634765625,3634.800048828125,3661.85009765625,3610.35009765625,3611.0,1506146
2024-05-30,3538.466064453125,3634.699951171875,3643.949951171875,3607.75,3626.050048828125,2701849
2024-05-31,3572.150390625,3669.300048828125,3744.800048828125,3636.39990234375,3636.39990234375,6432341
2024-06-03,3793.96728515625,3897.14990234375,3919.89990234375,3801.10009765625,3855.39990234375,5767666
2024-06-04,3313.095458984375,3403.199951171875,3898.0,3320.0,3852.0,9920882
2024-06-05,3318.7421875,3409.0,3441.5,3175.050048828125,3441.5,10372458
2024-06-06,3390.3447265625,3482.550048828125,3538.199951171875,3385.300048828125,3438.0,8374602
2024-06-07,3438.97216796875,3532.5,3548.0,3446.0,3465.050048828125,5879660
2024-06-10,3449.92431640625,3543.75,3585.0,3521.050048828125,3521.050048828125,3151257
2024-06-11,3503.419189453125,3598.699951171875,3639.0,3551.199951171875,3570.0,2548176
2024-06-12,3534.182861328125,3630.300048828125,3648.949951171875,3578.0,3615.0,2242274
2024-06-13,3605.590576171875,3703.64990234375,3715.89990234375,3635.0,3665.5,2965500
2024-06-14,3590.160400390625,3687.800048828125,3720.0,3675.0,3718.0,1746508
2024-06-18,3591.523193359375,3689.199951171875,3710.0,3675.0,3708.0,1936792
2024-06-19,3494.901123046875,3589.949951171875,3699.0,3575.0,3690.0,2936151
2024-06-20,3526.7890625,3594.449951171875,3613.300048828125,3564.60009765625,3584.949951171875,2618715
2024-06-21,3468.45849609375,3535.0,3610.0,3516.0,3604.050048828125,4508508
2024-06-24,3465.122314453125,3531.60009765625,3567.0,3505.0,3520.35009765625,2330559
2024-06-25,3520.264404296875,3587.800048828125,3591.949951171875,3528.0,3556.5,2158039
2024-06-26,3535.12939453125,3602.949951171875,3624.89990234375,3592.25,3601.0,2480187
2024-06-27,3497.304931640625,3564.39990234375,3601.300048828125,3550.0,3597.449951171875,5519875
2024-06-28,3481.655029296875,3548.449951171875,3575.949951171875,3538.10009765625,3540.0,3141514
2024-07-01,3460.16748046875,3526.550048828125,3541.39990234375,3514.0,3535.199951171875,2961120
2024-07-02,3558.23583984375,3626.5,3634.0,3535.050048828125,3535.050048828125,5087748
2024-07-03,3546.314697265625,3614.35009765625,3650.5,3605.0,3650.35009765625,1923801
2024-07-04,3506.03759765625,3573.300048828125,3644.0,3565.800048828125,3616.10009765625,1851947
2024-07-05,3558.873779296875,3627.14990234375,3638.0,3568.0,3573.300048828125,1635209
2024-07-08,3563.63232421875,3632.0,3645.699951171875,3594.0,3640.10009765625,1706210
2024-07-09,3597.0908203125,3666.10009765625,3685.0,3646.10009765625,3650.0,2425176
2024-07-10,3581.3427734375,3650.050048828125,3694.0,3601.0,3685.050048828125,2231438
2024-07-11,3552.937744140625,3621.10009765625,3684.60009765625,3603.0,3660.0,2942924
2024-07-12,3580.656005859375,3649.35009765625,3667.699951171875,3612.699951171875,3630.0,2001185
2024-07-15,3582.863525390625,3651.60009765625,3674.0,3637.0,3670.0,943302
2024-07-16,3568.096923828125,3636.550048828125,3651.60009765625,3621.0,3646.10009765625,2220953
2024-07-18,3587.376708984375,3656.199951171875,3679.25,3598.64990234375,3640.0,3240772
2024-07-19,3550.386474609375,3618.5,3658.949951171875,3610.0,3651.0,2432533
2024-07-22,3582.71630859375,3651.449951171875,3661.85009765625,3567.60009765625,3617.89990234375,3639057
2024-07-23,3471.450927734375,3538.050048828125,3714.0,3460.0,3669.60009765625,6957691
2024-07-24,3453.200927734375,3519.449951171875,3557.949951171875,3501.0,3549.0,3184060
2024-07-25,3551.0244140625,3619.14990234375,3630.89990234375,3532.050048828125,3539.0,4691483
2024-07-26,3610.630615234375,3679.89990234375,3701.0,3596.10009765625,3629.0,2617659
2024-07-29,3703.8916015625,3774.949951171875,3790.0,3686.60009765625,3701.0,4159919
2024-07-30,3713.408935546875,3784.64990234375,3795.0,3738.60009765625,3774.85009765625,1979989
2024-07-31,3743.187744140625,3815.0,3822.0,3763.10009765625,3777.050048828125,2703636
2024-08-01,3708.15966796875,3779.300048828125,3838.949951171875,3765.85009765625,3810.0,1998663
2024-08-02,3596.6982421875,3665.699951171875,3748.89990234375,3657.10009765625,3730.35009765625,2512525
2024-08-05,3461.590087890625,3528.0,3607.89990234375,3511.5,3597.0,2900685
2024-08-06,3508.8828125,3576.199951171875,3634.89990234375,3546.0,3548.0,2125532
2024-08-07,3569.764892578125,3638.25,3655.75,3610.35009765625,3630.0,1613097
2024-08-08,3486.6591796875,3553.550048828125,3628.75,3547.449951171875,3621.0,2038088
2024-08-09,3524.4345703125,3592.050048828125,3605.550048828125,3575.699951171875,3600.0,848232
2024-08-12,3504.712890625,3571.949951171875,3611.0,3563.0,3579.0,1965035
2024-08-13,3484.9423828125,3551.800048828125,3607.0,3545.199951171875,3580.0,1316218
2024-08-14,3478.46630859375,3545.199951171875,3578.699951171875,3536.5,3558.949951171875,1584372
2024-08-16,3501.1806640625,3568.35009765625,3580.89990234375,3533.0,3578.0,2808865
2024-08-19,3488.131103515625,3555.050048828125,3599.89990234375,3547.0,3599.85009765625,1898535
2024-08-20,3505.44873046875,3572.699951171875,3580.0,3548.0,3562.0,1285569
2024-08-21,3528.359375,3596.050048828125,3615.300048828125,3581.89990234375,3590.0,1714248
2024-08-22,3538.6123046875,3606.5,3612.14990234375,3583.949951171875,3607.050048828125,1734927
2024-08-23,3530.81201171875,3598.550048828125,3622.0,3587.050048828125,3606.5,1825180
2024-08-26,3573.34619140625,3641.89990234375,3648.0,3594.699951171875,3611.0,1606911
2024-08-27,3633.00146484375,3702.699951171875,3737.0,3636.0,3642.64990234375,3315435
2024-08-28,3619.608642578125,3689.050048828125,3724.39990234375,3685.0,3705.0,1278175
2024-08-29,3614.114013671875,3683.449951171875,3710.0,3651.550048828125,3690.5,2165489
2024-08-30,3634.9150390625,3704.64990234375,3745.0,3666.39990234375,3718.35009765625,2592912
2024-09-02,3613.770751953125,3683.10009765625,3721.949951171875,3666.35009765625,3706.0,1277813
2024-09-03,3620.687744140625,3690.14990234375,3713.949951171875,3666.89990234375,3693.949951171875,1211993
2024-09-04,3582.07861328125,3650.800048828125,3681.0,3631.10009765625,3650.0,1930121
2024-09-05,3555.93017578125,3624.14990234375,3668.0,3608.39990234375,3668.0,2958770
2024-09-06,3507.460205078125,3574.75,3623.800048828125,3536.199951171875,3615.10009765625,3096557
2024-09-09,3510.943359375,3578.300048828125,3594.0,3553.85009765625,3584.0,1454589
2024-09-10,3528.457275390625,3596.14990234375,3625.0,3571.0,3585.0,1203483
2024-09-11,3470.37158203125,3536.949951171875,3603.949951171875,3516.39990234375,3595.0,1865165
2024-09-12,3553.82080078125,3622.0,3638.050048828125,3534.0,3558.0,3751523
2024-09-13,3544.989990234375,3613.0,3634.75,3600.050048828125,3622.0,1752455
2024-09-16,3593.31298828125,3662.25,3670.0,3613.0,3619.14990234375,1045964
2024-09-17,3625.642822265625,3695.199951171875,3705.0,3659.699951171875,3668.0,1289060
2024-09-18,3660.229248046875,3730.449951171875,3757.949951171875,3684.199951171875,3689.0,2249929
2024-09-19,3614.359375,3683.699951171875,3750.39990234375,3674.0,3750.0,1711564
2024-09-20,3722.48486328125,3793.89990234375,3809.89990234375,3680.25,3700.0,5401701
2024-09-23,3716.401611328125,3787.699951171875,3838.800048828125,3749.0,3800.0,1937874
2024-09-24,3720.228271484375,3791.60009765625,3831.800048828125,3775.0,3787.699951171875,2676546
2024-09-25,3722.43603515625,3793.85009765625,3813.199951171875,3778.0,3787.550048828125,2113862
2024-09-26,3691.332275390625,3762.14990234375,3802.949951171875,3736.39990234375,3801.0,2750597
2024-09-27,3635.89599609375,3705.64990234375,3738.0,3651.0,3738.0,4095425
2024-09-30,3606.36279296875,3675.550048828125,3715.64990234375,3665.0,3699.0,1837697
2024-10-01,3584.727783203125,3653.5,3724.0,3639.35009765625,3667.0,1674100
2024-10-03,3431.811279296875,3497.64990234375,3617.0,3485.39990234375,3582.5,5315877
2024-10-04,3428.180908203125,3493.949951171875,3553.550048828125,3468.5,3515.0,3445879
2024-10-07,3403.06298828125,3468.35009765625,3512.949951171875,3429.0,3505.0,2304227
2024-10-08,3465.9072265625,3532.39990234375,3538.5,3469.0,3492.949951171875,2249452
2024-10-09,3421.4599609375,3487.10009765625,3557.699951171875,3481.0,3542.050048828125,1645791
2024-10-10,3395.213623046875,3460.35009765625,3554.89990234375,3455.5,3515.0,2686116
2024-10-11,3416.995849609375,3482.550048828125,3497.10009765625,3447.0,3469.39990234375,1280465
2024-10-14,3488.131103515625,3555.050048828125,3573.85009765625,3501.300048828125,3510.0,1974378
2024-10-15,3485.040283203125,3551.89990234375,3570.0,3520.14990234375,3570.0,1231552
2024-10-16,3466.103515625,3532.60009765625,3581.89990234375,3513.550048828125,3550.0,1961835
2024-10-17,3503.093994140625,3570.300048828125,3583.0,3521.800048828125,3549.89990234375,2968537
2024-10-18,3510.452880859375,3577.800048828125,3592.449951171875,3540.25,3569.949951171875,2102609
2024-10-21,3518.10595703125,3585.60009765625,3621.949951171875,3571.300048828125,3580.0,1750549
2024-10-22,3445.793212890625,3511.89990234375,3591.64990234375,3500.0,3585.0,1363574
2024-10-23,3390.356689453125,3455.39990234375,3513.949951171875,3443.0,3501.050048828125,2125268
2024-10-24,3377.8466796875,3442.64990234375,3474.60009765625,3416.75,3444.0,1924421
2024-10-25,3263.784912109375,3326.39990234375,3435.0,3315.050048828125,3425.0,3236774
2024-10-28,3277.9140625,3340.800048828125,3373.0,3262.550048828125,3316.0,2991674
2024-10-29,3317.259033203125,3380.89990234375,3384.39990234375,3316.0,3316.0,2253467
2024-10-30,3344.192626953125,3408.35009765625,3438.39990234375,3353.0,3379.949951171875,1785128
2024-10-31,3554.114990234375,3622.300048828125,3654.949951171875,3508.35009765625,3530.0,7637083
2024-11-01,3558.0888671875,3626.35009765625,3641.89990234375,3620.0,3624.949951171875,212796
2024-11-04,3507.16552734375,3574.449951171875,3624.949951171875,3530.89990234375,3624.949951171875,1724189
2024-11-05,3507.50927734375,3574.800048828125,3585.0,3541.89990234375,3556.0,1251506
2024-11-06,3576.8291015625,3645.449951171875,3659.89990234375,3557.39990234375,3594.0,1819732
2024-11-07,3577.90869140625,3646.550048828125,3663.0,3620.0,3647.35009765625,1581009
2024-11-08,3591.39990234375,3660.300048828125,3667.0,3620.64990234375,3640.39990234375,1622142
2024-11-11,3560.5419921875,3628.85009765625,3661.0,3606.0,3646.0,926127
2024-11-12,3523.747802734375,3591.35009765625,3651.0,3580.0,3650.0,1116206
2024-11-13,3481.16455078125,3547.949951171875,3604.85009765625,3535.64990234375,3585.0,1568694
2024-11-14,3459.873291015625,3526.25,3565.75,3500.14990234375,3558.0,1291765
2024-11-18,3475.4736328125,3542.14990234375,3568.300048828125,3510.85009765625,3521.10009765625,1233217
2024-11-19,3439.906005859375,3505.89990234375,3607.0,3495.0,3559.89990234375,1826460
2024-11-21,3417.927978515625,3483.5,3530.550048828125,3452.449951171875,3530.0,1510581
2024-11-22,3535.6689453125,3603.5,3613.5,3473.10009765625,3500.0,2534018
2024-11-25,3682.35498046875,3753.0,3761.0,3654.0,3660.0,4753829
2024-11-26,3632.903564453125,3702.60009765625,3754.89990234375,3690.0,3754.89990234375,1141534
2024-11-27,3629.076904296875,3698.699951171875,3720.0,3685.0,3704.0,971816
2024-11-28,3597.041748046875,3666.050048828125,3720.5,3648.0,3700.0,2124283
2024-11-29,3654.685791015625,3724.800048828125,3750.0,3635.10009765625,3635.10009765625,2094305
2024-12-02,3634.326171875,3704.050048828125,3717.85009765625,3672.89990234375,3706.85009765625,1158369
2024-12-03,3715.763916015625,3787.050048828125,3798.85009765625,3701.5,3721.0,3252670
2024-12-04,3718.56005859375,3789.89990234375,3835.0,3758.050048828125,3775.0,2510166
2024-12-05,3759.42626953125,3831.550048828125,3884.0,3760.0,3810.0,2765170
2024-12-06,3793.914306640625,3866.699951171875,3883.949951171875,3800.0,3832.0,1856562
2024-12-09,3872.99755859375,3947.300048828125,3959.0,3867.5,3867.5,3332753
2024-12-10,3849.302001953125,3923.14990234375,3963.5,3901.300048828125,3955.0,2349493
2024-12-11,3843.0224609375,3916.75,3947.64990234375,3902.0,3923.14990234375,1237958
2024-12-12,3787.242431640625,3859.89990234375,3959.0,3846.949951171875,3930.0,1899867
2024-12-13,3813.83251953125,3887.0,3898.0,3794.199951171875,3859.0,2300361
2024-12-16,3804.854736328125,3877.85009765625,3914.39990234375,3857.25,3882.0,918660
2024-12-17,3735.534423828125,3807.199951171875,3875.39990234375,3797.0,3863.050048828125,1690180
2024-12-18,3687.407958984375,3758.14990234375,3819.0,3745.0,3807.199951171875,1318341
2024-12-19,3646.394775390625,3716.35009765625,3762.199951171875,3700.0,3702.14990234375,1856838
2024-12-20,3561.523193359375,3629.85009765625,3725.0,3607.10009765625,3716.35009765625,2796593
2024-12-23,3571.97265625,3640.5,3700.0,3617.050048828125,3670.0,1217612
2024-12-24,3571.236572265625,3639.75,3679.0,3632.39990234375,3647.949951171875,627922
2024-12-26,3561.1796875,3629.5,3665.14990234375,3610.35009765625,3658.0,1124705
2024-12-27,3540.1826171875,3608.10009765625,3643.64990234375,3603.5,3632.39990234375,1309122
2024-12-30,3511.5810546875,3578.949951171875,3623.0,3566.0,3607.89990234375,1591690
2024-12-31,3539.74072265625,3607.64990234375,3620.60009765625,3550.0,3562.550048828125,1267628
2025-01-01,3598.46435546875,3667.5,3689.0,3599.949951171875,3600.0,1202029
2025-01-02,3643.598388671875,3713.5,3724.10009765625,3650.050048828125,3676.60009765625,1882900
2025-01-03,3591.007080078125,3659.89990234375,3719.89990234375,3651.449951171875,3708.0,1290107
2025-01-06,3535.37451171875,3603.199951171875,3692.25,3585.5,3684.75,1212012
2025-01-07,3574.719970703125,3643.300048828125,3649.85009765625,3595.699951171875,3607.10009765625,1453540
2025-01-08,3528.65380859375,3596.35009765625,3663.85009765625,3590.0,3662.0,1813201
2025-01-09,3461.491943359375,3527.89990234375,3606.300048828125,3486.0,3599.89990234375,2921681
2025-01-10,3469.586669921875,3536.14990234375,3552.199951171875,3492.300048828125,3499.949951171875,1794238
2025-01-13,3399.089111328125,3464.300048828125,3534.5,3448.60009765625,3505.550048828125,2137212
2025-01-14,3397.42138671875,3462.60009765625,3491.949951171875,3448.60009765625,3465.85009765625,2924491
2025-01-15,3435.49072265625,3501.39990234375,3526.14990234375,3471.300048828125,3471.300048828125,1155446
2025-01-16,3441.868408203125,3507.89990234375,3543.449951171875,3483.75,3535.0,2305460
2025-01-17,3501.474853515625,3568.64990234375,3579.85009765625,3511.949951171875,3524.0,1600246
2025-01-20,3525.366455078125,3593.0,3617.14990234375,3556.5,3574.89990234375,1593334
2025-01-21,3474.44384765625,3541.10009765625,3643.300048828125,3528.10009765625,3612.75,2576596
2025-01-22,3451.974609375,3518.199951171875,3582.35009765625,3490.10009765625,3563.0,1626055
2025-01-23,3437.305908203125,3503.25,3527.800048828125,3460.60009765625,3492.0,1993204
2025-01-24,3393.10400390625,3458.199951171875,3521.10009765625,3446.050048828125,3514.5,1206454
2025-01-27,3392.564208984375,3457.64990234375,3493.89990234375,3401.14990234375,3447.199951171875,1552938
2025-01-28,3349.637939453125,3413.89990234375,3482.14990234375,3404.050048828125,3464.949951171875,1657689
2025-01-29,3384.763916015625,3449.699951171875,3455.0,3412.0,3431.0,1238704
2025-01-30,3356.55517578125,3420.949951171875,3517.800048828125,3395.0,3455.0,2717740
2025-01-31,3500.248291015625,3567.39990234375,3590.0,3481.050048828125,3501.050048828125,3995513
2025-02-01,3382.60546875,3447.5,3629.199951171875,3402.0,3578.0,4752505
2025-02-03,3227.28515625,3289.199951171875,3420.0,3270.0,3420.0,6077580
2025-02-04,3374.41259765625,3439.14990234375,3449.0,3307.25,3316.0,4742516
2025-02-05,3319.515869140625,3383.199951171875,3450.949951171875,3379.449951171875,3444.64990234375,2670316
2025-02-06,3289.638916015625,3352.75,3404.0,3342.699951171875,3404.0,2874856
2025-02-07,3274.087158203125,3336.89990234375,3369.949951171875,3311.10009765625,3367.0,1722789
2025-02-10,3265.992431640625,3328.64990234375,3349.0,3294.050048828125,3347.800048828125,1236663
2025-02-11,3178.66796875,3239.64990234375,3361.0,3231.0,3360.949951171875,2593537
2025-02-12,3227.7265625,3289.64990234375,3300.0,3222.25,3259.0,1632415
2025-02-13,3202.21630859375,3263.64990234375,3314.89990234375,3252.949951171875,3289.64990234375,2127644
2025-02-14,3176.70556640625,3237.64990234375,3285.800048828125,3221.550048828125,3275.050048828125,1378340
2025-02-17,3161.203125,3221.85009765625,3239.39990234375,3194.550048828125,3213.550048828125,1966689
2025-02-18,3159.534912109375,3220.14990234375,3241.0,3183.0,3227.0,2428215
2025-02-19,3214.235595703125,3275.89990234375,3302.85009765625,3211.60009765625,3220.14990234375,1677978
2025-02-20,3214.1376953125,3275.800048828125,3285.449951171875,3247.75,3260.050048828125,1236693
2025-02-21,3252.69775390625,3315.10009765625,3324.89990234375,3270.89990234375,3275.800048828125,1706850
2025-02-24,3196.378173828125,3257.699951171875,3325.5,3250.0,3289.699951171875,1512844
2025-02-25,3165.176513671875,3225.89990234375,3248.949951171875,3206.39990234375,3233.0,2529084
2025-02-27,3149.08544921875,3209.5,3258.5,3184.0,3238.0,2572065
2025-02-28,3104.294921875,3163.85009765625,3199.800048828125,3141.0,3199.800048828125,2494680
2025-03-03,3137.115234375,3197.300048828125,3227.0,3160.0,3165.949951171875,1352460
2025-03-04,3152.51953125,3213.0,3221.0,3167.800048828125,3171.050048828125,1442098
2025-03-05,3178.66796875,3239.64990234375,3245.0,3187.85009765625,3213.0,1945855
2025-03-06,3198.53662109375,3259.89990234375,3266.449951171875,3215.0,3250.10009765625,1854837
2025-03-07,3183.622802734375,3244.699951171875,3289.0,3240.10009765625,3259.89990234375,930240
2025-03-10,3117.884033203125,3177.699951171875,3246.300048828125,3169.050048828125,3246.0,1777752
2025-03-11,3135.300048828125,3195.449951171875,3204.39990234375,3161.10009765625,3170.300048828125,1274649
2025-03-12,3133.53369140625,3193.64990234375,3221.949951171875,3153.050048828125,3205.0,1360149
2025-03-13,3127.303466796875,3187.300048828125,3233.14990234375,3178.050048828125,3202.25,1414376
2025-03-17,3113.7138671875,3173.449951171875,3240.050048828125,3159.0,3190.0,2805790
2025-03-18,3113.7138671875,3173.449951171875,3173.449951171875,3173.449951171875,3173.449951171875,0
2025-03-19,3257.06396484375,3319.550048828125,3326.60009765625,3268.5,3275.0,1616312
2025-03-20,3287.97119140625,3351.050048828125,3358.89990234375,3276.89990234375,3335.25,2434722
2025-03-21,3351.649169921875,3415.949951171875,3455.0,3332.75,3357.0,3042073
2025-03-24,3416.308837890625,3481.85009765625,3517.0,3446.0,3449.0,1955564
2025-03-25,3404.28955078125,3469.60009765625,3525.0,3435.35009765625,3505.0,4235900
2025-03-26,3379.956298828125,3444.800048828125,3496.800048828125,3418.5,3473.0,2315715
2025-03-27,3435.687255859375,3501.60009765625,3528.0,3451.0,3460.0,3467864
2025-03-28,3426.562255859375,3492.300048828125,3514.0,3472.550048828125,3509.89990234375,1348143
2025-04-01,3372.10693359375,3436.800048828125,3501.60009765625,3430.0,3480.0,1935147
2025-04-02,3355.52490234375,3419.89990234375,3457.75,3408.0,3433.0,1338839
2025-04-03,3355.77001953125,3420.14990234375,3463.0,3393.0,3400.0,1200631
2025-04-04,3198.781982421875,3260.14990234375,3403.800048828125,3237.300048828125,3400.0,2366979
2025-04-07,3010.739501953125,3068.5,3090.60009765625,2965.300048828125,3049.050048828125,4953864
2025-04-08,3101.5966796875,3161.10009765625,3193.89990234375,3092.699951171875,3124.949951171875,2877816
2025-04-09,2996.65966796875,3054.14990234375,3158.800048828125,3048.0,3158.800048828125,4451381
2025-04-11,3057.29638671875,3115.949951171875,3157.0,3100.14990234375,3114.0,3979116
2025-04-15,3196.280029296875,3257.60009765625,3272.0,3176.10009765625,3180.0,2161492
2025-04-16,3166.94287109375,3227.699951171875,3276.800048828125,3224.10009765625,3270.0,1578260
2025-04-17,3186.173828125,3247.300048828125,3249.89990234375,3162.39990234375,3214.10009765625,3209331
2025-04-21,3218.7490234375,3280.5,3290.0,3225.10009765625,3249.5,1643003
2025-04-22,3196.476318359375,3257.800048828125,3285.0,3248.0,3280.0,2060322
2025-04-23,3238.863037109375,3301.0,3315.0,3266.699951171875,3275.39990234375,2381699
2025-04-24,3238.470703125,3300.60009765625,3307.0,3280.0,3307.0,1993448
2025-04-25,3210.50732421875,3272.10009765625,3335.699951171875,3230.10009765625,3310.0,2004819
2025-04-28,3264.66796875,3327.300048828125,3350.800048828125,3254.800048828125,3260.0,1689485
2025-04-29,3259.76220703125,3322.300048828125,3376.39990234375,3315.0,3335.0,1843861
2025-04-30,3278.110107421875,3341.0,3355.0,3303.300048828125,3324.0,1930714
2025-05-02,3272.125,3334.89990234375,3374.89990234375,3325.0,3325.0,1411889
2025-05-05,3267.513427734375,3330.199951171875,3350.0,3300.699951171875,3350.0,1947332
2025-05-06,3271.241943359375,3334.0,3353.0,3302.800048828125,3346.0,1695516
2025-05-07,3258.879150390625,3321.39990234375,3339.800048828125,3284.10009765625,3332.0,2422707
2025-05-08,3261.33203125,3323.89990234375,3366.0,3299.800048828125,3310.10009765625,3204333
2025-05-09,3379.072998046875,3443.89990234375,3477.0,3331.0,3331.0,5637694
2025-05-12,3519.67578125,3587.199951171875,3602.800048828125,3490.0,3513.0,3147384
2025-05-13,3499.85595703125,3567.0,3606.0,3545.0,3587.199951171875,2374439
2025-05-14,3505.84130859375,3573.10009765625,3617.0,3567.0,3587.0,2440116
2025-05-15,3550.09228515625,3618.199951171875,3648.699951171875,3543.0,3594.0,3720879
2025-05-16,3536.846435546875,3604.699951171875,3642.0,3600.0,3642.0,1278520
2025-05-19,3532.43115234375,3600.199951171875,3619.89990234375,3587.0,3604.699951171875,1519244
2025-05-20,3500.64111328125,3567.800048828125,3634.0,3556.0,3630.0,1532347
2025-05-21,3521.44189453125,3589.0,3610.5,3555.0,3565.699951171875,1563885
2025-05-22,3484.549560546875,3551.39990234375,3592.0,3536.89990234375,3585.0,1597159
2025-05-23,3532.136474609375,3599.89990234375,3631.60009765625,3551.199951171875,3570.0,1119217
2025-05-26,3580.01806640625,3648.699951171875,3672.5,3608.39990234375,3615.800048828125,1678934
2025-05-27,3571.48193359375,3640.0,3665.0,3603.0,3648.699951171875,2013954
2025-05-28,3577.663330078125,3646.300048828125,3663.0,3620.0,3660.0,1293244
2025-05-29,3586.493896484375,3655.300048828125,3668.89990234375,3618.0,3663.89990234375,1972248
2025-05-30,3605.92138671875,3675.10009765625,3695.300048828125,3654.5,3655.300048828125,2571304
2025-06-02,3610.336669921875,3679.60009765625,3697.300048828125,3605.60009765625,3675.10009765625,1954517
2025-06-03,3609.54443359375,3644.800048828125,3669.199951171875,3615.300048828125,3655.0,2472483
2025-06-04,3591.42138671875,3626.5,3661.699951171875,3615.300048828125,3645.0,1086783
2025-06-05,3607.36572265625,3642.60009765625,3677.39990234375,3612.0,3629.89990234375,1466416
2025-06-06,3620.93310546875,3656.300048828125,3667.0,3623.0,3645.0,1172711
2025-06-09,3643.314453125,3678.89990234375,3708.89990234375,3662.199951171875,3664.0,898170
2025-06-10,3644.205810546875,3679.800048828125,3704.0,3667.199951171875,3704.0,1454535
2025-06-11,3649.157470703125,3684.800048828125,3692.0,3656.10009765625,3689.89990234375,1265737
2025-06-12,3569.039794921875,3603.89990234375,3708.0,3585.0,3684.800048828125,2335718
2025-06-13,3552.699462890625,3587.39990234375,3596.0,3485.89990234375,3501.199951171875,1981445
2025-06-16,3593.599853515625,3628.699951171875,3653.699951171875,3561.800048828125,3575.5,1322630
2025-06-17,3587.261962890625,3622.300048828125,3627.60009765625,3602.0,3622.0,930603
2025-06-18,3566.6630859375,3601.5,3639.10009765625,3587.199951171875,3622.0,743311
2025-06-19,3586.07373046875,3621.10009765625,3643.0,3591.10009765625,3607.0,1580819
2025-06-20,3626.577880859375,3662.0,3669.89990234375,3614.0,3614.0,2575277
2025-06-23,3549.03515625,3583.699951171875,3660.0,3574.60009765625,3645.0,1867977
2025-06-24,3569.93115234375,3604.800048828125,3684.0,3597.0,3637.10009765625,2751637
2025-06-25,3584.7861328125,3619.800048828125,3642.0,3608.89990234375,3640.0,1405262
2025-06-26,3624.201171875,3659.60009765625,3669.0,3620.10009765625,3620.10009765625,2578926
2025-06-27,3643.611572265625,3679.199951171875,3731.39990234375,3665.0,3665.0,2720600
2025-06-30,3634.302490234375,3669.800048828125,3717.5,3652.699951171875,3682.0,1508882
2025-07-01,3631.232421875,3666.699951171875,3678.89990234375,3645.0,3669.800048828125,1054380
2025-07-02,3562.008544921875,3596.800048828125,3674.199951171875,3583.89990234375,3666.60009765625,1330176
2025-07-03,3548.242919921875,3582.89990234375,3625.0,3576.0,3605.0,1229034
2025-07-04,3559.830078125,3594.60009765625,3600.0,3570.10009765625,3590.0,696402
2025-07-07,3546.757568359375,3581.39990234375,3609.800048828125,3575.10009765625,3599.89990234375,719539
2025-07-08,3571.515625,3606.39990234375,3614.0,3560.0,3580.0,1513912
2025-07-09,3545.073974609375,3579.699951171875,3605.10009765625,3568.199951171875,3605.0,1008876
2025-07-10,3540.122314453125,3574.699951171875,3589.89990234375,3569.0,3575.0,1063910
2025-07-11,3506.352294921875,3540.60009765625,3586.60009765625,3535.5,3575.0,1439747
2025-07-14,3462.08447265625,3495.89990234375,3548.699951171875,3488.0,3540.60009765625,1358844
2025-07-15,3460.202880859375,3494.0,3521.0,3481.699951171875,3519.0,1585193
2025-07-16,3469.908203125,3503.800048828125,3516.0,3477.0,3504.0,1266964
2025-07-17,3440.396484375,3474.0,3515.0,3467.5,3515.0,2217275
2025-07-18,3431.285400390625,3464.800048828125,3499.0,3450.0,3489.0,1818696
2025-07-21,3468.91796875,3502.800048828125,3508.10009765625,3444.89990234375,3467.60009765625,1521623
2025-07-22,3431.08740234375,3464.60009765625,3507.60009765625,3454.10009765625,3502.0,2586522
2025-07-23,3451.19091796875,3484.89990234375,3490.0,3458.60009765625,3476.199951171875,1192261
2025-07-24,3443.862548828125,3477.5,3493.39990234375,3461.0,3484.89990234375,1083671
2025-07-25,3409.59716796875,3442.89990234375,3477.0,3437.39990234375,3470.0,1338744
2025-07-28,3389.097412109375,3422.199951171875,3446.10009765625,3405.10009765625,3430.10009765625,2256080
2025-07-29,3461.78759765625,3495.60009765625,3504.300048828125,3406.5,3418.0,1241060
2025-07-30,3629.64794921875,3665.10009765625,3685.300048828125,3590.0,3622.0,8760659
2025-07-31,3601.324462890625,3636.5,3662.89990234375,3621.0,3625.0,1927627
2025-08-01,3552.6005859375,3587.300048828125,3636.0,3578.10009765625,3636.0,1205945
2025-08-04,3595.976806640625,3631.10009765625,3636.800048828125,3577.0,3595.199951171875,1033049
2025-08-05,3617.26904296875,3652.60009765625,3657.699951171875,3608.300048828125,3630.0,1158433
2025-08-06,3593.302734375,3628.39990234375,3671.0,3622.199951171875,3650.0,931383
2025-08-07,3606.375244140625,3641.60009765625,3649.0,3599.199951171875,3610.300048828125,1211790
2025-08-08,3572.7041015625,3607.60009765625,3662.300048828125,3600.0,3641.60009765625,1337067
2025-08-11,3632.916015625,3668.39990234375,3676.89990234375,3600.0,3610.0,1822410
2025-08-12,3650.44482421875,3686.10009765625,3727.89990234375,3673.10009765625,3680.0,2280103
2025-08-13,3657.97119140625,3693.699951171875,3716.0,3681.300048828125,3696.0,1227196
2025-08-14,3641.432861328125,3677.0,3708.5,3641.699951171875,3700.0,1769702
2025-08-18,3599.938232421875,3635.10009765625,3701.5,3621.699951171875,3699.0,1950151
2025-08-19,3578.052001953125,3613.0,3654.0,3608.199951171875,3648.89990234375,1352944
2025-08-20,3557.55224609375,3592.300048828125,3619.89990234375,3580.0,3613.5,1325096
2025-08-21,3577.65576171875,3612.60009765625,3648.0,3588.0,3599.0,1624009
2025-08-22,3561.018310546875,3595.800048828125,3634.5,3582.0,3610.0,1060447
2025-08-25,3568.247802734375,3603.10009765625,3617.89990234375,3584.300048828125,3616.0,980393
2025-08-26,3507.04541015625,3541.300048828125,3600.0,3531.0,3599.0,1787363
2025-08-28,3525.66357421875,3560.10009765625,3576.89990234375,3537.199951171875,3540.0,1695226
2025-08-29,3566.16796875,3601.0,3615.0,3540.199951171875,3575.60009765625,1678055
2025-09-01,3563.593017578125,3598.39990234375,3628.60009765625,3581.89990234375,3601.0,1094155
2025-09-02,3540.3203125,3574.89990234375,3619.89990234375,3560.0,3598.39990234375,1230950
2025-09-03,3565.969970703125,3600.800048828125,3606.300048828125,3560.0,3594.0,1314831
2025-09-04,3557.849365234375,3592.60009765625,3624.89990234375,3572.5,3622.89990234375,1434998
2025-09-05,3519.2265625,3553.60009765625,3609.10009765625,3549.10009765625,3592.800048828125,830812
2025-09-08,3495.458740234375,3529.60009765625,3579.89990234375,3525.0,3570.0,1039999
2025-09-09,3490.903076171875,3525.0,3550.0,3516.39990234375,3547.199951171875,1522116
2025-09-10,3515.661376953125,3550.0,3577.39990234375,3541.10009765625,3559.0,1136732
2025-09-11,3505.4609375,3539.699951171875,3564.699951171875,3533.0,3548.0,1177793
2025-09-12,3545.173095703125,3579.800048828125,3595.39990234375,3548.10009765625,3556.39990234375,1146873
2025-09-15,3551.510986328125,3586.199951171875,3607.0,3575.5,3581.0,1177076
2025-09-16,3632.32177734375,3667.800048828125,3674.0,3593.10009765625,3603.89990234375,2928060
2025-09-17,3649.8505859375,3685.5,3704.0,3662.699951171875,3672.0,1610471
2025-09-18,3650.345703125,3686.0,3700.0,3672.5,3691.0,1270148
2025-09-19,3639.84814453125,3675.39990234375,3705.0,3671.0,3679.0,2227521
2025-09-22,3609.2470703125,3644.5,3693.60009765625,3633.89990234375,3693.60009765625,839430
2025-09-23,3622.220458984375,3657.60009765625,3673.5,3613.199951171875,3646.89990234375,1262120
2025-09-24,3638.263916015625,3673.800048828125,3709.199951171875,3637.10009765625,3657.60009765625,1745130
2025-09-25,3609.14794921875,3644.39990234375,3704.0,3635.699951171875,3684.0,1999071
2025-09-26,3693.425048828125,3729.5,3794.89990234375,3661.0,3664.0,5870301
2025-09-29,3652.722412109375,3688.39990234375,3740.0,3679.60009765625,3738.0,2599630
2025-09-30,3623.60693359375,3659.0,3696.60009765625,3648.0,3695.0,1676302
2025-10-01,3634.797607421875,3670.300048828125,3688.0,3615.0,3658.89990234375,2005028
2025-10-03,3696.990234375,3733.10009765625,3746.0,3666.300048828125,3690.0,1959124
2025-10-06,3700.8525390625,3737.0,3767.0,3703.0,3720.0,1581506
2025-10-07,3693.623046875,3729.699951171875,3766.0,3725.0,3748.0,1673945
2025-10-08,3693.72216796875,3729.800048828125,3760.0,3715.0,3730.0,1424633
2025-10-09,3732.740966796875,3769.199951171875,3796.39990234375,3730.10009765625,3735.5,1827249
2025-10-10,3747.397705078125,3784.0,3799.0,3760.0,3765.0,1129678
2025-10-13,3733.0380859375,3769.5,3784.0,3745.0,3780.0,1191248
2025-10-14,3708.081787109375,3744.300048828125,3786.800048828125,3730.199951171875,3775.0,1364583
2025-10-15,3791.665283203125,3828.699951171875,3843.89990234375,3744.300048828125,3747.0,2575918
2025-10-16,3824.4453125,3861.800048828125,3885.89990234375,3830.0,3830.300048828125,2330283
2025-10-17,3802.261962890625,3839.39990234375,3869.5,3830.10009765625,3860.0,1337364
2025-10-20,3835.23974609375,3872.699951171875,3887.60009765625,3845.39990234375,3862.0,1223232
2025-10-21,3850.58984375,3888.199951171875,3895.0,3877.199951171875,3892.0,260327
2025-10-23,3880.794921875,3918.699951171875,3966.199951171875,3890.0,3890.0,2815778
2025-10-24,3867.128173828125,3904.89990234375,3939.89990234375,3897.5,3929.300048828125,1146636
2025-10-27,3885.845703125,3923.800048828125,3948.0,3907.0,3912.0,1057688
2025-10-28,3934.37158203125,3972.800048828125,3986.0,3917.300048828125,3922.10009765625,3391806
2025-10-29,3919.81396484375,3958.10009765625,4016.699951171875,3920.0,3988.0,2563641
2025-10-30,3948.929443359375,3987.5,4062.60009765625,3975.60009765625,3980.0,4959400
2025-10-31,3991.909423828125,4030.89990234375,4045.89990234375,3980.199951171875,4001.10009765625,2328183
2025-11-03,3941.9970703125,3980.5,4041.0,3974.89990234375,4030.0,1154072
2025-11-04,3886.439697265625,3924.39990234375,3990.0,3916.800048828125,3985.0,2042881
2025-11-06,3844.053955078125,3881.60009765625,3978.0,3872.10009765625,3945.0,1749063
2025-11-07,3844.945068359375,3882.5,3892.89990234375,3831.10009765625,3877.10009765625,1577294
2025-11-10,3880.596923828125,3918.5,3943.800048828125,3894.0,3895.0,1397176
2025-11-11,3916.74365234375,3955.0,3966.800048828125,3897.0,3929.0,1775462
2025-11-12,3916.34765625,3954.60009765625,3973.800048828125,3936.89990234375,3970.0,981350
2025-11-13,3963.7841796875,4002.5,4022.89990234375,3925.60009765625,3954.60009765625,1834962
2025-11-14,3965.665771484375,4004.39990234375,4011.5,3971.60009765625,4002.0,1916910
2025-11-17,3988.740478515625,4027.699951171875,4030.0,4000.10009765625,4004.39990234375,1206133
2025-11-18,3960.912353515625,3999.60009765625,4026.800048828125,3978.89990234375,4020.0,1748928
2025-11-19,3980.718994140625,4019.60009765625,4026.5,3980.300048828125,4007.0,923032
2025-11-20,3998.3466796875,4037.39990234375,4048.0,4007.699951171875,4035.0,1463574
2025-11-21,3985.967529296875,4024.89990234375,4057.0,4015.199951171875,4026.0,1241149
2025-11-24,3974.47998046875,4013.300048828125,4038.0,4003.699951171875,4025.0,1584741
2025-11-25,3958.040283203125,3996.699951171875,4055.5,3981.60009765625,4013.0,1749083
2025-11-26,4022.708740234375,4062.0,4074.60009765625,3998.0,3999.0,2058237
2025-11-27,4041.822021484375,4081.300048828125,4140.0,4059.60009765625,4071.0,2225064
2025-11-28,4030.2353515625,4069.60009765625,4104.2001953125,4054.699951171875,4085.0,1318133
2025-12-01,4033.80029296875,4073.199951171875,4103.39990234375,4050.0,4087.0,1251770
2025-12-02,3991.513427734375,4030.5,4088.60009765625,4023.800048828125,4066.5,1490917
2025-12-03,3949.424560546875,3988.0,4046.89990234375,3970.10009765625,4032.0,1123990
2025-12-04,3945.067138671875,3983.60009765625,4009.199951171875,3961.699951171875,3990.0,1026968
2025-12-05,3999.138916015625,4038.199951171875,4048.0,3975.10009765625,3999.0,1073758
2025-12-08,3958.040283203125,3996.699951171875,4047.89990234375,3976.89990234375,4047.0,1127841
2025-12-09,3958.832763671875,3997.5,4019.89990234375,3949.10009765625,3990.0,1788464
2025-12-10,3952.692626953125,3991.300048828125,4030.0,3970.0,4000.0,957277
2025-12-11,3965.170654296875,4003.89990234375,4015.0,3984.60009765625,3993.199951171875,841371
2025-12-12,4034.69189453125,4074.10009765625,4114.0,4048.60009765625,4061.0,2207898
2025-12-15,4052.7158203125,4092.300048828125,4096.0,4063.800048828125,4072.800048828125,1064975
2025-12-16,4024.491455078125,4063.800048828125,4103.7998046875,4051.199951171875,4083.699951171875,2199214
2025-12-17,4023.104736328125,4062.39990234375,4079.0,4040.0,4079.0,1087334
2025-12-18,3992.107666015625,4031.10009765625,4071.800048828125,4023.39990234375,4067.0,1004303
2025-12-19,4034.097412109375,4073.5,4091.5,4040.10009765625,4040.10009765625,1327935
2025-12-22,4033.008056640625,4072.39990234375,4098.5,4068.5,4081.0,764774
2025-12-23,4019.539794921875,4058.800048828125,4095.0,4053.300048828125,4089.0,1867147
2025-12-24,4014.39013671875,4053.60009765625,4080.699951171875,4048.10009765625,4065.0,1021436
2025-12-26,4008.15087890625,4047.300048828125,4061.5,4030.199951171875,4052.0,594330
2025-12-29,3999.634033203125,4038.699951171875,4061.10009765625,4033.39990234375,4053.0,952143
2025-12-30,4012.805419921875,4052.0,4063.89990234375,4006.199951171875,4039.0,1362208
2025-12-31,4044.000732421875,4083.5,4094.5,4048.0,4058.0,1160164
