Price,Adj Close,Close,High,Low,Open,Volume
Ticker,MARUTI.NS,MARUTI.NS,MARUTI.NS,MARUTI.NS,MARUTI.NS,MARUTI.NS
Date,,,,,,
2020-01-01,6876.27587890625,7311.7001953125,7409.9501953125,7282.0498046875,7377.0,634725
2020-01-02,6893.34521484375,7329.85009765625,7368.0,7312.0,7327.60009765625,616838
2020-01-03,6822.248046875,7254.25,7332.0,7226.0,7328.9501953125,571967
2020-01-06,6623.01318359375,7042.39990234375,7210.0,7026.5,7200.0,748516
2020-01-07,6652.35595703125,7073.60009765625,7165.60009765625,7026.39990234375,7100.0,590500
2020-01-08,6616.2421875,7035.2001953125,7116.64990234375,6980.4501953125,7060.0,793313
2020-01-09,6797.466796875,7227.89990234375,7240.0,7102.0,7140.0,798184
2020-01-10,6893.9560546875,7330.5,7349.89990234375,7234.39990234375,7261.39990234375,747847
2020-01-13,6914.83544921875,7352.7001953125,7370.0,7279.7998046875,7332.0,537399
2020-01-14,6946.90380859375,7386.7998046875,7412.39990234375,7325.60009765625,7355.0,548522
2020-01-15,7037.328125,7482.9501953125,7505.0,7353.0,7388.9501953125,692726
2020-01-16,7018.23681640625,7462.64990234375,7521.0,7421.2001953125,7456.5,640207
2020-01-17,7072.3125,7520.14990234375,7569.89990234375,7432.5498046875,7469.0,750738
2020-01-20,7005.96435546875,7449.60009765625,7529.5,7421.0498046875,7521.25,407828
2020-01-21,6867.76513671875,7302.64990234375,7434.64990234375,7287.7998046875,7411.5,442561
2020-01-22,6710.6630859375,7135.60009765625,7374.9501953125,7107.9501953125,7340.0,1048435
2020-01-23,6721.478515625,7147.10009765625,7220.0,7123.14990234375,7145.39990234375,589326
2020-01-24,6703.939453125,7128.4501953125,7210.0,7111.25,7148.7998046875,645723
2020-01-27,6723.07666015625,7148.7998046875,7225.0,7061.0,7101.5,573149
2020-01-28,6580.3642578125,6997.0498046875,7219.9501953125,6963.0,7179.9501953125,1614448
2020-01-29,6592.82470703125,7010.2998046875,7116.25,6975.0,7010.0,1001252
2020-01-30,6602.37060546875,7020.4501953125,7049.0,6981.0,7020.0,579174
2020-01-31,6501.78955078125,6913.5,7064.0,6895.5498046875,7035.0,868935
2020-02-03,6593.765625,7011.2998046875,7044.85009765625,6780.0,6780.0,1010531
2020-02-04,6770.8515625,7199.60009765625,7215.0,7001.0,7020.0,973311
2020-02-05,6621.60302734375,7040.89990234375,7231.60009765625,7025.60009765625,7215.0,718489
2020-02-06,6603.45263671875,7021.60009765625,7120.35009765625,6976.7998046875,7075.0,875714
2020-02-07,6556.57080078125,6971.75,7050.0,6935.0,7039.0,645814
2020-02-10,6482.41650390625,6892.89990234375,6989.10009765625,6851.10009765625,6975.0,593773
2020-02-11,6614.87939453125,7033.75,7089.0,6912.2998046875,6950.0,743160
2020-02-12,6623.8603515625,7043.2998046875,7110.0,7007.9501953125,7056.10009765625,599364
2020-02-13,6587.8876953125,7005.0498046875,7056.0,6925.0,7050.0,723169
2020-02-14,6502.0712890625,6913.7998046875,7088.9501953125,6901.0,7000.0498046875,614859
2020-02-17,6495.44140625,6906.75,6980.0,6880.0,6920.0,463548
2020-02-18,6377.27392578125,6781.10009765625,6930.0,6735.7998046875,6925.0,830678
2020-02-19,6354.2333984375,6756.60009765625,6854.9501953125,6624.60009765625,6850.0,1033939
2020-02-20,6355.173828125,6757.60009765625,6807.5498046875,6720.0,6761.0,682513
2020-02-24,6085.07666015625,6470.39990234375,6710.0,6439.7998046875,6710.0,1091346
2020-02-25,6032.55322265625,6414.5498046875,6510.0,6376.5498046875,6505.39990234375,964897
2020-02-26,5863.5537109375,6234.85009765625,6368.85009765625,6186.0498046875,6350.0,1580738
2020-02-27,5915.23193359375,6289.7998046875,6338.0498046875,6166.7998046875,6230.0,1492657
2020-02-28,5908.93115234375,6283.10009765625,6367.35009765625,6103.2001953125,6163.0498046875,1468843
2020-03-02,5910.859375,6285.14990234375,6439.5498046875,6250.0,6400.9501953125,1219764
2020-03-03,6005.75,6386.0498046875,6422.14990234375,6280.5,6318.0,849199
2020-03-04,6004.1513671875,6384.35009765625,6424.0,6209.0,6390.0,904360
2020-03-05,5986.84765625,6365.9501953125,6464.0,6330.2001953125,6411.89990234375,645853
2020-03-06,6062.08349609375,6445.9501953125,6480.0,6100.14990234375,6196.39990234375,1140899
2020-03-09,5831.814453125,6201.10009765625,6374.0,6079.39990234375,6301.0,1082030
2020-03-11,5780.2783203125,6146.2998046875,6310.9501953125,6105.0,6160.0,937029
2020-03-12,5307.09130859375,5643.14990234375,5939.2998046875,5555.5498046875,5939.2998046875,1345964
2020-03-13,5490.90185546875,5838.60009765625,6063.5,4803.0498046875,5325.2001953125,1480205
2020-03-16,5153.89208984375,5480.25,5688.0,5400.0,5638.60009765625,933412
2020-03-17,5270.2265625,5603.9501953125,5746.9501953125,5502.0,5502.0,1238640
2020-03-18,5033.89013671875,5352.64990234375,5688.7998046875,5312.5498046875,5671.0,973395
2020-03-19,4532.53759765625,4819.5498046875,5096.60009765625,4652.5498046875,4870.0,2554559
2020-03-20,4776.72509765625,5079.2001953125,5225.0,4812.60009765625,4869.0,1614552
2020-03-23,3969.02099609375,4220.35009765625,4790.0,4141.0,4575.0,1531965
2020-03-24,4219.27490234375,4486.4501953125,4570.0,4030.0,4341.0,1746431
2020-03-25,4707.837890625,5005.9501953125,5159.39990234375,4310.10009765625,4439.0,1728819
2020-03-26,4587.50732421875,4878.0,5120.0,4750.0,5024.4501953125,1338787
2020-03-27,4369.4169921875,4646.10009765625,5136.5,4555.0,5100.0,1339426
2020-03-30,4070.68408203125,4328.4501953125,4639.9501953125,4270.0,4587.4501953125,1528082
2020-03-31,4032.924560546875,4288.2998046875,4468.0498046875,4210.0,4450.0,2140261
2020-04-01,3993.472412109375,4246.35009765625,4424.85009765625,4190.10009765625,4290.0,1323842
2020-04-03,3772.6083984375,4011.5,4267.0,4001.10009765625,4250.0,1724808
2020-04-07,4282.47265625,4553.64990234375,4612.89990234375,4120.0,4150.0,2688172
2020-04-08,4418.3203125,4698.10009765625,4925.0,4406.5,4406.5,2798833
2020-04-09,5009.43896484375,5326.64990234375,5399.0,4736.2001953125,4794.4501953125,3786650
2020-04-13,4968.52978515625,5283.14990234375,5343.39990234375,5001.0,5285.0,2192268
2020-04-15,4790.92578125,5094.2998046875,5350.0,5041.0,5307.5,2094519
2020-04-16,4825.2529296875,5130.7998046875,5228.0,4970.0,5017.0,1752169
2020-04-17,5177.16748046875,5505.0,5602.9501953125,5211.7001953125,5325.0,2192902
2020-04-20,5013.859375,5331.35009765625,5573.9501953125,5280.0,5512.0,1555307
2020-04-21,4703.2763671875,5001.10009765625,5131.2998046875,4884.5,5131.2998046875,1843169
2020-04-22,4872.32275390625,5180.85009765625,5248.25,4991.0,5009.0,1991584
2020-04-23,4849.28125,5156.35009765625,5244.60009765625,5045.0,5169.0,1454061
2020-04-24,4745.17333984375,5045.64990234375,5140.0,5030.0,5100.0,1070808
2020-04-27,4755.23583984375,5056.35009765625,5225.0,4991.5498046875,5150.10009765625,1432313
2020-04-28,4751.8037109375,5052.7001953125,5120.0,4990.25,5090.0,1172062
2020-04-29,4766.615234375,5068.4501953125,5100.0,5011.0498046875,5100.0,1038094
2020-04-30,5039.67431640625,5358.7998046875,5425.0,5122.0,5122.0,2341081
2020-05-04,4595.3125,4886.2998046875,5130.25,4840.0,5096.0,1742771
2020-05-05,4542.22509765625,4829.85009765625,5029.5498046875,4800.0,4995.0,1570620
2020-05-06,4554.826171875,4843.25,5000.0,4710.0,4841.2001953125,2214528
2020-05-07,4466.47119140625,4749.2998046875,4935.35009765625,4735.0,4899.5,1530808
2020-05-08,4376.9873046875,4654.14990234375,4879.0,4637.5,4874.0,1828141
2020-05-11,4643.7451171875,4937.7998046875,5014.60009765625,4730.14990234375,4750.0,3176473
2020-05-12,4656.4423828125,4951.2998046875,4985.0,4690.0498046875,4914.0,3124672
2020-05-13,4736.1923828125,5036.10009765625,5317.4501953125,4986.25,5250.0,3304845
2020-05-14,4809.4990234375,5114.0498046875,5145.0,4852.14990234375,4905.0,2590674
2020-05-15,4796.66259765625,5100.39990234375,5123.2001953125,4961.14990234375,5110.0,2182462
2020-05-18,4439.81005859375,4720.9501953125,5095.0,4680.5498046875,5080.39990234375,3164086
2020-05-19,4519.1357421875,4805.2998046875,4900.0,4755.75,4842.0,2108177
2020-05-20,4600.626953125,4891.9501953125,4920.0,4745.5,4754.0,1518296
2020-05-21,4749.35791015625,5050.10009765625,5073.7998046875,4851.0498046875,4890.0,1868166
2020-05-22,4828.5439453125,5134.2998046875,5150.0,4930.75,5010.0,1935875
2020-05-26,4933.7333984375,5246.14990234375,5285.7998046875,5160.64990234375,5200.0,1508751
2020-05-27,4932.08740234375,5244.39990234375,5291.0,5135.39990234375,5270.0,1534655
2020-05-28,5142.701171875,5468.35009765625,5495.0,5220.0,5267.0,2325084
2020-05-29,5276.66796875,5610.7998046875,5666.75,5375.0,5375.0,3386733
2020-06-01,5448.58154296875,5793.60009765625,5864.64990234375,5666.89990234375,5690.0,2340994
2020-06-02,5351.24609375,5690.10009765625,5849.0,5625.10009765625,5797.75,2110719
2020-06-03,5289.08154296875,5624.0,5832.0,5606.0,5730.0,1652859
2020-06-04,5351.33984375,5690.2001953125,5719.9501953125,5572.0,5658.0,1642049
2020-06-05,5404.00439453125,5746.2001953125,5785.0,5671.10009765625,5728.2998046875,1236658
2020-06-08,5393.283203125,5734.7998046875,5850.0,5701.5,5850.0,1176769
2020-06-09,5325.10009765625,5662.2998046875,5787.0,5620.0,5754.0,1336806
2020-06-10,5337.60888671875,5675.60009765625,5740.0,5615.0,5655.0,1432292
2020-06-11,5103.01416015625,5426.14990234375,5689.0,5400.2998046875,5637.0,1766481
2020-06-12,5230.5380859375,5561.75,5608.2998046875,5201.0,5201.0,2064628
2020-06-15,5149.66015625,5475.75,5585.0,5391.0498046875,5520.0,1530562
2020-06-16,5174.53515625,5502.2001953125,5612.5498046875,5400.0,5590.0,1184933
2020-06-17,5385.19482421875,5726.2001953125,5813.4501953125,5445.0,5445.0,3454833
2020-06-18,5374.09814453125,5714.39990234375,5758.0,5641.0,5695.0,1580214
2020-06-19,5546.1533203125,5897.35009765625,5935.0,5707.0,5751.0,1854589
2020-06-22,5544.88330078125,5896.0,5975.0,5806.35009765625,5900.0,1497563
2020-06-23,5535.94921875,5886.5,6007.2001953125,5862.5498046875,5900.0,1398070
2020-06-24,5412.609375,5755.35009765625,5938.0,5730.0,5938.0,1268449
2020-06-25,5419.1455078125,5762.2998046875,5846.7998046875,5651.0,5677.0,1266203
2020-06-26,5412.1865234375,5754.89990234375,5810.0,5695.0,5800.0,1063057
2020-06-29,5340.5244140625,5678.7001953125,5800.0,5650.0,5730.0,1102655
2020-06-30,5490.61962890625,5838.2998046875,5874.5,5681.4501953125,5750.0,2015814
2020-07-01,5457.51611328125,5803.10009765625,5885.0,5775.0,5838.2998046875,1284965
2020-07-02,5594.2099609375,5948.4501953125,5960.0,5762.7998046875,5850.0,1470941
2020-07-03,5578.833984375,5932.10009765625,5988.60009765625,5883.0498046875,5948.4501953125,1059779
2020-07-06,5758.93017578125,6123.60009765625,6147.7001953125,5925.0,5963.4501953125,1385081
2020-07-07,5855.9375,6226.75,6250.0,6092.64990234375,6140.0,1799721
2020-07-08,5684.4462890625,6044.39990234375,6235.0,6022.60009765625,6226.75,1204072
2020-07-09,5644.900390625,6002.35009765625,6096.0,5931.35009765625,6080.0,1043427
2020-07-10,5600.98193359375,5955.64990234375,6085.10009765625,5921.0,5980.0,1168821
2020-07-13,5632.20458984375,5988.85009765625,6059.25,5927.7998046875,6000.0,1035069
2020-07-14,5428.03271484375,5771.75,5958.75,5750.0,5951.0,1602929
2020-07-15,5455.8232421875,5801.2998046875,5879.7998046875,5755.0,5810.0,1246705
2020-07-16,5525.46337890625,5875.35009765625,5920.0,5752.0,5809.0,1018658
2020-07-17,5566.984375,5919.5,5956.0,5851.0,5898.0,810152
2020-07-20,5518.0810546875,5867.5,5936.0,5812.0,5935.0,912610
2020-07-21,5765.74853515625,6130.85009765625,6150.0,5900.0,5919.5,1854694
2020-07-22,5645.8876953125,6003.39990234375,6129.0,5939.7001953125,6117.0,1140092
2020-07-23,5704.71337890625,6065.9501953125,6090.0,5967.9501953125,6013.0,701651
2020-07-24,5643.34814453125,6000.7001953125,6047.35009765625,5932.10009765625,6010.0,793324
2020-07-27,5683.41162109375,6043.2998046875,6062.85009765625,5928.0498046875,6008.0,902597
2020-07-28,5908.64892578125,6282.7998046875,6320.35009765625,6031.14990234375,6050.0,1774828
2020-07-29,5816.814453125,6185.14990234375,6295.0,6118.9501953125,6269.9501953125,2057197
2020-07-30,5892.28515625,6265.39990234375,6393.64990234375,6170.0498046875,6184.0498046875,2217867
2020-07-31,5889.79296875,6262.75,6379.85009765625,6209.0,6265.0,1613555
2020-08-03,5798.052734375,6165.2001953125,6437.4501953125,6125.0498046875,6380.0,1836582
2020-08-04,5980.2646484375,6358.9501953125,6376.85009765625,6185.0,6199.0,1223516
2020-08-05,6137.60107421875,6526.25,6597.7001953125,6380.0,6388.89990234375,2278663
2020-08-06,6165.34423828125,6555.75,6585.85009765625,6434.39990234375,6534.9501953125,1233252
2020-08-07,6281.2548828125,6679.0,6749.5,6481.85009765625,6498.0,1567980
2020-08-10,6215.3291015625,6608.89990234375,6728.7001953125,6576.0,6690.0,1601750
2020-08-11,6253.2294921875,6649.2001953125,6713.5,6611.0,6665.0,880808
2020-08-12,6329.49951171875,6730.2998046875,6778.0498046875,6592.10009765625,6609.9501953125,1114981
2020-08-13,6387.71484375,6731.64990234375,6772.0,6655.0,6729.9501953125,1087096
2020-08-14,6251.5947265625,6588.2001953125,6745.14990234375,6552.0498046875,6740.0,905793
2020-08-17,6422.5869140625,6768.39990234375,6789.9501953125,6588.2001953125,6660.0,1028536
2020-08-18,6540.91650390625,6893.10009765625,6924.89990234375,6760.89990234375,6768.39990234375,1322527
2020-08-19,6633.150390625,6990.2998046875,7014.7001953125,6885.0498046875,6924.0,1326450
2020-08-20,6618.34765625,6974.7001953125,6999.0,6880.0498046875,6891.10009765625,958157
2020-08-21,6616.73388671875,6973.0,7065.0,6951.0,7048.0,971836
2020-08-24,6720.63916015625,7082.5,7100.0,6955.0,6985.0,961177
2020-08-25,6746.6865234375,7109.9501953125,7175.7001953125,7075.64990234375,7100.0,1047620
2020-08-26,6650.5625,7008.64990234375,7158.0,6972.0,7110.0,992395
2020-08-27,6735.34716796875,7098.0,7127.7001953125,6960.7998046875,7043.0,1158891
2020-08-28,6741.1357421875,7104.10009765625,7156.0,7028.4501953125,7125.0,1019984
2020-08-31,6490.482421875,6839.9501953125,7160.0,6790.4501953125,7138.0,1580774
2020-09-01,6552.8251953125,6905.64990234375,7018.7001953125,6802.0,6860.4501953125,1117127
2020-09-02,6567.1533203125,6920.75,6980.0,6852.39990234375,6905.5,776392
2020-09-03,6711.24462890625,7072.60009765625,7116.89990234375,6920.75,6925.0,947751
2020-09-04,6822.74169921875,7190.10009765625,7324.0,6965.0498046875,6985.0,2185292
2020-09-07,6840.818359375,7209.14990234375,7300.0,7129.25,7225.0,1348919
2020-09-08,6854.90966796875,7224.0,7278.0,7137.64990234375,7220.0,1145062
2020-09-09,6846.6064453125,7215.25,7256.35009765625,7121.2001953125,7200.0,1273303
2020-09-10,6862.1689453125,7231.64990234375,7299.39990234375,7168.0,7264.0,978701
2020-09-11,6826.06298828125,7193.60009765625,7349.89990234375,7175.0,7279.9501953125,1383019
2020-09-14,6764.62060546875,7128.85009765625,7239.60009765625,7085.0,7219.0,1003491
2020-09-15,6692.45654296875,7052.7998046875,7175.0,7005.0,7164.0,894418
2020-09-16,6697.34375,7057.9501953125,7169.0,7041.0,7074.0,920570
2020-09-17,6723.818359375,7085.85009765625,7112.89990234375,6941.0,7049.5,1133411
2020-09-18,6608.9052734375,6964.75,7149.0,6931.60009765625,7148.0,1143550
2020-09-21,6288.36474609375,6626.9501953125,6986.89990234375,6590.0,6964.75,1290480
2020-09-22,6111.48779296875,6440.5498046875,6685.9501953125,6312.35009765625,6675.0,2665724
2020-09-23,6169.1337890625,6501.2998046875,6549.9501953125,6380.0,6462.0,1456226
2020-09-24,5975.93701171875,6297.7001953125,6486.7998046875,6270.14990234375,6435.0,1237674
2020-09-25,6165.71826171875,6497.7001953125,6518.5498046875,6331.0,6395.0,1316468
2020-09-28,6360.52880859375,6703.0,6720.0,6542.2998046875,6579.0,1099583
2020-09-29,6398.24853515625,6742.75,6813.2998046875,6671.0,6749.0,1199391
2020-09-30,6398.912109375,6743.4501953125,6779.9501953125,6671.0,6710.0,812841
2020-10-01,6449.0615234375,6796.2998046875,6909.0,6775.39990234375,6838.2001953125,1255993
2020-10-05,6470.4599609375,6818.85009765625,6877.60009765625,6745.0,6865.0,833476
2020-10-06,6540.251953125,6892.39990234375,6939.7998046875,6830.0,6858.0,756192
2020-10-07,6686.857421875,7046.89990234375,7070.0,6865.5498046875,6920.0,1101957
2020-10-08,6718.12451171875,7079.85009765625,7140.0,7021.0,7090.0,851205
2020-10-09,6701.56591796875,7062.39990234375,7159.0,7001.0,7060.0,839682
2020-10-12,6772.02197265625,7136.64990234375,7155.0,7005.0,7110.0,799712
2020-10-13,6673.5732421875,7032.89990234375,7185.0,7022.0,7135.0,819414
2020-10-14,6644.58447265625,7002.35009765625,7075.0,6927.4501953125,7040.0,779630
2020-10-15,6540.44189453125,6892.60009765625,7049.89990234375,6857.7001953125,7029.0,681316
2020-10-16,6542.6240234375,6894.89990234375,6980.0,6863.0,6895.0,657914
2020-10-19,6501.86865234375,6851.9501953125,6980.0,6825.0,6975.0,548457
2020-10-20,6494.89404296875,6844.60009765625,6949.0,6810.0,6817.0,659864
2020-10-21,6511.2626953125,6861.85009765625,6947.60009765625,6764.64990234375,6904.0,911967
2020-10-22,6463.5322265625,6811.5498046875,6860.0,6775.2001953125,6828.0,584523
2020-10-23,6740.32958984375,7103.25,7124.7001953125,6832.0,6858.0,1758998
2020-10-26,6694.3544921875,7054.7998046875,7161.2998046875,6935.0498046875,7100.0,1559351
2020-10-27,6792.6611328125,7158.39990234375,7209.75,7053.0,7067.0,1461819
2020-10-28,6818.89794921875,7186.0498046875,7332.0,7110.0,7194.9501953125,1645177
2020-10-29,6754.041015625,7117.7001953125,7199.0,6986.7001953125,7114.0,1434852
2020-10-30,6609.28564453125,6965.14990234375,7110.0,6881.0,7079.0498046875,1360249
2020-11-02,6517.4306640625,6868.35009765625,7053.39990234375,6850.0,7044.89990234375,1059351
2020-11-03,6560.13134765625,6913.35009765625,6963.25,6852.4501953125,6940.0,926491
2020-11-04,6598.75146484375,6954.0498046875,7054.0,6909.5,6913.35009765625,901404
2020-11-05,6730.4130859375,7092.7998046875,7104.89990234375,6979.64990234375,7020.0,843221
2020-11-06,6554.6748046875,6907.60009765625,7135.0,6890.0,7092.0,1378439
2020-11-09,6521.03662109375,6872.14990234375,7032.60009765625,6815.0,6989.9501953125,1479540
2020-11-10,6446.35791015625,6793.4501953125,6974.0,6761.4501953125,6973.10009765625,1695413
2020-11-11,6506.9931640625,6857.35009765625,6904.0,6753.10009765625,6859.0,1481918
2020-11-12,6487.53955078125,6836.85009765625,6930.0,6792.0,6857.0,1418041
2020-11-13,6461.3505859375,6809.25,6880.0,6786.0,6880.0,970632
2020-11-14,6502.1533203125,6852.25,6859.89990234375,6835.0,6850.0,128193
2020-11-17,6624.75244140625,6981.4501953125,6996.89990234375,6863.0,6865.0,1243068
2020-11-18,6693.87939453125,7054.2998046875,7070.0,6948.0,6979.9501953125,1400300
2020-11-19,6607.529296875,6963.2998046875,7130.0,6915.2001953125,7031.0,1305695
2020-11-20,6609.94970703125,6965.85009765625,7020.0,6904.0,6959.5498046875,923474
2020-11-23,6630.73046875,6987.75,7044.0,6932.60009765625,7040.0,735755
2020-11-24,6792.6611328125,7158.39990234375,7209.0,7050.0,7050.0,1910670
2020-11-25,6695.208984375,7055.7001953125,7252.35009765625,7017.0,7250.0,947742
2020-11-26,6636.8984375,6994.25,7098.0,6903.0,7080.0,1068945
2020-11-27,6676.32568359375,7035.7998046875,7111.0,6930.0,7040.2998046875,2123905
2020-12-01,6738.85791015625,7101.7001953125,7141.7998046875,6975.2001953125,7141.7998046875,1076695
2020-12-02,6838.30419921875,7206.5,7220.0,7105.0,7110.0,1106734
2020-12-03,7343.6923828125,7739.10009765625,7782.85009765625,7249.60009765625,7250.0,3846792
2020-12-04,7404.46923828125,7803.14990234375,7882.64990234375,7641.25,7798.0,2393536
2020-12-07,7347.7724609375,7743.39990234375,7835.0,7690.0,7828.7998046875,1037296
2020-12-08,7366.08642578125,7762.7001953125,8013.14990234375,7700.0,7748.0,1885285
2020-12-09,7315.3671875,7709.25,7799.9501953125,7692.0,7775.0,822760
2020-12-10,7340.75,7736.0,7850.0,7710.0,7760.0,1186739
2020-12-11,7338.42529296875,7733.5498046875,7795.7001953125,7700.0,7779.9501953125,706875
2020-12-14,7303.552734375,7696.7998046875,7825.0,7655.0,7810.0,1038032
2020-12-15,7368.505859375,7765.25,7790.0,7640.5498046875,7696.7998046875,891801
2020-12-16,7398.0166015625,7796.35009765625,7899.0,7770.0,7820.0,963504
2020-12-17,7300.89599609375,7694.0,7831.89990234375,7625.0,7799.89990234375,734075
2020-12-18,7173.50537109375,7559.75,7727.0,7541.75,7714.0,1078328
2020-12-21,6999.23876953125,7376.10009765625,7599.0,7278.10009765625,7560.0,970306
2020-12-22,7017.55224609375,7395.39990234375,7438.0,7205.10009765625,7380.0,1138240
2020-12-23,7069.3154296875,7449.9501953125,7555.60009765625,7394.0,7400.39990234375,951805
2020-12-24,7065.61474609375,7446.0498046875,7532.75,7414.2001953125,7507.25,589281
2020-12-28,7100.67724609375,7483.0,7543.0,7454.0,7465.0,521320
2020-12-29,7071.5927734375,7452.35009765625,7545.0,7418.2998046875,7520.0,538719
2020-12-30,7223.93994140625,7612.89990234375,7635.0,7430.0,7497.0,1029800
2020-12-31,7258.76513671875,7649.60009765625,7697.0,7580.0,7614.64990234375,908515
2021-01-01,7298.33447265625,7691.2998046875,7748.5,7650.0,7654.0,767574
2021-01-04,7308.7724609375,7702.2998046875,7755.2001953125,7642.60009765625,7739.0,598645
2021-01-05,7264.31640625,7655.4501953125,7673.0,7586.0,7660.0,562668
2021-01-06,7238.837890625,7628.60009765625,7749.0,7555.5,7654.0,840678
2021-01-07,7179.48291015625,7566.0498046875,7704.39990234375,7552.10009765625,7676.0,642968
2021-01-08,7605.400390625,8014.89990234375,8060.0,7600.0,7600.0,2557157
2021-01-11,7812.1201171875,8232.75,8288.0,7882.39990234375,8099.0,2182019
2021-01-12,7769.70361328125,8188.0498046875,8329.0,8140.0,8161.0,1514072
2021-01-13,7723.966796875,8139.85009765625,8250.0,8111.0,8188.0,877225
2021-01-14,7733.07666015625,8149.4501953125,8180.0,8023.4501953125,8164.7998046875,718274
2021-01-15,7614.74755859375,8024.75,8219.5,8000.0498046875,8157.14990234375,751177
2021-01-18,7430.564453125,7830.64990234375,8023.9501953125,7745.0,8011.0,771183
2021-01-19,7517.81640625,7922.60009765625,7990.2998046875,7835.0,7900.0,779892
2021-01-20,7728.80615234375,8144.9501953125,8170.0,7860.25,7882.0,999226
2021-01-21,7664.0908203125,8076.75,8267.0,8021.4501953125,8205.0,769494
2021-01-22,7637.6162109375,8048.85009765625,8308.0,8000.0,8085.0,1172914
2021-01-25,7573.70751953125,7981.5,8164.7001953125,7950.10009765625,8117.0,753043
2021-01-27,7468.7578125,7870.89990234375,8090.0,7820.5,7992.9501953125,1080785
2021-01-28,7200.7861328125,7588.5,7984.5498046875,7562.0,7840.0,2085637
2021-01-29,6838.4462890625,7206.64990234375,7685.0,7170.0,7685.0,3069968
2021-02-01,7021.7275390625,7399.7998046875,7475.0,7152.0,7265.2001953125,1611478
2021-02-02,7263.60498046875,7654.7001953125,7769.75,7490.14990234375,7534.89990234375,1700845
2021-02-03,7201.4501953125,7589.2001953125,7716.4501953125,7475.85009765625,7680.0,1491567
2021-02-04,7249.65478515625,7640.0,7765.0,7529.0498046875,7600.0,1198036
2021-02-05,7111.25732421875,7494.14990234375,7736.0,7461.0,7680.0,1128089
2021-02-08,7187.59716796875,7574.60009765625,7638.0,7474.5,7515.0,912372
2021-02-09,7237.36669921875,7627.0498046875,7680.0,7574.0,7581.0,925127
2021-02-10,7232.291015625,7621.7001953125,7674.89990234375,7506.0498046875,7605.2001953125,1015600
2021-02-11,7275.60791015625,7667.35009765625,7744.0,7567.64990234375,7600.0,818869
2021-02-12,7181.80859375,7568.5,7675.0,7525.89990234375,7620.10009765625,756833
2021-02-15,7208.52001953125,7596.64990234375,7649.10009765625,7580.0,7600.0,470093
2021-02-16,7303.79052734375,7697.0498046875,7799.0,7625.25,7639.0,1321126
2021-02-17,7119.8447265625,7503.2001953125,7691.5,7471.2998046875,7679.9501953125,1023548
2021-02-18,7114.4833984375,7497.5498046875,7579.0498046875,7460.0,7574.85009765625,821462
2021-02-19,6948.8515625,7323.0,7486.39990234375,7285.0,7448.0,1013887
2021-02-22,6724.38720703125,7086.4501953125,7325.0,7056.0,7323.0,1502068
2021-02-23,6614.36181640625,6970.5,7122.35009765625,6938.0,7118.7998046875,1589884
2021-02-24,6597.70849609375,6952.9501953125,7036.0,6877.5,6905.0,1225254
2021-02-25,6576.263671875,6930.35009765625,7069.0,6915.0,7065.0,1740066
2021-02-26,6515.34375,6866.14990234375,7075.0,6822.2001953125,6900.0,2687534
2021-03-01,6656.587890625,7015.0,7032.85009765625,6917.0498046875,6977.0,1417600
2021-03-02,6845.515625,7214.10009765625,7235.0,7030.0,7060.0,1395296
2021-03-03,6760.68310546875,7124.7001953125,7262.2998046875,7101.2001953125,7245.60009765625,796258
2021-03-04,6767.2314453125,7131.60009765625,7175.2001953125,7011.0,7080.0,906310
2021-03-05,6878.6318359375,7249.0,7315.0,7070.0,7130.0,1821165
2021-03-08,6888.59619140625,7259.5,7338.7998046875,7216.0,7264.89990234375,977572
2021-03-09,6928.4970703125,7301.5498046875,7329.39990234375,7256.0,7329.39990234375,678485
2021-03-10,6900.5517578125,7272.10009765625,7387.0,7251.0,7320.0,659270
2021-03-12,6733.6396484375,7096.2001953125,7313.0,7061.39990234375,7300.0,946720
2021-03-15,6727.09130859375,7089.2998046875,7162.9501953125,7011.0,7145.0,700250
2021-03-16,6784.974609375,7150.2998046875,7200.0,7100.0,7100.0,796357
2021-03-17,6703.701171875,7064.64990234375,7169.9501953125,7043.5,7160.0,688581
2021-03-18,6750.29296875,7113.75,7242.0,7060.0,7125.0,984545
2021-03-19,6750.10302734375,7113.5498046875,7149.9501953125,6905.5,7059.9501953125,838756
2021-03-22,6738.43115234375,7101.25,7142.5,7050.2001953125,7104.0,533767
2021-03-23,6819.08837890625,7186.25,7225.0,7130.0,7138.0,757590
2021-03-24,6705.17236328125,7066.2001953125,7158.39990234375,7049.9501953125,7136.0,457147
2021-03-25,6440.0947265625,6786.85009765625,7059.0,6755.25,7050.0,1338767
2021-03-26,6437.8173828125,6784.4501953125,6898.9501953125,6771.0,6889.0,911299
2021-03-30,6501.72607421875,6851.7998046875,6875.0,6740.0,6811.0,1088817
2021-03-31,6508.748046875,6859.2001953125,6939.89990234375,6795.2001953125,6852.2998046875,735382
2021-04-01,6570.1416015625,6923.89990234375,6991.5,6855.0,6950.0,660759
2021-04-05,6422.72900390625,6768.5498046875,6908.5,6724.60009765625,6908.5,668129
2021-04-06,6406.36083984375,6751.2998046875,6846.9501953125,6720.0,6818.25,628262
2021-04-07,6514.25146484375,6865.0,6885.0,6775.0498046875,6790.0,598115
2021-04-08,6478.05078125,6826.85009765625,6939.2998046875,6806.85009765625,6881.0,604553
2021-04-09,6478.28857421875,6827.10009765625,6875.25,6778.0,6850.0,641327
2021-04-12,6187.4482421875,6520.60009765625,6739.85009765625,6502.14990234375,6739.85009765625,1020746
2021-04-13,6467.56494140625,6815.7998046875,6845.39990234375,6468.7998046875,6520.0,995718
2021-04-15,6304.7802734375,6644.25,6846.85009765625,6551.0,6846.60009765625,1267365
2021-04-16,6308.43408203125,6648.10009765625,6784.85009765625,6606.0498046875,6675.0,1000325
2021-04-19,6179.0498046875,6511.75,6530.0,6415.0,6500.35009765625,772219
2021-04-20,6307.0576171875,6646.64990234375,6678.7001953125,6558.5498046875,6615.0,914142
2021-04-22,6310.33154296875,6650.10009765625,6674.89990234375,6545.0,6625.9501953125,667911
2021-04-23,6335.0029296875,6676.10009765625,6714.7001953125,6560.0,6560.0,709306
2021-04-26,6299.7041015625,6638.89990234375,6789.0,6600.0,6690.2001953125,937344
2021-04-27,6233.13720703125,6568.75,6709.0,6542.0,6669.9501953125,1610651
2021-04-28,6237.9296875,6573.7998046875,6650.0,6545.0,6568.75,1406270
2021-04-29,6230.19677734375,6565.64990234375,6647.4501953125,6552.0,6635.0,757075
2021-04-30,6125.81591796875,6455.64990234375,6559.60009765625,6421.0,6537.10009765625,849997
2021-05-03,6260.75146484375,6597.85009765625,6622.0,6400.0,6430.0,834923
2021-05-04,6175.72900390625,6508.25,6648.5,6482.0,6639.9501953125,507170
2021-05-05,6253.39697265625,6590.10009765625,6599.0,6483.0,6557.7001953125,499160
2021-05-06,6326.0361328125,6666.64990234375,6709.0,6575.7001953125,6590.0,520125
2021-05-07,6360.57666015625,6703.0498046875,6754.5498046875,6640.0,6679.0,605050
2021-05-10,6418.412109375,6764.0,6773.14990234375,6660.10009765625,6675.2001953125,541534
2021-05-11,6392.46044921875,6736.64990234375,6749.0,6660.25,6680.14990234375,406046
2021-05-12,6469.22607421875,6817.5498046875,6840.0,6685.0,6730.0,770204
2021-05-14,6392.22216796875,6736.39990234375,6842.14990234375,6700.2001953125,6840.0,647029
2021-05-17,6374.61962890625,6717.85009765625,6838.39990234375,6697.5498046875,6716.5,995827
2021-05-18,6463.10498046875,6811.10009765625,6864.0,6715.4501953125,6788.0,805827
2021-05-19,6429.7041015625,6775.89990234375,6854.9501953125,6760.0,6799.0,432774
2021-05-20,6393.59814453125,6737.85009765625,6814.7001953125,6729.5,6780.7998046875,470476
2021-05-21,6466.474609375,6814.64990234375,6835.5,6744.25,6780.0,434363
2021-05-24,6520.5146484375,6871.60009765625,6965.0,6802.0,6802.0,1027484
2021-05-25,6558.66015625,6911.7998046875,6948.0,6888.0,6939.9501953125,438736
2021-05-26,6674.9013671875,7034.2998046875,7051.0,6912.0,6926.0,691574
2021-05-27,6612.84326171875,6968.89990234375,7069.0,6951.14990234375,7022.0,922091
2021-05-28,6613.8876953125,6970.0,7047.0,6940.5,6988.60009765625,393809
2021-05-31,6724.24462890625,7086.2998046875,7100.0,6924.0498046875,6955.0,718277
2021-06-01,6728.84716796875,7091.14990234375,7143.0,7047.0498046875,7107.5498046875,642841
2021-06-02,6817.6181640625,7184.7001953125,7197.7001953125,7063.4501953125,7063.4501953125,598862
2021-06-03,6841.15087890625,7209.5,7230.0,7165.0498046875,7200.0,401590
2021-06-04,6846.0849609375,7214.7001953125,7272.0,7151.10009765625,7200.0,575591
2021-06-07,6903.92041015625,7275.64990234375,7328.85009765625,7211.10009765625,7221.0,520482
2021-06-08,6961.89892578125,7336.75,7366.4501953125,7295.2001953125,7317.5,538816
2021-06-09,6869.1435546875,7239.0,7339.2001953125,7200.0,7310.2001953125,443778
2021-06-10,6832.041015625,7199.89990234375,7279.4501953125,7174.0498046875,7258.0,278027
2021-06-11,6854.7197265625,7223.7998046875,7244.0,7186.39990234375,7244.0,253689
2021-06-14,6811.1181640625,7177.85009765625,7212.9501953125,7095.0498046875,7195.0,322353
2021-06-15,6800.1103515625,7166.25,7228.85009765625,7156.2998046875,7181.14990234375,207625
2021-06-16,6750.7666015625,7114.25,7193.75,7070.0,7166.0,283007
2021-06-17,6613.2705078125,6969.35009765625,7099.10009765625,6931.10009765625,7060.0,595255
2021-06-18,6603.78125,6959.35009765625,6989.85009765625,6821.0,6989.85009765625,797389
2021-06-21,6547.369140625,6899.89990234375,6925.0,6842.0,6870.0,443795
2021-06-22,6894.1943359375,7265.39990234375,7299.9501953125,6930.0,6940.0,1757310
2021-06-23,7052.94677734375,7432.7001953125,7479.0,7240.0498046875,7266.10009765625,2227399
2021-06-24,7142.85546875,7527.4501953125,7550.0,7410.10009765625,7448.7998046875,1041762
2021-06-25,7258.1953125,7649.0,7665.0,7540.0,7540.0,1216123
2021-06-28,7208.14013671875,7596.25,7698.0,7571.39990234375,7698.0,433364
2021-06-29,7104.94677734375,7487.5,7601.0,7452.5498046875,7596.0,480219
2021-06-30,7131.8955078125,7515.89990234375,7646.60009765625,7492.60009765625,7505.5,729267
2021-07-01,7196.8955078125,7584.39990234375,7605.0,7495.0498046875,7500.0,584331
2021-07-02,7186.88525390625,7573.85009765625,7634.5,7546.5498046875,7625.0,434905
2021-07-05,7211.177734375,7599.4501953125,7690.0,7583.0,7596.2998046875,484183
2021-07-06,7130.99462890625,7514.9501953125,7657.9501953125,7487.4501953125,7600.0,425103
2021-07-07,7068.79345703125,7449.39990234375,7581.0,7433.64990234375,7528.0,395336
2021-07-08,7023.05615234375,7401.2001953125,7498.0,7385.0,7455.0,391940
2021-07-09,7046.30419921875,7425.7001953125,7447.89990234375,7343.39990234375,7381.0,400686
2021-07-12,7088.43603515625,7470.10009765625,7589.7998046875,7451.0498046875,7500.0,496478
2021-07-13,7050.71728515625,7430.35009765625,7529.2001953125,7404.0,7520.0,350032
2021-07-14,6952.41015625,7326.75,7449.0,7310.0,7436.0,460178
2021-07-15,6933.66845703125,7307.0,7358.0,7268.0,7357.0,430055
2021-07-16,6930.39501953125,7303.5498046875,7333.0,7272.7998046875,7333.0,281552
2021-07-19,6799.44580078125,7165.5498046875,7297.0,7151.10009765625,7251.7001953125,386598
2021-07-20,6863.16552734375,7232.7001953125,7265.0,7144.4501953125,7180.0,413816
2021-07-22,6926.599609375,7299.5498046875,7325.0,7246.2998046875,7302.0,439934
2021-07-23,6921.1904296875,7293.85009765625,7375.0,7277.0,7300.0,436330
2021-07-26,6866.1064453125,7235.7998046875,7360.0,7180.0,7307.0,431758
2021-07-27,6870.3291015625,7240.25,7320.0,7160.85009765625,7241.2998046875,417171
2021-07-28,6798.9716796875,7165.0498046875,7312.0,7063.0,7280.0,739427
2021-07-29,6636.18603515625,6993.5,7130.0,6936.0,7130.0,1519226
2021-07-30,6621.19384765625,6977.7001953125,7095.0,6964.89990234375,7000.0,715546
2021-08-02,6715.37255859375,7076.9501953125,7107.4501953125,7031.0,7100.0,433760
2021-08-03,6831.56591796875,7199.39990234375,7221.0,7086.10009765625,7124.9501953125,470570
2021-08-04,6739.99609375,7102.89990234375,7248.60009765625,7003.5,7220.0,484122
2021-08-05,6711.01416015625,7027.5498046875,7079.9501953125,7006.0,7072.0,495133
2021-08-06,6780.96435546875,7100.7998046875,7168.5,7042.5498046875,7054.7998046875,517575
2021-08-09,6762.7724609375,7081.75,7165.0,7038.0,7135.0,264983
2021-08-10,6686.5673828125,7001.9501953125,7104.89990234375,6995.0,7045.2001953125,356726
2021-08-11,6705.23681640625,7021.5,7095.0,6925.14990234375,7002.0,414311
2021-08-12,6696.16455078125,7012.0,7084.7998046875,6985.0,7022.0,330283
2021-08-13,6686.80517578125,7002.2001953125,7049.89990234375,6973.85009765625,7030.0,431784
2021-08-16,6519.35400390625,6826.85009765625,7018.0,6810.0,6982.5,750966
2021-08-17,6575.2666015625,6885.39990234375,6943.0,6746.39990234375,6800.0,752517
2021-08-18,6532.0078125,6840.10009765625,6943.75,6820.0,6943.75,434144
2021-08-20,6542.3203125,6850.89990234375,6914.64990234375,6780.0,6815.0,657982
2021-08-23,6518.4462890625,6825.89990234375,6918.0,6801.0,6905.0,537302
2021-08-24,6496.76953125,6803.2001953125,6852.0,6740.60009765625,6789.5,646993
2021-08-25,6409.15185546875,6711.4501953125,6838.0,6700.0,6838.0,722194
2021-08-26,6310.9345703125,6608.60009765625,6701.35009765625,6591.0,6700.0,1199429
2021-08-27,6326.45263671875,6624.85009765625,6694.60009765625,6600.0,6629.75,1428388
2021-08-30,6490.7529296875,6796.89990234375,6810.0,6653.85009765625,6690.0,819447
2021-08-31,6537.73681640625,6846.10009765625,6872.0,6763.5498046875,6820.0,938326
2021-09-01,6479.29296875,6784.89990234375,6820.0,6702.35009765625,6799.9501953125,1108476
2021-09-02,6486.93310546875,6792.89990234375,6858.9501953125,6708.2001953125,6852.7001953125,741052
2021-09-03,6553.97119140625,6863.10009765625,6958.0,6751.60009765625,6770.0,1196077
2021-09-06,6538.50146484375,6846.89990234375,6954.0,6838.0,6925.0,897444
2021-09-07,6567.3876953125,6877.14990234375,6929.89990234375,6853.7001953125,6879.89990234375,743783
2021-09-08,6475.8076171875,6781.25,6858.35009765625,6756.0,6852.10009765625,847767
2021-09-09,6495.86181640625,6802.25,6818.4501953125,6740.0,6750.0,515702
2021-09-13,6564.09375,6873.7001953125,6895.4501953125,6813.2998046875,6835.5,508397
2021-09-14,6583.9091796875,6894.4501953125,6955.0,6851.10009765625,6910.0,817280
2021-09-15,6597.8037109375,6909.0,6938.0,6880.0,6938.0,310138
2021-09-16,6618.76513671875,6930.9501953125,6949.0,6870.0,6913.2998046875,556648
2021-09-17,6698.5048828125,7014.4501953125,7064.75,6950.0,6955.0,980793
2021-09-20,6637.3388671875,6950.39990234375,7015.4501953125,6906.2001953125,6979.89990234375,550405
2021-09-21,6471.7490234375,6777.0,6939.7001953125,6741.0,6912.5,1085249
2021-09-22,6523.31689453125,6831.0,6846.0,6785.0,6820.0,548623
2021-09-23,6538.3095703125,6846.7001953125,6879.89990234375,6821.0,6868.0,432740
2021-09-24,6639.10595703125,6952.25,7037.7998046875,6848.0,6850.0,1649962
2021-09-27,7069.98291015625,7403.4501953125,7448.0,6974.0,6974.0,2646138
2021-09-28,7089.4638671875,7423.85009765625,7521.5498046875,7333.5,7448.0,1346961
2021-09-29,7051.4560546875,7384.0498046875,7465.0,7291.0,7390.5,643556
2021-09-30,7007.52783203125,7338.0498046875,7408.0498046875,7301.0498046875,7384.75,625717
2021-10-01,6839.6943359375,7162.2998046875,7220.0,7090.0,7220.0,901588
2021-10-04,6847.333984375,7170.2998046875,7214.9501953125,7131.7998046875,7180.0,466994
2021-10-05,6931.322265625,7258.25,7300.0,7155.64990234375,7164.7998046875,546004
2021-10-06,6874.98046875,7199.25,7281.5,7164.25,7270.89990234375,726695
2021-10-07,7155.021484375,7492.5,7555.0,7225.25,7234.9501953125,1646727
2021-10-08,7095.33740234375,7430.0,7571.9501953125,7401.14990234375,7548.7001953125,630622
2021-10-11,7353.93896484375,7700.7998046875,7814.7998046875,7419.7998046875,7420.2001953125,1069536
2021-10-12,7347.2548828125,7693.7998046875,7750.0,7630.0498046875,7687.89990234375,406814
2021-10-13,7145.13818359375,7482.14990234375,7749.9501953125,7436.5498046875,7740.0,1084436
2021-10-14,7159.22314453125,7496.89990234375,7560.0,7445.0,7540.0,831546
2021-10-18,7312.1123046875,7657.0,7705.2998046875,7405.0,7405.0,913963
2021-10-19,7310.8232421875,7655.64990234375,7768.60009765625,7585.0,7670.2001953125,658869
2021-10-20,7248.84619140625,7590.75,7667.35009765625,7515.0,7615.0,488082
2021-10-21,7234.04443359375,7575.25,7650.0,7485.0,7650.0,563128
2021-10-22,7075.18701171875,7408.89990234375,7625.0,7386.5498046875,7600.0,224520
2021-10-25,6933.56689453125,7260.60009765625,7396.0498046875,7219.64990234375,7355.0,248058
2021-10-26,6968.66162109375,7297.35009765625,7337.9501953125,7210.2001953125,7265.0,292203
2021-10-27,7024.90869140625,7356.25,7461.25,7244.0,7285.0,1218064
2021-10-28,7037.75341796875,7369.7001953125,7529.7001953125,7235.0498046875,7250.0,961511
2021-10-29,7145.37646484375,7482.39990234375,7550.0,7294.85009765625,7350.0,819875
2021-11-01,7272.529296875,7615.5498046875,7666.0,7401.0,7401.0,1005690
2021-11-02,7440.79296875,7791.75,7910.0,7630.7998046875,7647.9501953125,1302733
2021-11-03,7385.88232421875,7734.25,7842.25,7711.60009765625,7791.75,656492
2021-11-04,7398.44091796875,7747.39990234375,7819.9501953125,7735.5,7774.7001953125,53365
2021-11-08,7338.46875,7684.60009765625,7882.60009765625,7672.0,7759.9501953125,428433
2021-11-09,7236.24072265625,7577.5498046875,7764.5,7538.7001953125,7709.0,632879
2021-11-10,7173.30908203125,7511.64990234375,7580.0,7460.0,7570.0,562432
2021-11-11,7117.72998046875,7453.4501953125,7567.5,7442.0,7512.0,486991
2021-11-12,7142.94091796875,7479.85009765625,7544.0,7442.0,7530.0,349666
2021-11-15,7165.14404296875,7503.10009765625,7579.85009765625,7452.0,7452.0,314414
2021-11-16,7687.7451171875,8050.35009765625,8128.75,7535.0498046875,7545.0,2619355
2021-11-17,7902.03759765625,8274.75,8350.0,8015.0498046875,8035.0,2377268
2021-11-18,7751.53564453125,8117.14990234375,8368.0,8001.10009765625,8234.0,1337493
2021-11-22,7510.169921875,7864.39990234375,8187.85009765625,7806.5498046875,8158.0,672298
2021-11-23,7500.23876953125,7854.0,7953.9501953125,7805.0,7849.10009765625,567198
2021-11-24,7324.001953125,7669.4501953125,7897.9501953125,7636.60009765625,7865.5,571078
2021-11-25,7231.41845703125,7572.5,7719.39990234375,7435.0,7640.0,1007618
2021-11-26,6847.525390625,7170.5,7520.0,7130.0,7520.0,1154876
2021-11-29,6827.470703125,7149.5,7210.0,6990.7001953125,7166.0,733010
2021-11-30,6749.451171875,7067.7998046875,7250.0,7015.5498046875,7149.5,1287938
2021-12-01,6945.6474609375,7273.25,7380.0,7130.0498046875,7191.0,1669583
2021-12-02,6995.0185546875,7324.9501953125,7355.4501953125,7245.64990234375,7285.0,618573
2021-12-03,6884.0048828125,7208.7001953125,7329.0,7148.75,7305.0,603798
2021-12-06,6725.625,7042.85009765625,7200.0,7021.0,7193.0,609507
2021-12-07,6862.900390625,7186.60009765625,7261.7998046875,7091.2001953125,7129.0,637151
2021-12-08,7100.0166015625,7434.89990234375,7497.85009765625,7151.10009765625,7225.0,930339
2021-12-09,7087.45849609375,7421.75,7469.0,7325.0,7469.0,615037
2021-12-10,7091.18310546875,7425.64990234375,7475.0,7357.9501953125,7380.0,431682
2021-12-13,7177.84521484375,7516.39990234375,7575.89990234375,7425.0,7485.0,883009
2021-12-14,7155.642578125,7493.14990234375,7556.2998046875,7457.7998046875,7516.7998046875,749704
2021-12-15,7227.07373046875,7567.9501953125,7640.0,7453.0498046875,7476.0,529018
2021-12-16,7115.19970703125,7450.7998046875,7621.0,7406.0,7591.5,595582
2021-12-17,6967.94482421875,7296.60009765625,7480.0,7241.0,7480.0,1081907
2021-12-20,6958.39599609375,7286.60009765625,7321.5498046875,7035.85009765625,7200.0,867425
2021-12-21,6985.65966796875,7315.14990234375,7404.9501953125,7284.0,7306.5,415744
2021-12-22,7089.3681640625,7423.75,7454.0,7305.5,7305.5,368978
2021-12-23,7054.41748046875,7387.14990234375,7500.0,7355.0,7481.0,249919
2021-12-24,6987.52197265625,7317.10009765625,7449.85009765625,7252.14990234375,7441.0,357447
2021-12-27,6961.16552734375,7289.5,7330.0,7186.2001953125,7277.10009765625,190180
2021-12-28,6968.7568359375,7297.4501953125,7359.0,7255.10009765625,7320.0,214533
2021-12-29,7018.98779296875,7350.0498046875,7365.0,7240.4501953125,7297.7001953125,287776
2021-12-30,6954.24169921875,7282.25,7395.14990234375,7255.39990234375,7350.0,296041
2021-12-31,7091.947265625,7426.4501953125,7449.5,7290.0498046875,7290.0498046875,313398
2022-01-03,7185.00732421875,7523.89990234375,7605.9501953125,7420.0,7420.0,456599
2022-01-04,7286.423828125,7630.10009765625,7649.0,7520.0,7600.0,495182
2022-01-05,7425.13134765625,7775.35009765625,7808.0,7605.60009765625,7624.85009765625,710043
2022-01-06,7527.07373046875,7882.10009765625,7899.4501953125,7683.9501953125,7782.0,739981
2022-01-07,7549.896484375,7906.0,7944.7998046875,7835.5,7882.10009765625,523116
2022-01-10,7759.60498046875,8125.60009765625,8232.0,7924.14990234375,7950.0,827930
2022-01-11,7777.033203125,8143.85009765625,8162.4501953125,8069.2998046875,8100.0,688923
2022-01-12,7802.72216796875,8170.75,8200.0,8115.0,8200.0,288174
2022-01-13,7713.2421875,8077.0498046875,8260.0,7952.0,8175.0,684931
2022-01-14,7720.0703125,8084.2001953125,8145.0,7951.0,7951.0,299536
2022-01-17,7893.2041015625,8265.5,8368.900390625,8100.10009765625,8124.7998046875,862249
2022-01-18,7558.634765625,7915.14990234375,8248.9501953125,7891.5,8248.9501953125,785199
2022-01-19,7654.65576171875,8015.7001953125,8060.0,7860.0,7929.0,681632
2022-01-20,7674.375,8036.35009765625,8140.0,7997.5498046875,8000.0,522850
2022-01-21,7820.72314453125,8189.60009765625,8244.0,7856.0498046875,7970.0,1041476
2022-01-24,7689.60693359375,8052.2998046875,8332.7998046875,7952.7998046875,8189.0,1153538
2022-01-25,8215.1201171875,8602.599609375,8664.0,7887.89990234375,7990.0,2162832
2022-01-27,8422.9189453125,8820.2001953125,8971.650390625,8400.0498046875,8656.0,2899559
2022-01-28,8165.796875,8550.9501953125,8930.0,8522.349609375,8795.0,1045088
2022-01-31,8210.05859375,8597.2998046875,8720.0,8552.7998046875,8625.0,561419
2022-02-01,8173.8662109375,8559.400390625,8790.7998046875,8351.0,8693.0,819689
2022-02-02,8131.7041015625,8515.25,8683.0,8440.25,8579.7001953125,580433
2022-02-03,8206.57421875,8593.650390625,8798.0,8522.7001953125,8550.0,810019
2022-02-04,8165.41455078125,8550.5498046875,8680.0,8492.099609375,8639.900390625,404421
2022-02-07,8128.2666015625,8511.650390625,8615.0,8400.0,8545.0,446099
2022-02-08,8212.11328125,8599.4501953125,8789.099609375,8436.0498046875,8616.7001953125,998182
2022-02-09,8546.34765625,8949.4501953125,8989.7998046875,8622.0,8622.0,1403525
2022-02-10,8408.833984375,8805.4501953125,9050.0,8789.900390625,9050.0,811887
2022-02-11,8343.611328125,8737.150390625,8865.0,8673.2998046875,8738.0,671572
2022-02-14,7989.5595703125,8366.400390625,8615.0498046875,8325.0,8500.0,995540
2022-02-15,8234.314453125,8622.7001953125,8664.25,8356.5,8410.0,682766
2022-02-16,8196.35546875,8582.9501953125,8736.400390625,8544.0,8720.0,422704
2022-02-17,8167.22998046875,8552.4501953125,8658.2998046875,8525.0,8575.0,305313
2022-02-18,8183.12890625,8569.099609375,8645.9501953125,8520.0498046875,8550.0,385273
2022-02-21,8224.765625,8612.7001953125,8724.25,8443.599609375,8544.0498046875,626049
2022-02-22,8234.4111328125,8622.7998046875,8659.7998046875,8384.849609375,8495.0,620828
2022-02-23,8307.0341796875,8698.849609375,8789.9501953125,8655.2001953125,8690.0,557954
2022-02-24,7840.34765625,8210.150390625,8587.25,8155.0,8402.0,947351
2022-02-25,7979.72314453125,8356.099609375,8466.0,8209.5498046875,8260.0,1344343
2022-02-28,7939.6630859375,8314.150390625,8339.9501953125,8114.10009765625,8300.0,961303
2022-03-02,7462.2314453125,7814.2001953125,8199.0,7764.0,8197.7001953125,1783011
2022-03-03,7253.43017578125,7595.5498046875,7939.9501953125,7558.5,7924.0,1050154
2022-03-04,6920.8662109375,7247.2998046875,7519.2001953125,7130.0,7482.0,2511658
2022-03-07,6464.1572265625,6769.0498046875,7029.85009765625,6730.0,6992.0,2469925
2022-03-08,6499.72900390625,6806.2998046875,6855.0,6536.5498046875,6705.0,2840376
2022-03-09,6710.345703125,7026.85009765625,7078.10009765625,6777.0,6874.0,1827539
2022-03-10,6886.96484375,7211.7998046875,7399.85009765625,7177.2998046875,7255.0,1535070
2022-03-11,6782.6357421875,7102.5498046875,7200.0,7080.0,7200.0,1024452
2022-03-14,6987.1884765625,7316.75,7335.0,7012.0,7050.0,1023874
2022-03-15,7085.8828125,7420.10009765625,7620.0,7318.0,7321.0,1586111
2022-03-16,7148.623046875,7485.7998046875,7595.75,7440.0,7570.0,584457
2022-03-17,7346.490234375,7693.0,7741.9501953125,7530.0,7574.0,1133271
2022-03-21,7358.474609375,7705.5498046875,7940.0,7650.0,7844.0,1354525
2022-03-22,7416.8232421875,7766.64990234375,7809.0,7536.64990234375,7714.9501953125,1093502
2022-03-23,7300.50927734375,7644.85009765625,7862.7998046875,7611.0,7800.0,808597
2022-03-24,7216.568359375,7556.9501953125,7655.0,7526.35009765625,7599.2998046875,565485
2022-03-25,7081.44189453125,7415.4501953125,7542.2998046875,7385.0,7515.0,686637
2022-03-28,7140.55419921875,7477.35009765625,7539.0,7413.0,7425.0,599515
2022-03-29,7104.07470703125,7439.14990234375,7563.10009765625,7401.0,7535.0,446257
2022-03-30,7256.3427734375,7598.60009765625,7629.9501953125,7490.0,7521.0,589206
2022-03-31,7220.72216796875,7561.2998046875,7652.75,7528.0,7598.5498046875,434317
2022-04-01,7353.22314453125,7700.0498046875,7729.0,7517.35009765625,7574.0,449386
2022-04-04,7424.60595703125,7774.7998046875,7794.0,7631.64990234375,7650.0,491029
2022-04-05,7412.2392578125,7761.85009765625,7900.0,7730.0,7781.0,488132
2022-04-06,7395.384765625,7744.2001953125,7849.0,7675.0,7739.0,393628
2022-04-07,7296.35546875,7640.5,7748.0,7621.0498046875,7659.75,458566
2022-04-08,7217.5234375,7557.9501953125,7730.5,7515.39990234375,7708.7998046875,849846
2022-04-11,7224.63818359375,7565.39990234375,7616.5498046875,7485.0,7614.85009765625,496254
2022-04-12,7275.203125,7618.35009765625,7711.5,7500.0,7540.0,598047
2022-04-13,7133.0576171875,7469.5,7704.9501953125,7440.0,7618.35009765625,527991
2022-04-18,7232.373046875,7573.5,7599.0,7355.0,7374.5,551783
2022-04-19,7100.20751953125,7435.10009765625,7678.0,7350.0,7580.0,425990
2022-04-20,7321.37548828125,7666.7001953125,7699.0,7472.60009765625,7499.0,542622
2022-04-21,7524.3037109375,7879.2001953125,7899.7998046875,7686.0498046875,7709.7998046875,772708
2022-04-22,7548.46337890625,7904.5,8016.64990234375,7731.0,7789.0,960818
2022-04-25,7555.96044921875,7912.35009765625,7998.0,7810.0,7810.0,701521
2022-04-26,7550.61279296875,7906.75,8067.5,7830.0,8000.0,801963
2022-04-27,7437.59375,7788.39990234375,7865.0,7720.0,7851.0,570519
2022-04-28,7532.8505859375,7888.14990234375,7940.0,7766.7001953125,7844.0,561932
2022-04-29,7370.17333984375,7717.7998046875,7946.5,7626.0,7918.0,1162749
2022-05-02,7290.86474609375,7634.75,7750.0,7544.2998046875,7665.0,544053
2022-05-04,7064.6826171875,7397.89990234375,7747.0,7356.5,7650.0,599211
2022-05-05,7073.9931640625,7407.64990234375,7538.0,7380.14990234375,7450.0,524174
2022-05-06,6951.37646484375,7279.25,7359.89990234375,7156.64990234375,7314.0,650559
2022-05-09,7028.77587890625,7360.2998046875,7424.5,7130.0,7201.5,570578
2022-05-10,7177.36767578125,7515.89990234375,7575.0,7350.14990234375,7350.14990234375,663616
2022-05-11,7063.2978515625,7396.4501953125,7559.5498046875,7346.60009765625,7519.0,605312
2022-05-12,6926.9296875,7253.64990234375,7323.9501953125,7210.7998046875,7221.5,571754
2022-05-13,6782.06298828125,7101.9501953125,7340.0,7062.35009765625,7340.0,703097
2022-05-16,6921.15283203125,7247.60009765625,7305.35009765625,7150.0,7157.0,369545
2022-05-17,7193.505859375,7532.7998046875,7584.64990234375,7255.0498046875,7280.0,811448
2022-05-18,7225.7353515625,7566.5498046875,7640.14990234375,7509.60009765625,7566.0,576970
2022-05-19,7071.03271484375,7404.5498046875,7525.0,7385.0498046875,7450.0,363255
2022-05-20,7244.88330078125,7586.60009765625,7648.89990234375,7450.0,7520.5498046875,742204
2022-05-23,7541.73193359375,7897.4501953125,7954.85009765625,7776.10009765625,7800.10009765625,1161175
2022-05-24,7451.20166015625,7802.64990234375,7941.9501953125,7791.2998046875,7919.0,581609
2022-05-25,7436.49462890625,7787.25,7859.5,7696.0498046875,7840.0,454335
2022-05-26,7453.44580078125,7805.0,7839.9501953125,7620.0,7800.0,476799
2022-05-27,7585.18310546875,7942.9501953125,7965.89990234375,7833.0,7925.0,431411
2022-05-30,7652.9365234375,8013.89990234375,8060.0,7951.0,7980.2001953125,389517
2022-05-31,7607.52880859375,7966.35009765625,8100.0,7900.0,8013.89990234375,2494005
2022-06-01,7581.79248046875,7939.39990234375,8068.89990234375,7880.10009765625,7975.0498046875,522004
2022-06-02,7568.4228515625,7925.39990234375,7972.0,7855.60009765625,7925.0,352848
2022-06-03,7357.99755859375,7705.0498046875,7995.0,7681.0,7950.0,591905
2022-06-06,7363.24951171875,7710.5498046875,7776.89990234375,7591.4501953125,7690.0,606990
2022-06-07,7457.6474609375,7809.39990234375,7820.0,7555.0,7615.0498046875,991192
2022-06-08,7536.95751953125,7892.4501953125,7921.0,7720.7001953125,7824.0,813596
2022-06-09,7572.67333984375,7929.85009765625,8010.0,7830.10009765625,7848.0,687937
2022-06-10,7577.68603515625,7935.10009765625,7988.2001953125,7826.0,7826.0,442921
2022-06-13,7545.69482421875,7901.60009765625,7967.35009765625,7793.75,7849.9501953125,565826
2022-06-14,7459.796875,7811.64990234375,7901.39990234375,7750.0,7805.0,553462
2022-06-15,7499.7138671875,7853.4501953125,7929.0,7816.0,7816.0,604566
2022-06-16,7480.7578125,7833.60009765625,8025.0,7805.0,7938.0,1319566
2022-06-17,7341.8583984375,7688.14990234375,7849.7001953125,7646.14990234375,7805.0,1317656
2022-06-20,7315.884765625,7660.9501953125,7784.10009765625,7626.0,7699.7998046875,1043423
2022-06-21,7430.14501953125,7780.60009765625,7840.0,7625.14990234375,7714.9501953125,954884
2022-06-22,7432.19775390625,7782.75,7869.0,7716.60009765625,7750.0,796824
2022-06-23,7898.4560546875,8271.0,8317.7998046875,7803.0,7810.0,1676430
2022-06-24,7986.50341796875,8363.2001953125,8390.0,8238.2998046875,8310.0,1156788
2022-06-27,8068.19970703125,8448.75,8546.7001953125,8391.25,8444.0,921090
2022-06-28,8107.30615234375,8489.7001953125,8539.900390625,8381.0498046875,8415.25,691242
2022-06-29,8125.64111328125,8508.900390625,8530.0,8370.0,8389.9501953125,655413
2022-06-30,8089.208984375,8470.75,8634.599609375,8435.599609375,8500.0,1130302
2022-07-01,8024.12841796875,8402.599609375,8450.0,8305.599609375,8440.0,530569
2022-07-04,8063.04296875,8443.349609375,8467.599609375,8320.0,8402.599609375,625431
2022-07-05,7972.65625,8348.7001953125,8508.5498046875,8335.0,8498.5,610290
2022-07-06,8241.3330078125,8630.0498046875,8652.4501953125,8370.0,8377.0,976098
2022-07-07,8218.748046875,8606.400390625,8700.0,8576.2001953125,8695.0,547662
2022-07-08,8094.17529296875,8475.9501953125,8656.9501953125,8445.0,8620.0,686327
2022-07-11,8124.44775390625,8507.650390625,8525.0,8416.099609375,8451.7001953125,536114
2022-07-12,8040.458984375,8419.7001953125,8497.4501953125,8376.25,8495.0,424358
2022-07-13,8060.03564453125,8440.2001953125,8488.150390625,8381.0,8454.0,413855
2022-07-14,8181.84033203125,8567.75,8587.349609375,8450.0,8464.9501953125,606496
2022-07-15,8382.66796875,8778.0498046875,8799.0,8576.2001953125,8596.0,631246
2022-07-18,8312.716796875,8704.7998046875,8843.0,8684.0,8802.0,478682
2022-07-19,8323.2685546875,8715.849609375,8798.900390625,8667.4501953125,8699.9501953125,478458
2022-07-20,8354.9736328125,8749.0498046875,8865.4501953125,8720.2001953125,8775.5,398132
2022-07-21,8400.763671875,8797.0,8831.900390625,8722.0498046875,8793.0,421090
2022-07-22,8433.1845703125,8830.9501953125,8889.0,8791.0,8850.0,415294
2022-07-25,8233.2646484375,8621.599609375,8858.599609375,8490.0,8828.5,623462
2022-07-26,8141.826171875,8525.849609375,8625.400390625,8471.349609375,8622.0,429454
2022-07-27,8268.119140625,8658.099609375,8707.4501953125,8460.0,8555.5498046875,1298855
2022-07-28,8328.2353515625,8721.0498046875,8770.150390625,8628.7998046875,8700.0,725196
2022-07-29,8378.3701171875,8773.5498046875,8943.0,8730.0,8764.7001953125,821432
2022-08-01,8597.8681640625,9003.400390625,9085.0,8822.599609375,8850.0,1009408
2022-08-02,8759.8759765625,9173.0498046875,9196.849609375,8954.0,8985.0,848311
2022-08-03,8612.2275390625,8959.4501953125,9144.75,8855.599609375,9144.75,753729
2022-08-04,8619.197265625,8966.7001953125,9048.0,8830.0,9024.0,643264
2022-08-05,8498.5615234375,8841.2001953125,8985.2001953125,8810.0,8966.7998046875,558385
2022-08-08,8576.181640625,8921.9501953125,8998.0,8841.0,8841.2001953125,520993
2022-08-10,8535.5693359375,8879.7001953125,8999.5,8826.0,8938.599609375,445375
2022-08-11,8472.271484375,8813.849609375,8998.0,8724.0,8955.7001953125,508318
2022-08-12,8362.064453125,8699.2001953125,8815.0,8675.0,8815.0,712782
2022-08-16,8654.763671875,9003.7001953125,9040.0,8705.0498046875,8737.150390625,963726
2022-08-17,8597.712890625,8944.349609375,9070.0,8920.0,9010.0,623749
2022-08-18,8600.9345703125,8947.7001953125,9012.400390625,8877.0,8925.0,442229
2022-08-19,8438.72265625,8778.9501953125,8968.0,8715.0,8955.4501953125,572597
2022-08-22,8293.6240234375,8628.0,8767.4501953125,8602.2001953125,8751.0,488485
2022-08-23,8382.5390625,8720.5,8757.0,8564.0,8607.0,558231
2022-08-24,8366.677734375,8704.0,8772.0,8594.0,8660.0,442582
2022-08-25,8397.3427734375,8735.900390625,8835.0,8680.0,8721.0,525721
2022-08-26,8382.634765625,8720.599609375,8832.75,8706.2001953125,8800.0,398063
2022-08-29,8491.8330078125,8834.2001953125,8859.900390625,8590.0,8602.599609375,459057
2022-08-30,8730.26953125,9082.25,9164.0,8870.0,8884.7998046875,1016312
2022-09-01,8674.7568359375,9024.5,9233.650390625,8941.0,8949.9501953125,888864
2022-09-02,8573.921875,8919.599609375,9149.900390625,8902.099609375,9026.5,632909
2022-09-05,8603.1923828125,8950.0498046875,9016.7998046875,8875.0,8900.0,386455
2022-09-06,8544.2685546875,8888.75,9022.75,8870.0,8984.2998046875,397902
2022-09-07,8444.4443359375,8784.900390625,8873.5498046875,8760.0,8864.0,496785
2022-09-08,8449.9716796875,8790.650390625,8885.099609375,8780.0,8829.0,428924
2022-09-09,8599.2998046875,8946.0,8989.0,8730.0,8834.650390625,632296
2022-09-12,8581.6611328125,8927.650390625,9012.2998046875,8904.0,8969.900390625,383641
2022-09-13,8580.5556640625,8926.5,8989.0498046875,8910.900390625,8972.2998046875,405093
2022-09-14,8619.6796875,8967.2001953125,9000.0,8825.7001953125,8859.849609375,509547
2022-09-15,8852.8291015625,9209.75,9325.0,9030.0,9030.0498046875,1392132
2022-09-16,8833.5078125,9189.650390625,9315.900390625,9020.0498046875,9209.5,1056382
2022-09-19,8921.171875,9280.849609375,9343.4501953125,9070.0,9175.2998046875,727024
2022-09-20,8940.3974609375,9300.849609375,9430.0,9250.0,9339.0,747257
2022-09-21,8889.5009765625,9247.900390625,9398.0,9211.4501953125,9300.0,440725
2022-09-22,9037.482421875,9401.849609375,9435.0,9186.0,9199.0,511112
2022-09-23,8981.3466796875,9343.4501953125,9451.0,9277.349609375,9397.9501953125,574213
2022-09-26,8492.5537109375,8834.9501953125,9270.2998046875,8800.0,9270.2998046875,865432
2022-09-27,8434.013671875,8774.0498046875,8908.9501953125,8670.5,8890.0,686285
2022-09-28,8388.546875,8726.75,8850.0,8660.0498046875,8720.0,663740
2022-09-29,8290.5947265625,8624.849609375,8800.0,8604.099609375,8770.400390625,817007
2022-09-30,8486.017578125,8828.150390625,8872.0,8558.2001953125,8668.0,658982
2022-10-03,8215.7626953125,8547.0,8970.0,8510.0,8970.0,1123076
2022-10-04,8353.703125,8690.5,8758.5498046875,8630.0,8699.0,503140
2022-10-06,8365.7177734375,8703.0,8825.0,8690.5,8734.0,474445
2022-10-07,8438.8681640625,8779.099609375,8845.599609375,8711.0,8750.0,428616
2022-10-10,8518.9404296875,8862.400390625,8876.4501953125,8658.0,8675.0,411218
2022-10-11,8347.5986328125,8684.150390625,8850.0,8665.0,8811.0,422610
2022-10-12,8349.953125,8686.599609375,8720.0,8590.599609375,8698.0,380365
2022-10-13,8314.3388671875,8649.5498046875,8785.4501953125,8592.0,8665.0,355605
2022-10-14,8283.3388671875,8617.2998046875,8766.599609375,8606.2998046875,8760.0,274160
2022-10-17,8385.7119140625,8723.7998046875,8749.7001953125,8567.0498046875,8610.0,304671
2022-10-18,8466.0224609375,8807.349609375,8888.25,8752.0498046875,8765.0498046875,369973
2022-10-19,8381.4326171875,8719.349609375,8855.0,8695.0,8851.400390625,385416
2022-10-20,8369.947265625,8707.400390625,8739.2001953125,8611.0,8700.0,328270
2022-10-21,8366.005859375,8703.2998046875,8794.0,8641.0,8730.0,356203
2022-10-24,8425.748046875,8765.4501953125,8788.7998046875,8745.849609375,8788.7998046875,30052
2022-10-25,8656.013671875,9005.0,9017.0,8797.400390625,8820.0,727441
2022-10-27,8691.53125,9041.9501953125,9076.9501953125,8902.0,9050.0,849108
2022-10-28,9124.6689453125,9492.5498046875,9549.9501953125,9051.0,9095.0,1873029
2022-10-31,9158.361328125,9527.599609375,9769.0,9451.099609375,9650.0,1932020
2022-11-01,9088.1884765625,9454.599609375,9636.900390625,9375.0,9635.0,805517
2022-11-02,8871.716796875,9229.400390625,9454.599609375,9210.0,9445.0,788679
2022-11-03,8881.0400390625,9239.099609375,9310.0,9164.400390625,9210.0,616860
2022-11-04,8871.8125,9229.5,9324.0,9191.0498046875,9257.900390625,465775
2022-11-07,8971.5908203125,9333.2998046875,9352.7998046875,9254.2998046875,9277.0,469017
2022-11-09,8894.8828125,9253.5,9480.849609375,9220.0,9480.349609375,617256
2022-11-10,8744.6875,9097.25,9250.75,9071.0,9201.0,445700
2022-11-11,8735.3642578125,9087.5498046875,9240.0,9050.0,9200.0,461074
2022-11-14,8797.6513671875,9152.349609375,9163.0498046875,8992.5498046875,9100.0,282822
2022-11-15,8807.12109375,9162.2001953125,9203.5498046875,9130.0,9190.0,359888
2022-11-16,8780.927734375,9134.9501953125,9252.5,9099.849609375,9160.0,350737
2022-11-17,8638.18359375,8986.4501953125,9169.599609375,8970.0,9101.0,409572
2022-11-18,8505.1455078125,8848.0498046875,9023.9501953125,8836.0,9010.0,515615
2022-11-21,8521.630859375,8865.2001953125,8929.2001953125,8786.0,8825.0,520644
2022-11-22,8529.849609375,8873.75,8934.9501953125,8859.0498046875,8875.0,455948
2022-11-23,8588.2451171875,8934.5,8989.0,8902.0,8940.0,621006
2022-11-24,8619.5830078125,8967.099609375,8994.900390625,8921.0,8968.900390625,455343
2022-11-25,8669.9521484375,9019.5,9080.0,8947.5,9000.0,545439
2022-11-28,8637.1728515625,8985.400390625,9104.099609375,8950.0,9028.0,439956
2022-11-29,8564.88671875,8910.2001953125,9024.75,8888.0,8985.0,606692
2022-11-30,8626.3603515625,8974.150390625,9020.0,8870.0,8924.0,1087650
2022-12-01,8610.98046875,8958.150390625,9025.0,8930.0,9019.0498046875,694489
2022-12-02,8474.193359375,8815.849609375,8928.900390625,8754.75,8820.0,971612
2022-12-05,8451.31640625,8792.0498046875,8853.2001953125,8765.0,8844.0,519621
2022-12-06,8379.5107421875,8717.349609375,8800.0,8694.9501953125,8777.2001953125,551379
2022-12-07,8323.5673828125,8659.150390625,8747.849609375,8641.0,8720.0,546450
2022-12-08,8346.205078125,8682.7001953125,8711.0,8606.0498046875,8665.0,476001
2022-12-09,8279.541015625,8613.349609375,8763.75,8545.4501953125,8707.0,790406
2022-12-12,8324.142578125,8659.75,8693.2998046875,8515.2998046875,8609.0,445039
2022-12-13,8286.607421875,8620.7001953125,8697.349609375,8610.0,8662.0,330236
2022-12-14,8306.6962890625,8641.599609375,8677.7001953125,8596.0498046875,8650.0,343670
2022-12-15,8251.4736328125,8584.150390625,8673.599609375,8575.0,8641.0,472176
2022-12-16,8156.93408203125,8485.7998046875,8588.0,8446.0,8559.5,624222
2022-12-19,8270.41015625,8603.849609375,8621.4501953125,8451.0,8498.7998046875,464106
2022-12-20,8193.9912109375,8524.349609375,8584.400390625,8432.0498046875,8584.400390625,694906
2022-12-21,8026.783203125,8350.400390625,8566.9501953125,8288.2998046875,8524.349609375,800720
2022-12-22,8011.35400390625,8334.349609375,8384.0,8288.0,8356.650390625,580858
2022-12-23,7826.07421875,8141.60009765625,8329.9501953125,8122.85009765625,8299.7001953125,503012
2022-12-26,7936.8095703125,8256.7998046875,8346.0,8076.0498046875,8147.0,315102
2022-12-27,7983.57421875,8305.4501953125,8315.0,8230.7998046875,8298.9501953125,423308
2022-12-28,8094.6943359375,8421.0498046875,8453.5,8287.599609375,8315.0,538632
2022-12-29,8108.8720703125,8435.7998046875,8449.0,8333.0,8370.0,452134
2022-12-30,8069.26953125,8394.599609375,8490.0,8362.25,8470.0,433976
2023-01-02,8077.6318359375,8403.2998046875,8454.0,8337.599609375,8365.0,398159
2023-01-03,8057.87841796875,8382.75,8402.0,8304.150390625,8380.0,493207
2023-01-04,8096.37646484375,8422.7998046875,8537.0498046875,8311.0498046875,8376.0,566744
2023-01-05,8133.19189453125,8461.099609375,8475.0,8390.0498046875,8444.9501953125,417716
2023-01-06,8058.16650390625,8383.0498046875,8483.9501953125,8350.0,8460.0,368978
2023-01-09,8052.35107421875,8377.0,8446.9501953125,8325.099609375,8424.849609375,613406
2023-01-10,7971.751953125,8293.150390625,8410.0,8262.900390625,8380.0,493677
2023-01-11,7963.38818359375,8284.4501953125,8334.650390625,8249.150390625,8334.650390625,327536
2023-01-12,8044.85302734375,8369.2001953125,8377.0,8260.0,8315.0,283772
2023-01-13,8125.79150390625,8453.400390625,8500.0498046875,8351.0,8397.0,705220
2023-01-16,8055.33056640625,8380.099609375,8514.2998046875,8343.599609375,8480.0,500575
2023-01-17,8150.7353515625,8479.349609375,8493.2998046875,8342.150390625,8409.849609375,409248
2023-01-18,8164.86474609375,8494.0498046875,8537.400390625,8464.2998046875,8473.0,402883
2023-01-19,8172.17138671875,8501.650390625,8519.0,8456.5,8479.0,184776
2023-01-20,8112.71728515625,8439.7998046875,8500.0,8412.0,8462.0498046875,346337
2023-01-23,8090.8974609375,8417.099609375,8482.0,8377.900390625,8480.0,410827
2023-01-24,8361.6796875,8698.7998046875,8718.0,8417.0,8450.0,1039571
2023-01-25,8443.673828125,8784.099609375,8833.0,8680.2998046875,8747.900390625,1131883
2023-01-27,8398.8798828125,8737.5,8889.0,8620.099609375,8828.4501953125,743546
2023-01-30,8475.2998046875,8817.0,8865.0,8718.0,8779.0,1036998
2023-01-31,8550.5654296875,8895.2998046875,8943.849609375,8830.2001953125,8856.900390625,643670
2023-02-01,8429.0146484375,8768.849609375,9030.4501953125,8673.900390625,8937.0,707460
2023-02-02,8526.3896484375,8870.150390625,8940.0,8751.099609375,8765.0,456995
2023-02-03,8595.7431640625,8942.2998046875,8963.0,8845.150390625,8940.0,351157
2023-02-06,8562.7724609375,8908.0,8936.0,8820.0,8926.9501953125,205161
2023-02-07,8422.86328125,8762.4501953125,8920.0,8752.5498046875,8908.0,318669
2023-02-08,8492.3134765625,8834.7001953125,8854.5,8673.0498046875,8773.0,391645
2023-02-09,8460.111328125,8801.2001953125,8833.0,8700.0,8802.2998046875,392186
2023-02-10,8469.8671875,8811.349609375,8875.0,8772.9501953125,8797.7998046875,276298
2023-02-13,8468.0419921875,8809.4501953125,8864.400390625,8755.7001953125,8787.0,253037
2023-02-14,8434.3984375,8774.4501953125,8847.0,8765.0,8815.0,227030
2023-02-15,8502.55078125,8845.349609375,8895.7001953125,8742.0,8774.4501953125,452568
2023-02-16,8463.8603515625,8805.099609375,8880.0,8790.0,8880.0,247514
2023-02-17,8466.408203125,8807.75,8874.0,8749.75,8787.0,214587
2023-02-20,8356.73046875,8693.650390625,8849.0,8675.25,8807.75,298434
2023-02-21,8333.8515625,8669.849609375,8720.0,8638.4501953125,8694.0,323478
2023-02-22,8323.375,8658.9501953125,8719.0,8585.0,8675.5,363931
2023-02-23,8359.228515625,8696.25,8747.4501953125,8616.0,8693.4501953125,317544
2023-02-24,8324.86328125,8660.5,8740.0,8609.2998046875,8711.0,242982
2023-02-27,8297.6611328125,8632.2001953125,8643.0498046875,8530.0,8630.0,220225
2023-02-28,8290.1142578125,8624.349609375,8709.0,8605.2998046875,8650.0,370998
2023-03-01,8424.498046875,8764.150390625,8776.25,8620.0,8620.0,333441
2023-03-02,8217.4453125,8548.75,8771.0,8509.099609375,8771.0,603893
2023-03-03,8267.9111328125,8601.25,8629.0,8550.0,8592.0498046875,437977
2023-03-06,8296.9404296875,8631.4501953125,8663.0,8590.9501953125,8640.0,275417
2023-03-08,8356.9697265625,8693.900390625,8712.0498046875,8610.0498046875,8625.0,348171
2023-03-09,8210.908203125,8541.9501953125,8737.0,8534.0498046875,8725.0,431466
2023-03-10,8268.1982421875,8601.5498046875,8628.0,8480.099609375,8530.0,516128
2023-03-13,8188.271484375,8518.400390625,8637.2998046875,8481.099609375,8601.5498046875,479314
2023-03-14,8182.26318359375,8512.150390625,8544.9501953125,8445.0,8544.9501953125,349510
2023-03-15,8146.505859375,8474.9501953125,8704.9501953125,8440.0,8650.0,509229
2023-03-16,8110.45849609375,8437.4501953125,8533.400390625,8411.0,8460.099609375,340261
2023-03-17,7994.53173828125,8316.849609375,8510.9501953125,8293.5498046875,8503.0,471602
2023-03-20,7901.05078125,8219.599609375,8316.849609375,8130.0,8316.849609375,488199
2023-03-21,7909.5107421875,8228.400390625,8275.0,8215.0,8245.0,287497
2023-03-22,7932.58056640625,8252.400390625,8289.599609375,8217.0,8236.0,218120
2023-03-23,8029.4736328125,8353.2001953125,8375.0,8232.599609375,8264.0,540553
2023-03-24,7923.4482421875,8242.900390625,8386.5,8211.0,8353.2001953125,391840
2023-03-27,7957.52392578125,8278.349609375,8316.7998046875,8229.5498046875,8250.0,364326
2023-03-28,7890.669921875,8208.7998046875,8355.599609375,8140.0,8305.900390625,360349
2023-03-29,7973.81787109375,8295.2998046875,8319.099609375,8187.5,8249.849609375,339851
2023-03-31,7970.79052734375,8292.150390625,8370.0,8257.0498046875,8325.9501953125,478757
2023-04-03,8173.51611328125,8503.0498046875,8579.0,8390.349609375,8412.849609375,627265
2023-04-05,8119.68701171875,8447.0498046875,8548.0,8430.0,8521.9501953125,272888
2023-04-06,8186.58984375,8516.650390625,8535.0,8377.099609375,8464.0,309551
2023-04-10,8204.373046875,8535.150390625,8555.7998046875,8403.0498046875,8456.599609375,308275
2023-04-11,8323.9501953125,8659.5498046875,8670.9501953125,8545.0,8580.0,409240
2023-04-12,8286.943359375,8621.0498046875,8709.9501953125,8591.0,8672.0,408458
2023-04-13,8334.7646484375,8670.7998046875,8704.0,8620.0,8628.0498046875,480202
2023-04-17,8338.466796875,8674.650390625,8850.0,8650.0,8850.0,489356
2023-04-18,8394.2197265625,8732.650390625,8748.7998046875,8690.0,8692.9501953125,276111
2023-04-19,8343.560546875,8679.9501953125,8741.7998046875,8662.4501953125,8690.0498046875,280819
2023-04-20,8376.9150390625,8714.650390625,8739.900390625,8665.150390625,8670.0,369060
2023-04-21,8226.7685546875,8558.4501953125,8704.0,8550.0,8679.400390625,424157
2023-04-24,8138.046875,8466.150390625,8577.0,8444.75,8577.0,543745
2023-04-25,8140.68994140625,8468.900390625,8525.0,8420.0,8510.0,906406
2023-04-26,8177.21728515625,8506.900390625,8550.0,8434.900390625,8527.0,959058
2023-04-27,8211.8701171875,8542.9501953125,8570.0,8471.25,8570.0,536521
2023-04-28,8256.6640625,8589.5498046875,8612.4501953125,8535.099609375,8593.0,387567
2023-05-02,8436.705078125,8776.849609375,8827.0,8606.0,8622.7001953125,865562
2023-05-03,8456.3623046875,8797.2998046875,8828.0,8715.0498046875,8770.0,537008
2023-05-04,8459.53515625,8800.599609375,8822.9501953125,8743.0,8796.650390625,271926
2023-05-05,8601.8466796875,8948.650390625,8988.0,8790.0,8800.599609375,951591
2023-05-08,8724.501953125,9076.25,9120.9501953125,8960.0,9046.0,678780
2023-05-09,8758.43359375,9111.5498046875,9140.0,9051.849609375,9083.0,415394
2023-05-10,8812.8408203125,9168.150390625,9180.0,9060.0,9128.7998046875,366827
2023-05-11,8901.9970703125,9260.900390625,9315.0,9142.0498046875,9242.9501953125,644550
2023-05-12,8935.1591796875,9295.400390625,9329.7998046875,9232.650390625,9260.9501953125,403028
2023-05-15,8850.4736328125,9207.2998046875,9307.5,9185.400390625,9242.0,259316
2023-05-16,8719.7919921875,9071.349609375,9229.2998046875,9057.099609375,9219.099609375,448981
2023-05-17,8765.98046875,9119.400390625,9132.0,9032.0498046875,9080.349609375,290482
2023-05-18,8702.4423828125,9053.2998046875,9150.0,9044.099609375,9144.9501953125,272497
2023-05-19,8753.0517578125,9105.9501953125,9118.2001953125,8960.5498046875,9060.0,543472
2023-05-22,8801.787109375,9156.650390625,9169.7001953125,9073.849609375,9090.0,182115
2023-05-23,8844.12890625,9200.7001953125,9235.0,9156.75,9169.0,269008
2023-05-24,8911.46484375,9270.75,9318.2001953125,9159.0,9168.0,470365
2023-05-25,8922.134765625,9281.849609375,9293.400390625,9216.0498046875,9220.75,218979
2023-05-26,9035.6572265625,9399.9501953125,9415.0,9311.25,9333.0,346760
2023-05-29,8971.7822265625,9333.5,9488.7998046875,9312.0498046875,9435.0,236834
2023-05-30,9019.69921875,9383.349609375,9402.900390625,9300.0,9380.0,372004
2023-05-31,9004.6572265625,9367.7001953125,9449.9501953125,9267.599609375,9449.9501953125,1614766
2023-06-01,8966.7841796875,9328.2998046875,9377.5498046875,9222.0,9337.5,378706
2023-06-02,9117.7470703125,9485.349609375,9525.150390625,9312.7001953125,9389.0,445105
2023-06-05,9210.748046875,9582.099609375,9640.0,9488.5498046875,9552.5,434649
2023-06-06,9358.876953125,9736.2001953125,9770.0,9611.0,9629.0,542318
2023-06-07,9331.2880859375,9707.5,9800.0,9650.5,9788.0,453747
2023-06-08,9284.283203125,9658.599609375,9765.0,9625.5,9733.0,273746
2023-06-09,9254.67578125,9627.7998046875,9713.900390625,9611.099609375,9675.5,161389
2023-06-12,9180.3251953125,9550.4501953125,9700.0,9537.650390625,9625.0,316879
2023-06-13,9148.650390625,9517.5,9618.0498046875,9505.650390625,9588.0,561014
2023-06-14,9163.0703125,9532.5,9599.0,9490.5,9520.0,328167
2023-06-15,9223.00390625,9594.849609375,9697.7998046875,9543.0,9555.0,459978
2023-06-16,9231.51171875,9603.7001953125,9643.400390625,9552.0,9595.0498046875,682099
2023-06-19,9162.58984375,9532.0,9642.150390625,9510.0,9638.0,395006
2023-06-20,9124.2353515625,9492.099609375,9538.900390625,9420.0,9530.0,612713
2023-06-21,9074.97265625,9440.849609375,9537.0,9396.0498046875,9502.0,356331
2023-06-22,9038.63671875,9403.0498046875,9494.349609375,9373.7998046875,9439.0498046875,288487
2023-06-23,8965.822265625,9327.2998046875,9427.0,9305.0,9420.0,309138
2023-06-26,9103.1845703125,9470.2001953125,9520.0,9300.0,9327.2998046875,405168
2023-06-27,9094.3408203125,9461.0,9500.0,9395.0498046875,9490.0,339375
2023-06-28,9170.904296875,9540.650390625,9575.0,9432.5498046875,9475.4501953125,482586
2023-06-30,9409.677734375,9789.0498046875,9853.5,9541.0,9569.0,845006
2023-07-03,9298.1240234375,9673.0,9785.849609375,9656.5498046875,9742.0498046875,398066
2023-07-04,9273.517578125,9647.400390625,9716.5,9620.0498046875,9700.0,247673
2023-07-05,9605.05078125,9992.2998046875,10036.9501953125,9675.0,9697.0,815044
2023-07-06,9477.3017578125,9859.400390625,10016.2998046875,9815.2001953125,9999.9501953125,652120
2023-07-07,9468.505859375,9850.25,9945.0,9815.0,9854.0,457050
2023-07-10,9358.97265625,9736.2998046875,9933.349609375,9719.75,9854.0,272008
2023-07-11,9516.4716796875,9900.150390625,9956.849609375,9736.2998046875,9796.0,568772
2023-07-12,9454.6162109375,9835.7998046875,9950.0,9805.0,9895.0,552967
2023-07-13,9273.662109375,9647.5498046875,9898.9501953125,9612.0,9852.9501953125,519564
2023-07-14,9231.462890625,9603.650390625,9727.2998046875,9591.0,9701.9501953125,498441
2023-07-17,9314.033203125,9689.5498046875,9699.0,9555.0,9647.0,444583
2023-07-18,9291.060546875,9665.650390625,9766.2998046875,9601.7001953125,9710.2001953125,320985
2023-07-19,9235.2119140625,9607.5498046875,9666.0,9525.650390625,9651.0,450254
2023-07-20,9393.7685546875,9772.5,9785.0,9575.4501953125,9620.0,466813
2023-07-21,9391.4150390625,9770.0498046875,9845.0,9703.0,9720.0,328483
2023-07-24,9319.0791015625,9694.7998046875,9815.0,9680.0,9770.0498046875,358506
2023-07-25,9380.408203125,9758.599609375,9774.9501953125,9616.7998046875,9624.0,240998
2023-07-26,9378.2451171875,9756.349609375,9810.0,9725.25,9761.5,209861
2023-07-27,9375.6025390625,9753.599609375,9827.150390625,9691.650390625,9770.0,256672
2023-07-28,9295.5302734375,9670.2998046875,9750.0,9546.400390625,9739.0,381151
2023-07-31,9440.1494140625,9820.75,9837.7001953125,9606.0,9670.2998046875,600060
2023-08-01,9340.1796875,9716.75,9892.0,9650.0498046875,9760.0,1394528
2023-08-02,9279.6689453125,9653.7998046875,9793.4501953125,9520.349609375,9715.0,672815
2023-08-03,9260.1669921875,9543.7001953125,9659.9501953125,9515.599609375,9598.849609375,614897
2023-08-04,9189.0439453125,9470.400390625,9616.0,9427.0,9560.0,540470
2023-08-07,9240.857421875,9523.7998046875,9539.7998046875,9422.0,9490.0,366329
2023-08-08,9259.05078125,9542.5498046875,9623.0,9505.0,9539.9501953125,430636
2023-08-09,9181.9599609375,9463.099609375,9540.0498046875,9417.5,9540.0,404602
2023-08-10,9118.40625,9397.599609375,9500.0,9342.0498046875,9463.099609375,523490
2023-08-11,9078.8671875,9356.849609375,9469.0,9344.0,9397.599609375,498504
2023-08-14,9044.7138671875,9321.650390625,9364.0,9257.900390625,9360.0,336864
2023-08-16,9139.705078125,9419.5498046875,9437.75,9254.150390625,9334.0,336363
2023-08-17,9096.7685546875,9375.2998046875,9474.75,9350.0,9414.900390625,402798
2023-08-18,9175.1201171875,9456.0498046875,9470.0,9336.650390625,9350.0,400745
2023-08-21,9158.3828125,9438.7998046875,9469.0,9413.25,9455.5498046875,375347
2023-08-22,9209.9052734375,9491.900390625,9508.0498046875,9409.7001953125,9420.2001953125,435930
2023-08-23,9315.716796875,9600.9501953125,9640.0,9446.0,9519.0,546842
2023-08-24,9289.275390625,9573.7001953125,9661.650390625,9555.0,9661.650390625,385559
2023-08-25,9223.2958984375,9505.7001953125,9624.75,9485.0,9554.0,346449
2023-08-28,9312.5625,9597.7001953125,9670.0,9510.0,9514.9501953125,325938
2023-08-29,9335.412109375,9621.25,9684.75,9506.0,9600.0,317224
2023-08-30,9505.3603515625,9796.400390625,9817.9501953125,9610.0,9660.0,543634
2023-08-31,9706.5966796875,10003.7998046875,10065.0,9770.099609375,9770.099609375,1581818
2023-09-01,10024.3193359375,10331.25,10397.9501953125,9951.349609375,9999.0,1193178
2023-09-04,10054.591796875,10362.4501953125,10467.9501953125,10286.2998046875,10401.0,819552
2023-09-05,9957.2236328125,10262.099609375,10412.7001953125,10245.7998046875,10350.0,507107
2023-09-06,9876.447265625,10178.849609375,10260.0,10130.150390625,10260.0,663758
2023-09-07,9975.3193359375,10280.75,10300.900390625,10150.0,10150.0,445805
2023-09-08,10025.046875,10332.0,10400.0,10300.0,10399.0,439721
2023-09-11,10220.8994140625,10533.849609375,10550.0,10344.0,10345.0,598050
2023-09-12,10191.548828125,10503.599609375,10568.400390625,10405.0,10544.0,568773
2023-09-13,10162.24609375,10473.400390625,10536.400390625,10440.0,10500.0,301707
2023-09-14,10176.5595703125,10488.150390625,10580.0,10431.0498046875,10465.0498046875,501196
2023-09-15,10212.556640625,10525.25,10550.0,10477.400390625,10489.2998046875,544616
2023-09-18,10209.5,10522.099609375,10623.650390625,10494.0498046875,10500.0498046875,430213
2023-09-20,10039.3583984375,10346.75,10494.0498046875,10337.5498046875,10494.0498046875,545106
2023-09-21,9978.763671875,10284.2998046875,10345.0,10206.5,10343.0498046875,577252
2023-09-22,10222.162109375,10535.150390625,10566.75,10308.4501953125,10378.0,986206
2023-09-25,10273.6357421875,10588.2001953125,10720.0,10530.0,10535.150390625,756801
2023-09-26,10243.0234375,10556.650390625,10633.9501953125,10526.5498046875,10631.900390625,452503
2023-09-27,10363.435546875,10680.75,10706.0,10525.0,10550.0,458359
2023-09-28,10251.462890625,10565.349609375,10705.0,10532.0498046875,10650.5,598144
2023-09-29,10295.3701171875,10610.599609375,10705.5,10510.5498046875,10541.0,481725
2023-10-03,10039.5048828125,10346.900390625,10709.7998046875,10303.2998046875,10709.7998046875,623006
2023-10-04,9828.90234375,10129.849609375,10283.900390625,10090.0,10283.900390625,407793
2023-10-05,9906.8173828125,10210.150390625,10270.9501953125,10109.0,10181.9501953125,377196
2023-10-06,9995.986328125,10302.0498046875,10332.9501953125,10260.0,10283.0,335700
2023-10-09,9940.4375,10244.7998046875,10334.400390625,10183.9501953125,10250.0,230083
2023-10-10,10066.76953125,10375.0,10417.0,10270.099609375,10290.0,348342
2023-10-11,10102.767578125,10412.099609375,10440.0,10340.0498046875,10349.9501953125,193526
2023-10-12,10266.552734375,10580.900390625,10624.5498046875,10420.2001953125,10460.0,569237
2023-10-13,10408.845703125,10727.5498046875,10745.0498046875,10529.7998046875,10534.0498046875,625954
2023-10-16,10386.48046875,10704.5,10810.849609375,10665.0,10729.9501953125,304196
2023-10-17,10431.404296875,10750.7998046875,10797.849609375,10565.2998046875,10730.0,474718
2023-10-18,10467.9365234375,10788.4501953125,10809.849609375,10711.0498046875,10755.0,267435
2023-10-19,10451.68359375,10771.7001953125,10798.7001953125,10700.0,10700.0,286284
2023-10-20,10407.0029296875,10725.650390625,10799.0,10695.7001953125,10763.099609375,232512
2023-10-23,10240.1123046875,10553.650390625,10724.650390625,10530.4501953125,10681.0,227925
2023-10-25,10274.265625,10588.849609375,10647.4501953125,10501.599609375,10520.0,401105
2023-10-26,10114.4599609375,10424.150390625,10594.0,10392.5,10539.0,506129
2023-10-27,10246.9521484375,10560.7001953125,10845.0,10440.0,10440.0498046875,1116713
2023-10-30,10088.794921875,10397.7001953125,10700.0,10245.0,10700.0,991168
2023-10-31,10083.5546875,10392.2998046875,10490.0,10321.0,10490.0,439996
2023-11-01,9923.89453125,10227.75,10422.2001953125,10188.650390625,10390.099609375,699116
2023-11-02,9997.490234375,10303.599609375,10345.0,10201.0,10290.2998046875,569194
2023-11-03,9971.001953125,10276.2998046875,10370.0,10241.0,10318.0,517582
2023-11-06,9979.296875,10284.849609375,10338.9501953125,10252.0,10338.9501953125,490459
2023-11-07,9948.6845703125,10253.2998046875,10326.0,10235.849609375,10300.0,264935
2023-11-08,10015.634765625,10322.2998046875,10340.4501953125,10260.599609375,10320.0,287006
2023-11-09,10091.365234375,10400.349609375,10449.599609375,10316.75,10349.9501953125,310536
2023-11-10,10080.1591796875,10388.7998046875,10416.400390625,10320.0,10375.0,206395
2023-11-13,10089.474609375,10398.400390625,10429.0,10363.650390625,10429.0,261891
2023-11-15,10145.4111328125,10456.0498046875,10497.0,10375.0498046875,10497.0,436538
2023-11-16,10173.0166015625,10484.5,10543.7001953125,10409.2001953125,10480.0,488715
2023-11-17,10210.8583984375,10523.5,10606.7998046875,10499.150390625,10500.0,403772
2023-11-20,10252.337890625,10566.25,10593.349609375,10500.0,10500.0,234246
2023-11-21,10222.162109375,10535.150390625,10619.0,10500.0,10619.0,312242
2023-11-22,10182.767578125,10494.5498046875,10551.25,10420.0,10550.0,378891
2023-11-23,10176.8974609375,10488.5,10525.0,10394.0498046875,10487.7998046875,453820
2023-11-24,10203.2421875,10515.650390625,10566.5,10462.0,10505.9501953125,380306
2023-11-28,10224.490234375,10537.5498046875,10556.400390625,10506.0,10539.9501953125,268026
2023-11-29,10284.357421875,10599.25,10634.5498046875,10525.7001953125,10570.0,343341
2023-11-30,10293.5263671875,10608.7001953125,10649.0,10546.099609375,10581.0,665660
2023-12-01,10271.2099609375,10585.7001953125,10759.0,10533.0498046875,10608.0,591519
2023-12-04,10284.5517578125,10599.4501953125,10695.099609375,10425.0,10695.0,625235
2023-12-05,10403.3642578125,10721.900390625,10770.0,10563.400390625,10650.900390625,580996
2023-12-06,10310.0693359375,10625.75,10748.9501953125,10590.0,10721.900390625,464163
2023-12-07,10378.8642578125,10696.650390625,10932.849609375,10635.0,10790.0,704413
2023-12-08,10303.083984375,10618.5498046875,10748.0,10551.0,10730.0,548373
2023-12-11,10228.5654296875,10541.75,10638.0,10500.0498046875,10630.0,579749
2023-12-12,10031.2568359375,10338.400390625,10624.0,10301.099609375,10620.0,1088687
2023-12-13,10071.6689453125,10380.0498046875,10412.900390625,10260.0,10360.0,603469
2023-12-14,10045.6181640625,10353.2001953125,10495.0,10312.2998046875,10440.0,635475
2023-12-15,9980.8017578125,10286.400390625,10476.75,9832.599609375,10459.0,1244681
2023-12-18,10013.0146484375,10319.599609375,10350.900390625,10226.2001953125,10295.0,652498
2023-12-19,9929.5693359375,10233.599609375,10377.0,10206.2001953125,10319.599609375,585734
2023-12-20,9781.74609375,10081.25,10309.0498046875,9990.0,10240.0,964051
2023-12-21,9715.3779296875,10012.849609375,10099.25,9900.0,10000.0,739806
2023-12-22,9913.609375,10217.150390625,10318.2998046875,10030.0,10050.0,652545
2023-12-26,9965.5205078125,10270.650390625,10281.2001953125,10114.7001953125,10270.0,395273
2023-12-27,9982.8388671875,10288.5,10305.349609375,10230.0,10286.0,397675
2023-12-28,9966.4404296875,10271.599609375,10310.9501953125,10187.0,10310.9501953125,584234
2023-12-29,9996.27734375,10302.349609375,10396.650390625,10273.0,10280.4501953125,705227
2024-01-01,9977.7939453125,10283.2998046875,10345.0,10214.650390625,10345.0,411724
2024-01-02,9894.78515625,10197.75,10294.7001953125,10151.0498046875,10283.2998046875,776837
2024-01-03,9778.25390625,10077.650390625,10210.0,10065.0,10200.0,521046
2024-01-04,9717.755859375,10015.2998046875,10120.0,9985.5498046875,10100.0,711733
2024-01-05,9719.4052734375,10017.0,10075.0,9970.0,10010.650390625,673131
2024-01-08,9651.193359375,9946.7001953125,10128.9501953125,9911.900390625,10005.0,600153
2024-01-09,9726.2939453125,10024.099609375,10042.650390625,9890.0,9975.0,666469
2024-01-10,9712.8076171875,10010.2001953125,10050.75,9950.0,10049.9501953125,481699
2024-01-11,9713.6806640625,10011.099609375,10124.099609375,10000.0,10025.099609375,1024815
2024-01-12,9669.58203125,9965.650390625,10044.9501953125,9935.9501953125,10025.0,850190
2024-01-15,9787.2294921875,10086.900390625,10098.7998046875,9948.0,9985.099609375,463380
2024-01-16,9881.0068359375,10183.5498046875,10240.0,10060.0,10086.849609375,536823
2024-01-17,9753.07421875,10051.7001953125,10161.7998046875,9996.4501953125,10124.0,610250
2024-01-18,9629.65234375,9924.5,10050.0,9737.650390625,9946.0498046875,614860
2024-01-19,9739.4912109375,10037.7001953125,10051.650390625,9949.0498046875,9960.0,377018
2024-01-23,9567.5068359375,9860.4501953125,9973.0,9832.099609375,9862.0,956269
2024-01-24,9691.4609375,9988.2001953125,10000.0,9755.0,9860.0,459092
2024-01-25,9587.4453125,9881.0,9999.7998046875,9816.5498046875,9988.2001953125,718817
2024-01-29,9694.56640625,9991.400390625,10035.0,9875.0498046875,9931.150390625,446516
2024-01-30,9655.9970703125,9951.650390625,10033.5,9931.5,10010.849609375,399869
2024-01-31,9884.2578125,10186.900390625,10235.599609375,9913.0,9959.2998046875,997024
2024-02-01,10321.908203125,10637.9501953125,10699.7998046875,10204.0,10210.0,1869594
2024-02-02,10338.888671875,10655.4501953125,10711.599609375,10540.400390625,10598.0,814940
2024-02-05,10118.728515625,10428.5498046875,10759.9501953125,10400.0,10602.0,365105
2024-02-06,10522.6611328125,10844.849609375,10856.75,10458.0,10499.9501953125,829040
2024-02-07,10610.8125,10935.7001953125,10973.5,10786.7998046875,10860.0,560808
2024-02-08,10424.7099609375,10743.900390625,10951.0,10689.9501953125,10951.0,557082
2024-02-09,10413.9873046875,10732.849609375,10770.0,10611.099609375,10711.25,645489
2024-02-12,10391.5263671875,10709.7001953125,10748.9501953125,10650.0498046875,10700.0,190655
2024-02-13,10473.8056640625,10794.5,10830.0,10640.150390625,10730.0,397979
2024-02-14,10700.3212890625,11027.9501953125,11050.0,10703.400390625,10705.0,354676
2024-02-15,10760.7705078125,11090.25,11133.0,10980.0,11040.0,447248
2024-02-16,11042.30078125,11380.400390625,11480.0,11098.0,11120.0,716486
2024-02-19,11142.19140625,11483.349609375,11613.0498046875,11333.0498046875,11380.400390625,581383
2024-02-20,11106.3876953125,11446.4501953125,11479.9501953125,11315.849609375,11440.0,355044
2024-02-21,11125.2119140625,11465.849609375,11521.0,11370.0,11456.0,348461
2024-02-22,11311.4580078125,11657.7998046875,11695.0,11391.25,11500.0,584406
2024-02-23,11192.8896484375,11535.599609375,11720.0,11475.2001953125,11704.9501953125,472884
2024-02-26,11126.3271484375,11467.0,11533.9501953125,11416.4501953125,11505.0,277700
2024-02-27,11158.9775390625,11500.650390625,11562.900390625,11384.25,11415.0,307585
2024-02-28,10821.4619140625,11152.7998046875,11498.9501953125,11130.0,11471.0,358812
2024-02-29,10952.984375,11288.349609375,11349.0,11129.5,11155.0,943841
2024-03-01,11275.705078125,11620.9501953125,11675.0,11295.0,11295.0,487355
2024-03-04,11249.7001953125,11594.150390625,11677.2998046875,11544.150390625,11600.0,369936
2024-03-05,11323.87890625,11670.599609375,11730.0,11561.7998046875,11596.0498046875,320702
2024-03-06,11223.404296875,11567.0498046875,11679.0,11518.400390625,11670.599609375,639542
2024-03-07,11168.0986328125,11510.0498046875,11633.5,11421.150390625,11571.0498046875,255325
2024-03-11,11057.0009765625,11395.5498046875,11555.900390625,11350.0498046875,11515.150390625,525344
2024-03-12,11167.953125,11509.900390625,11575.900390625,11381.0,11400.0,283816
2024-03-13,11051.7607421875,11390.150390625,11554.849609375,11267.599609375,11510.0,385204
2024-03-14,11065.7802734375,11404.599609375,11460.0,11302.0498046875,11401.75,523058
2024-03-15,11135.6904296875,11476.650390625,11521.0498046875,11314.0498046875,11380.0,972333
2024-03-18,11290.59765625,11636.2998046875,11665.400390625,11366.2998046875,11436.650390625,311049
2024-03-19,11252.513671875,11597.0498046875,11679.9501953125,11456.150390625,11542.099609375,409259
2024-03-20,11586.390625,11941.150390625,12025.0,11651.150390625,11651.150390625,1031037
2024-03-21,11554.37109375,11908.150390625,12000.0,11825.349609375,11999.0,544311
2024-03-22,11971.16015625,12337.7001953125,12427.2998046875,11890.0498046875,11890.0498046875,1062263
2024-03-26,11886.5986328125,12250.5498046875,12321.900390625,12141.2001953125,12285.5498046875,507568
2024-03-27,12138.6796875,12510.349609375,12722.7001953125,12285.7001953125,12290.0,878986
2024-03-28,12226.005859375,12600.349609375,12726.7998046875,12385.5,12569.9501953125,860324
2024-04-01,12196.169921875,12569.599609375,12689.0,12506.150390625,12613.349609375,314676
2024-04-02,12179.529296875,12552.4501953125,12648.0,12462.25,12624.9501953125,333508
2024-04-03,12058.630859375,12427.849609375,12525.5,12412.5498046875,12450.0,271935
2024-04-04,12193.8896484375,12567.25,12649.0,12318.0498046875,12490.0,491166
2024-04-05,12052.56640625,12421.599609375,12557.900390625,12384.5,12492.0,231600
2024-04-08,12482.890625,12865.099609375,12927.650390625,12450.0,12450.0,570422
2024-04-09,12505.111328125,12888.0,12985.7001953125,12780.0,12865.099609375,314466
2024-04-10,12305.9580078125,12682.75,12958.0,12600.900390625,12933.0,464239
2024-04-12,11902.123046875,12266.5498046875,12660.0,12225.0,12660.0,973366
2024-04-15,12053.779296875,12422.849609375,12510.0,12032.9501953125,12199.5,831257
2024-04-16,12131.2578125,12502.7001953125,12549.900390625,12275.349609375,12308.0,579183
2024-04-18,12036.4599609375,12405.0,12602.0,12320.0498046875,12570.0,679117
2024-04-19,12333.3203125,12710.9501953125,12759.400390625,12225.0,12399.900390625,635535
2024-04-22,12405.6552734375,12785.5,12879.150390625,12659.0,12783.150390625,342212
2024-04-23,12610.14453125,12996.25,13024.5,12776.2998046875,12845.0,397281
2024-04-24,12559.4951171875,12944.0498046875,13073.9501953125,12900.0,13000.0,296364
2024-04-25,12538.5859375,12922.5,12980.7001953125,12740.349609375,12964.0,640725
2024-04-26,12325.947265625,12703.349609375,13045.0,12660.0,12922.0,704626
2024-04-29,12312.84765625,12689.849609375,12994.7998046875,12603.0,12800.0498046875,613937
2024-04-30,12436.705078125,12817.5,12996.0,12740.2001953125,12786.0,528776
2024-05-02,12424.916015625,12805.349609375,12844.150390625,12514.7998046875,12750.0,814923
2024-05-03,12121.021484375,12492.150390625,12830.0,12411.400390625,12817.9501953125,834990
2024-05-06,12069.740234375,12439.2998046875,12646.400390625,12372.5,12550.0,342231
2024-05-07,11996.7255859375,12364.0498046875,12508.5,12239.0,12472.400390625,604375
2024-05-08,12170.8935546875,12543.5498046875,12559.9501953125,12325.0,12392.0,399669
2024-05-09,12133.1494140625,12504.650390625,12739.7998046875,12436.75,12540.0,504590
2024-05-10,12298.923828125,12675.5,12696.9501953125,12501.0,12505.0,328670
2024-05-13,12297.322265625,12673.849609375,12708.400390625,12477.5498046875,12660.0,281421
2024-05-14,12433.50390625,12814.2001953125,12840.0,12651.400390625,12673.849609375,331037
2024-05-15,12387.9970703125,12767.2998046875,12872.400390625,12700.0,12820.0,232030
2024-05-16,12126.3583984375,12497.650390625,12848.0,12300.0,12848.0,914201
2024-05-17,12265.93359375,12641.5,12665.900390625,12322.2998046875,12515.150390625,809226
2024-05-21,12102.7314453125,12473.2998046875,12678.900390625,12441.7998046875,12600.150390625,443136
2024-05-22,12159.0556640625,12531.349609375,12563.0,12363.099609375,12427.7998046875,280015
2024-05-23,12550.6181640625,12934.900390625,12975.099609375,12473.0498046875,12566.0498046875,768732
2024-05-24,12614.220703125,13000.4501953125,13034.0,12811.0,12865.0,624801
2024-05-27,12522.671875,12906.099609375,13058.5,12777.0,13023.4501953125,464953
2024-05-28,12437.771484375,12818.599609375,12985.9501953125,12800.25,12890.0,333806
2024-05-29,12408.7119140625,12788.650390625,12850.0498046875,12750.0,12818.0,353706
2024-05-30,12223.7265625,12598.0,12810.0,12550.0,12721.0,524559
2024-05-31,12030.9296875,12399.2998046875,12633.349609375,12330.0,12598.0,908304
2024-06-03,12105.4970703125,12476.150390625,12825.0,12402.5498046875,12825.0,485936
2024-06-04,11814.3125,12176.0498046875,12597.2001953125,11561.4501953125,12596.599609375,825928
2024-06-05,12131.1611328125,12502.599609375,12614.099609375,12125.099609375,12180.0,447581
2024-06-06,12296.984375,12673.5,12690.0,12468.0,12511.5498046875,447536
2024-06-07,12430.3017578125,12810.900390625,12828.0,12582.349609375,12582.349609375,532480
2024-06-10,12339.724609375,12717.5498046875,12920.0,12627.900390625,12765.150390625,293471
2024-06-11,12481.4853515625,12863.650390625,12939.5498046875,12655.2001953125,12743.5,358807
2024-06-12,12467.609375,12849.349609375,12951.599609375,12802.0,12863.650390625,302719
2024-06-13,12465.18359375,12846.849609375,12940.0,12739.599609375,12940.0,297240
2024-06-14,12463.58203125,12845.2001953125,12895.0,12778.7998046875,12831.5,216967
2024-06-18,12187.77734375,12560.9501953125,12880.0,12542.0498046875,12878.400390625,823306
2024-06-19,11878.3994140625,12242.099609375,12625.0,12200.0,12610.0,694871
2024-06-20,11788.5517578125,12149.5,12305.5,12135.0,12246.0,907751
2024-06-21,11839.005859375,12201.5,12366.25,12083.5,12220.0,947800
2024-06-24,11821.4443359375,12183.400390625,12289.0,12041.0,12181.0,550862
2024-06-25,11756.62890625,12116.599609375,12237.7998046875,12072.0498046875,12201.400390625,594272
2024-06-26,11835.8525390625,12198.25,12323.849609375,12067.7001953125,12117.0,447931
2024-06-27,11816.931640625,12178.75,12227.2998046875,12010.0,12200.0,1230852
2024-06-28,11676.3359375,12033.849609375,12201.5,12004.150390625,12184.9501953125,1160395
2024-07-01,11748.9150390625,12108.650390625,12260.0,12005.5498046875,12045.0,1134926
2024-07-02,11684.826171875,12042.599609375,12149.9501953125,11995.0,12149.9501953125,687181
2024-07-03,11763.4697265625,12123.650390625,12150.0,11960.0,12115.0,467532
2024-07-04,11730.4306640625,12089.599609375,12210.0,12071.7998046875,12135.0,299684
2024-07-05,11744.451171875,12104.0498046875,12137.4501953125,12021.900390625,12069.150390625,406926
2024-07-08,11666.3916015625,12023.599609375,12112.0,11966.0,12104.0,496933
2024-07-09,12446.6025390625,12827.7001953125,12959.9501953125,12264.0498046875,12325.0,2114130
2024-07-10,12393.333984375,12772.7998046875,13300.0,12732.650390625,12950.0498046875,2070520
2024-07-11,12337.4443359375,12715.2001953125,12923.7998046875,12695.0498046875,12800.0,608983
2024-07-12,12189.28125,12562.5,12669.900390625,12475.0,12620.0,674746
2024-07-15,12268.3115234375,12643.9501953125,12768.5,12590.0,12600.0,697186
2024-07-16,12264.0419921875,12639.5498046875,12798.0,12581.75,12643.0,347810
2024-07-18,12268.408203125,12644.0498046875,12680.0,12463.0,12633.0,391216
2024-07-19,12152.2158203125,12524.2998046875,12710.0,12496.4501953125,12650.0,351955
2024-07-22,12265.69140625,12641.25,12658.9501953125,12400.0498046875,12500.0,249631
2024-07-23,12253.853515625,12629.0498046875,12734.9501953125,12360.0,12720.0,332258
2024-07-24,12116.267578125,12487.25,12663.2001953125,12458.2001953125,12634.0,285860
2024-07-25,12137.5654296875,12509.2001953125,12525.0,12388.0498046875,12388.0498046875,396789
2024-07-26,12287.474609375,12663.7001953125,12743.099609375,12389.2001953125,12470.0,537693
2024-07-29,12372.7138671875,12751.5498046875,12773.7001953125,12603.0,12709.0,388263
2024-07-30,12491.1875,12873.650390625,12968.7998046875,12709.900390625,12760.0,526539
2024-07-31,12726.142578125,13115.7998046875,13375.0,12895.150390625,12980.0,836405
2024-08-01,12962.166015625,13359.0498046875,13680.0,13112.0,13393.0,2040384
2024-08-02,12464.9462890625,12726.400390625,13174.900390625,12673.0498046875,13126.0,1333355
2024-08-05,11950.1923828125,12200.849609375,12490.0,12027.650390625,12490.0,1131415
2024-08-06,11881.875,12131.099609375,12554.900390625,12110.0,12390.0,623565
2024-08-07,12117.337890625,12371.5,12450.0,12265.900390625,12399.0,433514
2024-08-08,11967.8232421875,12218.849609375,12392.7001953125,12152.150390625,12371.0,358577
2024-08-09,11973.0634765625,12224.2001953125,12390.0,12195.099609375,12390.0,320211
2024-08-12,12021.10546875,12273.25,12370.0,12100.0,12200.0,291212
2024-08-13,11926.0986328125,12176.25,12340.0498046875,12122.0,12337.0,464483
2024-08-14,11954.89453125,12205.650390625,12239.0,12130.0,12239.0,449827
2024-08-16,11962.38671875,12213.2998046875,12343.9501953125,12111.0,12314.9501953125,552732
2024-08-19,11900.19140625,12149.7998046875,12244.0498046875,12126.7998046875,12195.0,277319
2024-08-20,11964.00390625,12214.9501953125,12310.0,12150.099609375,12160.5,471927
2024-08-21,11969.8798828125,12220.9501953125,12248.9501953125,12177.0498046875,12214.9501953125,295984
2024-08-22,12024.1416015625,12276.349609375,12325.0,12181.0,12280.0,501316
2024-08-23,12049.55859375,12302.2998046875,12375.0498046875,12254.400390625,12300.0,440809
2024-08-26,11992.2607421875,12243.7998046875,12334.5,12222.0,12325.0,232805
2024-08-27,12240.1611328125,12496.900390625,12530.0,12225.099609375,12245.0,477609
2024-08-28,12103.625,12357.5,12519.9501953125,12330.0,12500.0,313227
2024-08-29,12197.9462890625,12453.7998046875,12480.0,12250.0,12343.0,608598
2024-08-30,12148.1904296875,12403.0,12570.0,12316.2001953125,12460.0,2271179
2024-09-02,12172.0888671875,12427.400390625,12525.0,12350.400390625,12373.0,331514
2024-09-03,12142.4111328125,12397.099609375,12474.2998046875,12359.900390625,12474.0,445514
2024-09-04,12082.810546875,12336.25,12398.0,12234.099609375,12325.0498046875,735076
2024-09-05,12045.9345703125,12298.599609375,12370.0,12230.0,12337.0,595865
2024-09-06,11935.7958984375,12186.150390625,12304.849609375,12094.7001953125,12250.0,733354
2024-09-09,11896.224609375,12145.75,12219.849609375,12102.0,12197.5,415790
2024-09-10,12011.4580078125,12263.400390625,12288.0498046875,12098.0,12150.099609375,285122
2024-09-11,11991.0849609375,12242.599609375,12334.0,12165.0,12260.0,349799
2024-09-12,12146.083984375,12400.849609375,12427.0,12151.349609375,12262.099609375,547830
2024-09-13,12063.0263671875,12316.0498046875,12395.0,12291.0498046875,12365.0,361093
2024-09-16,12036.5322265625,12289.0,12364.0,12256.0,12321.9501953125,170114
2024-09-17,11994.1708984375,12245.75,12285.0,12151.650390625,12285.0,568161
2024-09-18,11953.3759765625,12204.099609375,12337.9501953125,12170.0,12240.0498046875,182282
2024-09-19,12097.748046875,12351.5,12410.0,12206.400390625,12259.9501953125,465608
2024-09-20,12355.3447265625,12614.5,12705.150390625,12360.0498046875,12360.400390625,875654
2024-09-23,12422.53515625,12683.099609375,12749.0,12625.0,12625.0,235586
2024-09-24,12476.8955078125,12738.599609375,12778.9501953125,12583.099609375,12583.099609375,425916
2024-09-25,12522.6357421875,12785.2998046875,12816.2001953125,12611.0,12727.25,341172
2024-09-26,13108.8408203125,13383.7998046875,13411.0,12830.0,12835.0,1471069
2024-09-27,13218.3427734375,13495.599609375,13541.650390625,13274.4501953125,13383.0,865698
2024-09-30,12966.03515625,13238.0,13500.0,13208.7001953125,13343.5498046875,415743
2024-10-01,12895.5146484375,13166.0,13300.4501953125,13000.0498046875,13238.0,388888
2024-10-03,12387.51953125,12647.349609375,13148.0,12592.2998046875,12941.0498046875,863520
2024-10-04,12346.7744140625,12605.75,12877.849609375,12512.5,12689.900390625,679362
2024-10-07,12270.1318359375,12527.5,12648.0,12378.0,12626.0498046875,465500
2024-10-08,12274.4912109375,12531.9501953125,12630.099609375,12462.0498046875,12502.25,387060
2024-10-09,12498.5419921875,12760.7001953125,12850.0,12540.5,12554.9501953125,465231
2024-10-10,12678.1728515625,12944.099609375,12965.0,12711.5,12798.900390625,492698
2024-10-11,12514.1640625,12776.650390625,12980.0,12725.0,12944.099609375,274243
2024-10-14,12280.26953125,12537.849609375,12799.0,12462.2998046875,12775.0,488067
2024-10-15,12191.041015625,12446.75,12709.0,12355.0,12709.0,532135
2024-10-16,12129.482421875,12383.900390625,12454.9501953125,12231.0,12414.0498046875,418138
2024-10-17,11894.265625,12143.75,12420.099609375,12070.0,12400.0,875937
2024-10-18,11856.41015625,12105.099609375,12141.25,11844.4501953125,12070.0,506871
2024-10-21,11925.755859375,12175.900390625,12250.0,11944.5498046875,12145.5498046875,375275
2024-10-22,11678.3447265625,11923.2998046875,12289.7998046875,11840.0,12215.9501953125,904901
2024-10-23,11710.5693359375,11956.2001953125,12119.900390625,11753.4501953125,11923.2998046875,412638
2024-10-24,11522.0244140625,11763.7001953125,11998.9501953125,11636.900390625,11998.9501953125,552495
2024-10-25,11266.5322265625,11502.849609375,11794.2998046875,11440.0,11763.599609375,624582
2024-10-28,11247.3359375,11483.25,11632.650390625,11440.0,11504.7998046875,613830
2024-10-29,10819.0693359375,11046.0,11483.0,10742.4501953125,11450.0,2268683
2024-10-30,11025.1953125,11256.4501953125,11520.0,10945.0,10979.0,1672966
2024-10-31,10848.8935546875,11076.4501953125,11247.5498046875,11050.0,11225.0,838211
2024-11-01,10881.75390625,11110.0,11209.5498046875,11080.0,11150.0,65670
2024-11-04,10825.38671875,11052.4501953125,11295.0,10860.0,11295.0,444462
2024-11-05,10940.6181640625,11170.099609375,11275.0,11011.900390625,11042.0,321159
2024-11-06,11120.9853515625,11354.25,11430.0,11172.599609375,11219.0,416027
2024-11-07,11067.998046875,11300.150390625,11385.0,11186.599609375,11305.150390625,530194
2024-11-08,11070.7890625,11303.0,11344.0,11125.599609375,11260.5,269993
2024-11-11,11165.501953125,11399.7001953125,11518.150390625,11310.0,11331.5,450681
2024-11-12,10914.173828125,11143.099609375,11516.900390625,11107.25,11392.0498046875,549747
2024-11-13,10822.5947265625,11049.599609375,11142.849609375,10864.2998046875,11140.0,507710
2024-11-14,10779.9384765625,11006.0498046875,11117.7001953125,10892.099609375,11055.0,431348
2024-11-18,10866.033203125,11093.9501953125,11182.9501953125,10915.0,10950.0,333440
2024-11-19,10734.1494140625,10959.2998046875,11195.25,10896.400390625,11090.0,864067
2024-11-21,10638.310546875,10861.4501953125,10958.2001953125,10770.0,10921.150390625,540201
2024-11-22,10836.306640625,11063.599609375,11106.650390625,10827.25,10905.0,493678
2024-11-25,10798.6474609375,11025.150390625,11247.9501953125,10990.0498046875,11202.0,635726
2024-11-26,10719.115234375,10943.9501953125,11077.9501953125,10891.4501953125,11025.150390625,406586
2024-11-27,10831.1650390625,11058.349609375,11116.900390625,10870.0,10936.0,343332
2024-11-28,10724.8935546875,10949.849609375,11080.599609375,10888.0,11060.400390625,607669
2024-11-29,10846.689453125,11074.2001953125,11130.099609375,10920.0,10949.9501953125,338207
2024-12-02,11008.396484375,11239.2998046875,11330.0,11151.0,11151.0,446880
2024-12-03,11047.52734375,11279.25,11309.0,11203.0,11250.0,258644
2024-12-04,10901.1953125,11129.849609375,11300.0,11106.0,11281.0,554674
2024-12-05,10952.51953125,11182.25,11270.0,11031.0,11134.9501953125,545501
2024-12-06,11085.431640625,11317.9501953125,11375.9501953125,11121.0,11200.0,417214
2024-12-09,11048.0654296875,11279.7998046875,11368.900390625,11252.5498046875,11322.0,254485
2024-12-10,10968.1416015625,11198.2001953125,11314.349609375,11170.0,11275.0,410569
2024-12-11,11046.0576171875,11277.75,11320.849609375,11220.599609375,11229.900390625,226584
2024-12-12,10937.974609375,11167.400390625,11299.349609375,11078.25,11299.349609375,396561
2024-12-13,11040.9638671875,11272.5498046875,11290.0,11033.599609375,11137.400390625,263579
2024-12-16,11045.3232421875,11277.0,11329.4501953125,11205.0,11255.5498046875,223389
2024-12-17,10880.333984375,11108.5498046875,11272.4501953125,11059.7001953125,11263.0,295445
2024-12-18,10776.4130859375,11002.4501953125,11098.0498046875,10970.099609375,11085.0,497103
2024-12-19,10730.28125,10955.349609375,11035.400390625,10852.4501953125,10888.0,435360
2024-12-20,10677.095703125,10901.0498046875,11077.0,10865.9501953125,10940.0,404608
2024-12-23,10599.669921875,10822.0,10989.7998046875,10755.400390625,10928.0,237165
2024-12-24,10516.0244140625,10736.599609375,10887.4501953125,10725.0,10822.0,151149
2024-12-26,10672.150390625,10896.0,10974.7998046875,10770.0,10770.5,349811
2024-12-27,10716.2744140625,10941.0498046875,11133.0,10912.599609375,10929.5,257973
2024-12-30,10577.09375,10798.9501953125,10950.0,10750.099609375,10941.0498046875,335481
2024-12-31,10635.3232421875,10858.400390625,10893.7001953125,10750.599609375,10765.0,198997
2025-01-01,10978.0341796875,11208.2998046875,11273.9501953125,10800.2001953125,10858.0,383202
2025-01-02,11598.029296875,11841.2998046875,11859.150390625,11226.0,11285.0,1417042
2025-01-03,11689.0703125,11934.25,12049.7998046875,11787.9501953125,11849.9501953125,701315
2025-01-06,11514.1396484375,11755.650390625,11979.900390625,11690.7001953125,11929.0,383268
2025-01-07,11480.4951171875,11721.2998046875,11825.9501953125,11673.7001953125,11755.650390625,308104
2025-01-08,11579.1259765625,11822.0,11859.9501953125,11725.2998046875,11726.0,303100
2025-01-09,11499.349609375,11740.5498046875,11850.0,11659.650390625,11822.0,266413
2025-01-10,11392.1474609375,11631.099609375,11760.0,11570.0,11690.0,218246
2025-01-13,11261.48828125,11497.7001953125,11654.4501953125,11468.0,11468.5,253524
2025-01-14,11499.9375,11741.150390625,11785.5498046875,11531.0,11533.9501953125,627463
2025-01-15,11701.951171875,11947.400390625,12192.400390625,11861.0,11890.5498046875,692822
2025-01-16,11843.873046875,12092.2998046875,12134.0,11956.2001953125,11981.4501953125,551211
2025-01-17,11887.017578125,12136.349609375,12189.900390625,12004.2998046875,12101.900390625,285370
2025-01-20,11773.107421875,12020.0498046875,12147.0498046875,11984.0498046875,12147.0498046875,251731
2025-01-21,11639.55859375,11883.7001953125,12139.7998046875,11862.0498046875,12017.0498046875,300038
2025-01-22,11773.4013671875,12020.349609375,12078.849609375,11900.0498046875,11900.0498046875,396590
2025-01-23,11798.279296875,12045.75,12106.2998046875,11961.2998046875,12005.0,480876
2025-01-24,11722.029296875,11967.900390625,12093.0,11914.099609375,11930.0,310343
2025-01-27,11747.4453125,11993.849609375,12046.900390625,11811.0498046875,11901.900390625,251783
2025-01-28,11874.6767578125,12123.75,12164.7001953125,11884.9501953125,12018.349609375,533451
2025-01-29,11731.8232421875,11977.900390625,12320.7001953125,11885.0498046875,12120.0,817549
2025-01-30,11753.4697265625,12000.0,12110.849609375,11923.099609375,12021.0,418442
2025-01-31,12057.7373046875,12310.650390625,12390.0,12000.0,12000.0,709009
2025-02-01,12651.140625,12916.5,13150.0,12228.650390625,12320.0,1101170
2025-02-03,12870.0,13139.9501953125,13461.2001953125,12921.650390625,12990.0,926127
2025-02-04,12840.6171875,13109.9501953125,13259.9501953125,12971.5,13250.0,530749
2025-02-05,12817.9423828125,13086.7998046875,13150.0,13003.5,13110.0,271633
2025-02-06,12805.4052734375,13074.0,13130.0,13006.7998046875,13060.0,414134
2025-02-07,12781.408203125,13049.5,13108.5,13012.0,13060.0,355223
2025-02-10,12635.7138671875,12900.75,13060.0,12886.650390625,13050.0,294142
2025-02-11,12462.9375,12724.349609375,13017.25,12699.4501953125,12899.9501953125,354195
2025-02-12,12395.55078125,12655.5498046875,12765.349609375,12608.0498046875,12700.0,425735
2025-02-13,12410.9775390625,12671.2998046875,12744.9501953125,12614.75,12675.0,186742
2025-02-14,12419.744140625,12680.25,12780.0,12584.099609375,12700.0,233454
2025-02-17,12500.6962890625,12762.900390625,12774.0,12578.099609375,12601.599609375,192210
2025-02-18,12523.517578125,12786.2001953125,12884.9501953125,12735.150390625,12764.9501953125,267936
2025-02-19,12425.5234375,12686.150390625,12769.150390625,12651.0,12727.0,288694
2025-02-20,12185.06640625,12440.650390625,12650.0,12380.0,12650.0,423739
2025-02-21,12070.2744140625,12323.4501953125,12438.599609375,12245.0,12420.0,477013
2025-02-24,12091.5771484375,12345.2001953125,12432.5,12220.099609375,12248.349609375,399571
2025-02-25,12220.033203125,12476.349609375,12507.400390625,12350.0,12388.75,363355
2025-02-27,12126.25,12380.599609375,12550.0,12312.0,12531.7001953125,236805
2025-02-28,11700.4306640625,11945.849609375,12338.5,11811.7001953125,12338.5,605149
2025-03-03,11533.6787109375,11775.599609375,12059.4501953125,11757.75,11886.0,186884
2025-03-04,11377.6025390625,11616.25,11724.25,11591.0,11690.0,255726
2025-03-05,11378.6796875,11617.349609375,11830.0,11568.349609375,11605.0,349730
2025-03-06,11426.7236328125,11666.400390625,11729.5,11480.0,11701.0,315309
2025-03-07,11424.51953125,11664.150390625,11742.2998046875,11601.0,11650.0,259055
2025-03-10,11348.0234375,11586.0498046875,11697.900390625,11533.650390625,11600.0,153894
2025-03-11,11407.6728515625,11646.9501953125,11692.0,11510.0,11579.5,245822
2025-03-12,11400.962890625,11640.099609375,11723.9501953125,11522.0,11620.7998046875,249361
2025-03-13,11277.2578125,11513.7998046875,11685.0,11489.75,11634.7998046875,260736
2025-03-17,11316.337890625,11553.7001953125,11752.9501953125,11456.349609375,11513.7998046875,275569
2025-03-18,11316.337890625,11553.7001953125,11553.7001953125,11553.7001953125,11553.7001953125,0
2025-03-19,11376.91796875,11615.5498046875,11714.4501953125,11547.0,11700.0,476555
2025-03-20,11489.2119140625,11730.2001953125,11765.0,11588.0,11699.900390625,379421
2025-03-21,11491.7587890625,11732.7998046875,11921.7001953125,11705.7998046875,11780.0,560565
2025-03-24,11677.3173828125,11922.25,11990.0,11742.0498046875,11779.9501953125,359033
2025-03-25,11625.0634765625,11868.900390625,12075.25,11800.0,11951.400390625,514283
2025-03-26,11493.2275390625,11734.2998046875,11868.900390625,11710.0,11807.0,478517
2025-03-27,11481.1318359375,11721.9501953125,11898.0,11638.0,11773.150390625,645787
2025-03-28,11285.4365234375,11522.150390625,11745.9501953125,11400.099609375,11699.0498046875,541795
2025-04-01,11245.228515625,11481.099609375,11545.7998046875,11290.0,11480.0,498244
2025-04-02,11475.4013671875,11716.099609375,11732.0,11410.0498046875,11481.099609375,452994
2025-04-03,11447.9765625,11688.099609375,11802.9501953125,11611.0498046875,11630.5,326624
2025-04-04,11246.111328125,11482.0,11630.0,11330.0,11600.0,355785
2025-04-07,11096.98828125,11329.75,11358.5,11059.4501953125,11105.599609375,602353
2025-04-08,11223.4853515625,11458.900390625,11550.349609375,11290.0498046875,11530.0,629968
2025-04-09,11222.017578125,11457.400390625,11538.7001953125,11425.0,11460.099609375,255114
2025-04-11,11360.7568359375,11599.0498046875,11678.75,11480.0,11480.349609375,231420
2025-04-15,11611.4482421875,11855.0,11940.0,11680.0,11790.0,458593
2025-04-16,11424.3720703125,11664.0,11768.0,11615.0,11768.0,470494
2025-04-17,11454.7353515625,11695.0,11728.0,11525.0,11664.0,302146
2025-04-21,11503.7080078125,11745.0,11769.0,11588.0,11695.0,318493
2025-04-22,11492.93359375,11734.0,11788.0,11615.0,11770.0,516753
2025-04-23,11662.3798828125,11907.0,11971.0,11729.0,11799.0,493839
2025-04-24,11649.646484375,11894.0,12040.0,11858.0,11940.0,387863
2025-04-25,11457.673828125,11698.0,12046.0,11598.0,11902.0,906266
2025-04-28,11602.6328125,11846.0,11896.0,11289.0,11428.0,457303
2025-04-29,11597.736328125,11841.0,11940.0,11741.0,11812.0,455596
2025-04-30,12005.189453125,12257.0,12325.0,11800.0,11825.0,967250
2025-05-02,12150.1484375,12405.0,12727.0,12250.0,12257.0,707908
2025-05-05,12202.060546875,12458.0,12490.0,12362.0,12490.0,270014
2025-05-06,12322.533203125,12581.0,12599.0,12371.0,12438.0,414921
2025-05-07,12373.46484375,12633.0,12669.0,12355.0,12355.0,303619
2025-05-08,12137.416015625,12392.0,12597.0,12330.0,12560.0,485326
2025-05-09,11998.333984375,12250.0,12360.0,12115.0,12135.0,278112
2025-05-12,12356.814453125,12616.0,12630.0,12426.0,12426.0,185165
2025-05-13,12225.56640625,12482.0,12700.0,12430.0,12600.0,378269
2025-05-14,12409.7041015625,12670.0,12718.0,12411.0,12485.0,306050
2025-05-15,12685.9111328125,12952.0,13023.0,12548.0,12600.0,561496
2025-05-16,12728.02734375,12995.0,13086.0,12912.0,12950.0,425275
2025-05-19,12722.150390625,12989.0,13046.0,12930.0,12990.0,244277
2025-05-20,12378.3623046875,12638.0,13010.0,12610.0,13005.0,361111
2025-05-21,12355.833984375,12615.0,12808.0,12594.0,12675.0,209104
2025-05-22,12189.3271484375,12445.0,12611.0,12395.0,12611.0,434848
2025-05-23,12197.1630859375,12453.0,12495.0,12423.0,12450.0,169465
2025-05-26,12165.8203125,12421.0,12539.0,12391.0,12455.0,214703
2025-05-27,12158.9638671875,12414.0,12479.0,12290.0,12421.0,344679
2025-05-28,12077.6689453125,12331.0,12415.0,12305.0,12414.0,178181
2025-05-29,12137.416015625,12392.0,12428.0,12266.0,12340.0,191097
2025-05-30,12065.916015625,12319.0,12490.0,12251.0,12392.0,351353
2025-06-02,12037.5107421875,12290.0,12319.0,12132.0,12161.0,264972
2025-06-03,11878.83984375,12128.0,12350.0,12060.0,12273.0,369114
2025-06-04,11913.1201171875,12163.0,12245.0,12128.0,12128.0,205846
2025-06-05,11876.880859375,12126.0,12257.0,12016.0,12200.0,319783
2025-06-06,12205.9775390625,12462.0,12535.0,12100.0,12139.0,456129
2025-06-09,12377.3828125,12637.0,12660.0,12466.0,12505.0,323443
2025-06-10,12262.787109375,12520.0,12744.0,12461.0,12660.0,325292
2025-06-11,12196.18359375,12452.0,12560.0,12427.0,12470.0,306061
2025-06-12,12135.45703125,12390.0,12490.0,12307.0,12459.0,347339
2025-06-13,12153.087890625,12408.0,12425.0,12176.0,12200.0,385493
2025-06-16,12272.5810546875,12530.0,12567.0,12336.0,12404.0,184242
2025-06-17,12336.24609375,12595.0,12615.0,12470.0,12529.0,226597
2025-06-18,12486.1025390625,12748.0,12880.0,12550.0,12620.0,467738
2025-06-19,12542.9111328125,12806.0,12825.0,12714.0,12750.0,339117
2025-06-20,12528.21875,12791.0,12890.0,12728.0,12809.0,652128
2025-06-23,12438.109375,12699.0,12786.0,12666.0,12771.0,192037
2025-06-24,12351.9169921875,12611.0,12855.0,12553.0,12830.0,332717
2025-06-25,12504.7119140625,12767.0,12807.0,12617.0,12684.0,316536
2025-06-26,12453.7802734375,12715.0,12848.0,12689.0,12780.0,354735
2025-06-27,12382.279296875,12642.0,12799.0,12621.0,12750.0,346403
2025-06-30,12145.2509765625,12400.0,12675.0,12332.0,12667.0,448956
2025-07-01,12186.388671875,12442.0,12459.0,12320.0,12450.0,283481
2025-07-02,12362.6904296875,12622.0,12643.0,12359.0,12380.0,609735
2025-07-03,12490.01953125,12752.0,12820.0,12590.0,12630.0,606221
2025-07-04,12386.1982421875,12646.0,12748.0,12608.0,12715.0,225607
2025-07-07,12262.787109375,12520.0,12670.0,12471.0,12647.0,220116
2025-07-08,12158.9638671875,12414.0,12555.0,12359.0,12525.0,241050
2025-07-09,12213.8134765625,12470.0,12540.0,12430.0,12435.0,174203
2025-07-10,12390.115234375,12650.0,12670.0,12401.0,12500.0,277325
2025-07-11,12315.6767578125,12574.0,12685.0,12521.0,12640.0,194420
2025-07-14,12256.91015625,12514.0,12616.0,12431.0,12590.0,246737
2025-07-15,12278.4580078125,12536.0,12598.0,12481.0,12481.0,147377
2025-07-16,12305.8828125,12564.0,12571.0,12439.0,12536.0,204480
2025-07-17,12219.6904296875,12476.0,12627.0,12463.0,12569.0,189207
2025-07-18,12163.861328125,12419.0,12527.0,12370.0,12525.0,124068
2025-07-21,12150.1484375,12405.0,12478.0,12342.0,12431.0,232066
2025-07-22,12235.3623046875,12492.0,12530.0,12319.0,12449.0,169006
2025-07-23,12367.587890625,12627.0,12719.0,12540.0,12540.0,342005
2025-07-24,12299.0263671875,12557.0,12661.0,12519.0,12648.0,157163
2025-07-25,12149.169921875,12404.0,12557.0,12357.0,12545.0,260700
2025-07-28,12086.484375,12340.0,12535.0,12302.0,12371.0,292879
2025-07-29,12212.833984375,12469.0,12507.0,12268.0,12340.0,285115
2025-07-30,12358.7734375,12618.0,12643.0,12420.0,12431.0,203847
2025-07-31,12348.978515625,12608.0,12760.0,12464.0,12506.0,709783
2025-08-01,12179.6787109375,12302.0,12779.0,12273.0,12521.0,346024
2025-08-04,12242.052734375,12365.0,12425.0,12225.0,12326.0,255693
2025-08-05,12412.341796875,12537.0,12577.0,12370.0,12400.0,233560
2025-08-06,12399.4716796875,12524.0,12619.0,12483.0,12570.0,151608
2025-08-07,12506.3974609375,12632.0,12654.0,12429.0,12525.0,173393
2025-08-08,12464.8154296875,12590.0,12725.0,12564.0,12630.0,247048
2025-08-11,12471.74609375,12597.0,12734.0,12482.0,12585.0,187230
2025-08-12,12712.3291015625,12840.0,12959.0,12606.0,12620.0,504476
2025-08-13,12706.388671875,12834.0,12925.0,12752.0,12840.0,252065
2025-08-14,12807.375,12936.0,12956.0,12825.0,12864.0,318580
2025-08-18,13928.119140625,14068.0,14125.0,13664.0,13703.0,2154781
2025-08-19,14108.3095703125,14250.0,14270.0,13979.0,14070.0,906623
2025-08-20,14079.59765625,14221.0,14362.0,14200.0,14362.0,391425
2025-08-21,14138.01171875,14280.0,14401.0,14156.0,14219.0,513460
2025-08-22,14206.3251953125,14349.0,14370.0,14230.0,14349.0,458935
2025-08-25,14308.30078125,14452.0,14478.0,14280.0,14401.0,357110
2025-08-26,14567.6962890625,14714.0,14825.0,14391.0,14452.0,962974
2025-08-28,14605.318359375,14752.0,14895.0,14625.0,14895.0,666635
2025-08-29,14643.9306640625,14791.0,14850.0,14692.0,14750.0,621560
2025-09-01,14738.9755859375,14887.0,14938.0,14654.0,14790.0,572927
2025-09-02,14694.4228515625,14842.0,14934.0,14783.0,14859.0,379167
2025-09-03,14778.578125,14927.0,14991.0,14750.0,14875.0,561656
2025-09-04,14516.212890625,14662.0,15240.0,14630.0,15240.0,784369
2025-09-05,14746.896484375,14895.0,14957.0,14701.0,14740.0,473806
2025-09-08,15106.287109375,15258.0,15319.0,14850.0,14921.0,691077
2025-09-09,15212.22265625,15365.0,15384.0,15201.0,15249.0,605860
2025-09-10,14957.7783203125,15108.0,15384.0,15072.0,15366.0,489062
2025-09-11,14944.9072265625,15095.0,15191.0,15038.0,15111.0,657161
2025-09-12,15172.62109375,15325.0,15373.0,15153.0,15160.0,420101
2025-09-15,15113.216796875,15265.0,15378.0,15249.0,15350.0,170587
2025-09-16,15418.154296875,15573.0,15594.0,15284.0,15300.0,381944
2025-09-17,15643.8876953125,15801.0,15818.0,15570.0,15592.0,624986
2025-09-18,15659.728515625,15817.0,15939.0,15703.0,15916.0,642175
2025-09-19,15706.26171875,15864.0,16060.0,15811.0,16000.0,652443
2025-09-22,15658.73828125,15816.0,16000.0,15779.0,15879.0,302234
2025-09-23,15936.9443359375,16097.0,16325.0,16031.0,16120.0,873114
2025-09-24,16087.43359375,16249.0,16375.0,16063.0,16188.0,663647
2025-09-25,16107.234375,16269.0,16370.0,16067.0,16249.0,490262
2025-09-26,16124.0654296875,16286.0,16435.0,16202.0,16235.0,490957
2025-09-29,15825.068359375,15984.0,16340.0,15950.0,16300.0,627326
2025-09-30,15869.62109375,16029.0,16054.0,15921.0,15985.0,390006
2025-10-01,15806.2568359375,15965.0,16109.0,15850.0,16026.0,426075
2025-10-03,15648.837890625,15806.0,16025.0,15736.0,15949.0,470216
2025-10-06,15838.9287109375,15998.0,16057.0,15708.0,15840.0,268497
2025-10-07,15947.8349609375,16108.0,16159.0,15977.0,16014.0,330326
2025-10-08,15852.7900390625,16012.0,16236.0,15979.0,16108.0,306518
2025-10-09,15826.05859375,15985.0,16075.0,15853.0,16070.0,300499
2025-10-10,16103.2744140625,16265.0,16315.0,15911.0,15980.0,423031
2025-10-13,16160.697265625,16323.0,16432.0,16218.0,16264.0,337617
2025-10-14,16099.3134765625,16261.0,16350.0,16121.0,16350.0,307925
2025-10-15,16050.80078125,16212.0,16380.0,16200.0,16300.0,266435
2025-10-16,16135.9462890625,16298.0,16332.0,16200.0,16246.0,265727
2025-10-17,16237.921875,16401.0,16549.0,16298.0,16298.0,411608
2025-10-20,16260.693359375,16424.0,16518.0,16380.0,16500.0,374246
2025-10-21,16232.9716796875,16396.0,16476.0,16330.0,16453.0,28990
2025-10-23,16230.0009765625,16393.0,16660.0,16340.0,16660.0,481753
2025-10-24,16112.1845703125,16274.0,16423.0,16200.0,16392.0,208520
2025-10-27,16225.05078125,16388.0,16410.0,16275.0,16350.0,209829
2025-10-28,16148.81640625,16311.0,16495.0,16261.0,16399.0,383383
2025-10-29,15977.537109375,16138.0,16428.0,16046.0,16360.0,232815
2025-10-30,16044.8603515625,16206.0,16275.0,16077.0,16190.0,230383
2025-10-31,16025.0595703125,16186.0,16516.0,15949.0,16204.0,719402
2025-11-03,15495.37890625,15651.0,16100.0,15530.0,16016.0,942850
2025-11-04,15221.1337890625,15374.0,15633.0,15355.0,15607.0,748848
2025-11-06,15298.357421875,15452.0,15534.0,15309.0,15534.0,429800
2025-11-07,15325.08984375,15479.0,15499.0,15260.0,15459.0,227247
2025-11-10,15428.0556640625,15583.0,15647.0,15380.0,15380.0,274191
2025-11-11,15489.4384765625,15645.0,15680.0,15512.0,15640.0,181524
2025-11-12,15539.931640625,15696.0,15731.0,15555.0,15674.0,244015
2025-11-13,15592.404296875,15749.0,15800.0,15660.0,15661.0,250711
2025-11-14,15528.05078125,15684.0,15735.0,15572.0,15725.0,253698
2025-11-17,15720.1220703125,15878.0,15892.0,15655.0,15689.0,301069
2025-11-18,15771.60546875,15930.0,15999.0,15750.0,15878.0,392903
2025-11-19,15611.2158203125,15768.0,15950.0,15715.0,15950.0,286434
2025-11-20,15643.8876953125,15801.0,15823.0,15618.0,15810.0,249492
2025-11-21,15818.1376953125,15977.0,16150.0,15737.0,15790.0,586351
2025-11-24,15799.326171875,15958.0,16085.0,15911.0,16005.0,525788
2025-11-25,15731.0126953125,15889.0,16050.0,15842.0,15958.0,214525
2025-11-26,15995.357421875,16156.0,16210.0,15950.0,15950.0,314946
2025-11-27,15744.873046875,15903.0,16171.0,15875.0,16166.0,339986
2025-11-28,15741.9033203125,15900.0,16049.0,15850.0,15906.0,352340
2025-12-01,15936.9443359375,16097.0,16177.0,15851.0,15975.0,434052
2025-12-02,16077.5322265625,16239.0,16261.0,16095.0,16127.0,383165
2025-12-03,15922.09375,16082.0,16248.0,16010.0,16219.0,264397
2025-12-04,15834.96875,15994.0,16135.0,15887.0,16058.0,248812
2025-12-05,16120.10546875,16282.0,16338.0,15979.0,16000.0,332032
2025-12-08,16026.0498046875,16187.0,16256.0,16094.0,16200.0,220513
2025-12-09,15860.7099609375,16020.0,16226.0,15985.0,16051.0,276388
2025-12-10,15859.7197265625,16019.0,16125.0,15925.0,16090.0,293374
2025-12-11,16086.443359375,16248.0,16296.0,15983.0,16049.0,268701
2025-12-12,16357.71875,16522.0,16536.0,16247.0,16248.0,404711
2025-12-15,16251.7822265625,16415.0,16500.0,16360.0,16500.0,225221
2025-12-16,16191.388671875,16354.0,16451.0,16320.0,16400.0,156134
2025-12-17,16234.951171875,16398.0,16490.0,16357.0,16389.0,257406
2025-12-18,16166.6376953125,16329.0,16486.0,16221.0,16440.0,213981
2025-12-19,16250.79296875,16414.0,16475.0,16329.0,16329.0,360190
2025-12-22,16483.455078125,16649.0,16693.0,16414.0,16464.0,271590
2025-12-23,16420.091796875,16585.0,16720.0,16558.0,16709.0,215650
2025-12-24,16536.91796875,16703.0,16720.0,16542.0,16640.0,258486
2025-12-26,16430.982421875,16596.0,16703.0,16516.0,16703.0,212925
2025-12-29,16377.51953125,16542.0,16682.0,16499.0,16600.0,251796
2025-12-30,16481.4765625,16647.0,16818.0,16482.0,16575.0,1055843
2025-12-31,16530.978515625,16697.0,16776.0,16581.0,16581.0,314427
