Price,Adj Close,Close,High,Low,Open,Volume
Ticker,SBIN.NS,SBIN.NS,SBIN.NS,SBIN.NS,SBIN.NS,SBIN.NS
Date,,,,,,
2020-01-01,303.13848876953125,334.45001220703125,335.95001220703125,332.1499938964844,334.70001220703125,17379320
2020-01-02,307.5343933105469,339.29998779296875,339.8500061035156,333.3500061035156,334.5,20324236
2020-01-03,302.45867919921875,333.70001220703125,337.95001220703125,332.0,337.95001220703125,21853208
2020-01-06,289.13494873046875,319.0,331.70001220703125,317.70001220703125,331.70001220703125,35645325
2020-01-07,288.5910949707031,318.3999938964844,327.0,315.3999938964844,324.45001220703125,50966826
2020-01-08,289.8599853515625,319.79998779296875,321.5,311.0,312.1000061035156,44527485
2020-01-09,299.286376953125,330.20001220703125,331.3999938964844,325.0,326.8999938964844,40348407
2020-01-10,301.1444396972656,332.25,337.95001220703125,328.1000061035156,331.0,42377838
2020-01-13,299.78485107421875,330.75,335.45001220703125,329.04998779296875,334.0,23615129
2020-01-14,297.2923583984375,328.0,331.70001220703125,326.5,329.79998779296875,26296117
2020-01-15,293.8934020996094,324.25,329.20001220703125,322.3500061035156,329.0,32625740
2020-01-16,293.0323181152344,323.29998779296875,326.8999938964844,322.3500061035156,324.0,26653623
2020-01-17,288.2285461425781,318.0,323.5,310.1000061035156,313.0,58396326
2020-01-20,284.6030578613281,314.0,321.45001220703125,313.3999938964844,321.0,30682902
2020-01-21,284.3311462402344,313.70001220703125,316.95001220703125,312.0,313.79998779296875,30591772
2020-01-22,286.5517272949219,316.1499938964844,317.0,313.70001220703125,317.0,24994911
2020-01-23,292.94171142578125,323.20001220703125,324.79998779296875,314.1499938964844,316.0,33293610
2020-01-24,293.7121276855469,324.04998779296875,327.29998779296875,321.1499938964844,323.5,22706879
2020-01-27,286.5970458984375,316.20001220703125,322.0,315.79998779296875,320.8999938964844,23309355
2020-01-28,285.6000671386719,315.1000061035156,320.0,311.04998779296875,317.95001220703125,26488426
2020-01-29,286.82366943359375,316.45001220703125,319.70001220703125,315.54998779296875,317.8500061035156,23914114
2020-01-30,281.6120300292969,310.70001220703125,316.75,305.6499938964844,316.75,35802330
2020-01-31,288.63641357421875,318.45001220703125,321.70001220703125,308.6000061035156,313.70001220703125,92656638
2020-02-03,270.1916198730469,298.1000061035156,306.8500061035156,295.3500061035156,303.0,56060158
2020-02-04,277.5785827636719,306.25,307.54998779296875,297.1000061035156,302.8999938964844,51141567
2020-02-05,281.8838806152344,311.0,313.6499938964844,304.6000061035156,306.8999938964844,35014841
2020-02-06,291.80877685546875,321.95001220703125,323.5,310.1000061035156,311.20001220703125,57757656
2020-02-07,290.539794921875,320.54998779296875,325.0,318.3999938964844,321.5,37126803
2020-02-10,288.6817626953125,318.5,322.79998779296875,316.5,319.79998779296875,24816396
2020-02-11,293.9840393066406,324.3500061035156,325.79998779296875,321.04998779296875,321.04998779296875,30188757
2020-02-12,290.2225646972656,320.20001220703125,329.8999938964844,319.25,329.8999938964844,38930849
2020-02-13,296.7938537597656,327.45001220703125,330.95001220703125,322.0,322.0,62516057
2020-02-14,289.4974670410156,319.3999938964844,331.8999938964844,318.54998779296875,328.1000061035156,48205947
2020-02-17,284.7843017578125,314.20001220703125,321.1499938964844,311.6499938964844,320.95001220703125,36950692
2020-02-18,287.8206481933594,317.54998779296875,319.20001220703125,309.3999938964844,315.3999938964844,38588583
2020-02-19,290.3585205078125,320.3500061035156,324.0,317.25,322.29998779296875,39846727
2020-02-20,296.9751281738281,327.6499938964844,329.20001220703125,318.75,319.3500061035156,40150409
2020-02-24,292.71514892578125,322.95001220703125,331.29998779296875,321.8500061035156,325.75,45273936
2020-02-25,296.2046813964844,326.79998779296875,328.1499938964844,322.20001220703125,325.8999938964844,39050709
2020-02-26,297.4736328125,328.20001220703125,330.79998779296875,324.20001220703125,324.8500061035156,43915281
2020-02-27,291.80877685546875,321.95001220703125,330.0,318.0,328.0,47010040
2020-02-28,274.63287353515625,303.0,314.6499938964844,301.1000061035156,312.0,59705346
2020-03-02,260.4933776855469,287.3999938964844,312.0,284.04998779296875,311.0,66711413
2020-03-03,262.7139892578125,289.8500061035156,294.3999938964844,285.29998779296875,293.0,61949382
2020-03-04,258.5899353027344,285.29998779296875,293.0,275.1000061035156,291.79998779296875,73675736
2020-03-05,261.4903564453125,288.5,298.3999938964844,270.0,290.8999938964844,149245973
2020-03-06,245.17550659179688,270.5,274.3999938964844,253.9499969482422,268.0,106043172
2020-03-09,229.72178649902344,253.4499969482422,262.75,251.14999389648438,260.04998779296875,101286241
2020-03-11,222.15350341796875,245.10000610351562,258.5,243.10000610351562,253.0,90845604
2020-03-12,192.69619750976562,212.60000610351562,231.89999389648438,208.60000610351562,231.89999389648438,99767083
2020-03-13,219.34371948242188,242.0,248.8000030517578,184.64999389648438,200.0,155701316
2020-03-16,202.4397735595703,223.35000610351562,231.39999389648438,220.60000610351562,227.89999389648438,75583409
2020-03-17,195.0074462890625,215.14999389648438,229.89999389648438,212.0500030517578,227.1999969482422,65403057
2020-03-18,195.05274963378906,215.1999969482422,223.14999389648438,200.10000610351562,221.0,101356399
2020-03-19,184.58407592773438,203.64999389648438,219.75,198.14999389648438,202.9499969482422,93533467
2020-03-20,190.2036590576172,209.85000610351562,215.6999969482422,200.0,205.5500030517578,77391650
2020-03-23,164.59844970703125,181.60000610351562,199.5,180.25,190.0,61750037
2020-03-24,166.04864501953125,183.1999969482422,191.9499969482422,173.5500030517578,190.9499969482422,67491360
2020-03-25,172.12136840820312,189.89999389648438,195.25,176.4499969482422,178.0,71567553
2020-03-26,174.70455932617188,192.75,201.0,185.10000610351562,191.5500030517578,107260359
2020-03-27,177.60496520996094,195.9499969482422,211.89999389648438,195.0,202.0,114740377
2020-03-30,169.40223693847656,186.89999389648438,195.0,186.25,190.0,60081554
2020-03-31,178.42071533203125,196.85000610351562,198.5,188.0500030517578,192.0,59543412
2020-04-01,169.0850067138672,186.5500030517578,194.5,185.25,194.0,52954239
2020-04-03,159.0695343017578,175.5,188.1999969482422,175.0,187.5500030517578,64448494
2020-04-07,168.9490509033203,186.39999389648438,187.3000030517578,177.60000610351562,184.39999389648438,72130500
2020-04-08,165.86737060546875,183.0,194.39999389648438,180.4499969482422,182.89999389648438,80435759
2020-04-09,170.17266845703125,187.75,190.0,183.60000610351562,188.0,62416005
2020-04-13,166.320556640625,183.5,188.6999969482422,183.10000610351562,186.8000030517578,51847146
2020-04-15,165.27822875976562,182.35000610351562,191.9499969482422,180.14999389648438,187.0,72190004
2020-04-16,170.85244750976562,188.5,189.89999389648438,180.25,182.0,61165773
2020-04-17,175.15774536132812,193.25,198.0,186.3000030517578,196.0,89851063
2020-04-20,174.47796630859375,192.5,197.35000610351562,190.0500030517578,194.0,81958510
2020-04-21,167.4535369873047,184.75,188.1999969482422,183.0,188.0,53042420
2020-04-22,171.03372192382812,188.6999969482422,189.5,181.35000610351562,185.5,61503413
2020-04-23,169.22096252441406,186.6999969482422,189.89999389648438,185.14999389648438,187.75,50955312
2020-04-24,162.921630859375,179.75,184.0,179.0,184.0,65137305
2020-04-27,163.96395874023438,180.89999389648438,183.5,180.5,183.5,42996571
2020-04-28,167.04568481445312,184.3000030517578,185.35000610351562,181.1999969482422,182.0,49590230
2020-04-29,172.30267333984375,190.10000610351562,191.8000030517578,183.5,185.0,57470466
2020-04-30,172.66522216796875,190.5,195.89999389648438,189.6999969482422,193.5,63063889
2020-05-04,162.10589599609375,178.85000610351562,183.5,178.0,182.4499969482422,58118177
2020-05-05,154.44699096679688,170.39999389648438,181.25,168.8000030517578,181.0,91050439
2020-05-06,155.0814666748047,171.10000610351562,173.3000030517578,166.5500030517578,171.14999389648438,73156432
2020-05-07,154.76422119140625,170.75,172.5500030517578,168.8000030517578,170.85000610351562,42942399
2020-05-08,151.0480499267578,166.64999389648438,173.8000030517578,166.10000610351562,172.4499969482422,55932236
2020-05-11,149.96041870117188,165.4499969482422,168.89999389648438,165.0,167.9499969482422,54591827
2020-05-12,151.274658203125,166.89999389648438,168.5,160.85000610351562,164.1999969482422,70752542
2020-05-13,157.80059814453125,174.10000610351562,178.5500030517578,170.5,178.5500030517578,81720683
2020-05-14,152.2263641357422,167.9499969482422,171.75,167.5,170.9499969482422,48136531
2020-05-15,150.8214874267578,166.39999389648438,168.25,164.6999969482422,167.9499969482422,35495540
2020-05-18,140.7606658935547,155.3000030517578,166.39999389648438,155.0,166.39999389648438,77349435
2020-05-19,138.4947052001953,152.8000030517578,157.85000610351562,152.39999389648438,157.5,71522334
2020-05-20,139.03855895996094,153.39999389648438,155.25,151.14999389648438,153.0,66168767
2020-05-21,137.7242889404297,151.9499969482422,156.14999389648438,151.5,153.64999389648438,61147471
2020-05-22,136.72727966308594,150.85000610351562,155.60000610351562,149.4499969482422,152.0,87064198
2020-05-26,137.2257843017578,151.39999389648438,153.1999969482422,150.1999969482422,152.39999389648438,48275988
2020-05-27,143.75172424316406,158.60000610351562,160.8000030517578,150.8000030517578,151.9499969482422,88195120
2020-05-28,143.38917541503906,158.1999969482422,162.39999389648438,156.6999969482422,159.4499969482422,76968678
2020-05-29,146.19894409179688,161.3000030517578,161.89999389648438,155.1999969482422,156.10000610351562,58363280
2020-06-01,154.1297607421875,170.0500030517578,171.39999389648438,163.35000610351562,164.0,92740893
2020-06-02,154.31103515625,170.25,171.3000030517578,167.1999969482422,169.89999389648438,70419104
2020-06-03,158.52569580078125,174.89999389648438,179.89999389648438,172.0,172.5,113168889
2020-06-04,157.75526428222656,174.0500030517578,177.64999389648438,171.5,174.89999389648438,83494674
2020-06-05,170.2179718017578,187.8000030517578,189.8000030517578,176.0,176.5500030517578,201321234
2020-06-08,169.31161499023438,186.8000030517578,197.5,185.8000030517578,197.0,151741826
2020-06-09,167.18161010742188,184.4499969482422,191.0,183.35000610351562,187.6999969482422,96654191
2020-06-10,170.12734985351562,187.6999969482422,189.0,183.8000030517578,184.5500030517578,67333317
2020-06-11,160.56504821777344,177.14999389648438,190.39999389648438,176.35000610351562,188.0,91726802
2020-06-12,162.3778076171875,179.14999389648438,180.0,169.8000030517578,170.0,92758901
2020-06-15,157.43804931640625,173.6999969482422,177.85000610351562,172.0,177.85000610351562,63613412
2020-06-16,156.71295166015625,172.89999389648438,178.9499969482422,169.39999389648438,178.0,63925976
2020-06-17,156.7582550048828,172.9499969482422,176.1999969482422,169.25,171.0,73866905
2020-06-18,162.83099365234375,179.64999389648438,180.64999389648438,171.10000610351562,172.39999389648438,58261857
2020-06-19,167.2269287109375,184.5,184.9499969482422,179.5,180.3000030517578,76895151
2020-06-22,170.12734985351562,187.6999969482422,191.75,184.25,185.0,80023958
2020-06-23,174.43264770507812,192.4499969482422,193.10000610351562,187.85000610351562,189.60000610351562,65487085
2020-06-24,167.31756591796875,184.60000610351562,194.89999389648438,183.89999389648438,194.8000030517578,74668987
2020-06-25,167.90673828125,185.25,186.8000030517578,180.39999389648438,182.1999969482422,73620385
2020-06-26,167.31756591796875,184.60000610351562,188.60000610351562,183.8000030517578,188.0,49176958
2020-06-29,162.46844482421875,179.25,183.10000610351562,178.5,183.0,50966428
2020-06-30,161.74334716796875,178.4499969482422,182.89999389648438,177.25,181.10000610351562,43613239
2020-07-01,167.4988555908203,184.8000030517578,185.39999389648438,178.60000610351562,179.4499969482422,54012853
2020-07-02,168.08799743652344,185.4499969482422,188.0,184.0,185.64999389648438,52127276
2020-07-03,167.40821838378906,184.6999969482422,186.85000610351562,183.39999389648438,186.64999389648438,38048810
2020-07-06,170.444580078125,188.0500030517578,189.85000610351562,186.14999389648438,186.60000610351562,43773740
2020-07-07,170.943115234375,188.60000610351562,189.1999969482422,184.0500030517578,187.0,55124494
2020-07-08,173.9341278076172,191.89999389648438,197.4499969482422,188.39999389648438,188.89999389648438,143063102
2020-07-09,180.4600830078125,199.10000610351562,201.0,192.5500030517578,192.8000030517578,89539723
2020-07-10,177.2877655029297,195.60000610351562,202.5,194.8000030517578,198.0,111406477
2020-07-13,174.65924072265625,192.6999969482422,199.8000030517578,191.60000610351562,198.8000030517578,61949761
2020-07-14,168.63182067871094,186.0500030517578,192.3000030517578,184.60000610351562,192.3000030517578,62239932
2020-07-15,166.59246826171875,183.8000030517578,189.9499969482422,183.0,187.9499969482422,58527305
2020-07-16,168.8131103515625,186.25,186.9499969482422,181.64999389648438,185.0,46546803
2020-07-17,170.58053588867188,188.1999969482422,189.5,185.0,186.8000030517578,47035238
2020-07-20,172.89181518554688,190.75,193.25,188.75,190.0,45672856
2020-07-21,176.2000732421875,194.39999389648438,196.1999969482422,191.5,192.4499969482422,59281860
2020-07-22,174.02479553222656,192.0,196.75,190.10000610351562,195.6999969482422,62276152
2020-07-23,179.6896514892578,198.25,199.10000610351562,191.14999389648438,192.39999389648438,70801412
2020-07-24,173.97947692871094,191.9499969482422,196.3000030517578,190.64999389648438,195.6999969482422,65265493
2020-07-27,169.62884521484375,187.14999389648438,193.1999969482422,186.5,193.0,50697767
2020-07-28,171.71351623535156,189.4499969482422,190.5,185.75,188.0,51488617
2020-07-29,173.29966735839844,191.1999969482422,195.25,187.0,187.60000610351562,73763368
2020-07-30,169.0850067138672,186.5500030517578,193.5,186.0500030517578,192.5,48472816
2020-07-31,173.52627563476562,191.4499969482422,194.85000610351562,186.6999969482422,188.0,145892485
2020-08-03,174.25137329101562,192.25,194.60000610351562,190.0500030517578,192.0,72454278
2020-08-04,173.6622314453125,191.60000610351562,193.8000030517578,190.5,193.35000610351562,43866676
2020-08-05,173.52627563476562,191.4499969482422,196.85000610351562,191.0,192.75,68888892
2020-08-06,173.07308959960938,190.9499969482422,194.5,190.25,192.3000030517578,59740172
2020-08-07,172.80116271972656,190.64999389648438,192.10000610351562,189.5500030517578,191.4499969482422,44822338
2020-08-10,175.65626525878906,193.8000030517578,195.5,191.6999969482422,191.85000610351562,48784530
2020-08-11,176.78921508789062,195.0500030517578,196.8000030517578,193.75,195.0,43890305
2020-08-12,184.26687622070312,203.3000030517578,204.25,194.60000610351562,196.0,157818228
2020-08-13,182.99794006347656,201.89999389648438,207.3000030517578,200.75,205.5,70443118
2020-08-14,178.10348510742188,196.5,204.0,194.60000610351562,203.0,56169088
2020-08-17,175.0218048095703,193.10000610351562,198.64999389648438,191.5,198.4499969482422,54787889
2020-08-18,176.83456420898438,195.10000610351562,195.75,191.6999969482422,193.8000030517578,46294169
2020-08-19,178.6020050048828,197.0500030517578,200.3000030517578,195.89999389648438,196.39999389648438,59296062
2020-08-20,176.51731872558594,194.75,196.35000610351562,193.25,194.0,37504602
2020-08-21,179.82559204101562,198.39999389648438,201.5,197.64999389648438,199.0,68041871
2020-08-24,182.59007263183594,201.4499969482422,202.8000030517578,198.60000610351562,200.0,53850253
2020-08-25,188.4815216064453,207.9499969482422,208.4499969482422,202.6999969482422,204.0,105394375
2020-08-26,190.2036590576172,209.85000610351562,210.35000610351562,206.14999389648438,208.5,66749637
2020-08-27,195.46063232421875,215.64999389648438,216.5,210.5,210.5,80997993
2020-08-28,203.79933166503906,224.85000610351562,225.89999389648438,216.8000030517578,217.0,95974037
2020-08-31,192.15235900878906,212.0,231.5500030517578,210.35000610351562,231.5500030517578,119986476
2020-09-01,197.68125915527344,218.10000610351562,218.89999389648438,211.1999969482422,213.10000610351562,75048313
2020-09-02,196.0044708251953,216.25,219.0,212.3000030517578,218.25,47608088
2020-09-03,193.19468688964844,213.14999389648438,218.25,212.3000030517578,217.5,38594129
2020-09-04,187.25791931152344,206.60000610351562,212.3000030517578,205.89999389648438,210.0,54435758
2020-09-07,188.43621826171875,207.89999389648438,209.64999389648438,205.39999389648438,207.5,35687359
2020-09-08,184.9466552734375,204.0500030517578,208.5,202.89999389648438,207.89999389648438,34146789
2020-09-09,176.6079559326172,194.85000610351562,201.39999389648438,192.5,201.10000610351562,72715826
2020-09-10,179.5989990234375,198.14999389648438,201.4499969482422,195.1999969482422,197.6999969482422,67789617
2020-09-11,183.72303771972656,202.6999969482422,203.85000610351562,197.0,198.5500030517578,48487971
2020-09-14,179.91622924804688,198.5,206.1999969482422,197.35000610351562,205.89999389648438,63605531
2020-09-15,181.41177368164062,200.14999389648438,201.0,197.10000610351562,199.89999389648438,51761038
2020-09-16,179.6443328857422,198.1999969482422,200.0500030517578,196.25,199.85000610351562,52404964
2020-09-17,177.1517791748047,195.4499969482422,198.0,195.0,197.0,41223296
2020-09-18,174.568603515625,192.60000610351562,197.1999969482422,189.6999969482422,196.0,55286316
2020-09-21,168.4052276611328,185.8000030517578,193.5,184.25,193.0500030517578,57611375
2020-09-22,168.76779174804688,186.1999969482422,188.3000030517578,181.14999389648438,186.14999389648438,51210889
2020-09-23,166.59246826171875,183.8000030517578,188.9499969482422,181.0,188.14999389648438,44320497
2020-09-24,159.8399658203125,176.35000610351562,181.8000030517578,175.5,181.10000610351562,46114798
2020-09-25,165.1422576904297,182.1999969482422,182.75,176.14999389648438,179.0,46550127
2020-09-28,169.71949768066406,187.25,188.14999389648438,183.35000610351562,184.0,41921548
2020-09-29,167.7254638671875,185.0500030517578,188.9499969482422,183.25,188.5,35688726
2020-09-30,168.0426483154297,185.39999389648438,186.8000030517578,182.39999389648438,185.0500030517578,37641083
2020-10-01,172.4839324951172,190.3000030517578,191.1999969482422,186.89999389648438,187.0,43588724
2020-10-05,171.07904052734375,188.75,193.8000030517578,187.0500030517578,192.0,41694686
2020-10-06,173.6622314453125,191.60000610351562,192.10000610351562,188.3000030517578,191.10000610351562,31098726
2020-10-07,172.8464813232422,190.6999969482422,193.14999389648438,189.10000610351562,192.5500030517578,34578053
2020-10-08,173.5715789794922,191.5,195.8000030517578,190.5500030517578,191.35000610351562,43351606
2020-10-09,179.73497009277344,198.3000030517578,198.8000030517578,190.5500030517578,192.0,64907230
2020-10-12,180.09751892089844,198.6999969482422,205.9499969482422,197.25,199.6999969482422,69122798
2020-10-13,177.3783721923828,195.6999969482422,200.0,195.10000610351562,198.64999389648438,34948525
2020-10-14,181.3211212158203,200.0500030517578,200.89999389648438,193.0500030517578,194.0500030517578,40548275
2020-10-15,174.79519653320312,192.85000610351562,202.5,192.0,201.0,49184123
2020-10-16,177.60496520996094,195.9499969482422,196.75,191.60000610351562,194.0,36893126
2020-10-19,184.90135192871094,204.0,204.60000610351562,196.0500030517578,196.1999969482422,60220779
2020-10-20,184.040283203125,203.0500030517578,204.35000610351562,200.6999969482422,201.0,39316753
2020-10-21,184.67474365234375,203.75,207.3000030517578,198.85000610351562,204.6999969482422,54515523
2020-10-22,184.26687622070312,203.3000030517578,204.60000610351562,201.10000610351562,201.89999389648438,33721637
2020-10-23,183.8136749267578,202.8000030517578,205.60000610351562,201.5500030517578,204.0,32707020
2020-10-26,178.28475952148438,196.6999969482422,204.0,195.60000610351562,202.6999969482422,45470123
2020-10-27,176.42666625976562,194.64999389648438,197.5500030517578,192.25,197.25,37794381
2020-10-28,172.61988830566406,190.4499969482422,195.0,189.0500030517578,195.0,46458319
2020-10-29,171.03372192382812,188.6999969482422,190.6999969482422,185.89999389648438,189.35000610351562,44822673
2020-10-30,171.5322265625,189.25,192.0,186.14999389648438,189.35000610351562,41519686
2020-11-02,177.6956329345703,196.0500030517578,197.25,190.0500030517578,192.1999969482422,52600119
2020-11-03,185.58111572265625,204.75,205.8000030517578,197.60000610351562,198.0,69890201
2020-11-04,187.6204833984375,207.0,209.0,198.0500030517578,203.5,117577856
2020-11-05,198.17977905273438,218.64999389648438,221.0,214.75,216.0,138023646
2020-11-06,198.67828369140625,219.1999969482422,221.85000610351562,217.0500030517578,219.0,73147085
2020-11-09,198.9501953125,219.5,222.64999389648438,217.0500030517578,222.5,60359458
2020-11-10,210.008056640625,231.6999969482422,235.0,223.0,223.10000610351562,135294550
2020-11-11,212.27398681640625,234.1999969482422,239.35000610351562,227.75,232.75,107094861
2020-11-12,205.5667724609375,226.8000030517578,233.35000610351562,225.64999389648438,233.1999969482422,58859905
2020-11-13,207.9686737060547,229.4499969482422,230.64999389648438,220.10000610351562,225.0,70676525
2020-11-14,208.14993286132812,229.64999389648438,232.89999389648438,227.75,232.0,7753219
2020-11-17,217.7122344970703,240.1999969482422,241.60000610351562,231.0,231.85000610351562,80501583
2020-11-18,228.4075164794922,252.0,253.0,237.89999389648438,239.39999389648438,104514060
2020-11-19,217.3043670654297,239.75,251.8000030517578,239.0,248.0,82284278
2020-11-20,220.02349853515625,242.75,245.39999389648438,233.9499969482422,241.5,84411129
2020-11-23,216.35269165039062,238.6999969482422,246.14999389648438,238.10000610351562,243.5,57538324
2020-11-24,221.02053833007812,243.85000610351562,245.0,239.5,240.5,47636611
2020-11-25,220.25010681152344,243.0,249.89999389648438,241.60000610351562,245.4499969482422,74767232
2020-11-26,222.47073364257812,245.4499969482422,246.25,240.14999389648438,244.0,64248318
2020-11-27,221.38308715820312,244.25,246.25,242.0500030517578,245.4499969482422,54355703
2020-12-01,224.8273162841797,248.0500030517578,248.9499969482422,244.25,245.0,37003272
2020-12-02,223.83030700683594,246.9499969482422,250.85000610351562,244.10000610351562,248.35000610351562,56723083
2020-12-03,232.30496215820312,256.29998779296875,259.0,248.0,249.3000030517578,79266442
2020-12-04,238.8308563232422,263.5,264.3500061035156,253.5500030517578,257.0,79252024
2020-12-07,244.3597869873047,269.6000061035156,271.45001220703125,263.0,263.79998779296875,76053084
2020-12-08,246.4444580078125,271.8999938964844,273.70001220703125,265.25,270.95001220703125,65617502
2020-12-09,245.03958129882812,270.3500061035156,274.8999938964844,269.20001220703125,272.1000061035156,48495641
2020-12-10,244.314453125,269.54998779296875,271.0,265.54998779296875,269.0,38676657
2020-12-11,246.9429473876953,272.45001220703125,276.25,270.04998779296875,270.04998779296875,50255223
2020-12-14,248.5291748046875,274.20001220703125,276.1499938964844,272.3500061035156,274.0,31946501
2020-12-15,245.3114776611328,270.6499938964844,274.04998779296875,268.1499938964844,274.04998779296875,34890948
2020-12-16,244.17852783203125,269.3999938964844,273.6499938964844,268.5,272.79998779296875,24844177
2020-12-17,242.63768005371094,267.70001220703125,272.1499938964844,266.70001220703125,270.0,25904699
2020-12-18,246.03662109375,271.45001220703125,271.95001220703125,265.0,267.70001220703125,29816205
2020-12-21,230.85472106933594,254.6999969482422,269.0,251.0500030517578,268.45001220703125,55160758
2020-12-22,233.3472900390625,257.45001220703125,258.70001220703125,248.25,254.8000030517578,51189571
2020-12-23,238.37770080566406,263.0,263.8999938964844,255.60000610351562,256.95001220703125,29056404
2020-12-24,241.86724853515625,266.8500061035156,268.8500061035156,264.6499938964844,265.0,28585509
2020-12-28,249.43553161621094,275.20001220703125,276.0,268.0,268.75,36870242
2020-12-29,251.88272094726562,277.8999938964844,279.8999938964844,274.70001220703125,276.29998779296875,45032526
2020-12-30,250.9763641357422,276.8999938964844,278.70001220703125,272.5,278.0,30971894
2020-12-31,249.2089385986328,274.95001220703125,277.25,272.6000061035156,275.0,29467966
2021-01-01,253.2423553466797,279.3999938964844,280.0,274.3999938964844,274.8999938964844,24531791
2021-01-04,254.73779296875,281.04998779296875,283.8999938964844,277.75,281.8500061035156,31450608
2021-01-05,255.37234497070312,281.75,282.45001220703125,277.0,278.04998779296875,27393072
2021-01-06,258.3633117675781,285.04998779296875,289.1499938964844,281.3999938964844,283.0,40765708
2021-01-07,260.7652282714844,287.70001220703125,291.79998779296875,287.0,289.0,30546600
2021-01-08,259.22442626953125,286.0,291.3999938964844,285.20001220703125,290.1000061035156,32543357
2021-01-11,256.05206298828125,282.5,288.20001220703125,279.6000061035156,288.0,29703173
2021-01-12,265.1158752441406,292.5,293.8500061035156,277.8999938964844,280.0,44307145
2021-01-13,278.0771179199219,306.79998779296875,308.0,294.5,296.0,78042133
2021-01-14,278.4849853515625,307.25,309.25,303.79998779296875,306.70001220703125,40123498
2021-01-15,275.4032897949219,303.8500061035156,310.8999938964844,301.29998779296875,306.79998779296875,35307601
2021-01-18,266.8833312988281,294.45001220703125,308.6499938964844,292.20001220703125,303.5,54969750
2021-01-19,270.644775390625,298.6000061035156,302.5,296.3999938964844,297.6499938964844,35803901
2021-01-20,274.2249755859375,302.54998779296875,304.70001220703125,296.8500061035156,298.79998779296875,33759304
2021-01-21,267.2458801269531,294.8500061035156,305.1499938964844,291.5,304.0,29995203
2021-01-22,257.1397399902344,283.70001220703125,298.0,282.3999938964844,295.5,44440810
2021-01-25,254.64720153808594,280.95001220703125,288.0,277.04998779296875,284.5,34034630
2021-01-27,249.84336853027344,275.6499938964844,284.8500061035156,272.70001220703125,280.20001220703125,39211107
2021-01-28,255.91615295410156,282.3500061035156,283.3500061035156,269.5,271.8999938964844,48717297
2021-01-29,255.68951416015625,282.1000061035156,290.6499938964844,279.1000061035156,285.6000061035156,42300984
2021-02-01,281.6120300292969,310.70001220703125,313.8999938964844,282.75,285.1000061035156,103414068
2021-02-02,301.91485595703125,333.1000061035156,337.3999938964844,315.0,315.0,121434166
2021-02-03,304.4980773925781,335.95001220703125,339.8999938964844,325.79998779296875,333.75,66420168
2021-02-04,321.855224609375,355.1000061035156,358.0,331.1000061035156,334.3999938964844,145203439
2021-02-05,356.297607421875,393.1000061035156,408.3500061035156,385.1499938964844,387.0,214955688
2021-02-08,359.8778381347656,397.04998779296875,407.79998779296875,394.75,398.0,79389205
2021-02-09,357.83843994140625,394.79998779296875,403.5,389.0,396.75,63869990
2021-02-10,355.5271911621094,392.25,397.8999938964844,388.0,394.04998779296875,54163507
2021-02-11,353.6238098144531,390.1499938964844,396.95001220703125,388.25,391.79998779296875,36392708
2021-02-12,356.3429260253906,393.1499938964844,399.3500061035156,385.54998779296875,391.0,53589755
2021-02-15,368.8509826660156,406.95001220703125,409.45001220703125,395.70001220703125,397.5,56608937
2021-02-16,364.6816101074219,402.3500061035156,415.75,400.29998779296875,412.0,80365431
2021-02-17,373.2015686035156,411.75,414.8500061035156,400.1499938964844,403.0,74161370
2021-02-18,376.3286437988281,415.20001220703125,427.70001220703125,413.70001220703125,425.04998779296875,67154539
2021-02-19,362.14373779296875,399.54998779296875,415.0,395.0,415.0,66155518
2021-02-22,353.0346374511719,389.5,401.0,385.6499938964844,400.6000061035156,52535049
2021-02-23,358.5635681152344,395.6000061035156,399.70001220703125,389.0,392.0,45462768
2021-02-24,368.2164611816406,406.25,410.5,395.20001220703125,397.0,39632090
2021-02-25,369.12286376953125,407.25,414.8999938964844,406.54998779296875,411.0,46988836
2021-02-26,353.6238098144531,390.1499938964844,401.0,387.0,399.5,64450414
2021-03-01,357.9744567871094,394.95001220703125,397.70001220703125,391.0,395.1000061035156,29677890
2021-03-02,357.2946472167969,394.20001220703125,399.54998779296875,390.54998779296875,395.0,30534337
2021-03-03,367.1288146972656,405.04998779296875,408.8999938964844,396.0,396.5,46268223
2021-03-04,358.60888671875,395.6499938964844,403.5,394.45001220703125,398.70001220703125,43603653
2021-03-05,347.7322998046875,383.6499938964844,395.0,378.1000061035156,395.0,72179228
2021-03-08,353.12530517578125,389.6000061035156,393.3999938964844,386.04998779296875,388.45001220703125,39147858
2021-03-09,351.3125305175781,387.6000061035156,394.8999938964844,382.25,393.45001220703125,28054083
2021-03-10,351.4031677246094,387.70001220703125,393.0,385.70001220703125,391.1000061035156,22677399
2021-03-12,345.4210510253906,381.1000061035156,393.20001220703125,377.5,391.70001220703125,35336355
2021-03-15,347.9589538574219,383.8999938964844,386.0,369.3500061035156,382.5,42722585
2021-03-16,343.1097717285156,378.54998779296875,387.8500061035156,376.1000061035156,385.6000061035156,38196452
2021-03-17,333.6834411621094,368.1499938964844,379.6499938964844,366.04998779296875,378.20001220703125,33143064
2021-03-18,332.73175048828125,367.1000061035156,375.0,361.1000061035156,371.5,39405038
2021-03-19,336.402587890625,371.1499938964844,372.8999938964844,357.25,363.95001220703125,60309145
2021-03-22,332.64111328125,367.0,372.79998779296875,363.5,372.0,28461974
2021-03-23,337.8074951171875,372.70001220703125,377.95001220703125,367.04998779296875,368.70001220703125,41032380
2021-03-24,326.1604919433594,359.8500061035156,369.04998779296875,358.6499938964844,368.5,42318999
2021-03-25,321.9458312988281,355.20001220703125,360.8500061035156,345.20001220703125,360.0,57495003
2021-03-26,323.7585754394531,357.20001220703125,362.0,354.54998779296875,360.0,40718848
2021-03-30,327.02154541015625,360.79998779296875,364.29998779296875,356.29998779296875,360.1000061035156,39405124
2021-03-31,330.19390869140625,364.29998779296875,367.8500061035156,357.95001220703125,360.29998779296875,38651025
2021-04-01,335.94940185546875,370.6499938964844,371.8999938964844,363.1000061035156,367.70001220703125,31883453
2021-04-05,320.4503479003906,353.54998779296875,369.20001220703125,349.04998779296875,367.5,51743981
2021-04-06,317.73114013671875,350.54998779296875,357.0,349.29998779296875,355.70001220703125,44147709
2021-04-07,324.98223876953125,358.54998779296875,363.20001220703125,347.6000061035156,351.25,48023602
2021-04-08,322.30841064453125,355.6000061035156,363.29998779296875,354.29998779296875,361.0,33370259
2021-04-09,319.9517822265625,353.0,364.5,351.20001220703125,354.3999938964844,46473100
2021-04-12,298.0627746582031,328.8500061035156,344.0,322.54998779296875,344.0,75501713
2021-04-13,309.07525634765625,341.0,342.25,330.5,332.0,49773360
2021-04-15,310.6161193847656,342.70001220703125,347.54998779296875,336.1000061035156,342.1000061035156,52992349
2021-04-16,308.0782165527344,339.8999938964844,345.5,338.6499938964844,343.0,37766793
2021-04-19,300.14739990234375,331.1499938964844,332.04998779296875,321.29998779296875,327.1499938964844,53304377
2021-04-20,298.6518859863281,329.5,339.8999938964844,326.70001220703125,335.1000061035156,41296147
2021-04-22,305.13250732421875,336.6499938964844,337.6499938964844,323.29998779296875,326.0,49105833
2021-04-23,304.95123291015625,336.45001220703125,339.8999938964844,331.6499938964844,331.6499938964844,44223940
2021-04-26,312.0662841796875,344.29998779296875,347.45001220703125,339.25,339.25,49234985
2021-04-27,319.99713134765625,353.04998779296875,354.95001220703125,342.3999938964844,344.0,46003023
2021-04-28,329.3781433105469,363.3999938964844,364.29998779296875,356.04998779296875,357.0,56696255
2021-04-29,325.75262451171875,359.3999938964844,369.95001220703125,355.5,365.0,63692926
2021-04-30,320.4049987792969,353.5,362.5,350.45001220703125,353.45001220703125,53832840
2021-05-03,317.77655029296875,350.6000061035156,352.5,341.3999938964844,349.6000061035156,43691860
2021-05-04,318.59222412109375,351.5,362.8999938964844,350.20001220703125,355.0,57749307
2021-05-05,322.1270446777344,355.3999938964844,357.45001220703125,348.0,356.5,40872501
2021-05-06,322.2630920410156,355.54998779296875,359.3500061035156,350.54998779296875,358.0,36294427
2021-05-07,324.71026611328125,358.25,362.0,353.0,357.5,38357618
2021-05-10,327.83734130859375,361.70001220703125,367.0,358.79998779296875,360.5,41739324
2021-05-11,330.5111083984375,364.6499938964844,366.3999938964844,354.75,356.8500061035156,41892770
2021-05-12,333.275634765625,367.70001220703125,373.5,361.8999938964844,362.79998779296875,53436590
2021-05-14,326.704345703125,360.45001220703125,372.5,359.54998779296875,370.0,51722170
2021-05-17,347.2338562011719,383.1000061035156,385.20001220703125,363.6499938964844,364.3999938964844,106555796
2021-05-18,346.46337890625,382.25,392.54998779296875,380.04998779296875,390.0,70917710
2021-05-19,348.4121398925781,384.3999938964844,389.5,381.20001220703125,382.0,48189573
2021-05-20,348.54803466796875,384.54998779296875,387.79998779296875,382.0,387.0,42898608
2021-05-21,363.6393127441406,401.20001220703125,404.3999938964844,378.0,390.0,192810772
2021-05-24,373.4734802246094,412.04998779296875,419.20001220703125,405.29998779296875,417.0,142964052
2021-05-25,373.74542236328125,412.3500061035156,415.5,408.5,415.1000061035156,56048127
2021-05-26,374.8330383300781,413.54998779296875,418.75,410.79998779296875,413.79998779296875,52357719
2021-05-27,385.39239501953125,425.20001220703125,429.1000061035156,412.0,413.70001220703125,73392997
2021-05-28,382.5372619628906,422.04998779296875,433.6499938964844,420.04998779296875,430.5,65137568
2021-05-31,384.62200927734375,424.3500061035156,426.0,418.0,421.0,38291043
2021-06-01,392.05426025390625,432.54998779296875,435.3500061035156,425.6000061035156,426.04998779296875,59299647
2021-06-02,396.3142395019531,437.25,437.95001220703125,429.1499938964844,430.79998779296875,38657806
2021-06-03,402.1685791015625,439.6499938964844,441.95001220703125,433.5,437.0,38909199
2021-06-04,396.6344299316406,433.6000061035156,441.8999938964844,431.75,437.5,36898769
2021-06-07,395.3995056152344,432.25,437.3999938964844,430.79998779296875,435.1000061035156,20201197
2021-06-08,390.7799987792969,427.20001220703125,432.5,424.0,432.25,31113823
2021-06-09,385.52020263671875,421.45001220703125,432.29998779296875,418.20001220703125,427.5,27784834
2021-06-10,395.3995056152344,432.25,433.29998779296875,422.3999938964844,424.8999938964844,27397712
2021-06-11,392.97540283203125,429.6000061035156,435.5,425.25,434.8500061035156,26831924
2021-06-14,393.6614990234375,430.3500061035156,432.45001220703125,416.70001220703125,427.0,30106015
2021-06-15,392.8839416503906,429.5,432.79998779296875,428.0,429.20001220703125,16413658
2021-06-16,389.6365966796875,425.95001220703125,432.75,425.0,428.0,19701175
2021-06-17,384.4225158691406,420.25,425.95001220703125,416.6000061035156,421.0,23048331
2021-06-18,377.6991271972656,412.8999938964844,423.8999938964844,402.6499938964844,423.8999938964844,45748727
2021-06-21,383.96514892578125,419.75,421.0,400.5,406.3500061035156,33128978
2021-06-22,382.95892333984375,418.6499938964844,425.45001220703125,417.29998779296875,423.0,28442965
2021-06-23,383.1418762207031,418.8500061035156,424.75,415.0,421.1000061035156,27564829
2021-06-24,381.6325378417969,417.20001220703125,422.75,416.29998779296875,420.3500061035156,19214547
2021-06-25,392.24359130859375,428.79998779296875,431.0,419.04998779296875,421.0,29886797
2021-06-28,390.368408203125,426.75,433.1499938964844,424.54998779296875,430.70001220703125,29370660
2021-06-29,385.56597900390625,421.5,428.95001220703125,420.54998779296875,427.5,22275961
2021-06-30,383.4620666503906,419.20001220703125,424.8999938964844,418.29998779296875,423.0,18337773
2021-07-01,384.5596923828125,420.3999938964844,423.70001220703125,417.1499938964844,420.29998779296875,16161469
2021-07-02,388.21868896484375,424.3999938964844,425.3999938964844,419.0,420.29998779296875,16423811
2021-07-05,395.7654113769531,432.6499938964844,434.5,424.25,426.5,16483761
2021-07-06,393.11260986328125,429.75,436.5,428.20001220703125,431.70001220703125,20195278
2021-07-07,395.9483337402344,432.8500061035156,434.0,427.54998779296875,429.3500061035156,14473774
2021-07-08,388.2644958496094,424.45001220703125,435.3999938964844,422.1000061035156,432.79998779296875,21433043
2021-07-09,387.6241149902344,423.75,427.5,421.04998779296875,425.0,16844494
2021-07-12,391.0086975097656,427.45001220703125,430.25,424.6000061035156,426.5,12886781
2021-07-13,392.51806640625,429.1000061035156,431.79998779296875,428.29998779296875,430.0,12831125
2021-07-14,394.3017272949219,431.04998779296875,432.29998779296875,426.3999938964844,429.0,12767351
2021-07-15,394.8963928222656,431.70001220703125,432.95001220703125,429.6499938964844,432.70001220703125,11030732
2021-07-16,393.3412780761719,430.0,432.5,427.45001220703125,432.0,8713863
2021-07-19,391.42034912109375,427.8999938964844,429.45001220703125,418.8500061035156,423.3999938964844,14426686
2021-07-20,385.01708984375,420.8999938964844,427.0,418.8999938964844,427.0,14623321
2021-07-22,386.06903076171875,422.04998779296875,426.70001220703125,420.8999938964844,425.54998779296875,11799761
2021-07-23,392.3350830078125,428.8999938964844,429.95001220703125,419.5,422.8999938964844,17704661
2021-07-26,387.2124938964844,423.29998779296875,427.79998779296875,422.29998779296875,427.79998779296875,14037519
2021-07-27,393.29559326171875,429.95001220703125,433.25,424.0,424.1499938964844,24119619
2021-07-28,389.2249755859375,425.5,430.5,421.04998779296875,430.0,17636515
2021-07-29,403.9066162109375,441.54998779296875,443.6000061035156,425.5,426.0,35263606
2021-07-30,394.98785400390625,431.79998779296875,444.3999938964844,430.70001220703125,441.5,35196813
2021-08-02,397.82354736328125,434.8999938964844,436.70001220703125,431.79998779296875,434.75,16926025
2021-08-03,408.43463134765625,446.5,447.8999938964844,433.6000061035156,434.95001220703125,40922962
2021-08-04,417.9937438964844,456.95001220703125,467.45001220703125,441.5,448.6499938964844,129761158
2021-08-05,404.1810607910156,441.8500061035156,462.5,438.3999938964844,461.0,58595639
2021-08-06,398.5096435546875,435.6499938964844,447.0,434.0,443.70001220703125,38236066
2021-08-09,396.451416015625,433.3999938964844,441.79998779296875,431.0,437.8999938964844,22196404
2021-08-10,390.0939636230469,426.45001220703125,436.3999938964844,421.70001220703125,434.3999938964844,27794251
2021-08-11,391.5575256347656,428.04998779296875,432.8999938964844,423.1499938964844,429.79998779296875,23827946
2021-08-12,390.7342834472656,427.1499938964844,430.45001220703125,425.0,430.0,16847144
2021-08-13,394.43902587890625,431.20001220703125,432.25,425.0,427.6000061035156,20908992
2021-08-16,388.6304016113281,424.8500061035156,434.0,424.0,430.0,17608693
2021-08-17,385.56597900390625,421.5,425.8500061035156,415.25,424.8500061035156,22957877
2021-08-18,383.91943359375,419.70001220703125,424.3500061035156,418.0,422.1499938964844,17668574
2021-08-20,372.0277099609375,406.70001220703125,417.3500061035156,405.1499938964844,415.0,25541790
2021-08-23,374.5889892578125,409.5,413.0,401.25,411.1000061035156,26559937
2021-08-24,381.9984436035156,417.6000061035156,418.75,408.20001220703125,409.5,19012313
2021-08-25,380.7635498046875,416.25,421.29998779296875,414.29998779296875,419.0,16410980
2021-08-26,375.732421875,410.75,415.79998779296875,410.0,414.5,15897679
2021-08-27,377.2875061035156,412.45001220703125,414.3500061035156,407.5,410.3500061035156,15090541
2021-08-30,386.66363525390625,422.70001220703125,423.29998779296875,413.5,414.3999938964844,20308691
2021-08-31,389.72802734375,426.04998779296875,427.0,418.70001220703125,423.8500061035156,26262421
2021-09-01,393.2498474121094,429.8999938964844,432.54998779296875,425.1499938964844,427.5,18776721
2021-09-02,393.11260986328125,429.75,433.5,427.75,431.3999938964844,14372717
2021-09-03,394.6219482421875,431.3999938964844,434.29998779296875,428.20001220703125,431.25,14233624
2021-09-06,394.3017272949219,431.04998779296875,433.8500061035156,430.04998779296875,432.0,10694099
2021-09-07,392.51806640625,429.1000061035156,431.70001220703125,425.1000061035156,431.04998779296875,14928735
2021-09-08,394.57623291015625,431.3500061035156,435.3999938964844,427.3500061035156,429.0,22817464
2021-09-09,395.4452209472656,432.29998779296875,433.79998779296875,430.0,430.25,9662128
2021-09-13,395.9483337402344,432.8500061035156,433.79998779296875,428.79998779296875,430.1000061035156,9567921
2021-09-14,396.08551025390625,433.0,436.75,432.25,435.0,9981562
2021-09-15,406.0105895996094,443.8500061035156,445.0,431.45001220703125,433.0,22181568
2021-09-16,424.16827392578125,463.70001220703125,466.1000061035156,442.75,444.8500061035156,42637448
2021-09-17,415.3866882324219,454.1000061035156,471.8999938964844,450.3500061035156,468.0,41529478
2021-09-20,400.1562194824219,437.45001220703125,453.5,435.6499938964844,449.3999938964844,18376916
2021-09-21,401.3910827636719,438.79998779296875,441.3500061035156,432.6499938964844,440.1499938964844,17279588
2021-09-22,401.43682861328125,438.8500061035156,442.79998779296875,436.1000061035156,438.8999938964844,14321143
2021-09-23,411.4532470703125,449.79998779296875,451.1499938964844,442.04998779296875,442.3999938964844,20516770
2021-09-24,403.17486572265625,440.75,451.8999938964844,440.0,451.1000061035156,10731274
2021-09-27,408.526123046875,446.6000061035156,450.54998779296875,442.25,444.8999938964844,11746892
2021-09-28,406.9710693359375,444.8999938964844,455.79998779296875,439.6000061035156,449.20001220703125,19241170
2021-09-29,420.78369140625,460.0,462.29998779296875,439.1000061035156,441.8500061035156,38635938
2021-09-30,414.3804931640625,453.0,464.8999938964844,451.3999938964844,459.95001220703125,26530369
2021-10-01,413.14556884765625,451.6499938964844,455.54998779296875,443.79998779296875,448.5,14777309
2021-10-04,423.6651611328125,463.1499938964844,464.3999938964844,451.6000061035156,453.79998779296875,16246765
2021-10-05,425.0830383300781,464.70001220703125,469.0,458.70001220703125,462.0,16487568
2021-10-06,418.22247314453125,457.20001220703125,471.0,453.6499938964844,465.0,19056690
2021-10-07,418.8627014160156,457.8999938964844,464.0,457.1000061035156,462.1000061035156,9984651
2021-10-08,418.9542236328125,458.0,464.0,454.25,461.8999938964844,16521128
2021-10-11,429.2451171875,469.25,474.95001220703125,458.6499938964844,460.0,20686981
2021-10-12,441.8229064941406,483.0,484.3999938964844,468.1000061035156,470.0,33763609
2021-10-13,440.6337585449219,481.70001220703125,486.1499938964844,478.0,486.1499938964844,17638983
2021-10-14,448.7749938964844,490.6000061035156,493.8999938964844,482.0,482.0,23431826
2021-10-18,455.4983825683594,497.95001220703125,501.0,491.70001220703125,494.0,20084248
2021-10-19,446.57958984375,488.20001220703125,504.20001220703125,483.25,500.3500061035156,20645100
2021-10-20,457.2821044921875,499.8999938964844,507.5,483.1000061035156,488.79998779296875,34080545
2021-10-21,460.0721435546875,502.95001220703125,506.5,491.75,504.8999938964844,20808243
2021-10-22,460.0721435546875,502.95001220703125,508.70001220703125,500.0,504.6000061035156,24080485
2021-10-25,463.3194885253906,506.5,515.4500122070312,497.8500061035156,506.5,35619415
2021-10-26,468.8536682128906,512.5499877929688,518.2000122070312,507.6000061035156,507.6000061035156,21107457
2021-10-27,474.89105224609375,519.1500244140625,526.8499755859375,512.75,513.7000122070312,29463032
2021-10-28,458.6085205078125,501.3500061035156,520.5499877929688,497.6000061035156,519.5999755859375,28140401
2021-10-29,459.3403015136719,502.1499938964844,512.6500244140625,488.3999938964844,501.5,31355893
2021-11-01,471.7351379394531,515.7000122070312,516.9500122070312,501.0,508.5,20679604
2021-11-02,477.2236633300781,521.7000122070312,525.0,512.0499877929688,514.7999877929688,26797820
2021-11-03,482.6664123535156,527.6500244140625,542.2999877929688,515.2000122070312,524.0,80775924
2021-11-04,485.22772216796875,530.4500122070312,535.9000244140625,528.0499877929688,531.5,9796046
2021-11-08,478.6415100097656,523.25,534.4500122070312,516.4500122070312,534.4500122070312,36802110
2021-11-09,484.0385437011719,529.1500244140625,532.0,522.2000122070312,526.25,25451967
2021-11-10,479.6934814453125,524.4000244140625,528.5,521.5,525.5499877929688,15805538
2021-11-11,466.1551818847656,509.6000061035156,522.8499755859375,507.1000061035156,522.8499755859375,23086898
2021-11-12,467.7559814453125,511.3500061035156,513.0,502.70001220703125,512.0,19836221
2021-11-15,463.36517333984375,506.54998779296875,515.9000244140625,505.5,512.4000244140625,13328183
2021-11-16,452.8913879394531,495.1000061035156,507.3999938964844,493.5,507.3999938964844,19553216
2021-11-17,455.68133544921875,498.1499938964844,505.3999938964844,491.0,493.8500061035156,20488483
2021-11-18,460.849609375,503.79998779296875,506.20001220703125,492.29998779296875,499.1000061035156,22471070
2021-11-22,444.9330139160156,486.3999938964844,506.0,477.5,506.0,28800269
2021-11-23,451.01611328125,493.04998779296875,495.3999938964844,480.0,485.25,20000371
2021-11-24,451.10760498046875,493.1499938964844,500.0,489.04998779296875,495.79998779296875,13963769
2021-11-25,448.729248046875,490.54998779296875,495.45001220703125,486.29998779296875,490.0,12894211
2021-11-26,430.3885498046875,470.5,487.8999938964844,467.1000061035156,486.25,26305817
2021-11-29,425.4489440917969,465.1000061035156,477.75,454.29998779296875,470.0,22407465
2021-11-30,421.286865234375,460.54998779296875,477.25,458.0,468.0,23026652
2021-12-01,434.77935791015625,475.29998779296875,477.25,464.0,464.45001220703125,17156956
2021-12-02,436.33447265625,477.0,478.1499938964844,470.95001220703125,474.5,12962679
2021-12-03,432.8126525878906,473.1499938964844,481.5,470.04998779296875,475.75,16653993
2021-12-06,425.63189697265625,465.29998779296875,477.0,463.79998779296875,473.1499938964844,14353300
2021-12-07,436.0600280761719,476.70001220703125,479.70001220703125,469.20001220703125,469.20001220703125,13644942
2021-12-08,449.64398193359375,491.54998779296875,492.3999938964844,480.25,480.8999938964844,20397660
2021-12-09,446.9912109375,488.6499938964844,493.5,486.1000061035156,492.29998779296875,12560970
2021-12-10,452.5254821777344,494.70001220703125,495.95001220703125,484.3999938964844,488.5,13261408
2021-12-13,446.21368408203125,487.79998779296875,500.45001220703125,486.3500061035156,497.75,14047645
2021-12-14,446.8997497558594,488.54998779296875,490.3500061035156,481.79998779296875,486.0,11642447
2021-12-15,443.4694519042969,484.79998779296875,491.0,483.5,490.0,8639835
2021-12-16,440.130615234375,481.1499938964844,490.54998779296875,478.25,488.3500061035156,11107781
2021-12-17,427.9187316894531,467.79998779296875,481.3999938964844,466.5,480.04998779296875,12648603
2021-12-20,410.90447998046875,449.20001220703125,464.0,443.0,459.0,22336114
2021-12-21,407.97723388671875,446.0,458.25,444.5,457.04998779296875,16617447
2021-12-22,416.987548828125,455.8500061035156,457.29998779296875,449.0,450.0,13102553
2021-12-23,422.43023681640625,461.79998779296875,465.0,457.75,461.0,14471377
2021-12-24,417.9937438964844,456.95001220703125,463.6000061035156,452.20001220703125,462.6000061035156,13221159
2021-12-27,418.9999694824219,458.04998779296875,460.5,450.54998779296875,453.70001220703125,8856482
2021-12-28,421.8814697265625,461.20001220703125,462.8999938964844,459.04998779296875,461.20001220703125,8832210
2021-12-29,415.6611633300781,454.3999938964844,462.1499938964844,451.3999938964844,461.0,11757303
2021-12-30,413.1913146972656,451.70001220703125,454.8999938964844,448.5,452.75,28879190
2021-12-31,421.19537353515625,460.45001220703125,461.3999938964844,453.1000061035156,454.25,10005842
2022-01-03,430.6629943847656,470.79998779296875,472.0,460.1000061035156,462.0,13124509
2022-01-04,442.2802734375,483.5,484.70001220703125,471.04998779296875,472.5,23296671
2022-01-05,450.4215393066406,492.3999938964844,495.0,479.1499938964844,481.8999938964844,24694169
2022-01-06,449.7812194824219,491.70001220703125,494.3999938964844,485.3999938964844,487.70001220703125,18190843
2022-01-07,449.36956787109375,491.25,501.95001220703125,489.45001220703125,493.45001220703125,22746330
2022-01-10,460.7124328613281,503.6499938964844,504.95001220703125,492.5,493.3500061035156,15832274
2022-01-11,462.8163757324219,505.95001220703125,507.79998779296875,499.25,503.0,16107950
2022-01-12,466.7497863769531,510.25,513.5,508.5,509.8999938964844,14489616
2022-01-13,467.7559814453125,511.3500061035156,512.8499755859375,507.0,510.0,10450974
2022-01-14,465.0117492675781,508.3500061035156,510.3500061035156,505.1499938964844,509.0,8724574
2022-01-17,470.18011474609375,514.0,518.9000244140625,507.54998779296875,508.0,17422211
2022-01-18,463.5939025878906,506.79998779296875,517.4500122070312,505.0,514.0,12592506
2022-01-19,471.82659912109375,515.7999877929688,517.6500244140625,500.29998779296875,505.0,16079457
2022-01-20,467.8017272949219,511.3999938964844,519.1500244140625,508.0,516.0,17724642
2022-01-21,459.8434753417969,502.70001220703125,507.5,498.0,505.29998779296875,16947941
2022-01-24,452.0223388671875,494.1499938964844,506.79998779296875,488.0,502.3999938964844,20233933
2022-01-25,470.77471923828125,514.6500244140625,517.5,489.0,490.0,21791739
2022-01-27,483.85552978515625,528.9500122070312,530.8499755859375,503.20001220703125,503.54998779296875,35409230
2022-01-28,478.8244323730469,523.4500122070312,536.4000244140625,521.4000244140625,534.0,24715250
2022-01-31,492.4084167480469,538.2999877929688,540.9000244140625,527.0499877929688,529.0,28674232
2022-02-01,486.9199523925781,532.2999877929688,543.9500122070312,520.0,543.9500122070312,32245356
2022-02-02,493.7805480957031,539.7999877929688,544.25,531.3499755859375,536.6500244140625,21661864
2022-02-03,494.05499267578125,540.0999755859375,544.7000122070312,537.1500244140625,537.1500244140625,22717677
2022-02-04,485.0904541015625,530.2999877929688,546.4000244140625,527.2999877929688,542.1500244140625,25332894
2022-02-07,487.7889709472656,533.25,549.0,525.25,531.9000244140625,52289545
2022-02-08,486.0509338378906,531.3499755859375,537.6500244140625,519.0,535.5,26567546
2022-02-09,489.6184997558594,535.25,536.5,527.75,534.9500122070312,14856155
2022-02-10,494.4665832519531,540.5499877929688,543.9500122070312,534.4000244140625,537.0999755859375,18659370
2022-02-11,484.4501037597656,529.5999755859375,537.7000122070312,527.0999755859375,536.25,14607095
2022-02-14,458.65423583984375,501.3999938964844,515.5999755859375,499.70001220703125,515.0,26153332
2022-02-15,480.0593566894531,524.7999877929688,526.8499755859375,497.1000061035156,502.0,23842951
2022-02-16,472.64990234375,516.7000122070312,528.0,514.0,526.5,19773807
2022-02-17,469.2196044921875,512.9500122070312,520.0,511.1499938964844,520.0,16408356
2022-02-18,471.3692321777344,515.2999877929688,520.9000244140625,510.1000061035156,510.1000061035156,15111223
2022-02-21,468.21337890625,511.8500061035156,517.5,504.6499938964844,511.54998779296875,16866932
2022-02-22,455.9100036621094,498.3999938964844,505.29998779296875,495.5,500.8999938964844,27108772
2022-02-23,456.1844787597656,498.70001220703125,505.3500061035156,497.25,503.0,13899433
2022-02-24,432.3552551269531,472.6499938964844,487.95001220703125,468.0,480.0,32356037
2022-02-25,441.77716064453125,482.95001220703125,491.8999938964844,479.29998779296875,480.0,21792287
2022-02-28,442.005859375,483.20001220703125,485.29998779296875,473.1000061035156,476.8999938964844,18069367
2022-03-02,433.8188781738281,474.25,479.79998779296875,467.0,478.0,22003848
2022-03-03,427.5528564453125,467.3999938964844,483.3999938964844,464.6000061035156,480.0,20358590
2022-03-04,422.5675048828125,461.95001220703125,470.8999938964844,457.6499938964844,460.29998779296875,20684268
2022-03-07,402.76318359375,440.29998779296875,453.95001220703125,433.45001220703125,447.5,33720472
2022-03-08,402.76318359375,440.29998779296875,442.1000061035156,425.0,438.0,42510207
2022-03-09,413.1913146972656,451.70001220703125,454.29998779296875,438.54998779296875,442.0,32331325
2022-03-10,428.7420349121094,468.70001220703125,476.6499938964844,461.6499938964844,469.8999938964844,34553299
2022-03-11,430.2513732910156,470.3500061035156,474.79998779296875,462.0,466.3999938964844,22091309
2022-03-14,443.78961181640625,485.1499938964844,486.0,470.54998779296875,471.0,27750689
2022-03-15,444.4299621582031,485.8500061035156,490.5,480.6499938964844,489.0,27204899
2022-03-16,450.74169921875,492.75,494.29998779296875,489.3999938964844,493.0,16211288
2022-03-17,459.11163330078125,501.8999938964844,503.5,498.29998779296875,499.0,22947673
2022-03-21,448.7749938964844,490.6000061035156,502.0,489.0,502.0,19064060
2022-03-22,451.6107177734375,493.70001220703125,495.79998779296875,477.25,490.6000061035156,26157969
2022-03-23,448.8207092285156,490.6499938964844,502.3999938964844,489.20001220703125,498.5,15800195
2022-03-24,445.5733947753906,487.1000061035156,494.79998779296875,483.5,485.0,18174877
2022-03-25,448.8664855957031,490.70001220703125,493.29998779296875,486.6000061035156,491.75,11541196
2022-03-28,455.08673095703125,497.5,498.6000061035156,481.95001220703125,490.95001220703125,16738684
2022-03-29,452.7998962402344,495.0,501.3999938964844,491.70001220703125,500.0,14301429
2022-03-30,452.1595458984375,494.29998779296875,500.3999938964844,492.29998779296875,499.29998779296875,16461225
2022-03-31,451.4735107421875,493.54998779296875,497.54998779296875,492.20001220703125,494.29998779296875,10240982
2022-04-01,464.87457275390625,508.20001220703125,509.75,491.0,491.0,18527226
2022-04-04,468.71649169921875,512.4000244140625,514.9000244140625,506.0,509.29998779296875,16257176
2022-04-05,465.9721984863281,509.3999938964844,516.4000244140625,507.70001220703125,514.4000244140625,13602384
2022-04-06,470.13433837890625,513.9500122070312,515.2000122070312,506.0,507.0,13738275
2022-04-07,471.0491027832031,514.9500122070312,519.9000244140625,510.04998779296875,510.04998779296875,19620958
2022-04-08,472.10101318359375,516.0999755859375,519.5,512.3499755859375,519.5,13572638
2022-04-11,471.00335693359375,514.9000244140625,522.0,513.2000122070312,513.5,12370288
2022-04-12,469.12811279296875,512.8499755859375,516.7000122070312,504.3500061035156,512.75,14460680
2022-04-13,473.56463623046875,517.7000122070312,520.9000244140625,513.75,514.2999877929688,15440525
2022-04-18,466.063720703125,509.5,515.0,504.0,512.0,14492183
2022-04-19,468.1676330566406,511.79998779296875,520.9500122070312,505.1000061035156,513.25,20362934
2022-04-20,465.8807678222656,509.29998779296875,513.7000122070312,507.0,512.0,11881305
2022-04-21,472.2839660644531,516.2999877929688,518.0,512.2000122070312,513.4000244140625,10035638
2022-04-22,457.9224853515625,500.6000061035156,513.5,499.0,512.9000244140625,16760456
2022-04-25,452.5711975097656,494.75,499.20001220703125,490.04998779296875,495.0,14057444
2022-04-26,462.40472412109375,505.5,507.8999938964844,498.45001220703125,499.0,12137213
2022-04-27,454.8580627441406,497.25,502.79998779296875,491.8500061035156,500.0,12367342
2022-04-28,464.2342224121094,507.5,510.0,496.5,499.1499938964844,12154792
2022-04-29,453.9890441894531,496.29998779296875,512.5,494.0,508.1000061035156,12894773
2022-05-02,449.1408996582031,491.0,495.0,481.29998779296875,492.6499938964844,18590895
2022-05-04,438.75848388671875,479.6499938964844,496.45001220703125,477.5,492.0,14645323
2022-05-05,439.0786437988281,480.0,494.0,478.6499938964844,485.0,14130385
2022-05-06,442.69195556640625,483.95001220703125,486.1000061035156,471.0,471.0,16710020
2022-05-09,435.3281555175781,475.8999938964844,483.70001220703125,473.79998779296875,477.1000061035156,13544947
2022-05-10,434.68792724609375,475.20001220703125,482.54998779296875,473.5,477.0,10884328
2022-05-11,435.9227600097656,476.54998779296875,479.0,463.6499938964844,475.25,14771351
2022-05-12,423.2077941894531,462.6499938964844,473.0,456.3500061035156,473.0,18947096
2022-05-13,406.74237060546875,444.6499938964844,477.0,439.75,469.45001220703125,61403008
2022-05-16,416.2099914550781,455.0,461.5,438.8500061035156,445.0,27940958
2022-05-17,427.46136474609375,467.29998779296875,469.6499938964844,456.1499938964844,458.29998779296875,16880698
2022-05-18,418.9542236328125,458.0,468.6000061035156,457.1000061035156,467.8999938964844,15644497
2022-05-19,409.34942626953125,447.5,450.0,444.45001220703125,449.04998779296875,14201420
2022-05-20,422.9790954589844,462.3999938964844,464.0,454.1499938964844,454.8500061035156,13596860
2022-05-23,421.6069641113281,460.8999938964844,471.3999938964844,459.5,463.1000061035156,13499415
2022-05-24,422.6589660644531,462.04998779296875,466.79998779296875,460.20001220703125,462.3999938964844,17175179
2022-05-25,421.8692626953125,454.1000061035156,464.45001220703125,452.04998779296875,461.0,12728644
2022-05-26,435.61883544921875,468.8999938964844,470.1000061035156,452.5,456.8500061035156,17055257
2022-05-27,435.665283203125,468.95001220703125,475.0,467.5,471.3999938964844,10977001
2022-05-30,440.9142761230469,474.6000061035156,476.8999938964844,471.1000061035156,473.0,9365470
2022-05-31,434.8756103515625,468.1000061035156,476.3999938964844,465.0,474.0,15441579
2022-06-01,435.0614013671875,468.29998779296875,472.0,464.70001220703125,468.0,9424008
2022-06-02,436.50140380859375,469.8500061035156,472.3500061035156,466.1499938964844,466.8999938964844,9370989
2022-06-03,431.5311279296875,464.5,475.5,463.5,473.25,11306291
2022-06-06,430.78790283203125,463.70001220703125,465.6000061035156,456.5,464.20001220703125,10661432
2022-06-07,430.5092468261719,463.3999938964844,465.95001220703125,460.5,461.8500061035156,7672515
2022-06-08,437.8484802246094,471.29998779296875,475.54998779296875,463.20001220703125,466.6000061035156,17168871
2022-06-09,433.8072509765625,466.95001220703125,470.8999938964844,462.45001220703125,468.95001220703125,12635601
2022-06-10,429.0692443847656,461.8500061035156,464.1499938964844,458.6000061035156,462.0,8621104
2022-06-13,414.2048645019531,445.8500061035156,454.04998779296875,442.1000061035156,454.0,13426836
2022-06-14,416.2951354980469,448.1000061035156,449.25,443.3500061035156,445.0,11351101
2022-06-15,419.3144836425781,451.3500061035156,455.45001220703125,448.6000061035156,448.95001220703125,9920926
2022-06-16,410.2565002441406,441.6000061035156,457.75,440.1499938964844,455.1499938964844,10780703
2022-06-17,409.6990966796875,441.0,447.54998779296875,437.25,440.0,14326050
2022-06-20,403.84625244140625,434.70001220703125,443.45001220703125,430.70001220703125,441.5,12368534
2022-06-21,418.7570495605469,450.75,454.95001220703125,437.6000061035156,439.5,13801891
2022-06-22,415.8771057128906,447.6499938964844,451.20001220703125,444.6499938964844,448.75,11066447
2022-06-23,419.3609619140625,451.3999938964844,456.45001220703125,446.0,449.0,12229833
2022-06-24,422.0086669921875,454.25,460.3500061035156,453.20001220703125,455.79998779296875,10833364
2022-06-27,428.46539306640625,461.20001220703125,464.8500061035156,458.04998779296875,459.95001220703125,9509175
2022-06-28,431.2988586425781,464.25,465.75,458.0,458.8999938964844,13261290
2022-06-29,426.5144348144531,459.1000061035156,462.70001220703125,458.0,460.0,11800876
2022-06-30,432.8317565917969,465.8999938964844,469.29998779296875,458.6000061035156,459.0,16926328
2022-07-01,433.7143249511719,466.8500061035156,468.79998779296875,460.54998779296875,463.3500061035156,9405495
2022-07-04,439.84588623046875,473.45001220703125,474.1499938964844,466.8500061035156,466.8500061035156,9186358
2022-07-05,438.63818359375,472.1499938964844,480.0,471.0,475.1499938964844,12003244
2022-07-06,445.8845520019531,479.95001220703125,481.0,473.8999938964844,475.1499938964844,12059857
2022-07-07,452.201904296875,486.75,488.25,481.6000061035156,484.0,11497832
2022-07-08,453.8741149902344,488.54998779296875,489.8999938964844,485.1499938964844,489.0,9057231
2022-07-11,453.5489807128906,488.20001220703125,491.29998779296875,485.0,485.0,7704792
2022-07-12,450.5296630859375,484.95001220703125,491.3500061035156,483.1000061035156,485.0,7364457
2022-07-13,451.9696350097656,486.5,492.45001220703125,484.54998779296875,487.75,8208853
2022-07-14,445.3271484375,479.3500061035156,488.8999938964844,476.79998779296875,486.6000061035156,9385630
2022-07-15,445.0948791503906,479.1000061035156,484.3999938964844,474.70001220703125,482.54998779296875,6945602
2022-07-18,455.4999084472656,490.29998779296875,491.5,482.1000061035156,484.54998779296875,9934786
2022-07-19,462.60693359375,497.95001220703125,498.54998779296875,488.0,488.0,11724183
2022-07-20,472.50103759765625,508.6000061035156,510.6000061035156,500.3999938964844,501.0,19280117
2022-07-21,475.7061462402344,512.0499877929688,513.4000244140625,506.75,509.79998779296875,13814893
2022-07-22,477.2390441894531,513.7000122070312,520.2000122070312,511.20001220703125,513.4500122070312,14699129
2022-07-25,481.04803466796875,517.7999877929688,519.0,509.1499938964844,513.4000244140625,10229778
2022-07-26,477.7035827636719,514.2000122070312,520.7999877929688,513.0999755859375,517.7000122070312,8862656
2022-07-27,490.7098693847656,528.2000122070312,529.9500122070312,512.25,515.2999877929688,15101546
2022-07-28,494.65826416015625,532.4500122070312,537.5,529.5499877929688,533.2000122070312,12160734
2022-07-29,490.8492126464844,528.3499755859375,537.0,526.75,535.0499877929688,11921058
2022-08-01,495.8659362792969,533.75,535.0,526.4000244140625,529.0499877929688,8295631
2022-08-02,503.6233215332031,542.0999755859375,544.9000244140625,531.0999755859375,531.9000244140625,16845027
2022-08-03,502.4620056152344,540.8499755859375,546.4000244140625,534.6500244140625,541.9000244140625,24262125
2022-08-04,495.4014587402344,533.25,544.0,524.2000122070312,543.6500244140625,18072293
2022-08-05,493.3575744628906,531.0499877929688,542.9000244140625,529.0,535.5499877929688,21110734
2022-08-08,483.46356201171875,520.4000244140625,524.0,513.8499755859375,524.0,32566317
2022-08-10,478.1680908203125,514.7000122070312,523.5,513.4000244140625,521.5499877929688,16904151
2022-08-11,487.5047607421875,524.75,526.0,517.2000122070312,520.0,13862195
2022-08-12,493.032470703125,530.7000122070312,531.7999877929688,525.1500244140625,525.7000122070312,12154012
2022-08-16,488.61956787109375,525.9500122070312,533.8499755859375,525.0,533.2999877929688,10721167
2022-08-17,490.6634216308594,528.1500244140625,530.5499877929688,524.3499755859375,528.8499755859375,12054183
2022-08-18,494.5653076171875,532.3499755859375,534.7999877929688,526.2000122070312,526.8499755859375,9013662
2022-08-19,483.4170227050781,520.3499755859375,533.6500244140625,518.5,532.0,11087222
2022-08-22,475.0093994140625,511.29998779296875,519.9000244140625,510.0,519.0,9676954
2022-08-23,484.8570556640625,521.9000244140625,524.0,508.25,508.25,8597965
2022-08-24,482.4415588378906,519.2999877929688,523.0,512.2999877929688,519.0,11930650
2022-08-25,483.46356201171875,520.4000244140625,528.2999877929688,518.5,521.9500122070312,15473450
2022-08-26,486.6221618652344,523.7999877929688,529.5,522.2000122070312,523.7999877929688,12855886
2022-08-29,478.3074035644531,514.8499755859375,517.0,508.75,511.29998779296875,9421339
2022-08-30,493.5434265136719,531.25,532.5,517.9500122070312,518.2000122070312,14835308
2022-09-01,495.44793701171875,533.2999877929688,540.9000244140625,522.25,522.25,16670228
2022-09-02,498.6065979003906,536.7000122070312,537.8499755859375,531.25,537.0,10017930
2022-09-05,500.65045166015625,538.9000244140625,540.7999877929688,536.2999877929688,537.0,7819994
2022-09-06,499.62847900390625,537.7999877929688,542.7000122070312,534.0999755859375,538.0,8657868
2022-09-07,495.0298767089844,532.8499755859375,537.4500122070312,531.5499877929688,534.4000244140625,8445359
2022-09-08,505.9923400878906,544.6500244140625,546.2999877929688,535.5,536.0,12240707
2022-09-09,514.0747680664062,553.3499755859375,557.0,548.0,549.6500244140625,18587927
2022-09-12,515.5148315429688,554.9000244140625,558.5999755859375,551.25,554.9000244140625,9677415
2022-09-13,518.394775390625,558.0,560.0,553.75,560.0,16707275
2022-09-14,531.1688232421875,571.75,574.8499755859375,549.25,550.0,21632641
2022-09-15,531.5404663085938,572.1500244140625,578.5,567.9000244140625,572.5499877929688,12749947
2022-09-16,521.925048828125,561.7999877929688,574.0,560.2999877929688,569.0999755859375,14739280
2022-09-19,531.6333618164062,572.25,574.4000244140625,559.5499877929688,560.7000122070312,11194003
2022-09-20,533.3056030273438,574.0499877929688,577.9500122070312,572.8499755859375,577.9500122070312,8484017
2022-09-21,529.2642822265625,569.7000122070312,577.2999877929688,565.4000244140625,575.0,9392526
2022-09-22,527.03466796875,567.2999877929688,574.0,562.0,566.75,11869435
2022-09-23,511.5199279785156,550.5999755859375,568.0,549.5,564.7999877929688,12563239
2022-09-26,504.7381591796875,543.2999877929688,549.0,533.0,545.7999877929688,16158750
2022-09-27,498.4208068847656,536.5,550.9000244140625,533.2000122070312,544.5499877929688,11066799
2022-09-28,487.59765625,524.8499755859375,539.7999877929688,520.3499755859375,532.9000244140625,12233485
2022-09-29,484.71771240234375,521.75,535.7000122070312,519.5499877929688,529.0,17310168
2022-09-30,492.93951416015625,530.5999755859375,536.9000244140625,516.1500244140625,524.0,17466950
2022-10-03,482.8596496582031,519.75,531.6500244140625,518.5,527.5999755859375,9351162
2022-10-04,494.8904724121094,532.7000122070312,535.7999877929688,527.7999877929688,533.0,8745887
2022-10-06,499.16400146484375,537.2999877929688,541.7999877929688,534.5999755859375,534.5999755859375,9507322
2022-10-07,492.56793212890625,530.2000122070312,535.5999755859375,526.5499877929688,535.5,11065307
2022-10-10,493.0788879394531,530.75,533.9000244140625,522.2000122070312,525.7000122070312,9649292
2022-10-11,489.9666442871094,527.4000244140625,533.7000122070312,525.5,530.75,10825440
2022-10-12,495.91241455078125,533.7999877929688,535.0,526.0,530.0,8522604
2022-10-13,484.43902587890625,521.4500122070312,533.7999877929688,520.2000122070312,533.0,12972765
2022-10-14,489.7808837890625,527.2000122070312,534.8499755859375,526.0,530.2000122070312,8545479
2022-10-17,505.0633239746094,543.6500244140625,544.7000122070312,524.2000122070312,526.4000244140625,13485349
2022-10-18,522.5289306640625,562.4500122070312,563.5,546.75,547.0999755859375,20440781
2022-10-19,514.1212768554688,553.4000244140625,563.4500122070312,551.5499877929688,563.0,9540583
2022-10-20,515.9793701171875,555.4000244140625,556.7999877929688,545.2999877929688,552.0,11225588
2022-10-21,521.04248046875,560.8499755859375,565.7999877929688,557.25,557.25,11767639
2022-10-24,530.0075073242188,570.5,572.5,565.9000244140625,567.0,3692065
2022-10-25,537.4861450195312,578.5499877929688,586.2000122070312,568.0,572.5,19899324
2022-10-27,538.5081176757812,579.6500244140625,585.0,577.5999755859375,583.9500122070312,13613533
2022-10-28,530.2398071289062,570.75,582.6500244140625,567.0,579.9500122070312,10043644
2022-10-31,533.0733032226562,573.7999877929688,577.4500122070312,568.4000244140625,574.9500122070312,9894639
2022-11-01,535.953369140625,576.9000244140625,585.75,574.5999755859375,576.3499755859375,12069579
2022-11-02,533.1197509765625,573.8499755859375,578.9500122070312,569.9000244140625,575.9000244140625,10241440
2022-11-03,543.3855590820312,584.9000244140625,587.9500122070312,568.0,569.0,17557998
2022-11-04,551.7931518554688,593.9500122070312,596.9500122070312,580.4000244140625,586.0,25759031
2022-11-07,570.5593872070312,614.1500244140625,622.7000122070312,607.7000122070312,613.0,44265903
2022-11-09,571.8600463867188,615.5499877929688,621.0,610.5499877929688,621.0,18939854
2022-11-10,562.755615234375,605.75,615.0999755859375,602.2000122070312,613.0999755859375,11618405
2022-11-11,558.6214599609375,601.2999877929688,619.5499877929688,598.5,617.25,15525267
2022-11-14,550.4924926757812,592.5499877929688,603.9500122070312,591.6500244140625,603.9500122070312,12957268
2022-11-15,558.2033081054688,600.8499755859375,602.0999755859375,592.6500244140625,594.2999877929688,10286417
2022-11-16,557.1814575195312,599.75,603.5,596.0,599.9500122070312,11555749
2022-11-17,556.5311889648438,599.0499877929688,602.75,596.1500244140625,599.0999755859375,8167131
2022-11-18,559.922119140625,602.7000122070312,605.75,597.1500244140625,601.0,12933675
2022-11-21,555.6485595703125,598.0999755859375,602.0999755859375,595.3499755859375,602.0999755859375,7412419
2022-11-22,556.57763671875,599.0999755859375,600.7000122070312,596.1500244140625,598.1500244140625,8048595
2022-11-23,564.520751953125,607.6500244140625,609.5999755859375,601.0,601.5499877929688,12435924
2022-11-24,566.10009765625,609.3499755859375,611.2999877929688,605.7999877929688,609.75,8960032
2022-11-25,564.2885131835938,607.4000244140625,613.7000122070312,606.25,610.5499877929688,9994513
2022-11-28,565.4032592773438,608.5999755859375,610.9000244140625,602.3499755859375,605.5999755859375,7934274
2022-11-29,565.3568725585938,608.5499877929688,611.7999877929688,607.0999755859375,607.0999755859375,6942919
2022-11-30,559.6898193359375,602.4500122070312,611.4000244140625,598.4000244140625,608.5,15606230
2022-12-01,564.9388427734375,608.0999755859375,609.7999877929688,601.5499877929688,607.8499755859375,14209313
2022-12-02,564.4277954101562,607.5499877929688,609.5999755859375,604.25,607.5,7533838
2022-12-05,573.4857788085938,617.2999877929688,618.0,607.5499877929688,608.5,11585602
2022-12-06,565.728515625,608.9500122070312,619.7999877929688,607.7999877929688,614.75,12996244
2022-12-07,563.96337890625,607.0499877929688,612.9000244140625,604.5,610.8499755859375,7613892
2022-12-08,568.2369384765625,611.6500244140625,613.7999877929688,607.1500244140625,609.75,10020015
2022-12-09,572.74267578125,616.5,618.0,609.0999755859375,614.4000244140625,11202267
2022-12-12,569.5374755859375,613.0499877929688,618.7000122070312,611.0,614.7999877929688,9285187
2022-12-13,572.974853515625,616.75,617.4000244140625,612.5,613.5,7455415
2022-12-14,581.103759765625,625.5,626.75,617.5,618.5,14010673
2022-12-15,572.2316284179688,615.9500122070312,629.5499877929688,614.2999877929688,625.5499877929688,10622271
2022-12-16,560.5259399414062,603.3499755859375,615.5999755859375,602.0999755859375,612.0,9435071
2022-12-19,561.5478515625,604.4500122070312,609.5,603.0,604.0,8322012
2022-12-20,561.5478515625,604.4500122070312,606.5,599.5499877929688,603.0,6753785
2022-12-21,551.2822265625,593.4000244140625,609.1500244140625,589.5999755859375,605.9000244140625,9217253
2022-12-22,551.2822265625,593.4000244140625,599.0,587.5499877929688,597.0,8740149
2022-12-23,533.2592163085938,574.0,590.7000122070312,571.5,590.0,13047046
2022-12-26,554.719482421875,597.0999755859375,601.7000122070312,570.7000122070312,574.0,13201587
2022-12-27,559.1788940429688,601.9000244140625,603.0999755859375,593.2999877929688,600.4000244140625,9638618
2022-12-28,558.3892211914062,601.0499877929688,607.0,598.5499877929688,600.9000244140625,7988631
2022-12-29,568.376220703125,611.7999877929688,618.0,597.1500244140625,600.0,20130392
2022-12-30,570.141357421875,613.7000122070312,620.5499877929688,611.3499755859375,615.25,13052895
2023-01-02,568.747802734375,612.2000122070312,619.2000122070312,611.2000122070312,614.9500122070312,6726084
2023-01-03,568.93359375,612.4000244140625,616.5999755859375,610.0,614.5,6818062
2023-01-04,562.24462890625,605.2000122070312,614.9500122070312,604.0,611.8499755859375,7011191
2023-01-05,562.1517333984375,605.0999755859375,611.5999755859375,601.9500122070312,607.0,8241475
2023-01-06,558.017578125,600.6500244140625,607.4500122070312,597.0,607.4000244140625,7972036
2023-01-09,564.5671997070312,607.7000122070312,609.0,600.0999755859375,605.0,8878905
2023-01-10,552.9078979492188,595.1500244140625,609.0,590.5999755859375,608.4500122070312,10622660
2023-01-11,554.3480224609375,596.7000122070312,599.5,592.25,596.4500122070312,7419630
2023-01-12,552.6757202148438,594.9000244140625,597.9000244140625,590.0999755859375,597.9000244140625,8183715
2023-01-13,557.5066528320312,600.0999755859375,602.9000244140625,593.6500244140625,597.9000244140625,7877610
2023-01-16,560.2008056640625,603.0,606.0999755859375,600.5999755859375,603.0,5483191
2023-01-17,550.8641357421875,592.9500122070312,606.0,586.0499877929688,603.0,13461999
2023-01-18,549.4706420898438,591.4500122070312,597.1500244140625,587.5999755859375,595.9000244140625,11538075
2023-01-19,547.984130859375,589.8499755859375,591.75,587.5499877929688,591.0,7475688
2023-01-20,550.1673583984375,592.2000122070312,596.5999755859375,590.7999877929688,593.7999877929688,6750607
2023-01-23,557.831787109375,600.4500122070312,601.75,592.9500122070312,598.5,6604469
2023-01-24,552.1646728515625,594.3499755859375,604.5999755859375,593.0499877929688,603.5,7609623
2023-01-25,528.3353881835938,568.7000122070312,595.8499755859375,567.4000244140625,595.8499755859375,25686294
2023-01-27,501.62591552734375,539.9500122070312,568.5499877929688,532.25,568.0,40163464
2023-01-30,500.0001525878906,538.2000122070312,554.3499755859375,525.2000122070312,536.0,40797825
2023-01-31,514.2141723632812,553.5,557.0,537.8499755859375,545.0,21911943
2023-02-01,489.92022705078125,527.3499755859375,565.0,499.3500061035156,561.4000244140625,38218810
2023-02-02,490.61700439453125,528.0999755859375,532.6500244140625,502.5,520.2000122070312,39287056
2023-02-03,505.5743103027344,544.2000122070312,545.9500122070312,519.1500244140625,536.0,32317232
2023-02-06,506.6890869140625,545.4000244140625,558.7999877929688,536.5499877929688,558.7999877929688,25338586
2023-02-07,508.2684326171875,547.0999755859375,551.4000244140625,541.0499877929688,548.0,16195947
2023-02-08,510.7302551269531,549.75,554.5,545.5,550.0,15502847
2023-02-09,511.7057800292969,550.7999877929688,552.0,542.7999877929688,552.0,15061047
2023-02-10,513.7960815429688,553.0499877929688,557.25,546.5,546.5,13824475
2023-02-13,499.34979248046875,537.5,556.9000244140625,533.2999877929688,554.0,18488732
2023-02-14,502.4620056152344,540.8499755859375,544.5999755859375,530.75,539.9500122070312,18559909
2023-02-15,503.7626953125,542.25,544.6500244140625,536.7999877929688,540.0,12796579
2023-02-16,501.7652893066406,540.0999755859375,546.8499755859375,538.5,546.8499755859375,12767016
2023-02-17,493.3111267089844,531.0,539.6500244140625,527.75,538.5,14192008
2023-02-20,487.87640380859375,525.1500244140625,533.9500122070312,522.1500244140625,532.0,12570032
2023-02-21,486.2970275878906,523.4500122070312,528.9500122070312,522.4000244140625,527.0999755859375,10223218
2023-02-22,479.700927734375,516.3499755859375,521.9000244140625,512.5,520.75,14763050
2023-02-23,484.0209045410156,521.0,524.0,511.3500061035156,516.9500122070312,15535085
2023-02-24,484.0673828125,521.0499877929688,527.5,517.5999755859375,524.2000122070312,12253035
2023-02-27,490.24542236328125,527.7000122070312,529.7999877929688,519.0,521.0999755859375,11048799
2023-02-28,485.69317626953125,522.7999877929688,528.4500122070312,521.0499877929688,527.25,15768010
2023-03-01,498.6065979003906,536.7000122070312,537.4000244140625,523.0999755859375,523.25,13510198
2023-03-02,495.8659362792969,533.75,539.9000244140625,532.5,535.9500122070312,10376913
2023-03-03,521.36767578125,561.2000122070312,564.2999877929688,541.75,542.0,27656538
2023-03-06,521.8321533203125,561.7000122070312,567.9000244140625,559.0,564.9000244140625,16162268
2023-03-08,524.712158203125,564.7999877929688,565.5,556.4500122070312,560.0,12637578
2023-03-09,519.2308959960938,558.9000244140625,565.75,558.0,564.75,8993423
2023-03-10,508.5006408691406,547.3499755859375,554.9500122070312,545.0,553.0999755859375,11522371
2023-03-13,492.38214111328125,530.0,553.1500244140625,528.4500122070312,547.0,14373729
2023-03-14,488.1086120605469,525.4000244140625,532.7999877929688,520.0,527.6500244140625,14750800
2023-03-15,480.8157958984375,517.5499877929688,532.0,515.5499877929688,529.7999877929688,11282329
2023-03-16,487.27252197265625,524.5,529.3499755859375,514.2999877929688,518.4000244140625,20040008
2023-03-17,492.1962890625,529.7999877929688,531.5999755859375,520.0999755859375,528.6500244140625,18787379
2023-03-20,482.3486633300781,519.2000122070312,526.5999755859375,515.0,526.5999755859375,14275315
2023-03-21,484.81060791015625,521.8499755859375,523.4500122070312,516.4500122070312,522.0,29485180
2023-03-22,484.5318603515625,521.5499877929688,527.0,520.0999755859375,522.2000122070312,11619538
2023-03-23,476.3564758300781,512.75,521.0,511.5,519.4000244140625,22097792
2023-03-24,469.4817199707031,505.3500061035156,514.9500122070312,503.45001220703125,514.5,14416984
2023-03-27,473.9410095214844,510.1499938964844,514.1500244140625,501.54998779296875,507.0,15674218
2023-03-28,472.0365295410156,508.1000061035156,511.75,503.8500061035156,511.45001220703125,15833599
2023-03-29,479.84033203125,516.5,518.0,506.29998779296875,509.0,24203789
2023-03-31,486.5757751464844,523.75,524.9000244140625,519.3499755859375,520.6500244140625,17356345
2023-04-03,489.36279296875,526.75,528.5,522.0999755859375,524.75,14210949
2023-04-05,485.8789367675781,523.0,527.5999755859375,519.0499877929688,527.0,13574801
2023-04-06,490.198974609375,527.6500244140625,533.7000122070312,521.6500244140625,524.0,25125879
2023-04-10,488.9447326660156,526.2999877929688,530.4000244140625,524.4000244140625,529.25,17335453
2023-04-11,494.33306884765625,532.0999755859375,535.7000122070312,527.1500244140625,530.8499755859375,26414406
2023-04-12,490.7098693847656,528.2000122070312,534.0,526.0,533.2000122070312,21292441
2023-04-13,495.12274169921875,532.9500122070312,534.25,527.1500244140625,529.2999877929688,28597560
2023-04-17,505.3884582519531,544.0,545.0,528.0,528.0,32476990
2023-04-18,507.1070556640625,545.8499755859375,548.5,540.5,545.3499755859375,22283456
2023-04-19,501.9510803222656,540.2999877929688,547.5,538.25,544.0,21156372
2023-04-20,506.13165283203125,544.7999877929688,545.4500122070312,536.6500244140625,541.2000122070312,25588577
2023-04-21,504.5988464355469,543.1500244140625,546.4000244140625,539.7000122070312,545.0,22599418
2023-04-24,515.2360229492188,554.5999755859375,555.5499877929688,543.5,543.7999877929688,23335611
2023-04-25,521.925048828125,561.7999877929688,567.9000244140625,555.0,555.0,38142390
2023-04-26,526.152099609375,566.3499755859375,567.0,556.4500122070312,562.0,23143882
2023-04-27,524.6657104492188,564.75,567.4000244140625,561.0999755859375,565.0,17845169
2023-04-28,537.25390625,578.2999877929688,580.4500122070312,565.5,567.7999877929688,16183423
2023-05-02,534.4668579101562,575.2999877929688,580.8499755859375,573.1500244140625,580.0,13667511
2023-05-03,530.0075073242188,570.5,575.0,569.0,570.6500244140625,9699527
2023-05-04,538.833251953125,580.0,580.7999877929688,568.5,570.2000122070312,12533761
2023-05-05,535.5816650390625,576.5,588.25,575.0499877929688,580.2000122070312,18163461
2023-05-08,542.1776733398438,583.5999755859375,587.5999755859375,577.3499755859375,577.6500244140625,12990869
2023-05-09,532.7946166992188,573.5,586.4500122070312,572.0999755859375,585.0,18959065
2023-05-10,531.5869140625,572.2000122070312,575.0,563.25,575.0,18561315
2023-05-11,532.7481689453125,573.4500122070312,580.0,572.0,572.2000122070312,16016715
2023-05-12,537.1146240234375,578.1500244140625,580.75,571.5499877929688,574.7000122070312,11319335
2023-05-15,540.5984497070312,581.9000244140625,584.0,574.6500244140625,578.75,11410243
2023-05-16,544.6860961914062,586.2999877929688,590.4000244140625,582.0,584.0,22178229
2023-05-17,544.6860961914062,586.2999877929688,590.5,579.5,586.0,23739774
2023-05-18,533.4450073242188,574.2000122070312,593.9000244140625,571.4000244140625,590.2999877929688,45656620
2023-05-19,534.3275756835938,575.1500244140625,586.25,569.9000244140625,579.0,42293962
2023-05-22,536.1856079101562,577.1500244140625,580.2999877929688,573.4500122070312,577.5,21484049
2023-05-23,540.3196411132812,581.5999755859375,583.7000122070312,576.7999877929688,578.9000244140625,16120548
2023-05-24,541.3416748046875,582.7000122070312,585.25,578.25,579.7999877929688,17616658
2023-05-25,539.9945068359375,581.25,582.9000244140625,577.0,582.0,16479436
2023-05-26,544.4074096679688,586.0,587.75,580.5499877929688,581.25,9788076
2023-05-29,552.7686157226562,595.0,596.4000244140625,588.0499877929688,590.0,18432231
2023-05-30,550.7247314453125,592.7999877929688,595.5,591.5,595.0,15031640
2023-05-31,549.1620483398438,579.8499755859375,584.7999877929688,577.5,583.7999877929688,28797643
2023-06-01,551.90869140625,582.75,586.4000244140625,581.0,581.7999877929688,17820226
2023-06-02,556.1231079101562,587.2000122070312,588.9000244140625,583.0,584.7000122070312,11323908
2023-06-05,556.1231079101562,587.2000122070312,589.7999877929688,586.0,588.5,12920507
2023-06-06,554.3709716796875,585.3499755859375,588.9000244140625,583.0,588.0,11199940
2023-06-07,558.0172119140625,589.2000122070312,590.5999755859375,586.0,588.0,11113781
2023-06-08,557.3543090820312,588.5,593.9500122070312,586.3499755859375,589.9500122070312,15971917
2023-06-09,548.072998046875,578.7000122070312,589.0999755859375,576.75,588.0,18870272
2023-06-12,548.0256958007812,578.6500244140625,581.5,577.7000122070312,580.0,8786066
2023-06-13,545.8946533203125,576.4000244140625,581.4000244140625,574.25,579.4500122070312,12612098
2023-06-14,546.0367431640625,576.5499877929688,578.5499877929688,575.25,577.0,8948696
2023-06-15,536.5186157226562,566.5,576.7000122070312,565.25,576.0,17934877
2023-06-16,541.0172119140625,571.25,574.7000122070312,567.0499877929688,568.75,12660226
2023-06-19,538.7442016601562,568.8499755859375,572.75,565.9000244140625,571.25,17903691
2023-06-20,537.3710327148438,567.4000244140625,569.4500122070312,562.5499877929688,568.8499755859375,14549152
2023-06-21,536.3765258789062,566.3499755859375,569.5,565.6500244140625,567.4000244140625,14946871
2023-06-22,533.156494140625,562.9500122070312,569.0,561.0499877929688,566.3499755859375,14979063
2023-06-23,525.2484130859375,554.5999755859375,562.0999755859375,553.7999877929688,562.0,12215712
2023-06-26,527.5687255859375,557.0499877929688,558.5,554.5,556.0,8360264
2023-06-27,536.1397705078125,566.0999755859375,567.9500122070312,555.6500244140625,558.25,10694768
2023-06-28,539.6439819335938,569.7999877929688,574.0,568.5499877929688,572.25,18028934
2023-06-30,542.5325317382812,572.8499755859375,574.0,570.2000122070312,574.0,8718232
2023-07-03,554.4657592773438,585.4500122070312,586.3499755859375,573.9000244140625,574.5,15421985
2023-07-04,558.0645751953125,589.25,595.9500122070312,582.25,588.2000122070312,24799250
2023-07-05,559.3431396484375,590.5999755859375,593.7000122070312,588.2000122070312,589.7999877929688,13598114
2023-07-06,561.1426391601562,592.5,593.5,589.0999755859375,590.4000244140625,11323509
2023-07-07,562.184326171875,593.5999755859375,595.5,585.5,590.0,11707209
2023-07-10,561.2373046875,592.5999755859375,599.7999877929688,590.25,594.6500244140625,11417363
2023-07-11,557.4016723632812,588.5499877929688,595.9500122070312,587.3499755859375,595.0,13221177
2023-07-12,558.0645751953125,589.25,594.5,588.2000122070312,589.0,16029716
2023-07-13,554.6551513671875,585.6500244140625,598.0,583.3499755859375,594.9000244140625,20024503
2023-07-14,553.4712524414062,584.4000244140625,591.2999877929688,580.7000122070312,586.75,12190152
2023-07-17,569.2874755859375,601.0999755859375,602.8499755859375,584.2000122070312,587.0,19378986
2023-07-18,561.0005493164062,592.3499755859375,604.0499877929688,588.75,603.0499877929688,25757209
2023-07-19,569.6190185546875,601.4500122070312,602.4000244140625,592.0,594.6500244140625,17556585
2023-07-20,577.7637939453125,610.0499877929688,610.7999877929688,598.75,601.4000244140625,34038351
2023-07-21,582.5465087890625,615.0999755859375,619.5,609.0,610.0,21040281
2023-07-24,584.9616088867188,617.6500244140625,621.9000244140625,614.2999877929688,615.0499877929688,11756364
2023-07-25,577.3375854492188,609.5999755859375,621.7999877929688,604.2000122070312,621.7999877929688,18503305
2023-07-26,582.5939331054688,615.1500244140625,616.3499755859375,609.1500244140625,612.0,9999125
2023-07-27,583.9197998046875,616.5499877929688,621.25,613.0999755859375,616.4000244140625,17444742
2023-07-28,583.4462890625,616.0499877929688,619.9000244140625,613.5999755859375,616.4000244140625,11930586
2023-07-31,587.3766479492188,620.2000122070312,621.0,614.5,616.6500244140625,8605483
2023-08-01,579.4685668945312,611.8499755859375,620.8499755859375,610.5999755859375,620.2000122070312,13493453
2023-08-02,566.7777099609375,598.4500122070312,610.5,594.0999755859375,609.8499755859375,14977497
2023-08-03,559.2484741210938,590.5,600.8499755859375,585.0,598.7000122070312,27774877
2023-08-04,542.958740234375,573.2999877929688,598.7000122070312,571.4000244140625,594.7999877929688,52725616
2023-08-07,537.8446044921875,567.9000244140625,577.0,566.6500244140625,577.0,32736325
2023-08-08,542.7693481445312,573.0999755859375,574.25,568.4500122070312,571.0,25038671
2023-08-09,543.3849487304688,573.75,575.0,568.3499755859375,575.0,15769111
2023-08-10,543.2902221679688,573.6500244140625,577.5999755859375,570.0999755859375,573.75,27325801
2023-08-11,543.7637939453125,574.1500244140625,579.0,572.0,575.4500122070312,18221179
2023-08-14,531.1203002929688,560.7999877929688,573.0,558.5999755859375,572.9500122070312,28084093
2023-08-16,535.4295043945312,565.3499755859375,566.4000244140625,554.0,558.7999877929688,15725767
2023-08-17,541.86962890625,572.1500244140625,573.1500244140625,564.0,565.75,27910162
2023-08-18,542.6272583007812,572.9500122070312,575.25,567.4000244140625,570.0,18253227
2023-08-21,541.4434204101562,571.7000122070312,575.5499877929688,570.75,572.9500122070312,9380810
2023-08-22,538.4127807617188,568.5,574.4500122070312,567.5,572.5,14073413
2023-08-23,546.3682250976562,576.9000244140625,577.9500122070312,566.0,571.0,18579297
2023-08-24,546.4155883789062,576.9500122070312,582.0,575.5499877929688,578.1500244140625,24131644
2023-08-25,539.7861328125,569.9500122070312,575.2999877929688,567.2000122070312,573.7999877929688,12271885
2023-08-28,542.5325317382812,572.8499755859375,574.7999877929688,569.2000122070312,572.7999877929688,9711932
2023-08-29,544.4266357421875,574.8499755859375,576.2999877929688,571.8499755859375,573.6500244140625,13144855
2023-08-30,537.3710327148438,567.4000244140625,577.7000122070312,566.0999755859375,576.7000122070312,15281416
2023-08-31,531.64111328125,561.3499755859375,570.2999877929688,559.4000244140625,569.2999877929688,27898476
2023-09-01,539.4072265625,569.5499877929688,571.2000122070312,562.0999755859375,562.7000122070312,18121168
2023-09-04,545.0896606445312,575.5499877929688,576.3499755859375,568.4500122070312,572.0,12108655
2023-09-05,542.6746215820312,573.0,578.25,571.3499755859375,575.5999755859375,14444729
2023-09-06,540.306884765625,570.5,574.25,568.0,574.25,20609936
2023-09-07,548.4044799804688,579.0499877929688,581.0,568.0,568.0,12390597
2023-09-08,552.5715942382812,583.4500122070312,588.5,579.7000122070312,581.0,14032068
2023-09-11,560.3849487304688,591.7000122070312,592.2999877929688,585.3499755859375,587.0,10946134
2023-09-12,557.2122802734375,588.3499755859375,594.25,584.6500244140625,593.6500244140625,16093060
2023-09-13,564.883544921875,596.4500122070312,598.0,583.4500122070312,588.4000244140625,19377172
2023-09-14,565.6885986328125,597.2999877929688,603.7000122070312,595.2000122070312,598.4500122070312,13178911
2023-09-15,567.109130859375,598.7999877929688,600.7000122070312,595.2000122070312,599.3499755859375,11756389
2023-09-18,571.9866333007812,603.9500122070312,608.4000244140625,597.0499877929688,598.7999877929688,19305055
2023-09-20,569.2874755859375,601.0999755859375,606.7999877929688,599.4000244140625,600.8499755859375,21314600
2023-09-21,557.0228881835938,588.1500244140625,606.5999755859375,584.6500244140625,600.0,23453425
2023-09-22,566.4935913085938,598.1500244140625,602.0,591.4000244140625,593.5,18784139
2023-09-25,562.6105346679688,594.0499877929688,601.5,590.4500122070312,601.5,9712784
2023-09-26,562.9420166015625,594.4000244140625,595.0,591.25,594.0,8327427
2023-09-27,558.5381469726562,589.75,594.2999877929688,588.2000122070312,593.4500122070312,9865347
2023-09-28,558.7276000976562,589.9500122070312,595.2000122070312,588.8499755859375,591.25,21960816
2023-09-29,566.8723754882812,598.5499877929688,600.0,591.2999877929688,592.8499755859375,12189735
2023-10-03,571.03955078125,602.9500122070312,604.9000244140625,589.5999755859375,596.5999755859375,15322196
2023-10-04,555.223388671875,586.25,600.4500122070312,584.4500122070312,600.0,24914612
2023-10-05,560.8111572265625,592.1500244140625,594.3499755859375,587.0999755859375,590.0,13248028
2023-10-06,562.7999877929688,594.25,598.9500122070312,592.2000122070312,593.4000244140625,8216780
2023-10-09,554.1342163085938,585.0999755859375,589.0,581.5499877929688,588.0,9189597
2023-10-10,560.337646484375,591.6500244140625,595.0,585.75,587.0,10373508
2023-10-11,557.2122802734375,588.3499755859375,597.0,587.5999755859375,596.9000244140625,14220119
2023-10-12,555.033935546875,586.0499877929688,593.0,585.0,590.7999877929688,11983797
2023-10-13,545.6578979492188,576.1500244140625,581.2999877929688,574.7999877929688,577.75,19064577
2023-10-16,545.1843872070312,575.6500244140625,578.75,571.5,576.0,11290293
2023-10-17,545.9420166015625,576.4500122070312,579.9500122070312,575.2999877929688,577.7000122070312,10765224
2023-10-18,542.3432006835938,572.6500244140625,579.25,569.3499755859375,577.75,11777454
2023-10-19,540.9699096679688,571.2000122070312,574.0,567.0,569.7999877929688,11441499
2023-10-20,533.298583984375,563.0999755859375,570.0,562.0999755859375,569.9000244140625,11110988
2023-10-23,523.6857299804688,552.9500122070312,566.0,551.0,563.0999755859375,11875035
2023-10-25,526.7637329101562,556.2000122070312,560.7999877929688,553.5999755859375,558.5999755859375,12134624
2023-10-26,518.0505981445312,547.0,552.9000244140625,543.2000122070312,551.4500122070312,19424825
2023-10-27,531.4517822265625,561.1500244140625,562.5,550.0,550.0,10415296
2023-10-30,535.2874755859375,565.2000122070312,566.7000122070312,556.5,563.0,8593704
2023-10-31,535.618896484375,565.5499877929688,569.5,563.1500244140625,567.0,13039696
2023-11-01,536.4239501953125,566.4000244140625,569.6500244140625,563.8499755859375,566.25,13575575
2023-11-02,541.8222045898438,572.0999755859375,575.4500122070312,567.5999755859375,571.0999755859375,11148516
2023-11-03,547.5521240234375,578.1500244140625,579.5,573.4500122070312,576.0,11371371
2023-11-06,543.9531860351562,574.3499755859375,582.5,573.25,582.0,16499138
2023-11-07,549.0673828125,579.75,581.2000122070312,572.5999755859375,574.7999877929688,17923281
2023-11-08,549.5882568359375,580.2999877929688,582.5999755859375,579.0,581.9000244140625,15434808
2023-11-09,547.7415161132812,578.3499755859375,581.8499755859375,576.5,581.0,12434363
2023-11-10,548.8306274414062,579.5,581.0,575.4000244140625,577.7999877929688,6773038
2023-11-13,550.5827026367188,581.3499755859375,582.5,575.2000122070312,581.0,11282362
2023-11-15,553.7554321289062,584.7000122070312,588.0,582.5999755859375,587.25,11397676
2023-11-16,553.7080688476562,584.6500244140625,588.0,582.9000244140625,584.7000122070312,8622660
2023-11-17,533.251220703125,563.0499877929688,574.5,562.0999755859375,574.5,37173221
2023-11-20,533.9141845703125,563.75,566.7999877929688,560.5999755859375,564.0,12714585
2023-11-21,531.7832641601562,561.5,566.6500244140625,561.0,566.0,14280013
2023-11-22,529.3682250976562,558.9500122070312,564.5,555.1500244140625,562.9500122070312,14909071
2023-11-23,530.3153076171875,559.9500122070312,563.5,558.2999877929688,561.75,6376210
2023-11-24,530.6941528320312,560.3499755859375,562.4500122070312,559.25,561.9500122070312,6529851
2023-11-28,534.5771484375,564.4500122070312,565.2000122070312,561.0999755859375,563.5999755859375,8153314
2023-11-29,538.5075073242188,568.5999755859375,569.0,565.0999755859375,568.0,10299034
2023-11-30,534.8612670898438,564.75,570.2000122070312,563.6500244140625,569.75,19758998
2023-12-01,541.4907836914062,571.75,574.2000122070312,566.5499877929688,567.0,10614230
2023-12-04,563.2261962890625,594.7000122070312,596.0,584.5499877929688,588.0,26077882
2023-12-05,576.05908203125,608.25,611.2999877929688,595.0499877929688,595.0499877929688,36430152
2023-12-06,576.2484741210938,608.4500122070312,614.0,604.5499877929688,614.0,21439069
2023-12-07,579.3265380859375,611.7000122070312,612.5499877929688,605.0,610.0,10725706
2023-12-08,581.6468505859375,614.1500244140625,616.7999877929688,605.3499755859375,610.0,17722136
2023-12-11,581.7415161132812,614.25,619.9000244140625,613.0999755859375,615.0,11706255
2023-12-12,579.9894409179688,612.4000244140625,617.9500122070312,610.7999877929688,617.0,14494836
2023-12-13,587.045166015625,619.8499755859375,620.5,611.6500244140625,614.4500122070312,13977914
2023-12-14,590.64404296875,623.6500244140625,627.75,622.4000244140625,626.0,15813797
2023-12-15,613.9420776367188,648.25,650.0,619.8499755859375,628.0,29813572
2023-12-18,614.1788940429688,648.5,655.6500244140625,642.4000244140625,646.6500244140625,16221796
2023-12-19,620.7136840820312,655.4000244140625,659.5999755859375,640.25,648.5,19964008
2023-12-20,602.7666015625,636.4500122070312,660.4000244140625,633.9500122070312,658.7000122070312,22542056
2023-12-21,609.6802978515625,643.75,648.9500122070312,627.5,632.1500244140625,19915516
2023-12-22,603.0507202148438,636.75,649.4000244140625,635.1500244140625,644.75,14998068
2023-12-26,604.2819213867188,638.0499877929688,641.2999877929688,635.6500244140625,638.8499755859375,10153089
2023-12-27,614.2262573242188,648.5499877929688,649.4500122070312,639.0,640.75,14417646
2023-12-28,616.9254150390625,651.4000244140625,653.2999877929688,646.5,650.25,16982092
2023-12-29,608.0702514648438,642.0499877929688,649.5999755859375,639.5499877929688,645.5,13221898
2024-01-01,607.4072875976562,641.3499755859375,646.9000244140625,638.0,642.2000122070312,8295548
2024-01-02,605.6078491210938,639.4500122070312,648.0,633.8499755859375,641.3499755859375,15164482
2024-01-03,609.3961181640625,643.4500122070312,648.0,635.7999877929688,639.3499755859375,14571772
2024-01-04,608.7332153320312,642.75,646.4000244140625,638.6500244140625,642.5,13883388
2024-01-05,607.9755249023438,641.9500122070312,651.75,637.75,645.0,15984585
2024-01-08,593.8167724609375,627.0,645.0,625.0499877929688,640.0,14739531
2024-01-09,592.301513671875,625.4000244140625,634.3499755859375,624.5,632.0,13400235
2024-01-10,588.8446044921875,621.75,625.2999877929688,618.2000122070312,624.7999877929688,12742464
2024-01-11,587.3766479492188,620.2000122070312,627.1500244140625,618.5,626.0,15533860
2024-01-12,600.0674438476562,633.5999755859375,636.5,621.0999755859375,623.7999877929688,16620797
2024-01-15,606.2234497070312,640.0999755859375,645.5,636.0999755859375,638.9000244140625,16844018
2024-01-16,603.1928100585938,636.9000244140625,644.9000244140625,633.4500122070312,640.0,15025543
2024-01-17,592.8696899414062,626.0,636.7999877929688,623.0,624.0,30016308
2024-01-18,595.0479125976562,628.2999877929688,633.4500122070312,619.0499877929688,625.7999877929688,14695436
2024-01-19,594.5270385742188,627.75,635.5,624.7000122070312,633.0,11675202
2024-01-23,573.0758056640625,605.0999755859375,634.9000244140625,600.6500244140625,627.0,30954343
2024-01-24,585.5771484375,618.2999877929688,622.3499755859375,603.0999755859375,609.9500122070312,19221835
2024-01-25,580.3208618164062,612.75,623.7999877929688,606.25,618.5,22684904
2024-01-29,589.9810791015625,622.9500122070312,629.5,615.5999755859375,619.0,19572140
2024-01-30,593.5799560546875,626.75,633.5,624.2000122070312,625.4500122070312,16966577
2024-01-31,606.6022338867188,640.5,643.2000122070312,622.0,626.4000244140625,23270745
2024-02-01,613.3739013671875,647.6500244140625,652.9500122070312,633.25,642.75,26587707
2024-02-02,615.26806640625,649.6500244140625,660.5499877929688,646.7000122070312,652.0,27471811
2024-02-05,608.9226684570312,642.9500122070312,654.7999877929688,638.75,647.0999755859375,28339525
2024-02-06,615.8362426757812,650.25,655.0,637.7000122070312,644.4500122070312,14079390
2024-02-07,639.51318359375,675.25,677.9500122070312,655.0,655.0499877929688,41696232
2024-02-08,662.5271606445312,699.5499877929688,718.9000244140625,678.5,680.4000244140625,74222434
2024-02-09,686.866943359375,725.25,728.3499755859375,694.2000122070312,703.6500244140625,43235061
2024-02-12,670.4352416992188,707.9000244140625,726.0,704.5,726.0,22873137
2024-02-13,675.6915283203125,713.4500122070312,718.0,702.1500244140625,708.5499877929688,23351472
2024-02-14,704.0564575195312,743.4000244140625,748.5,705.5499877929688,705.5499877929688,36782182
2024-02-15,721.387939453125,761.7000122070312,764.0,741.6500244140625,747.7000122070312,33941282
2024-02-16,714.7583618164062,754.7000122070312,774.5999755859375,753.3499755859375,763.4500122070312,27365121
2024-02-19,719.0675659179688,759.25,765.0,750.0,758.7000122070312,13979584
2024-02-20,719.87255859375,760.0999755859375,763.5,754.0,759.0499877929688,12528399
2024-02-21,730.6692504882812,771.5,777.5,759.5999755859375,760.6500244140625,21465311
2024-02-22,725.3656616210938,765.9000244140625,773.0,757.0,773.0,18799244
2024-02-23,718.8781127929688,759.0499877929688,770.5,755.0,765.9000244140625,14143636
2024-02-26,718.736083984375,758.9000244140625,766.3499755859375,752.7000122070312,755.0,11355186
2024-02-27,710.1650390625,749.8499755859375,762.3499755859375,742.2000122070312,758.9000244140625,13969393
2024-02-28,703.2040405273438,742.5,756.75,741.0,749.8499755859375,11263318
2024-02-29,708.5076904296875,748.0999755859375,753.9000244140625,737.1500244140625,743.9000244140625,19217113
2024-03-01,728.443603515625,769.1500244140625,772.0,751.9500122070312,752.0,17348526
2024-03-04,731.1901245117188,772.0499877929688,777.0,769.0,774.4000244140625,9789141
2024-03-05,742.4603881835938,783.9500122070312,786.9500122070312,769.0999755859375,769.5,18088847
2024-03-06,742.4130249023438,783.9000244140625,790.2999877929688,772.9000244140625,783.6500244140625,26710525
2024-03-07,746.3433837890625,788.0499877929688,793.4000244140625,783.0,790.0,15497868
2024-03-11,732.7528686523438,773.7000122070312,792.7999877929688,770.5499877929688,790.0,16778340
2024-03-12,719.4937744140625,759.7000122070312,777.75,757.3499755859375,770.0,21529705
2024-03-13,707.70263671875,747.25,763.7000122070312,743.0,758.6500244140625,27950252
2024-03-14,701.830810546875,741.0499877929688,750.7999877929688,734.0499877929688,749.9000244140625,19730882
2024-03-15,693.1651000976562,731.9000244140625,746.5499877929688,723.0,739.25,29792241
2024-03-18,692.2653198242188,730.9500122070312,737.9000244140625,722.0999755859375,727.0999755859375,18145126
2024-03-19,685.4937133789062,723.7999877929688,734.3499755859375,721.1500244140625,730.0,15205043
2024-03-20,697.2848510742188,736.25,738.9500122070312,719.7999877929688,725.1500244140625,25405455
2024-03-21,704.90869140625,744.2999877929688,750.5999755859375,740.5499877929688,742.0,15161161
2024-03-22,707.1817626953125,746.7000122070312,748.7999877929688,741.4000244140625,743.8499755859375,15535921
2024-03-26,700.8836669921875,740.0499877929688,747.8499755859375,738.5,743.0499877929688,14678342
2024-03-27,694.490966796875,733.2999877929688,745.8499755859375,730.2000122070312,743.0,30088789
2024-03-28,712.53271484375,752.3499755859375,759.5499877929688,736.9000244140625,737.75,21705116
2024-04-01,718.1677856445312,758.2999877929688,761.5,752.0999755859375,759.0499877929688,9949971
2024-04-02,725.8392333984375,766.4000244140625,768.75,753.3499755859375,758.2000122070312,15713063
2024-04-03,730.2430419921875,771.0499877929688,772.5999755859375,760.1500244140625,764.9000244140625,19136981
2024-04-04,719.1149291992188,759.2999877929688,775.2999877929688,758.0999755859375,775.0,15889530
2024-04-05,724.2764892578125,764.75,767.7000122070312,752.5999755859375,757.9500122070312,9939620
2024-04-08,727.6385498046875,768.2999877929688,770.0,761.7999877929688,766.0499877929688,9797174
2024-04-09,723.755615234375,764.2000122070312,772.4500122070312,761.0999755859375,768.4500122070312,7465892
2024-04-10,737.8196411132812,779.0499877929688,780.7000122070312,763.6500244140625,766.5,14530669
2024-04-12,725.7444458007812,766.2999877929688,779.5,764.7999877929688,777.25,14408722
2024-04-15,717.4102172851562,757.5,763.2999877929688,748.75,759.7999877929688,11356572
2024-04-16,711.9171752929688,751.7000122070312,754.9000244140625,744.4000244140625,751.25,13338991
2024-04-18,705.3822631835938,744.7999877929688,759.9500122070312,742.0,752.0499877929688,14589648
2024-04-19,710.7332763671875,750.4500122070312,752.0,732.0499877929688,734.5,10886554
2024-04-22,725.5550537109375,766.0999755859375,769.0,750.4500122070312,754.1500244140625,17452186
2024-04-23,732.08984375,773.0,777.7000122070312,765.5499877929688,770.3499755859375,12292429
2024-04-24,732.1845092773438,773.0999755859375,778.5,770.2000122070312,778.5,7842615
2024-04-25,769.6888427734375,812.7000122070312,814.4000244140625,769.6500244140625,770.6500244140625,36732974
2024-04-26,758.89208984375,801.2999877929688,816.9000244140625,798.9000244140625,815.9000244140625,14964358
2024-04-29,782.7584228515625,826.5,831.25,798.7000122070312,807.0,27302732
2024-04-30,782.5216674804688,826.25,834.8499755859375,819.9000244140625,826.5,27449073
2024-05-02,786.1205444335938,830.0499877929688,833.9000244140625,825.0,826.9000244140625,19943724
2024-05-03,787.4464721679688,831.4500122070312,836.2000122070312,820.0,834.7999877929688,22667634
2024-05-06,765.048095703125,807.7999877929688,836.0,803.0,835.0,35283557
2024-05-07,759.4603881835938,801.9000244140625,814.6500244140625,793.2000122070312,812.0,16725013
2024-05-08,767.8893432617188,810.7999877929688,822.0,799.5,802.5999755859375,27908322
2024-05-09,776.4129638671875,819.7999877929688,839.6500244140625,803.5499877929688,811.9000244140625,49290254
2024-05-10,774.0926513671875,817.3499755859375,832.0499877929688,815.5999755859375,827.0,20543142
2024-05-13,765.9952392578125,808.7999877929688,819.8499755859375,798.5999755859375,819.8499755859375,15398505
2024-05-14,774.897705078125,818.2000122070312,822.4000244140625,807.9000244140625,813.0,10912462
2024-05-15,776.8865356445312,820.2999877929688,825.2999877929688,818.0499877929688,821.0,9755062
2024-05-16,768.978515625,811.9500122070312,826.1500244140625,797.3499755859375,825.2999877929688,20536990
2024-05-17,774.5662231445312,817.8499755859375,822.4500122070312,811.2000122070312,814.5,12492509
2024-05-21,786.6888427734375,830.6500244140625,836.2999877929688,819.5999755859375,821.0,14037801
2024-05-22,788.422119140625,818.75,826.6500244140625,813.5499877929688,826.5499877929688,19239277
2024-05-23,801.277587890625,832.0999755859375,835.5,822.0,824.7000122070312,17497488
2024-05-24,797.9072265625,828.5999755859375,841.25,827.0,830.0,12252075
2024-05-27,802.818359375,833.7000122070312,839.4000244140625,823.0,832.5999755859375,12295193
2024-05-28,800.3628540039062,831.1500244140625,840.7000122070312,823.2999877929688,835.7000122070312,13818893
2024-05-29,792.1776733398438,822.6500244140625,834.4500122070312,819.2999877929688,828.4000244140625,14518232
2024-05-30,795.2590942382812,825.8499755859375,836.0,819.2999877929688,821.4000244140625,17818705
2024-05-31,799.5924072265625,830.3499755859375,835.0,817.0999755859375,830.7000122070312,22267336
2024-06-03,872.1032104492188,905.6500244140625,912.0,856.75,863.5499877929688,64269020
2024-06-04,746.4852905273438,775.2000122070312,897.0,731.9500122070312,897.0,122381193
2024-06-05,760.4962768554688,789.75,795.0,744.0499877929688,790.75,74256082
2024-06-06,786.6887817382812,816.9500122070312,833.3499755859375,796.0,800.0,40555649
2024-06-07,799.207275390625,829.9500122070312,831.5,810.5,819.9000244140625,25061284
2024-06-10,800.9887084960938,831.7999877929688,845.4500122070312,829.2000122070312,834.1500244140625,16725508
2024-06-11,804.5997924804688,835.5499877929688,839.5999755859375,829.0499877929688,836.0,14754408
2024-06-12,808.018310546875,839.0999755859375,845.5499877929688,833.0,837.0,15071442
2024-06-13,812.6405639648438,843.9000244140625,845.9000244140625,836.0999755859375,845.0,12523972
2024-06-14,808.1145629882812,839.2000122070312,849.9000244140625,835.0999755859375,845.0,12903496
2024-06-18,813.6034545898438,844.9000244140625,851.5,840.25,841.5499877929688,14929083
2024-06-19,821.0182495117188,852.5999755859375,860.5999755859375,841.0,846.7999877929688,32925140
2024-06-20,812.4960327148438,843.75,853.0999755859375,842.3499755859375,853.0,13985352
2024-06-21,805.322021484375,836.2999877929688,848.0499877929688,828.5999755859375,844.9000244140625,18990090
2024-06-24,801.8554077148438,832.7000122070312,836.0,821.0499877929688,831.5,12715254
2024-06-25,811.0516357421875,842.25,845.8499755859375,834.2999877929688,837.0,20917530
2024-06-26,814.0367431640625,845.3499755859375,848.7999877929688,836.0,839.8499755859375,16281760
2024-06-27,812.7367553710938,844.0,847.4000244140625,838.25,843.9000244140625,20378887
2024-06-28,817.5034790039062,848.9500122070312,864.0,844.0,846.9000244140625,23636388
2024-07-01,810.7627563476562,841.9500122070312,850.5,839.9500122070312,849.3499755859375,10967797
2024-07-02,795.5480346679688,826.1500244140625,846.2999877929688,823.1500244140625,844.0,21142840
2024-07-03,808.8368530273438,839.9500122070312,843.8499755859375,825.0,829.0,23598009
2024-07-04,808.2108764648438,839.2999877929688,844.9000244140625,834.2999877929688,843.0,13372587
2024-07-05,827.9033813476562,859.75,861.25,837.0,838.0,24873722
2024-07-08,824.5330810546875,856.25,865.0,853.5,859.75,10359800
2024-07-09,829.39599609375,861.2999877929688,869.9500122070312,856.0,859.9000244140625,13585081
2024-07-10,817.5515747070312,849.0,860.25,843.5,860.0999755859375,17343236
2024-07-11,824.9664306640625,856.7000122070312,858.2999877929688,849.75,854.4000244140625,8501366
2024-07-12,827.8552856445312,859.7000122070312,863.0,855.2999877929688,856.7000122070312,11446064
2024-07-15,848.7033081054688,881.3499755859375,887.3499755859375,859.7000122070312,859.7000122070312,25392820
2024-07-16,848.0773315429688,880.7000122070312,888.0999755859375,874.2999877929688,882.2999877929688,11893692
2024-07-18,860.4513549804688,893.5499877929688,894.9000244140625,877.5,880.6500244140625,19435183
2024-07-19,856.406982421875,889.3499755859375,899.0,883.2999877929688,895.0,14562742
2024-07-22,844.3218383789062,876.7999877929688,895.0,868.0,881.4500122070312,14614111
2024-07-23,831.899658203125,863.9000244140625,884.5,849.0999755859375,883.0,18279212
2024-07-24,820.4404296875,852.0,868.0,847.2000122070312,864.2000122070312,19624845
2024-07-25,817.0701293945312,848.5,850.75,841.2000122070312,847.5,9522375
2024-07-26,830.5033569335938,862.4500122070312,864.25,844.0,844.6500244140625,12081506
2024-07-29,839.3143920898438,871.5999755859375,889.0999755859375,863.2000122070312,866.0499877929688,26582781
2024-07-30,840.469970703125,872.7999877929688,880.5499877929688,869.0,874.7000122070312,13528447
2024-07-31,840.0848388671875,872.4000244140625,874.9500122070312,868.0,873.8499755859375,11636874
2024-08-01,830.696044921875,862.6500244140625,881.4000244140625,859.4500122070312,877.7999877929688,11787203
2024-08-02,816.4441528320312,847.8499755859375,858.2999877929688,846.1500244140625,856.7000122070312,12609331
2024-08-05,781.5851440429688,811.6500244140625,831.3499755859375,800.0,830.0,27676951
2024-08-06,768.15185546875,797.7000122070312,826.5499877929688,795.6500244140625,822.6500244140625,17900930
2024-08-07,778.6962280273438,808.6500244140625,810.7000122070312,800.5499877929688,809.0,17692355
2024-08-08,778.1184692382812,808.0499877929688,817.7999877929688,802.7999877929688,812.0,14769069
2024-08-09,793.7665405273438,824.2999877929688,829.9500122070312,809.5499877929688,816.0,15320885
2024-08-12,782.4998779296875,812.5999755859375,823.0,811.2000122070312,820.5999755859375,16120449
2024-08-13,768.0073852539062,797.5499877929688,820.0,795.0499877929688,813.5,17585172
2024-08-14,773.2554931640625,803.0,809.1500244140625,800.4000244140625,800.9500122070312,11788665
2024-08-16,782.0183715820312,812.0999755859375,814.9000244140625,803.0,803.0,11427335
2024-08-19,783.5591430664062,813.7000122070312,825.4000244140625,812.5999755859375,815.0,10151482
2024-08-20,789.9146728515625,820.2999877929688,823.0,813.3499755859375,817.9500122070312,10347493
2024-08-21,785.3406372070312,815.5499877929688,821.0,811.2000122070312,820.2999877929688,14607257
2024-08-22,789.9146728515625,820.2999877929688,823.9000244140625,817.0999755859375,819.0,7832917
2024-08-23,785.1480102539062,815.3499755859375,822.0,814.5,821.5,5537747
2024-08-26,784.859130859375,815.0499877929688,823.4500122070312,813.7999877929688,818.0,8523795
2024-08-27,785.677734375,815.9000244140625,819.4500122070312,811.0499877929688,817.7999877929688,12833290
2024-08-28,779.41845703125,809.4000244140625,817.2000122070312,806.5,814.75,10371300
2024-08-29,784.3295288085938,814.5,816.0,806.9500122070312,809.5499877929688,18247268
2024-08-30,785.3887939453125,815.5999755859375,820.7000122070312,814.3499755859375,817.1500244140625,8911426
2024-09-02,791.6961669921875,822.1500244140625,825.4000244140625,813.0499877929688,817.2999877929688,11813750
2024-09-03,794.248046875,824.7999877929688,825.9500122070312,816.4000244140625,822.1500244140625,10548350
2024-09-04,786.2554321289062,816.5,818.6500244140625,813.6500244140625,815.4500122070312,10789570
2024-09-05,788.422119140625,818.75,822.1500244140625,814.4000244140625,818.3499755859375,8395074
2024-09-06,753.514892578125,782.5,812.9000244140625,777.0,811.5,40220096
2024-09-09,755.2000122070312,784.25,788.2000122070312,771.0,785.0,21322103
2024-09-10,753.6593017578125,782.6500244140625,788.7999877929688,777.5,788.0,12824701
2024-09-11,740.1297607421875,768.5999755859375,788.0,765.4000244140625,780.0499877929688,20060665
2024-09-12,758.5703735351562,787.75,789.9000244140625,772.75,775.0,17578964
2024-09-13,761.5555419921875,790.8499755859375,795.0,785.0999755859375,791.0,12950936
2024-09-16,756.451904296875,785.5499877929688,795.0,784.4000244140625,790.8499755859375,9553736
2024-09-17,753.9000854492188,782.9000244140625,787.5,780.5499877929688,785.5999755859375,10665630
2024-09-18,763.3851928710938,792.75,794.75,782.0,783.7999877929688,18324412
2024-09-19,760.6889038085938,789.9500122070312,801.3499755859375,784.0499877929688,795.0499877929688,10645478
2024-09-20,752.7445068359375,781.7000122070312,794.8499755859375,779.5,794.8499755859375,21372244
2024-09-23,772.1480712890625,801.8499755859375,805.0,784.5,786.0,17309545
2024-09-24,768.6814575195312,798.25,804.25,796.5,799.25,15180653
2024-09-25,763.72216796875,793.0999755859375,798.0,788.7000122070312,797.9000244140625,18465571
2024-09-26,772.1480712890625,801.8499755859375,803.0,791.5999755859375,796.0,23198842
2024-09-27,772.9185180664062,802.6500244140625,808.0,798.4500122070312,801.8499755859375,15193681
2024-09-30,758.71484375,787.9000244140625,802.5999755859375,786.4500122070312,801.9000244140625,15484573
2024-10-01,767.4296264648438,796.9500122070312,800.3499755859375,788.0,788.0,13280535
2024-10-03,764.6851806640625,794.0999755859375,804.0,784.2999877929688,789.9000244140625,15944135
2024-10-04,767.1407470703125,796.6500244140625,809.8499755859375,785.25,792.0,20097454
2024-10-07,742.1038208007812,770.6500244140625,804.0,765.4000244140625,800.0,24267990
2024-10-08,752.5037841796875,781.4500122070312,784.4000244140625,772.25,772.25,8560960
2024-10-09,767.8629760742188,797.4000244140625,804.3499755859375,782.0499877929688,786.7000122070312,18758697
2024-10-10,767.5740356445312,797.0999755859375,804.4500122070312,795.0,799.0,10241015
2024-10-11,770.1258544921875,799.75,802.7000122070312,793.0,797.2000122070312,14322720
2024-10-14,775.325927734375,805.1500244140625,809.25,800.7999877929688,802.0,8967564
2024-10-15,774.8444213867188,804.6500244140625,807.5,801.5999755859375,805.5,6252104
2024-10-16,775.61474609375,805.4500122070312,809.0,802.0499877929688,802.7999877929688,6494240
2024-10-17,781.00732421875,811.0499877929688,819.5,806.0,809.5,18580553
2024-10-18,790.0110473632812,820.4000244140625,822.5999755859375,802.9000244140625,811.0999755859375,11704698
2024-10-21,783.7999267578125,813.9500122070312,826.4500122070312,809.0,824.7000122070312,10359618
2024-10-22,761.1222534179688,790.4000244140625,816.8499755859375,787.5,814.0,16645356
2024-10-23,756.88525390625,786.0,792.5999755859375,779.7999877929688,790.0,13866198
2024-10-24,765.1184692382812,794.5499877929688,797.0,784.6500244140625,786.0499877929688,5607500
2024-10-25,752.0223388671875,780.9500122070312,800.75,772.0,798.0,9717125
2024-10-28,762.7111206054688,792.0499877929688,803.9500122070312,783.5499877929688,783.7999877929688,13757251
2024-10-29,801.8554077148438,832.7000122070312,834.8499755859375,790.5,796.0,28274791
2024-10-30,791.9850463867188,822.4500122070312,833.0,821.0499877929688,828.0,15977682
2024-10-31,789.8184204101562,820.2000122070312,828.0,813.5499877929688,820.0,13402324
2024-11-01,790.7813720703125,821.2000122070312,825.5999755859375,818.9000244140625,822.4000244140625,1637141
2024-11-04,799.1109008789062,829.8499755859375,837.5,807.0999755859375,822.7000122070312,14498161
2024-11-05,817.7442016601562,849.2000122070312,851.4000244140625,826.25,829.8499755859375,26254561
2024-11-06,823.13671875,854.7999877929688,861.4000244140625,846.2000122070312,849.2000122070312,15002433
2024-11-07,827.7589111328125,859.5999755859375,862.4000244140625,846.7000122070312,861.0,15283847
2024-11-08,811.9183349609375,843.1500244140625,863.5,834.2000122070312,859.5999755859375,26139105
2024-11-11,816.2515869140625,847.6500244140625,854.0,842.0,846.0,12621337
2024-11-12,796.07763671875,826.7000122070312,853.4000244140625,824.2999877929688,852.5,11350729
2024-11-13,778.6962280273438,808.6500244140625,831.75,804.6500244140625,823.3499755859375,13756706
2024-11-14,774.459228515625,804.25,818.0,801.0499877929688,808.6500244140625,9461484
2024-11-18,784.136962890625,814.2999877929688,816.7000122070312,799.25,811.0,9322451
2024-11-19,773.2554931640625,803.0,820.2999877929688,800.0999755859375,819.0,13677029
2024-11-21,751.8297119140625,780.75,798.5,761.5499877929688,798.5,29486577
2024-11-22,785.8221435546875,816.0499877929688,819.9500122070312,784.0499877929688,786.0,20665405
2024-11-25,813.1701049804688,844.4500122070312,849.5999755859375,825.6500244140625,827.0,23434605
2024-11-26,808.3072509765625,839.4000244140625,846.7000122070312,835.5499877929688,844.0,8893744
2024-11-27,803.2034912109375,834.0999755859375,842.5,832.0999755859375,838.5,8375108
2024-11-28,807.7775268554688,838.8499755859375,845.7999877929688,830.5,834.0999755859375,13505677
2024-11-29,807.8738403320312,838.9500122070312,844.0499877929688,831.5499877929688,841.0999755859375,10822949
2024-12-02,805.4183349609375,836.4000244140625,842.0,832.7000122070312,838.9500122070312,6651119
2024-12-03,822.3182373046875,853.9500122070312,856.5999755859375,836.9000244140625,838.0,12186182
2024-12-04,827.8552856445312,859.7000122070312,864.0,850.2999877929688,853.9500122070312,10749716
2024-12-05,833.3922729492188,865.4500122070312,871.4500122070312,855.5999755859375,860.0,14716036
2024-12-06,831.658935546875,863.6500244140625,875.4500122070312,857.0,865.25,14520568
2024-12-09,826.266357421875,858.0499877929688,866.8499755859375,856.9500122070312,859.0,9630346
2024-12-10,835.3662719726562,867.5,868.9500122070312,858.0499877929688,861.7999877929688,7379849
2024-12-11,829.684814453125,861.5999755859375,869.8499755859375,860.9500122070312,867.5,7006973
2024-12-12,822.0775146484375,853.7000122070312,864.2999877929688,851.1500244140625,861.5,8845103
2024-12-13,829.6366577148438,861.5499877929688,862.9000244140625,835.0,852.5999755859375,9379370
2024-12-16,829.0589599609375,860.9500122070312,866.4000244140625,857.7999877929688,859.7999877929688,6432713
2024-12-17,819.044189453125,850.5499877929688,862.5999755859375,847.0499877929688,858.5499877929688,8791216
2024-12-18,807.103515625,838.1500244140625,852.0,837.0,851.0,8295338
2024-12-19,801.9515991210938,832.7999877929688,838.0,820.2000122070312,824.5999755859375,9453398
2024-12-20,781.9221801757812,812.0,836.0,810.0,834.9000244140625,10244198
2024-12-23,790.7332763671875,821.1500244140625,824.0,812.2000122070312,817.2999877929688,4933200
2024-12-24,781.9702758789062,812.0499877929688,826.2000122070312,809.2000122070312,824.25,10602771
2024-12-26,782.3555297851562,812.4500122070312,822.8499755859375,808.0,813.0,8318714
2024-12-27,770.0296630859375,799.6500244140625,818.2999877929688,797.2000122070312,816.2999877929688,10649800
2024-12-30,759.1000366210938,788.2999877929688,807.9500122070312,785.0,802.0,21515438
2024-12-31,765.503662109375,794.9500122070312,799.2000122070312,786.0,786.9500122070312,9086044
2025-01-01,763.8185424804688,793.2000122070312,798.6500244140625,789.5,795.5499877929688,7273098
2025-01-02,771.522216796875,801.2000122070312,802.4000244140625,787.0,795.0,11398319
2025-01-03,764.0111083984375,793.4000244140625,809.5,792.1500244140625,801.2000122070312,13336514
2025-01-06,747.640869140625,776.4000244140625,797.5999755859375,773.1500244140625,797.4000244140625,11419367
2025-01-07,749.9037475585938,778.75,783.8499755859375,774.8499755859375,779.8499755859375,9669152
2025-01-08,742.5853271484375,771.1500244140625,783.9500122070312,760.0999755859375,780.9000244140625,15641490
2025-01-09,732.2816772460938,760.4500122070312,771.3499755859375,726.25,771.1500244140625,15351029
2025-01-10,715.71875,743.25,763.4000244140625,742.0499877929688,760.3499755859375,11779296
2025-01-13,702.4780883789062,729.5,743.9500122070312,722.5,741.5,10414733
2025-01-14,720.4373168945312,748.1500244140625,757.0,732.9500122070312,732.9500122070312,11960975
2025-01-15,725.7816772460938,753.7000122070312,758.9000244140625,750.0,753.1500244140625,7792299
2025-01-16,737.9149169921875,766.2999877929688,776.7000122070312,760.4000244140625,760.4000244140625,11816079
2025-01-17,735.7964477539062,764.0999755859375,767.9500122070312,759.4000244140625,766.2999877929688,5766573
2025-01-20,750.38525390625,779.25,785.0,767.8499755859375,769.0,9198929
2025-01-21,730.9334716796875,759.0499877929688,784.9000244140625,756.0499877929688,784.7999877929688,13751780
2025-01-22,725.5408935546875,753.4500122070312,763.0,738.0,762.0,9908339
2025-01-23,718.2705688476562,745.9000244140625,755.6500244140625,743.0999755859375,750.0,10986405
2025-01-24,716.58544921875,744.1500244140625,753.7000122070312,739.0,749.9000244140625,10579213
2025-01-27,721.4483642578125,749.2000122070312,755.3499755859375,735.9000244140625,740.0,11433353
2025-01-28,724.5298461914062,752.4000244140625,759.75,745.4000244140625,757.0,14140860
2025-01-29,730.355712890625,758.4500122070312,760.7999877929688,749.7999877929688,753.0,9251973
2025-01-30,734.3519897460938,762.5999755859375,765.0,754.75,758.5499877929688,11085824
2025-01-31,744.2705078125,772.9000244140625,777.5499877929688,759.5,764.9000244140625,10083763
2025-02-01,737.6260375976562,766.0,778.75,752.1500244140625,774.7999877929688,9363077
2025-02-03,732.7631225585938,760.9500122070312,762.7999877929688,753.1500244140625,762.7999877929688,7862190
2025-02-04,750.3370971679688,779.2000122070312,781.25,765.6500244140625,767.0,12020807
2025-02-05,737.6741943359375,766.0499877929688,782.0,765.0,780.0,13419162
2025-02-06,724.3853759765625,752.25,770.8499755859375,750.0499877929688,769.0,32745391
2025-02-07,709.8928833007812,737.2000122070312,759.9000244140625,731.75,759.7999877929688,37240692
2025-02-10,709.5076293945312,736.7999877929688,743.9000244140625,733.4000244140625,740.0,12667049
2025-02-11,704.018798828125,731.0999755859375,740.1500244140625,726.5499877929688,737.4500122070312,13017060
2025-02-12,705.9928588867188,733.1500244140625,738.7000122070312,717.1500244140625,733.1500244140625,12697743
2025-02-13,700.6965942382812,727.6500244140625,737.5,726.1500244140625,734.4000244140625,12370571
2025-02-14,695.4003295898438,722.1500244140625,732.9000244140625,716.2000122070312,730.9500122070312,10417539
2025-02-17,700.7447509765625,727.7000122070312,728.75,711.5499877929688,719.0499877929688,9093600
2025-02-18,698.9151000976562,725.7999877929688,728.25,717.3499755859375,727.7000122070312,8562003
2025-02-19,700.3595581054688,727.2999877929688,734.8499755859375,722.0499877929688,722.0499877929688,6766606
2025-02-20,702.670654296875,729.7000122070312,731.5,723.3499755859375,724.9000244140625,7423268
2025-02-21,695.255859375,722.0,731.7000122070312,720.0,727.2999877929688,6571602
2025-02-24,689.8633422851562,716.4000244140625,719.75,710.5,710.5,6912148
2025-02-25,684.5670776367188,710.9000244140625,718.9500122070312,710.0,718.9500122070312,8599635
2025-02-27,677.8263549804688,703.9000244140625,717.7000122070312,701.0999755859375,716.0,12033139
2025-02-28,663.2857055664062,688.7999877929688,701.3499755859375,682.5999755859375,700.9000244140625,15780609
2025-03-03,669.5448608398438,695.2999877929688,697.4000244140625,680.0,690.1500244140625,10598479
2025-03-04,689.5262451171875,716.0499877929688,718.4500122070312,692.0999755859375,693.0,14386214
2025-03-05,703.2965698242188,730.3499755859375,731.2999877929688,717.0,717.5499877929688,10409805
2025-03-06,704.93359375,732.0499877929688,736.75,727.0,736.0,10928847
2025-03-07,705.607666015625,732.75,734.8499755859375,728.0,732.0499877929688,7246729
2025-03-10,701.9003295898438,728.9000244140625,738.5,726.5999755859375,732.75,7400109
2025-03-11,702.8151245117188,729.8499755859375,734.0499877929688,722.7000122070312,724.9000244140625,5538789
2025-03-12,696.2670288085938,723.0499877929688,737.0,719.0499877929688,730.5999755859375,5547762
2025-03-13,700.8892211914062,727.8499755859375,731.4500122070312,724.5,725.9000244140625,5908337
2025-03-17,696.36328125,723.1500244140625,731.25,722.2999877929688,728.9000244140625,5149563
2025-03-18,696.36328125,723.1500244140625,723.1500244140625,723.1500244140625,723.1500244140625,0
2025-03-19,717.5001831054688,745.0999755859375,749.2999877929688,739.0999755859375,739.5999755859375,7604850
2025-03-20,721.7853393554688,749.5499877929688,752.7000122070312,744.2000122070312,748.0,6963197
2025-03-21,725.3001708984375,753.2000122070312,755.5999755859375,747.0,749.9500122070312,9577327
2025-03-24,751.8778076171875,780.7999877929688,782.9500122070312,755.0999755859375,758.0,12095064
2025-03-25,744.2222900390625,772.8499755859375,786.0,769.2000122070312,783.9000244140625,15190143
2025-03-26,735.7001342773438,764.0,776.0499877929688,761.4500122070312,772.0,7711852
2025-03-27,743.6926879882812,772.2999877929688,775.7999877929688,760.5,763.7999877929688,15648616
2025-03-28,742.9223022460938,771.5,778.5999755859375,767.0,772.0999755859375,7628185
2025-04-01,743.1149291992188,771.7000122070312,782.75,763.2000122070312,766.7999877929688,7011125
2025-04-02,747.20751953125,775.9500122070312,777.0,764.2999877929688,772.2999877929688,5458436
2025-04-03,750.3370971679688,779.2000122070312,784.7000122070312,769.9500122070312,770.0,7956680
2025-04-04,739.0223388671875,767.4500122070312,782.9000244140625,765.0,779.0999755859375,8231194
2025-04-07,719.2335815429688,746.9000244140625,753.7000122070312,730.0,730.0,14923235
2025-04-08,740.1297607421875,768.5999755859375,774.0,758.1500244140625,760.0,12911288
2025-04-09,714.7077026367188,742.2000122070312,767.9500122070312,741.0,767.0,11319387
2025-04-11,725.9260864257812,753.8499755859375,759.7000122070312,746.0,759.0,9360327
2025-04-15,735.2186279296875,763.5,770.7000122070312,757.0999755859375,770.0,7859090
2025-04-16,743.1630859375,771.75,774.75,760.5,763.5,12536694
2025-04-17,767.9110717773438,797.4500122070312,801.0,767.1500244140625,772.0,27034818
2025-04-21,786.4480590820312,816.7000122070312,824.3499755859375,801.4000244140625,803.0,16398507
2025-04-22,791.9369506835938,822.4000244140625,835.5,814.0,821.1500244140625,25117557
2025-04-23,783.3184204101562,813.4500122070312,831.0,810.0999755859375,826.0,12104382
2025-04-24,783.270263671875,813.4000244140625,819.0,811.1500244140625,812.75,12713521
2025-04-25,769.066650390625,798.6500244140625,819.0,787.0,815.0,13131038
2025-04-28,787.0739135742188,817.3499755859375,822.7999877929688,797.4000244140625,798.6500244140625,11317611
2025-04-29,782.4517211914062,812.5499877929688,829.0,809.0,820.0,11283059
2025-04-30,759.4370727539062,788.6500244140625,811.5,784.5,811.5,25635764
2025-05-02,767.1889038085938,796.7000122070312,803.4000244140625,789.0,790.3499755859375,14720184
2025-05-05,760.737060546875,790.0,799.0,782.0,782.0,23986447
2025-05-06,745.426025390625,774.0999755859375,799.1500244140625,771.0999755859375,793.9500122070312,18869468
2025-05-07,747.3519287109375,776.0999755859375,782.4000244140625,764.5499877929688,765.2999877929688,15586266
2025-05-08,740.514892578125,769.0,786.5,764.0,779.0,14491673
2025-05-09,750.38525390625,779.25,781.7000122070312,755.5,756.5,13578216
2025-05-12,771.95556640625,801.6500244140625,803.9000244140625,793.0,799.0,15096824
2025-05-13,772.0518188476562,801.75,807.6500244140625,797.2000122070312,798.5999755859375,13909596
2025-05-14,771.0407104492188,800.7000122070312,807.5,796.2999877929688,805.75,9281719
2025-05-15,777.8295288085938,807.75,809.4500122070312,794.5,804.4500122070312,17058854
2025-05-16,778.0751342773438,792.0999755859375,804.0,791.0,804.0,14733924
2025-05-19,780.9237670898438,795.0,801.4000244140625,792.0999755859375,792.0999755859375,10666184
2025-05-20,771.7393798828125,785.6500244140625,799.4000244140625,783.7999877929688,798.1500244140625,11324667
2025-05-21,773.1636352539062,787.0999755859375,791.0,779.0999755859375,787.0,8206040
2025-05-22,771.346435546875,785.25,788.2000122070312,780.2999877929688,788.0,7355826
2025-05-23,776.5034790039062,790.5,794.9500122070312,786.2000122070312,787.9000244140625,5534158
2025-05-26,780.33447265625,794.4000244140625,797.5499877929688,789.2000122070312,792.0,4965466
2025-05-27,779.6468505859375,793.7000122070312,801.3499755859375,790.0499877929688,794.4000244140625,11995043
2025-05-28,782.4463500976562,796.5499877929688,798.9000244140625,792.6500244140625,794.5,6873519
2025-05-29,783.232177734375,797.3499755859375,800.4000244140625,791.3499755859375,799.0,14034127
2025-05-30,797.91748046875,812.2999877929688,814.5,792.5999755859375,798.0,22037314
2025-06-02,799.2435913085938,813.6500244140625,822.5499877929688,809.2000122070312,812.8499755859375,26891575
2025-06-03,795.4617309570312,809.7999877929688,818.4000244140625,805.1500244140625,816.2000122070312,14247597
2025-06-04,792.2201538085938,806.5,817.0,805.25,817.0,9607927
2025-06-05,791.72900390625,806.0,811.7000122070312,802.8499755859375,808.7000122070312,13595507
2025-06-06,798.6541748046875,813.0499877929688,816.4500122070312,803.0999755859375,806.6500244140625,17163935
2025-06-09,805.5302734375,820.0499877929688,824.5,815.7000122070312,817.4000244140625,12793040
2025-06-10,802.5833740234375,817.0499877929688,822.0499877929688,814.5999755859375,821.0,6560513
2025-06-11,800.6187744140625,815.0499877929688,820.5999755859375,813.0499877929688,817.0,7197825
2025-06-12,791.679931640625,805.9500122070312,816.5,801.2000122070312,816.0,13448521
2025-06-13,778.3206787109375,792.3499755859375,796.2999877929688,786.25,786.25,11377117
2025-06-16,778.4680786132812,792.5,795.4000244140625,786.1500244140625,792.5,8085001
2025-06-17,778.2716064453125,792.2999877929688,798.8499755859375,790.5499877929688,794.0,7753156
2025-06-18,777.8787231445312,791.9000244140625,795.5,788.3499755859375,792.5,5710169
2025-06-19,771.1990356445312,785.0999755859375,793.25,781.7000122070312,792.3499755859375,11824333
2025-06-20,782.053466796875,796.1500244140625,799.4500122070312,786.0999755859375,787.5,11367669
2025-06-23,776.2088012695312,790.2000122070312,794.9500122070312,788.5,790.0,5549253
2025-06-24,781.3167114257812,795.4000244140625,806.6500244140625,793.6500244140625,799.0,11402190
2025-06-25,785.8843383789062,800.0499877929688,803.7999877929688,796.0999755859375,799.5,6528324
2025-06-26,782.9375,797.0499877929688,803.3499755859375,791.4000244140625,802.0,24704402
2025-06-27,791.1396484375,805.4000244140625,809.4500122070312,802.6500244140625,805.0,19375990
2025-06-30,805.824951171875,820.3499755859375,821.0,807.0499877929688,809.0,19652607
2025-07-01,805.7758178710938,820.2999877929688,824.9000244140625,813.25,820.0,11456405
2025-07-02,798.5068969726562,812.9000244140625,824.0499877929688,809.0,821.0,6661200
2025-07-03,792.8095092773438,807.0999755859375,814.5,805.7999877929688,813.5,7020403
2025-07-04,797.4754028320312,811.8499755859375,813.8499755859375,804.0999755859375,808.75,4319538
2025-07-07,792.56396484375,806.8499755859375,812.6500244140625,805.1500244140625,811.2000122070312,4461783
2025-07-08,798.2612915039062,812.6500244140625,813.5499877929688,805.3499755859375,807.9000244140625,5935770
2025-07-09,796.5913696289062,810.9500122070312,812.4500122070312,809.0,810.0,4099112
2025-07-10,793.693603515625,808.0,815.5,806.9000244140625,811.2999877929688,12178137
2025-07-11,794.3321533203125,808.6500244140625,812.5499877929688,804.5499877929688,807.5499877929688,6202372
2025-07-14,794.528564453125,808.8499755859375,815.5,808.0,809.7999877929688,6938635
2025-07-15,801.9940185546875,816.4500122070312,821.0,810.5,811.0,9297645
2025-07-16,816.9739990234375,831.7000122070312,834.2000122070312,815.2999877929688,816.0,16458920
2025-07-17,814.32177734375,829.0,842.5,826.3499755859375,838.4000244140625,23073718
2025-07-18,808.7717895507812,823.3499755859375,832.6500244140625,820.25,832.0,15387801
2025-07-21,809.6068115234375,824.2000122070312,827.3499755859375,817.9500122070312,823.0,8852594
2025-07-22,800.5697021484375,815.0,828.0499877929688,814.0,827.5,7851163
2025-07-23,806.1196899414062,820.6500244140625,825.2000122070312,811.5,812.5,15470390
2025-07-24,801.25732421875,815.7000122070312,821.9500122070312,810.6500244140625,820.0,10118309
2025-07-25,792.269287109375,806.5499877929688,819.2000122070312,805.5,815.0,6734439
2025-07-28,783.0357666015625,797.1500244140625,808.9500122070312,796.0,806.5499877929688,7734158
2025-07-29,785.0494384765625,799.2000122070312,800.0,793.0999755859375,796.2000122070312,7833759
2025-07-30,787.4560546875,801.6500244140625,803.4000244140625,796.2000122070312,798.9500122070312,8743723
2025-07-31,782.4463500976562,796.5499877929688,803.7999877929688,792.5499877929688,795.0999755859375,11359112
2025-08-01,779.9415283203125,794.0,801.0,792.0,795.7000122070312,15468391
2025-08-04,781.6113891601562,795.7000122070312,797.2000122070312,786.5499877929688,794.5,8820724
2025-08-05,786.4246215820312,800.5999755859375,804.0499877929688,796.2999877929688,798.0,7381537
2025-08-06,790.8941040039062,805.1500244140625,810.2000122070312,799.0,800.9500122070312,7409396
2025-08-07,790.8941040039062,805.1500244140625,806.6500244140625,793.4000244140625,801.0999755859375,7091392
2025-08-08,790.0591430664062,804.2999877929688,807.7999877929688,790.0,805.0,15708181
2025-08-11,808.8700561523438,823.4500122070312,825.0,808.0,808.0,15236297
2025-08-12,806.0704956054688,820.5999755859375,825.5,820.0,824.9500122070312,7986728
2025-08-13,807.29833984375,821.8499755859375,824.9500122070312,820.6500244140625,822.6500244140625,4447508
2025-08-14,811.9151611328125,826.5499877929688,828.0,819.0999755859375,822.0,7087573
2025-08-18,812.9957275390625,827.6500244140625,838.0,825.1500244140625,836.0,6138124
2025-08-19,815.697021484375,830.4000244140625,831.0,825.7999877929688,827.5,5076681
2025-08-20,814.272705078125,828.9500122070312,831.9000244140625,827.4000244140625,828.7000122070312,4493888
2025-08-21,811.0802612304688,825.7000122070312,833.25,824.0499877929688,828.9500122070312,4402511
2025-08-22,801.7975463867188,816.25,826.0,815.7000122070312,824.0,5097647
2025-08-25,801.9940185546875,816.4500122070312,820.5,814.2000122070312,817.4500122070312,5672898
2025-08-26,793.5462646484375,807.8499755859375,815.8499755859375,806.75,814.8499755859375,6997817
2025-08-28,787.750732421875,801.9500122070312,811.0,800.6500244140625,807.25,7898436
2025-08-29,788.291015625,802.5,806.7000122070312,798.5,800.7000122070312,6861440
2025-09-01,791.7781372070312,806.0499877929688,808.2999877929688,802.6500244140625,803.0999755859375,5619805
2025-09-02,789.666259765625,803.9000244140625,810.5,802.6500244140625,806.2999877929688,5075460
2025-09-03,797.7701416015625,812.1500244140625,813.2999877929688,803.0,804.2999877929688,4261589
2025-09-04,795.06884765625,809.4000244140625,816.75,808.0,814.6500244140625,4471950
2025-09-05,792.318359375,806.5999755859375,812.5,803.6500244140625,811.5,5194842
2025-09-08,794.4794311523438,808.7999877929688,813.8499755859375,806.7999877929688,808.0,4614227
2025-09-09,794.528564453125,808.8499755859375,812.3499755859375,805.5999755859375,812.0,4567272
2025-09-10,803.7130126953125,818.2000122070312,824.5999755859375,810.4000244140625,812.0,7285853
2025-09-11,809.0665283203125,823.6500244140625,825.7000122070312,819.0,819.0999755859375,7425055
2025-09-12,808.96826171875,823.5499877929688,825.7999877929688,819.7999877929688,824.0999755859375,5078018
2025-09-15,810.1470336914062,824.75,827.7999877929688,821.0999755859375,823.5499877929688,3852494
2025-09-16,816.82666015625,831.5499877929688,833.0,821.6500244140625,825.0999755859375,9467531
2025-09-17,841.973388671875,857.1500244140625,858.1500244140625,831.0,834.2999877929688,17243938
2025-09-18,839.222900390625,854.3499755859375,860.7999877929688,851.0999755859375,858.6500244140625,10400847
2025-09-19,847.081298828125,862.3499755859375,864.4500122070312,849.2999877929688,852.0,15206426
2025-09-22,840.1069946289062,855.25,868.2000122070312,854.0,862.0,6594034
2025-09-23,855.1851806640625,870.5999755859375,874.25,851.2000122070312,854.5999755859375,14357863
2025-09-24,850.8631591796875,866.2000122070312,880.5,864.4500122070312,876.0,12840160
2025-09-25,845.902587890625,861.1500244140625,870.1500244140625,859.9500122070312,866.5499877929688,8678821
2025-09-26,841.7769165039062,856.9500122070312,864.3499755859375,853.0,862.0,6959545
2025-09-29,855.3325805664062,870.75,873.5,856.0,858.0499877929688,22641712
2025-09-30,857.0025024414062,872.4500122070312,877.5999755859375,867.5999755859375,869.9500122070312,12831593
2025-10-01,848.80029296875,864.0999755859375,876.4500122070312,862.7999877929688,872.2999877929688,10832384
2025-10-03,851.9436645507812,867.2999877929688,873.0,863.7999877929688,865.1500244140625,8019442
2025-10-06,858.5741577148438,874.0499877929688,875.2999877929688,862.7999877929688,868.0,7820352
2025-10-07,849.3897094726562,864.7000122070312,877.0,863.0,874.1500244140625,9242580
2025-10-08,843.0538940429688,858.25,867.7999877929688,857.25,866.7999877929688,7156112
2025-10-09,846.835693359375,862.0999755859375,865.7999877929688,858.0999755859375,861.5999755859375,7020501
2025-10-10,865.0573120117188,880.6500244140625,883.75,861.2999877929688,862.0999755859375,13713015
2025-10-13,867.3165893554688,882.9500122070312,888.0999755859375,876.0,879.0,11923143
2025-10-14,861.4227905273438,876.9500122070312,884.1500244140625,872.0999755859375,883.0,7681973
2025-10-15,870.4107666015625,886.0999755859375,887.5,877.0499877929688,878.0999755859375,8269225
2025-10-16,871.2457275390625,886.9500122070312,891.8499755859375,882.4500122070312,888.2999877929688,8493686
2025-10-17,873.4067993164062,889.1500244140625,894.75,883.0,887.5,8511854
2025-10-20,891.431884765625,907.5,913.6500244140625,891.0499877929688,894.5999755859375,13546463
2025-10-21,891.775634765625,907.8499755859375,910.0,906.4000244140625,908.0,1783576
2025-10-23,895.41015625,911.5499877929688,918.0,904.7999877929688,912.0,13382769
2025-10-24,888.4849853515625,904.5,914.0999755859375,900.9500122070312,910.9500122070312,5313227
2025-10-27,906.411865234375,922.75,928.0,906.0,906.9500122070312,9150761
2025-10-28,913.779052734375,930.25,935.8499755859375,917.7000122070312,927.0999755859375,22066289
2025-10-29,923.11083984375,939.75,942.0499877929688,930.25,933.9000244140625,12314222
2025-10-30,917.8064575195312,934.3499755859375,944.9000244140625,933.0499877929688,939.4500122070312,13044473
2025-10-31,920.4095458984375,937.0,946.7000122070312,930.25,934.9000244140625,12078252
2025-11-03,932.8847045898438,949.7000122070312,953.4000244140625,937.5,938.75,11744735
2025-11-04,940.644775390625,957.5999755859375,959.2999877929688,941.5,951.0,19154518
2025-11-06,943.739013671875,960.75,971.4000244140625,955.2999877929688,969.6500244140625,23088096
2025-11-07,938.92578125,955.8499755859375,964.8499755859375,944.0,958.75,13371323
2025-11-10,934.3090209960938,951.1500244140625,963.2000122070312,949.0999755859375,956.0,7343249
2025-11-11,936.4209594726562,953.2999877929688,954.9500122070312,945.0499877929688,953.5999755859375,8648917
2025-11-12,940.2028198242188,957.1500244140625,961.5499877929688,951.4000244140625,957.7000122070312,7043323
2025-11-13,937.1085815429688,954.0,963.9500122070312,952.4500122070312,954.25,8894441
2025-11-14,950.7133178710938,967.8499755859375,969.0499877929688,952.0,952.9500122070312,11032927
2025-11-17,956.1159057617188,973.3499755859375,976.0,968.5,971.0,7415026
2025-11-18,955.2318725585938,972.4500122070312,976.7000122070312,968.8499755859375,975.5999755859375,6594686
2025-11-19,965.3494873046875,982.75,984.4500122070312,968.7999877929688,972.4500122070312,8291226
2025-11-20,964.1707153320312,981.5499877929688,986.5999755859375,979.3499755859375,986.0,6440857
2025-11-21,955.3792114257812,972.5999755859375,980.5999755859375,971.0499877929688,979.7000122070312,5377241
2025-11-24,953.4146118164062,970.5999755859375,977.7000122070312,968.0499877929688,975.5499877929688,9901946
2025-11-25,966.1844482421875,983.5999755859375,988.9500122070312,971.3499755859375,975.5499877929688,9140201
2025-11-26,966.4791870117188,983.9000244140625,999.0,982.1500244140625,986.5999755859375,13943490
2025-11-27,955.624755859375,972.8499755859375,988.5499877929688,968.9000244140625,986.7000122070312,11909168
2025-11-28,961.6658935546875,979.0,983.0,973.0499877929688,976.7999877929688,8117842
2025-12-01,955.870361328125,973.0999755859375,991.2000122070312,969.8499755859375,985.4500122070312,8808306
2025-12-02,950.1730346679688,967.2999877929688,980.4500122070312,964.9000244140625,976.0,13444314
2025-12-03,934.2107543945312,951.0499877929688,972.5499877929688,947.5499877929688,970.4500122070312,14051968
2025-12-04,931.31298828125,948.0999755859375,952.5499877929688,944.4500122070312,951.0499877929688,13622724
2025-12-05,954.2987060546875,971.5,973.2999877929688,946.7000122070312,948.8499755859375,17347847
2025-12-08,939.466064453125,956.4000244140625,972.5,951.7000122070312,970.8499755859375,15386438
2025-12-09,942.3638305664062,959.3499755859375,964.0,950.4500122070312,954.7999877929688,9580294
2025-12-10,942.7567749023438,959.75,963.9500122070312,955.25,960.0999755859375,6989178
2025-12-11,946.1947631835938,963.25,966.5,958.4500122070312,962.0999755859375,5979035
2025-12-12,946.0965576171875,963.1500244140625,967.0,958.0,966.0,5681930
2025-12-15,950.1239624023438,967.25,968.8499755859375,957.25,957.25,4416952
2025-12-16,944.1319580078125,961.1500244140625,969.0,958.0499877929688,966.0499877929688,4764786
2025-12-17,958.5716552734375,975.8499755859375,978.5,964.2999877929688,965.5499877929688,8013382
2025-12-18,960.2415771484375,977.5499877929688,981.4500122070312,973.5,977.9000244140625,4926879
2025-12-19,962.94287109375,980.2999877929688,982.0,977.0499877929688,979.9500122070312,5376584
2025-12-22,957.0491333007812,974.2999877929688,983.0,972.5499877929688,981.0999755859375,5959037
2025-12-23,954.691650390625,971.9000244140625,977.5499877929688,970.7000122070312,976.2999877929688,5123287
2025-12-24,951.7938842773438,968.9500122070312,977.2999877929688,967.5,973.2000122070312,4105643
2025-12-26,949.1907348632812,966.2999877929688,971.0,964.75,968.9500122070312,3286321
2025-12-29,947.962890625,965.0499877929688,968.9000244140625,961.4500122070312,966.9000244140625,5267233
2025-12-30,956.2141723632812,973.4500122070312,976.2000122070312,959.5,963.0,15030644
2025-12-31,964.8092651367188,982.2000122070312,985.6500244140625,973.5,975.25,5807630
