Price,Close,High,Low,Open,Volume,return_1d,future_return_5d,target
Ticker,RELIANCE.NS,RELIANCE.NS,RELIANCE.NS,RELIANCE.NS,RELIANCE.NS,,,
Date,,,,,,,,
2020-01-01,672.2162475585938,680.0089133736869,670.3905929951953,675.9567319058502,14004468,,0.002351549099653294,1
2020-01-02,683.6602783203125,686.1762083080744,673.2849207275859,673.2849207275859,17710316,0.01702432930367581,0.008272052094929983,1
2020-01-03,684.4840698242188,686.4878962665452,678.1831277621862,682.6360622006584,20984698,0.0012049720161162458,0.006830746419819178,1
2020-01-06,668.609375,680.3651059474896,667.0508300218751,676.8473220199032,24519177,-0.02319220493808649,0.02810517252459621,1
2020-01-07,678.8956909179688,683.3040975466399,673.952886932682,676.4019951208164,16683622,0.015384642068425602,0.0031483336325623945,1
2020-01-08,673.7969970703125,683.2817317108661,672.3943304886236,674.6207976476823,16047902,-0.0075102757549720955,0.007071250574075538,1
2020-01-09,689.3155517578125,690.2061149022059,681.8568773480174,685.1297860788776,14982742,0.023031498737713374,-0.006524673035855466,0
2020-01-10,689.1596069335938,693.7461255846073,685.5972357997355,691.0520831577536,12478359,-0.00022623140276045728,0.021548833953831892,1
2020-01-13,687.4007568359375,694.0801585291999,685.0407051379933,688.0019166618636,18282382,-0.0025521665517835856,-0.0073523575047321765,0
2020-01-14,681.0330810546875,690.2061193009722,677.6711159879618,685.7531846503401,15816535,-0.00926341107123596,0.0029422714335467504,1
2020-01-15,678.5615844726562,685.7085608303954,676.0679485502039,683.9051409780271,15817859,-0.0036290404251784203,0.006234285548267771,1
2020-01-16,684.8179931640625,687.244866778881,680.4095869331176,680.8549279318096,12847975,0.009220104460037293,-0.0071849895963104204,0
2020-01-17,704.0101928710938,705.7690846391494,691.6310096398801,691.7645940988411,29463471,0.028025256197427906,-0.03760266047006966,0
2020-01-20,682.3467407226562,716.4785568422917,679.69722598457,716.4785568422917,32545850,-0.030771503548960855,-0.016836874480581465,0
2020-01-21,683.036865234375,688.3581283514012,677.73783646965,680.6768135829059,18922720,0.0010113985610715748,-0.04051765027152476,0
2020-01-22,682.7919311523438,688.7588822425179,681.7900179448524,687.534328261155,10322817,-0.00035859569885321463,-0.03489092518608661,0
2020-01-23,679.8975830078125,686.621513138243,677.1590121473655,684.1946393801801,11247739,-0.00423898996528338,-0.0544258859644855,0
2020-01-24,677.5375366210938,684.1278823316969,676.2016324357799,679.9643509483909,14628445,-0.003471179256555268,-0.07222910112131808,0
2020-01-27,670.858154296875,678.8289332910754,670.1679380438624,674.5764045404943,13387750,-0.009858320702833767,-0.08034934775923586,0
2020-01-28,655.36181640625,672.3943409712025,651.7326826089246,671.7708873528463,24532236,-0.023099276339372588,-0.030813653300113764,0
2020-01-29,658.9686889648438,665.4476838598071,651.9330029814765,656.385937187332,24746565,0.005503635500726078,-0.02118474404260695,0
2020-01-30,642.8935546875,658.9018717010598,641.2237192109507,658.5901746274501,22402689,-0.024394382535224524,0.00973154515336705,1
2020-01-31,628.599609375,647.1238564671794,626.6180767993984,647.0125063572486,34750310,-0.022233766707224212,0.015584559086262662,1
2020-02-03,616.9551391601562,623.3896651574961,606.9583015760081,610.0085691432375,30712290,-0.018524463014575443,0.036160370107693796,1
2020-02-04,635.167724609375,637.8840014691701,622.4323157911366,623.411935184783,25383901,0.029520113040975682,0.018473201783331783,1
2020-02-05,645.0086059570312,646.9233758070424,636.9043045187749,638.9525993651572,18472100,0.01549335863012935,0.015050217069346727,1
2020-02-06,649.14990234375,653.2466113131902,641.2682409254869,647.5023606854987,15538577,0.006420528886702304,0.011215558358700806,1
2020-02-07,638.3960571289062,646.7230591514594,636.0137118794914,646.1218993889739,12209212,-0.016566043029533017,0.03763121707472861,1
2020-02-10,639.2644653320312,643.6728717218461,628.0653070065835,635.8802065407942,15142476,0.0013602969401635967,0.02970867340308958,1
2020-02-11,646.9013061523438,652.8904923206876,643.472518918896,644.518960407984,13999816,0.011946293333144897,0.010084036626303305,1
2020-02-12,654.7161254882812,656.742245701073,647.9031394730254,648.4152429768247,13533565,0.012080388865526759,0.022784560900296347,1
2020-02-13,656.4304809570312,658.0335539553153,651.2873305313852,658.0335539553153,13565659,0.002618471429081559,0.008004681004303515,1
2020-02-14,662.419677734375,668.5869752575289,647.0569900773629,657.8108654922579,21227841,0.009123885850961466,-0.02867028394878357,0
2020-02-17,658.2561645507812,670.6798756802237,656.4972728187931,663.0430895240688,13149130,-0.006285310239928066,-0.0418398220692342,0
2020-02-18,653.4246826171875,657.2096942768698,648.9717487058438,657.2096942768698,11127161,-0.0073398202611455465,-0.051383233807005824,0
2020-02-19,669.633544921875,670.8135708716961,656.8536064661794,658.7460829667918,14084409,0.024806014734193305,-0.07816875630510067,0
2020-02-20,661.6849975585938,671.5037233050037,660.7276124968037,666.6055073331329,16892268,-0.011869995796295663,-0.10585822568613534,0
2020-02-24,643.4279174804688,657.699577615814,641.0233376549481,654.4711971958799,21370214,-0.02759179994330807,-0.08913791155560513,0
2020-02-25,630.71484375,646.3001152119884,627.864922735704,646.3001152119884,27745062,-0.019758349591436075,-0.051927724927692376,0
2020-02-26,619.849609375,628.911356956024,617.779020325235,627.8649155292255,29362748,-0.01722685692697401,-0.037571822329635185,0
2020-02-27,617.2891235351562,620.6510881290094,609.6077499205786,618.0683364567957,25054993,-0.004130817864716474,-0.05417492076314567,0
2020-02-28,591.6401977539062,604.2643163833105,590.0148903377343,603.3291656588368,39315769,-0.041550911563711046,-0.043389994029978896,0
2020-03-02,586.0740966796875,609.6078528086264,579.3724007114388,603.4182603911414,29500495,-0.009407915647634879,-0.15347807459052776,0
2020-03-03,597.9632568359375,602.8837657243814,588.678870623834,592.107656856765,27398798,0.02028610413530685,-0.14096884463965098,0
2020-03-04,596.5607299804688,602.8393785511545,582.400359715697,602.0378717145262,22105261,-0.0023455067505152583,-0.206538875231979,0
2020-03-05,583.8475341796875,604.6873035839145,581.5542452021383,602.126845697354,30510390,-0.021310815750807954,-0.15699958121457813,0
2020-03-06,565.9689331054688,573.6057788366949,552.654658716733,565.5236515774449,33734039,-0.030622037479936193,-0.20086543112219724,0
2020-03-09,496.12457275390625,552.6101407818697,487.59719353402716,552.1870935973562,88187018,-0.12340670355937533,-0.09527440777855212,0
2020-03-11,513.6690673828125,524.756872658128,493.3859029809728,493.3859029809728,59578576,0.03536308337141936,-0.16041764249186719,0
2020-03-12,473.3477478027344,490.26892105164063,466.98004375854214,483.14423842846696,55970485,-0.07849668617485317,-0.13668858299315334,0
2020-03-13,492.1837158203125,507.6354013912499,419.64530200918597,444.40363928088584,73297403,0.03979308680566063,-0.07902832338244659,0
2020-03-16,452.28533935546875,480.7841591374453,447.5206784786443,472.2567802513006,38482258,-0.08106399131540942,-0.12961504771166077,0
2020-03-17,448.8565979003906,472.0118916262875,446.7191870864638,466.3343737158094,45445979,-0.007580925483820167,-0.0640872638287946,0
2020-03-18,431.2674865722656,461.28032501489446,427.9277857781092,456.5601919681001,44730415,-0.03918648274393499,0.11744952314192991,1
2020-03-19,408.6465148925781,430.59951868687136,397.2915088300032,409.7152202964063,61404010,-0.05245230021738956,0.16181765485142519,1
2020-03-20,453.2872619628906,460.8349919401429,414.1236220114131,418.3539154289049,63360475,0.10924049378482348,0.046809746267449936,1
2020-03-23,393.662353515625,423.02950129195114,389.9218699453738,407.9785404343475,40670949,-0.1315389013780558,0.16560148557373577,1
2020-03-24,420.0906066894531,431.9354232678665,398.8946097412174,414.1236553813101,45734887,0.06713431685252358,0.1805702490619867,1
2020-03-25,481.9196472167969,512.7785178891949,428.9296612692312,429.17456609975056,73130298,0.14718025002889457,-0.0016631686973210824,0
2020-03-26,474.7727355957031,497.34916518213845,464.1524728836179,487.95345651457,45744488,-0.014830089751204145,0.010551345077790542,1
2020-03-27,474.5055236816406,493.0742985498193,465.86682419167437,487.59718710077345,41657940,-0.0005628206803560687,0.13185054574377353,1
2020-03-30,458.8534240722656,478.6022243792753,454.2001132600208,463.37318015277566,30229866,-0.03298612730138928,0.1569216988703359,1
2020-03-31,495.94647216796875,503.0934193486525,466.668378147016,478.2237612689132,44292810,0.08083855573421905,0.09535335724052918,1
2020-04-01,481.1181335449219,500.7778469800412,465.42151466703814,499.73140572151567,41597459,-0.029899070676370876,0.10060633877776604,1
2020-04-03,479.7822265625,505.16401523449554,470.3642552950806,505.16401523449554,41367807,-0.002776671443619816,0.06719586115933951,1
2020-04-07,537.0693359375,540.5871191109118,489.8236031363708,490.7587239777516,54373624,0.11940231672491386,-0.03154791993584971,0
2020-04-08,530.8574829101562,547.2666119015739,516.5412959187852,525.4471639311407,49880330,-0.011566203116959661,0.026716430763584542,1
2020-04-09,543.2366333007812,548.9586489969397,531.2359703282597,540.5871192951221,33032857,0.023319159641044473,0.01955015674034022,1
2020-04-13,529.5216674804688,541.0325221376103,525.4471928092958,536.1120125498173,23673784,-0.025246761686483543,0.04053317761840769,1
2020-04-15,512.0216064453125,550.3837133914021,508.97133852649563,533.0394909756521,35321842,-0.03304881010521021,0.18589379711101328,1
2020-04-16,520.1259155273438,528.7646148704049,509.8619089009577,512.0215540116548,37455706,0.01582806073027876,0.17366552828453052,1
2020-04-17,545.0401000976562,547.7119081332823,531.0801379395491,541.477788467049,33269335,0.047900294575886626,0.15767983581519118,1
2020-04-20,553.8569946289062,559.7348298724658,535.2436911572639,545.9307453957434,36030932,0.01617659788641279,0.1495015699672695,1
2020-04-21,550.98486328125,557.508386765965,518.3225393512134,538.8060261793212,61371628,-0.005185691208216325,0.15420064125230293,1
2020-04-22,607.2032470703125,616.6880417343276,578.8825664491623,587.7884356237253,142683366,0.10203253761685627,0.04645783882422316,1
2020-04-23,610.453857421875,617.1110242514935,602.6166648338456,608.8730782936495,65464502,0.005353413979991561,0.0693705734918828,1
2020-04-24,630.98193359375,665.6926093550011,599.9003914322975,601.2140016546114,134986308,0.03362756402027012,0.01284415721094434,1
2020-04-27,636.6594848632812,656.809040623181,633.6537450993618,638.5519612553153,58482901,0.008997961696295853,0.021611961772898924,1
2020-04-28,635.9470825195312,648.103567516399,619.916469231147,645.6767530581233,78453401,-0.0011189691831937632,0.022826552540622158,1
2020-04-29,635.41259765625,647.3019715047586,632.3178017703171,643.4056688448253,37494672,-0.0008404549340232936,0.056063723512573826,1
2020-04-30,652.8013916015625,665.6926795202014,640.3554447044901,647.4356000405522,71345899,0.027366146043455775,0.06534786879488919,1
2020-05-04,639.0863647460938,652.3561123219903,631.1823492999154,641.2237757465786,53456868,-0.021009493901078757,0.09866207815627304,1
2020-05-05,650.4189453125,658.5901284085901,644.4297604788242,647.3242091452047,44903763,0.017732471214447987,0.012734148963483571,1
2020-05-06,650.4635620117188,661.2396721044524,643.6728107196592,651.9107566845831,40489094,6.85968628992839e-05,0.034150168032019756,1
2020-05-07,671.0361938476562,674.019699350152,643.4502566899976,647.9031914144758,50026966,0.03162764686204955,-0.03808260985712808,0
2020-05-08,695.4605712890625,703.5203455803562,684.4617604589652,687.9796035544326,84262770,0.03639800306651009,-0.05670781485614107,0
2020-05-11,702.1399536132812,719.1501837188379,700.1361272712575,703.564854514178,67085063,0.009604257379880243,-0.07762115693157279,0
2020-05-12,658.7014770507812,698.3772514173569,652.3560664564766,696.79641276918,100683202,-0.06186583791302769,-0.03852971113766335,0
2020-05-13,672.677001953125,686.4096865474885,653.5950534044931,686.4096865474885,66430125,0.02121678087760892,-0.04193259499471014,0
2020-05-14,645.4813842773438,672.7894520264449,642.8292538253183,660.3378567998212,49266771,-0.040428939293031374,0.003690771378972002,1
2020-05-15,656.0225219726562,659.3039915320402,636.1089830747022,649.0999689371046,62152260,0.016330661041625394,-0.019083251793101996,0
2020-05-18,647.6390380859375,666.1815376925038,641.9077470485184,660.7873884161261,62796089,-0.01277926230567461,-0.011591080055467384,0
2020-05-19,633.3218994140625,657.0563561877386,630.7821895369445,654.9436171986698,42315854,-0.022106664098242912,0.026013299864904305,1
2020-05-20,644.4699096679688,650.3810366625504,626.1746060014038,633.8163858969135,55320985,0.017602439240171908,0.026888449137441484,1
2020-05-21,647.8637084960938,656.9438839898754,640.5590706705585,645.0542141170009,39167981,0.005266031473639243,0.016062594545493525,1
2020-05-22,643.5034790039062,655.3931503743523,641.233434844536,652.6061872445827,37828973,-0.006730164747627332,0.06203073252888758,1
2020-05-26,640.1322021484375,651.662261081613,636.6484234818872,650.9655053483029,33216635,-0.005238941148674514,0.07840282244554353,1
2020-05-27,649.7966918945312,653.5950802585778,634.7154397533718,643.2562252592883,35667956,0.015097646569970147,0.06647990953450456,1
2020-05-28,661.7987060546875,665.1700639694456,651.3474905739236,654.0445650157022,40126278,0.01847041437709307,0.0730515147686368,1
2020-05-29,658.2700805664062,661.6863829805953,652.9882921441282,659.8883134336163,40022527,-0.005331871241207375,0.08010099491919265,1
2020-06-01,683.4204711914062,691.5117545227077,663.4619881609007,665.2825298829506,39943702,0.038206795914770275,0.03232783738663758,1
2020-06-02,690.3203735351562,692.2533351438987,683.6226027052328,685.9601224657711,22153960,0.010096130617394783,0.000944456464067045,1
2020-06-03,692.9951171875,701.243705152625,689.2640858781962,694.5009892228203,25381289,0.0038746410433263545,0.019783897033230025,1
2020-06-04,710.1441040039062,714.5044150378368,692.7029193183236,694.0514268333575,34202350,0.0247461870813821,-0.026648901878048803,0
2020-06-05,710.9981689453125,727.3155677405333,707.4020299835134,716.976712812966,33076685,0.0012026642713653946,0.0044888854780078535,1
2020-06-08,705.5139770507812,727.4953066184803,703.491186313025,727.4953066184803,31414953,-0.0077133699270511835,0.028703603494411922,1
2020-06-09,690.9723510742188,711.5826468763553,689.1068649169472,701.3786236750391,25857161,-0.020611393182244253,0.05240214749881433,1
2020-06-10,706.7052612304688,710.0316745660456,692.2758220092561,693.6468015444327,22132647,0.022769232563055297,0.027478311607587624,1
2020-06-11,691.2195434570312,704.8173365444579,688.207799283614,703.9408036567188,20385805,-0.021912554813126484,0.07686803842951595,1
2020-06-12,714.1897583007812,716.0777164159133,672.9242267053721,674.2727936948124,38548899,0.033231431404366685,0.10737666845991711,1
2020-06-15,725.7647705078125,731.3387563203479,701.7381741898191,703.4912994111404,53107403,0.01620719433805773,0.08150876340202151,1
2020-06-16,727.1807861328125,741.0483050918923,712.6164520349436,738.5535392456209,51187003,0.0019510669056161944,0.0637941670940303,1
2020-06-17,726.1243286132812,735.159560417052,720.1682571993283,722.9327480146142,41782053,-0.0014528127525886836,0.06964431926814729,1
2020-06-18,744.3522338867188,748.4428198793569,721.7416204317783,722.3709596460744,40471557,0.02510300861045156,0.03744178062225911,1
2020-06-19,790.8770751953125,804.092782405198,747.094304408189,750.6903840730492,105804173,0.06250379751755308,-0.010088804134674834,0
2020-06-22,784.9209594726562,811.0152901303186,779.90883714488,797.1702444845414,60198705,-0.0075310258818481746,-0.013171779944938455,0
2020-06-23,773.5706787109375,792.83240486235,771.4129953643138,786.6515522559022,37962078,-0.014460412382597543,-0.009762207927896283,0
2020-06-24,776.6947631835938,796.855553260014,769.4351285440347,780.313374152456,51586221,0.004038524932023169,0.005642980670027109,1
2020-06-25,772.2221069335938,786.2020448440715,770.0419514480267,776.3126926255497,39679374,-0.005758576550287331,0.02888045268737094,1
2020-06-26,782.8980712890625,787.5505795010465,771.8175170961591,777.1218366018753,30921913,0.01382499187683428,0.030732668475455194,1
2020-06-29,774.5821533203125,782.0440974489501,771.165850862043,776.7847811125145,25621946,-0.010621967627353568,0.07903281396834272,1
2020-06-30,766.0189208984375,782.6059869061835,762.1755284855506,780.8079767260515,30276420,-0.011055292695768881,0.07439117341890578,1
2020-07-01,781.07763671875,786.2021202640287,767.7944531593192,773.166189855075,28464103,0.019658412357035138,0.038971410567456344,1
2020-07-02,794.5242309570312,797.7964904471671,783.1051979902952,786.6934075977497,28789533,0.017215438781181147,0.036299484885137234,1
2020-07-03,806.9586181640625,809.2605230295892,797.9768734526536,803.302718327586,29434266,0.01565010445566095,0.050422389478723906,1
2020-07-06,835.799560546875,838.5978646000791,808.8542664677218,814.6766299428286,47016185,0.035740299110293305,0.0449293618836053,1
2020-07-07,823.0039672851562,841.463976689244,815.2634586435034,839.5006450288294,35189589,-0.01530940415109383,0.051303843334855825,1
2020-07-08,811.517333984375,828.1944614496679,807.9065609306946,823.2748204715693,26204095,-0.013956959817183145,0.025583826593160275,1
2020-07-09,823.3650512695312,828.2170013060332,806.2139692943585,816.4820787561033,36418942,0.014599462992350931,0.0104974694983615,1
2020-07-10,847.6473999023438,850.6037089763864,823.3650271392274,825.2832912510764,43759967,0.029491595004393245,0.017917597785979122,1
2020-07-13,873.3515014648438,879.0835514065949,857.5544142629645,859.066414273634,69608392,0.03032404932223165,-0.007803764779780731,0
2020-07-14,865.2272338867188,876.3754426124376,851.8223070969156,872.9001111198423,67331128,-0.009302402943715649,0.02845600517442204,1
2020-07-15,832.279052734375,893.1203044400035,811.5172588286548,874.6828596649843,139669773,-0.03808037919048857,0.08676795203306531,1
2020-07-16,832.00830078125,843.5627139468717,818.039164673242,833.6331186808312,60961724,-0.00032531391032308843,0.11630683181989165,1
2020-07-17,862.835205078125,866.5813597597964,829.5710849624811,832.7305263268679,49726765,0.03705119800839585,0.12263944068386023,1
2020-07-20,866.5360717773438,871.997357955958,857.3963818411495,865.5882812630414,36592938,0.0042891929738584356,0.12307943600932769,1
2020-07-21,889.84814453125,892.3079949125722,874.0285529843062,875.1569121232839,42173371,0.02690259934141115,0.10456228541452539,1
2020-07-22,904.4942016601562,907.2022513326309,884.950961621849,895.0159382684053,59771457,0.01645905227640987,0.0462325546807989,1
2020-07-23,928.7765502929688,938.6609588483409,898.7846915588252,904.4716140026857,58333751,0.02684632868651171,0.02480805279595444,1
2020-07-24,968.65283203125,976.2579590026274,928.776564146926,928.8668185460966,120597372,0.042934203846665575,-0.03683339457939583,0
2020-07-27,973.1888427734375,992.4161339989756,960.4158156178775,983.3892613715004,80304827,0.0046828033658616874,-0.06826821608599609,0
2020-07-28,982.8927001953125,990.2496273324197,970.6838232619775,973.1888006028569,55114422,0.009971196745557132,-0.012444334269721913,0
2020-07-29,946.311279296875,985.1945694094204,934.4860429521891,982.9830381867582,72663399,-0.037218122477833404,0.014213159598162273,1
2020-07-30,951.8176879882812,965.7416374844678,935.1856290159112,947.3719425825504,72857444,0.005818813335393802,0.011973325862361994,1
2020-07-31,932.9740600585938,960.9122737981927,926.5198556854664,954.3678150249528,74958061,-0.019797518125046154,0.038387143349007724,1
2020-08-03,906.7509765625,928.4154946857375,904.0879942280135,925.8428264432459,46715383,-0.02810698026743297,0.05517673150510549,1
2020-08-04,970.6612548828125,978.063309181602,902.801648867005,911.9865259436237,92041055,0.07048272345136786,-0.007811705157805493,0
2020-08-05,959.7613525390625,991.152334357933,956.082888808404,978.9660801786949,74549993,-0.011229357604333301,0.0005408041982279954,1
2020-08-06,963.214111328125,978.3792977984335,951.3437476637285,973.549911434821,49322975,0.003597518049594406,-0.005646302902802658,0
2020-08-07,968.7882690429688,973.911042177792,956.9405280202135,961.2733960409245,32984416,0.005787039090569213,-0.015211155658102493,0
2020-08-10,956.7825317382812,977.1607467636378,951.4792497470256,974.4978239673667,26958997,-0.012392529604582814,-0.013444374095946454,0
2020-08-11,963.0787353515625,974.9039718853056,947.9812395926484,963.5300670431569,46828306,0.0065806005068280715,-0.007146803597319562,0
2020-08-12,960.2803955078125,968.1338417220617,950.8924453804724,957.3015226996713,30264617,-0.002905618970736046,0.001856515958511773,1
2020-08-13,957.7755126953125,965.3806401973786,952.3367893848268,960.4609991024712,24830322,-0.0026084910451341647,-0.011781207905025903,0
2020-08-14,954.0518798828125,973.549934599968,942.9713613334557,958.0011068702576,33224635,-0.0038877928733228595,-0.015114975920573093,0
2020-08-17,943.919189453125,950.0800072856482,934.3281075225127,950.0800072856482,30979066,-0.010620691225860956,0.0021038886602748885,1
2020-08-18,956.19580078125,963.3044692046789,939.8571273001791,941.0531772225081,30547672,0.013005998252072493,-0.017205261838267982,0
2020-08-19,962.0631713867188,972.1958989128857,957.4594807962734,966.3284079855683,34087543,0.006136160188817907,0.002697551388449071,1
2020-08-20,946.4917602539062,958.6103827292058,942.4070922309022,956.8501235506358,22537845,-0.01618543521457938,0.006461464233570746,1
2020-08-21,939.6314086914062,957.7529046597705,937.4423813079499,955.9475181738237,25280895,-0.007248189419694073,0.01647562855307938,1
2020-08-24,945.9050903320312,949.854317250222,934.5086218851164,943.9417586729289,32717218,0.006676747480548917,-0.007181190458538045,0
2020-08-25,939.7442016601562,952.9234928104662,937.8936880228628,950.5313333957848,19388008,-0.006513220760565375,0.0024734410186968425,1
2020-08-26,964.6583862304688,969.4652088235415,923.9020199231386,941.0531010310551,59870421,0.02651166618139178,-0.004257649954637621,0
2020-08-27,952.6074829101562,970.3904635913942,949.290096731151,969.4877405831154,28085062,-0.012492405075544943,0.0007108111531612948,1
2020-08-28,955.1124267578125,962.6724257659083,950.6441181454949,956.8500625345647,27166900,0.0026295655793127093,-0.018382455844824563,0
2020-08-31,939.1123657226562,981.2227882057733,929.9274882908779,981.2227882057733,62076132,-0.016752018492178333,0.0009371902503356733,1
2020-09-01,942.068603515625,957.9333200606449,930.8526447960281,947.8232164171761,38616258,0.0031479063644253014,0.009510100906701346,1
2020-09-02,960.5512084960938,964.9743904615849,941.0531538410881,944.2125354209737,26949439,0.019619170951558296,0.01557651065395893,1
2020-09-03,953.2846069335938,965.3129161947521,949.177375013291,960.4609660708118,18586429,-0.00756503297088873,0.095592022724166,1
2020-09-04,937.5551147460938,946.4466050798669,935.2758331669374,940.3986056664972,28475945,-0.01650031068695912,0.11674111866991144,1
2020-09-07,939.9924926757812,950.4185474757394,922.6608419794579,940.6018292728933,21926473,0.0025997169567439915,0.10558653403058549,1
2020-09-08,951.0277709960938,957.3014062568692,939.021967129638,944.2124303119926,27397082,0.011739751547269694,0.1004937285480687,1
2020-09-09,975.5132446289062,978.4244265500107,939.4508218895586,941.053135941398,55310877,0.02574632873987137,0.0755083164667738,1
2020-09-10,1044.4110107421875,1058.3801472724467,981.8320607367515,985.3300156152798,140304404,0.07062719700898645,-0.00659048845726562,0
2020-09-11,1047.00634765625,1055.1756852691165,1032.2700464158145,1043.5085116113075,59470807,0.0024849765919436884,-0.006056726091735687,0
2020-09-14,1039.2430419921875,1065.1727948098135,1029.967851123539,1049.3757689779331,44063445,-0.007414764658725148,-0.0202817203166884,0
2020-09-15,1046.60009765625,1049.7143521325797,1032.7437783357252,1043.4858431799203,27178393,0.007079244572048671,-0.04644544019721597,0
2020-09-16,1049.172607421875,1069.3928153950412,1042.8538446608136,1047.1189617708817,33952295,0.002457968207136396,-0.04033032912141754,0
2020-09-17,1037.52783203125,1053.3022921709116,1034.4134589674702,1047.118792617936,25828669,-0.01109900821680776,-0.0511363235267126,0
2020-09-18,1040.6649169921875,1046.8708623526327,1027.5081886685462,1044.5238896915514,33074915,0.0030236152362252966,-0.04510572100568122,0
2020-09-21,1018.1654052734375,1054.3405874780703,1014.3288768661703,1038.0921685931473,33627381,-0.02162032307553896,-0.017554408078542916,0
2020-09-22,997.9902954101562,1027.7112740343982,993.6573676500885,1027.7112740343982,34792254,-0.01981515946111234,0.015331348591006932,1
2020-09-23,1006.859130859375,1027.5984225615102,995.3499037941469,1020.0384225209982,42988708,0.008886695081111728,0.0015913794420352456,1
2020-09-24,984.4724731445312,1004.6926220511629,982.1480045429355,996.5233454684201,29826318,-0.02223415076519819,0.020195296881875047,1
2020-09-25,993.7249755859375,998.7349303522368,978.198771791248,987.9929259452438,28374935,0.009398436923129472,0.004769061720918399,1
2020-09-28,1000.2921142578125,1010.1088922605071,996.1397551110359,1005.1440644113056,19666849,0.006608607847460757,-0.0026621251873079066,0
2020-09-29,1013.2908325195312,1021.8437503790619,1000.2921093414723,1004.2413960622814,25842539,0.01299492225964749,0.005545557617787189,1
2020-09-30,1008.46142578125,1023.1977241154949,1004.2413164953268,1020.0383427428203,24465159,-0.004766061809000077,0.002192992012410633,1
2020-10-01,1004.3541870117188,1021.7534684542669,999.2765413206039,1021.7534684542669,20783227,-0.004072777266963312,0.0036849438349462194,1
2020-10-05,998.464111328125,1015.1412378353376,995.665807141331,1012.8168289308439,18922799,-0.005864540378049954,0.011233195320253797,1
2020-10-06,997.6292114257812,1008.2583389587751,993.7024882079692,1004.3542390342081,18412175,-0.0008361841881660004,0.031827592723642883,1
2020-10-07,1018.9100952148438,1042.154304099075,1001.9846493971844,1008.7548038474227,53170865,0.021331456161601814,0.013289047092448492,1
2020-10-08,1010.6729736328125,1023.6491928550894,1002.9324648078214,1019.5870284539118,21077808,-0.008084247688501356,-0.014625397657061834,0
2020-10-09,1008.05517578125,1016.8789756571788,1000.6756850189712,1008.754766738928,18545499,-0.002590153214598101,-0.025812037992789527,0
2020-10-12,1009.6800537109375,1018.1201535189876,1004.8055997006869,1008.7548267067875,14226473,0.001611893841453771,-0.027200987414431554,0
2020-10-13,1029.38134765625,1031.6606295627953,1004.6250177214829,1006.7689180188713,23112012,0.0195124127419406,-0.054720129704725395,0
2020-10-14,1032.450439453125,1039.8976215416956,1023.8748385588287,1028.5689032035948,26742011,0.002981491556907301,-0.07121314984427451,0
2020-10-15,995.8914794921875,1033.5787209899615,990.7010157207518,1033.5787209899615,20036197,-0.03540989336040412,-0.04511675961650541,0
2020-10-16,982.0352172851562,1007.6263990747995,980.6134716986062,999.7279451318866,21583600,-0.013913425802273838,-0.02883994166441628,0
2020-10-19,982.2157592773438,1005.9113606750328,972.7149909324551,988.466891534098,31200385,0.00018384472268384577,-0.06759488493578703,0
2020-10-20,973.053466796875,989.798344269808,971.40602552376,983.4795214556434,18482288,-0.009328187207268801,-0.056310650745792334,0
2020-10-21,958.9263916015625,989.3470196032074,946.8077683832299,978.5147603722606,34082321,-0.014518292855804082,-0.05325703883572386,0
2020-10-22,950.9600830078125,962.4919326942683,943.761160688031,960.1900874152456,30802210,-0.008307528777516504,-0.03799325183418023,0
2020-10-23,953.71337890625,963.6203515996452,946.198506037611,950.5313739814042,23422125,0.002895280199068928,-0.027708881044232414,0
2020-10-26,915.822998046875,948.7034169019341,911.0387387404159,948.7034169019341,37324416,-0.03972931668718849,-0.07473753142651796,0
2020-10-27,918.2601928710938,929.7017279504099,904.9455209838884,918.4407016571695,36478896,0.0026612072741309944,-0.09048895712963467,0
2020-10-28,907.8568115234375,928.7314851710537,906.0288613850042,921.555066223106,29924017,-0.011329448263599828,-0.048845440122799566,0
2020-10-29,914.8300170898438,921.645358569465,898.6267852210569,901.3348351173212,30655304,0.0076809530731005715,-0.03547288518087943,0
2020-10-30,927.2870483398438,932.0713070827725,912.5280676575319,917.8087852454236,34021563,0.01361677144091411,-0.012338646706691714,0
2020-11-02,847.3766479492188,914.8751840367496,839.1170566069392,914.8751840367496,99366895,-0.0861765518387122,0.09227935856434222,1
2020-11-03,835.1677856445312,861.6165651396491,828.2622490237949,853.0410235222982,88691623,-0.01440783426618475,0.12654006986134791,1
2020-11-04,863.5121459960938,870.6434375225641,829.1197275153525,829.1197275153525,80180117,0.03393852210150561,0.043905465612527506,1
2020-11-05,882.3783569335938,885.063843200435,871.9974294692396,882.3557933334056,37205373,0.02184822880022974,0.01278760773325538,1
2020-11-06,915.8455810546875,920.7426584675038,892.8270071314915,898.175475948344,66674086,0.03792842816022568,-0.016139789809062388,0
2020-11-09,925.572021484375,933.831612463532,918.9372485037195,930.7173580690493,35838510,0.010620175093803974,-0.023601721169578704,0
2020-11-10,940.8499755859375,943.3098257434691,921.2842310899437,937.4423348777667,36934242,0.016506499491050652,-0.04379831287756519,0
2020-11-11,901.425048828125,945.5665526357731,892.8043809348467,942.858502861752,56724780,-0.04190352105101525,-0.005006991696361873,0
2020-11-12,893.661865234375,906.5026417774758,886.8917113461868,894.1132565805676,40046527,-0.008612123219609136,-0.0034595577197161775,0
2020-11-13,901.0640258789062,919.2306494130244,894.4518760870695,894.5646940909385,45388670,0.008282954585501878,-0.04853731614635015,0
2020-11-14,903.7269287109375,909.5944198559474,900.5901107359409,909.4139110537326,5226220,0.0029552870334979,-0.025770359315286595,0
2020-11-17,899.642333984375,941.0532293885002,895.9187427136874,941.0532293885002,46542562,-0.004519722270961535,-0.01464951213522081,0
2020-11-18,896.91162109375,905.6226031588405,884.6801802584594,899.6422344929193,30402290,-0.0030353316951317044,-0.01982687989111942,0
2020-11-19,890.5701904296875,907.4053210540029,888.3360360257459,896.9115763734393,27796343,-0.007070296019054068,-0.010414703426787075,0
2020-11-20,857.3287963867188,895.377116449163,855.297714134409,891.4052660410506,57471248,-0.03732596756571227,0.015951475370155066,1
2020-11-23,880.4375610351562,889.148483349999,869.4021701299365,880.5729426320072,45327567,0.02695437823368496,0.0021530543069785413,1
2020-11-24,886.4630126953125,890.9538853742781,871.997417187929,886.4404490954421,30936268,0.006843701276297187,-0.003004032688392333,0
2020-11-25,879.128662109375,899.5068761620935,876.6011807335245,893.6619486348033,32637879,-0.008273724318894282,0.008342749931892213,1
2020-11-26,881.295166015625,886.891834503416,871.1173701719107,881.4982981188252,25838637,0.002464376375867161,-0.002996092565069719,0
2020-11-27,871.0044555664062,882.8748194602481,867.2131737985623,875.8338420233673,47336811,-0.011676803466134422,0.014716545004578307,1
2020-12-01,882.3331909179688,887.4559636242224,871.1172913559293,875.7661090949532,19750687,0.013006518255059385,0.019873206878707084,1
2020-12-02,883.800048828125,885.53774439738,873.3514311978975,883.957994019848,22188887,0.001662476177089145,0.03513519859559766,1
2020-12-03,886.4630126953125,894.1584537844419,884.0257260648682,890.0512219953362,27785372,0.003013084091496143,0.021868022233835438,1
2020-12-04,878.6547241210938,888.6971374121213,875.6081607043218,888.6971374121213,18464552,-0.008808363645627426,0.030332708409121834,1
2020-12-07,883.8226318359375,886.8917588790096,875.8789913444388,875.8789913444388,18242188,0.0058816137590487205,0.016903294419065684,1
2020-12-08,899.8679809570312,909.1205496272892,880.1216664908698,885.1541851802805,43403061,0.01815448998829461,-0.009730499068839937,0
2020-12-09,914.8525390625,917.9442894095523,902.3503351540464,907.179721423537,29175254,0.016651951644653717,-0.02486492710894106,0
2020-12-10,905.8482055664062,915.5521050393417,903.1401558672769,912.4378508699459,16065507,-0.009842387829322785,-0.010662593740206838,0
2020-12-11,905.3067016601562,919.8399885896688,891.0667415415232,908.5563377171925,26944202,-0.0005977865860112841,-0.0071045124083560784,0
2020-12-14,898.7621459960938,909.4590234227397,896.5279914527346,906.2770186070177,17312747,-0.007229103299534856,-0.02591271537139539,0
2020-12-15,891.11181640625,898.039915449366,885.1314481712016,898.039915449366,18551265,-0.00851207366033968,-0.01906948340189052,0
2020-12-16,892.1047973632812,900.40957493361,887.2077202532149,897.272697360613,18561011,0.0011143169002469921,-0.016543920822345237,0
2020-12-17,896.1895141601562,904.9456238899453,892.3756687000254,895.6930552499342,20252358,0.004578740983063767,0.0043060186802998945,1
2020-12-18,898.8749389648438,904.9004347378007,886.8917576008947,893.7070987327945,18466344,0.0029964921060297023,0.005899980627638746,1
2020-12-21,875.4727783203125,912.6184341659626,837.3567682633857,907.2023343255363,44135540,-0.026034946164459227,0.025957654297559474,1
2020-12-22,874.1187744140625,884.13862467934,852.3413781920493,879.6703154945026,28140001,-0.0015465973811862321,0.030360864268855536,1
2020-12-23,877.3458862304688,880.7760906412614,866.8746448149003,871.0947542977892,19501410,0.00369184590340077,0.021323620719701397,1
2020-12-24,900.0485229492188,902.1472362313513,878.2711268911072,878.7675857883312,20776988,0.0258764953196422,-0.0033347811448154463,0
2020-12-28,904.1782836914062,910.8130563627905,900.5675108718648,905.7128472166959,17221499,0.004588375667408773,-0.006214705397717846,0
2020-12-29,898.197998046875,908.2404117114976,894.8128611333499,906.7509753463718,18611939,-0.006614055825490572,-0.012034865816132001,0
2020-12-30,900.6577758789062,905.9384938821528,891.6534670154136,900.5449578807359,22043630,0.002738569711110417,-0.040716566132730225,0
2020-12-31,896.0540771484375,908.0598221912284,893.0300772883096,899.7551043755919,18781189,-0.005111485021018325,-0.03734955844138155,0
2021-01-01,897.0470581054688,901.3347986266252,894.5646443140231,897.2726941006515,10015175,0.0011081707927620421,-0.02706920268385471,0
2021-01-04,898.55908203125,902.1923588792536,888.2458453983129,900.4772865018267,24513534,0.0016855569750984234,-0.047015105021113945,0
2021-01-05,887.3883056640625,895.286819208082,882.8296824610696,888.6971735420237,24123091,-0.012431877425283178,-0.004603008328650571,0
2021-01-06,863.986083984375,887.3431107117481,859.8788522034279,887.297983512097,46401468,-0.026372019475932595,0.012824794914333193,1
2021-01-07,862.5868530273438,877.8648566159659,859.878803357666,866.8069025676972,32325918,-0.0016195063589201641,0.025874531571386195,1
2021-01-08,872.7647094726562,874.8860460383853,863.0156822176616,865.678604878862,27540187,0.011799225097846255,0.00193924532516343,1
2021-01-11,856.313232421875,875.0665690475399,854.1693322211945,875.0665690475399,33307825,-0.018849842199418876,0.04569768313756484,1
2021-01-12,883.3036499023438,884.6350813991116,857.5092762592445,858.9084582491231,41161546,0.03151932780967637,0.030326324949055294,1
2021-01-13,875.0665283203125,891.3826371793065,865.8817107313442,886.2373008139729,26619458,-0.009325356668617779,0.05977928575464064,1
2021-01-14,884.9058837890625,887.7493749036234,875.1794202704835,877.8649064942006,21553242,0.01124412276131359,0.07079465465532575,1
2021-01-15,874.4572143554688,890.86357691647,866.6038285437963,884.9058318391973,20593268,-0.01180766183727222,0.05788544749473856,1
2021-01-18,895.4447631835938,901.3348178565226,868.093322463363,879.7154269171596,35100458,0.0240006583324881,-0.021648811560955772,0
2021-01-19,910.0910034179688,916.6805899343358,900.2742249109785,900.2742249109785,32006615,0.016356386051444405,-0.06020643513138113,0
2021-01-20,927.3773803710938,928.8668167227358,903.3207030552749,912.3476352561834,30924537,0.018994119146551025,-0.08670369275650869,0
2021-01-21,947.552490234375,956.8501859101181,936.539722158253,939.6991037539394,39087742,0.021755016124296755,-0.12263032457954104,0
2021-01-22,925.0755615234375,954.7514714069698,918.5536065523528,952.7880800202875,30532660,-0.023721038087692548,-0.07528299195365029,0
2021-01-25,876.0594482421875,918.4632537345398,871.9973439937894,918.4632537345398,54207104,-0.052986064403786726,-0.007830850453252824,0
2021-01-27,855.2976684570312,868.8380370064367,852.13828693381,868.8380370064367,42370131,-0.023699053559452787,0.018812766280242865,1
2021-01-28,846.9703369140625,868.0707040284875,844.0140279643443,848.5951547796549,34067814,-0.00973617940288718,0.02544563349865059,1
2021-01-29,831.3538208007812,863.4669551342889,825.9602253530458,854.9816691410504,43712383,-0.01843809096098936,0.04440947041609067,1
2021-02-01,855.43310546875,859.8111004411335,834.084477925657,839.2298143671649,34180952,0.028963942987325186,0.029625877676410006,1
2021-02-02,869.1991577148438,875.6082351731134,837.2214015345261,863.9861301874793,41470034,0.016092494150726555,0.01575961281820981,1
2021-02-03,871.38818359375,881.0243335187519,857.554427887479,870.3275152709535,30301696,0.002518439944950268,0.02260887995817562,1
2021-02-04,868.5220336914062,875.6081377765653,859.8110520523379,868.3865924082124,25626981,-0.0032891769205811716,0.06828455505375497,1
2021-02-05,868.2738037109375,877.7069402051127,866.5812949964159,871.1172947571725,20248046,-0.00028580734954264386,0.06126060555618751,1
2021-02-08,880.7760620117188,888.6971388465231,870.6659579070334,872.4712846072483,21183400,0.014398981343612505,0.04158451793701379,1
2021-02-09,882.8973999023438,897.9948961529354,881.1597638793062,885.5152551213864,19604141,0.0024084872218028686,0.052833414596259454,1
2021-02-10,891.0892944335938,895.8058629486737,869.8761074541144,881.8142219915239,21234156,0.009278421855309693,0.05518415666942267,1
2021-02-11,927.8286743164062,931.6651427302581,890.1639989701773,893.6618940174507,42539278,0.041229739951219146,0.005837498754238446,1
2021-02-12,921.4647827148438,937.8937101488065,909.6395460369704,927.7384783498696,30497029,-0.006858908091249893,0.018955733678896802,1
2021-02-15,917.4027099609375,930.3563061780627,913.9725053748315,924.375996830397,15791099,-0.004408277809531125,-0.012053642651725593,0
2021-02-16,929.5438842773438,938.5256299749142,918.4859291608079,920.6298293819443,21421660,0.013234290878564314,-0.01750427964614021,0
2021-02-17,940.2633056640625,945.9953555067547,925.5268870227972,929.7695004811927,23742994,0.011531915349055621,-0.010680433207484685,0
2021-02-18,933.244873046875,951.6145681859424,929.3632772705301,941.0531321070791,18646877,-0.007464326827293033,0.03707020745984835,1
2021-02-19,938.9318237304688,950.0574695218014,926.745509641073,928.4155145358285,23403483,0.006093739004455312,0.002643878727144555,1
2021-02-22,906.3446655273438,943.2646823971752,900.4095436576987,938.7963735267837,23804335,-0.03470662872374797,0.04661130831497862,1
2021-02-23,913.2728881835938,926.5649977273687,908.8271426020757,924.3534067368045,25644108,0.0076441368496595885,0.04079659358515042,1
2021-02-24,930.2208862304688,932.1390906998175,914.4914901976813,916.2291858661802,10807663,0.018557430387080576,0.06846190332371682,1
2021-02-25,967.8404541015625,971.2932222091624,935.637002954952,936.9910577541981,34855693,0.04044154289368773,0.014689699212302232,1
2021-02-26,941.4142456054688,963.123891576847,934.5989040579532,955.4962007136306,37481215,-0.02730430246442317,0.04453910563907937,1
2021-03-01,948.590576171875,953.2394537638484,930.897848571293,952.4269850885058,17680764,0.007622925401761682,0.04253708794425948,1
2021-03-02,950.5313110351562,961.3635697154016,942.9036206682259,957.752856616694,17150760,0.002045914129901405,0.040384614767196014,1
2021-03-03,993.9055786132812,1001.9395335212855,951.0730007855624,957.3241328149178,31924461,0.04563160316190862,-0.009150370707121436,0
2021-03-04,982.0577392578125,988.4216890350315,973.865839474236,983.9308164628377,21435754,-0.011920487831448834,-0.017579266768485424,0
2021-03-05,983.343994140625,998.3512343189884,971.7670178094675,973.0985088715871,25511666,0.0013097548457634556,-0.032037337221003104,0
2021-03-08,988.9408569335938,1007.355680497462,978.5148017597687,978.7404377726681,19506841,0.005691663168045258,-0.04130352228474976,0
2021-03-09,988.9181518554688,999.1862609710787,968.8559482883367,992.9576927650287,15154484,-2.2958984822851747e-05,-0.06193371551868587,0
2021-03-10,984.8109741210938,999.7730887336929,979.5302558776189,996.1171885060364,11519358,-0.00415320289820631,-0.07921807696405292,0
2021-03-12,964.7938842773438,995.8463528292266,958.6104430105866,990.7010162557301,16864952,-0.020325819238168563,-0.026010516864390043,0
2021-03-15,951.8402709960938,969.894016181107,939.022056998036,965.899662068002,16698099,-0.013426301194842893,-0.022049444079689673,0
2021-03-16,948.0941162109375,959.5582754400099,945.7922708635552,954.1421160708194,13873801,-0.003935696880355666,-0.006236362603995738,0
2021-03-17,927.6707763671875,949.1773492874154,918.5310260738679,946.9431947370554,19210236,-0.021541468821019594,-0.003916650075617034,0
2021-03-18,906.796142578125,940.9629260845496,903.1402423037733,935.5918936777657,20647480,-0.02250220047979601,-0.00878504791158996,0
2021-03-19,939.6990966796875,945.9502287147974,894.9257507304794,898.6267780925764,41787429,0.03628484127426446,-0.04195490655708001,0
2021-03-22,930.8527221679688,936.088313055874,917.6734905482226,934.7343179799378,18572478,-0.009414050245420413,-0.01604921247929081,0
2021-03-23,942.1814575195312,952.2013071535108,927.9641218620927,930.6496079854647,17421165,0.012170276867405683,-0.04043111283945966,0
2021-03-24,924.0374145507812,938.6835185270156,920.9231603023551,938.6835185270156,16822814,-0.019257482541120696,-0.012430917969231237,0
2021-03-25,898.8298950195312,927.0614969311192,895.9187129062007,927.0614969311192,22001648,-0.027279760683180276,0.0005774651818168941,1
2021-03-26,900.2741088867188,908.8722130154059,890.8184686126791,908.1049312659724,20180202,0.0016067710644582789,-0.005188781547178278,0
2021-03-30,915.9132690429688,924.7596332154852,898.8750045089173,906.2996230548414,20441701,0.01737155384329503,-0.013034105689981534,0
2021-03-31,904.0880126953125,925.210945158364,902.2374989986004,910.8130997767836,16250796,-0.012910890962429589,0.001123302101767809,1
2021-04-01,912.55078125,916.2292452262719,904.1106213459858,910.813145160988,11723312,0.009360558303895594,-0.019684999871582454,0
2021-04-05,899.3489379882812,913.9724790288182,885.582933146535,913.9499154284324,14875099,-0.014466968340802966,-0.0408763310969924,0
2021-04-06,895.602783203125,904.9230424620014,888.6971873373794,904.4942743627021,14009194,-0.004165407470804294,-0.026457731173002652,0
2021-04-07,903.9751586914062,923.8569132620463,899.6648545655975,902.6888544411458,24266353,0.009348313387702367,-0.029233402353118443,0
2021-04-08,905.1035766601562,912.6184496390974,899.5294718287386,907.6536814191865,15369188,0.0012482842674388372,-0.03652741746243249,0
2021-04-09,894.5872192382812,905.5548598128081,893.661932570132,901.9892738152234,14037885,-0.011618954662272474,-0.04053881181151531,0
2021-04-12,862.5868530273438,885.2669107795369,857.6672125480122,884.1836789732539,20901482,-0.03577109701856129,-0.005232432790431063,0
2021-04-13,871.9071655273438,875.8790157297038,865.6109063786529,868.3866470158723,19411189,0.010805071358657159,-0.013148386452756733,0
2021-04-15,877.5488891601562,885.0863247656745,863.4218084533044,869.4246806200028,19723716,0.006470555416757451,-0.020547079618307706,0
2021-04-16,872.04248046875,880.0764346591261,869.4923760258712,874.07356246059,15656948,-0.006274760026961035,0.002976088822543632,1
2021-04-19,858.3217163085938,864.9564895083129,853.0409979470431,859.3598210383852,18478808,-0.01573405478226353,0.04572216103216853,1
2021-04-20,858.0734252929688,866.1298835841033,853.2440391612164,862.2934748740392,17203668,-0.0002892750013280265,0.05057460962715199,1
2021-04-22,860.4429931640625,864.0763296197583,847.0380660893645,854.05647971313,14490954,0.0027614977940666474,0.061713220317534345,1
2021-04-23,859.517822265625,866.0848449417196,855.4557174605446,860.262540485022,11828857,-0.0010752262564605042,0.047338865557854826,1
2021-04-26,874.6377563476562,885.5377655993291,862.7448293401166,866.5812978436229,20846778,0.017591181579197812,0.010939936420386154,1
2021-04-27,897.5660400390625,901.4250123029811,874.8182915364723,875.6081368680552,19992524,0.026214605446660544,-0.036230659059106385,0
2021-04-28,901.4701538085938,906.2995399608012,893.729645559396,901.7184130880825,17122437,0.00434966742877374,-0.038652071638349494,0
2021-04-29,913.543701171875,922.7737059327087,905.9837012820783,913.0246189844161,17412606,0.013393174818125742,-0.04597220644730249,0
2021-04-30,900.2064208984375,918.9371927131189,897.0696030939774,906.5252433975188,19828769,-0.014599498914314335,-0.03146149341018922,0
2021-05-03,884.2062377929688,893.2105461727255,877.0073157472597,887.3430555100857,23640186,-0.017773904666776308,-0.016768258905413114,0
2021-05-04,865.046630859375,888.1555160324492,862.5191497068099,880.121561842195,21849830,-0.02166870817538824,0.00863533876284106,1
2021-05-05,866.62646484375,874.9311830141904,861.1877417678091,868.0933376376232,12393609,0.0018262992167319414,-0.0036196700455418673,0
2021-05-06,871.5460815429688,873.351467984722,860.5332540943049,867.4162861727356,14624666,0.0056767441323244405,0.0032625995568025257,1
2021-05-07,871.8845825195312,882.6717141211767,869.289350739611,874.5926322966467,12288548,0.0003883913699240793,0.014805224824967933,1
2021-05-10,869.379638671875,878.677334300937,867.010102487007,875.1568754240988,13941237,-0.0028730222989120646,0.032057897561316606,1
2021-05-11,872.5166015625,874.9538287863412,862.0679225288771,864.3247006246831,13478264,0.0036082773866399354,0.03305475249508372,1
2021-05-12,863.4895629882812,872.4036175039552,860.7138223730607,871.1398768410697,13177961,-0.010345979157362906,0.03776506701260507,1
2021-05-14,874.3895874023438,876.5108642766377,860.2625054108522,870.2146050700743,13291616,0.012623226592734627,0.033680862325901284,1
2021-05-17,884.7930297851562,886.1921519936135,871.2752254332202,874.3895393110239,11873078,0.011897948617754395,0.012905850253396522,1
2021-05-18,897.2501220703125,903.8623311241566,890.2768357355067,894.1133042302491,12064918,0.014079103096213519,-0.012475114869883064,0
2021-05-19,901.357421875,910.1135316770341,890.0512670062741,893.661980396703,16317002,0.004577653102136425,-0.01351991895903526,0
2021-05-20,896.0993041992188,907.6085916449601,894.1134087677735,901.7411000663334,11422532,-0.005833554534718677,-0.004684201567789481,0
2021-05-21,903.8397827148438,907.0217278069957,896.3700373777015,899.0780871843959,10785605,0.008637969563587644,0.046066279047231706,1
2021-05-24,896.2120361328125,907.1120455871035,894.5646545808229,906.2995769189343,8551760,-0.00843926847202936,0.08795604982940763,1
2021-05-25,886.0568237304688,901.3348284850034,884.6350781454706,901.0640055897504,14780102,-0.011331260899110296,0.10480607253969532,1
2021-05-26,889.171142578125,893.4363796423949,887.0273019371077,891.4052973188182,7480204,0.0035148071367978595,0.1173572814174455,1
2021-05-27,891.9017944335938,899.5294855338184,885.6506620923865,889.2839988316376,26819294,0.0030710081835891856,0.1181872013387606,1
2021-05-28,945.476318359375,950.0800090423911,898.1754320907405,898.1754320907405,56469931,0.06006773869067494,0.04568455466524268,1
2021-05-31,975.039306640625,989.2115150434242,941.0756583298827,948.7259121956556,59124142,0.03126782522966698,0.031060571726750696,1
2021-06-01,978.9209594726562,993.860450495012,968.8107952002592,977.6120318921522,28013832,0.003981021898906922,0.021070550802901655,1
2021-06-02,993.5218505859375,997.2454412183025,973.5498427606852,973.5498427606852,24630162,0.014915291139691922,-0.011925030449330465,0
2021-06-03,997.3131713867188,1015.5249208069228,991.1974809457165,1002.4358843892015,23974257,0.00381604168901295,-0.012060725414640983,0
2021-06-04,988.6699829101562,1000.38234182816,985.8490553582253,999.6376236399614,14468646,-0.008666473806361652,0.013862383305381032,1
2021-06-07,1005.3245849609375,1011.9142309078353,986.1876070242225,993.8604848949419,16336573,0.01684546141651677,0.01137030501289571,1
2021-06-08,999.54736328125,1005.2117222594065,992.1227450436447,1004.9635226595291,9674735,-0.005746623295710962,0.01952690500045673,1
2021-06-09,981.674072265625,1002.4358661639994,973.9786315641471,1001.5332028305284,11409161,-0.017881384786961663,0.02037255246724823,1
2021-06-10,985.2848510742188,1006.4980364625192,982.8250009526113,989.97879594458,14155653,0.0036781849603710892,0.018494810135497808,1
2021-06-11,1002.3753051757812,1009.1011952964063,987.4063735342977,988.6745798453265,13762778,0.017345698640275797,0.005648022211888426,1
2021-06-14,1016.7554321289062,1022.8018743951756,994.1774433422952,1003.2132032493698,20332436,0.014346050704634239,-0.003407805530875163,0
2021-06-15,1019.0654296875,1030.3430744105387,1014.6721115736523,1024.047566478528,15174215,0.0022719303832554605,-0.01077785300371914,0
2021-06-16,1001.6732788085938,1017.7292188167856,999.0689992893482,1016.7554817175181,10797349,-0.01706676565825571,-0.002826020791016459,0
2021-06-17,1003.5075073242188,1012.2714997953356,987.315715260484,996.4193416411849,15745975,0.0018311644669275484,-0.02805035584720028,0
2021-06-18,1008.0367431640625,1012.2715649781592,989.331239663787,1007.9688163777718,29369026,0.004513405038613749,-0.0544559671013124,0
2021-06-21,1013.29052734375,1017.9329096042337,996.4873342427861,998.0046053152495,12186448,0.005211897498097917,-0.06760527443127684,0
2021-06-22,1008.0820922851562,1024.047523693767,1005.1834033496904,1020.877007795391,12871913,-0.005140120151174377,-0.06197912053201371,0
2021-06-23,998.842529296875,1019.3370107371757,997.1893446925246,1019.0653035968686,16653951,-0.00916548667910233,-0.042941060441296974,0
2021-06-24,975.3587646484375,1003.0320420254984,969.24439537304,999.5219522378009,91461975,-0.023510977916577747,-0.025795233349507396,0
2021-06-25,953.1431274414062,975.3587813357442,942.5675134722279,975.3587813357442,55355022,-0.022776887861400197,0.011689518968549306,1
2021-06-28,944.7867431640625,963.129909816626,942.5221576464701,961.0918068108575,20277042,-0.0087671872531625,0.030776672924882176,1
2021-06-29,945.60205078125,955.2039275943256,943.9262837366043,946.3720075153033,27144063,0.000862954124924542,0.017722038136046114,1
2021-06-30,955.951171875,961.3861531398231,947.0739679222726,949.4291224770184,19762858,0.010944478266729174,-0.00028424936714288584,0
2021-07-01,950.1991577148438,961.6126545352091,948.863024683412,959.280142195751,12534407,-0.006017058537492348,-0.002550156689371086,0
2021-07-02,964.284912109375,966.0286658416347,947.9345627995748,949.7688855828178,14086620,0.014824002189610885,-0.027171798139155046,0
2021-07-05,973.8641357421875,975.3814069298204,965.3945518663345,967.6364952540457,11702287,0.00993401795726312,-0.030741379774990807,0
2021-07-06,962.3600463867188,973.2753544311909,960.2766586567433,971.4863760250655,10070124,-0.011812827819869809,-0.01181292404593881,0
2021-07-07,955.679443359375,963.6961219133111,950.2218196134942,963.6961219133111,10454892,-0.0069418956578951585,-0.011397859680880917,0
2021-07-08,947.7760009765625,958.8045791709611,942.5221577829742,958.8045791709611,11185460,-0.008269972151991212,-0.00489819853504192,0
2021-07-09,938.0835571289062,947.3683817256788,935.7736870853545,945.6925548959384,9037675,-0.010226513266499038,0.01989184987131387,1
2021-07-12,943.9262084960938,951.8069732106677,939.5781755914345,941.9559723923293,8585292,0.006228284594465672,0.007125441642305219,1
2021-07-13,950.9917602539062,952.5090313833667,945.7152147930674,951.1276138236502,6717133,0.007485279775280018,-0.0028099520128587185,0
2021-07-14,944.7867431640625,954.2300635744198,942.6353689523012,951.2860904215172,8532544,-0.006524785333773098,0.016634703727912648,1
2021-07-15,943.1336059570312,948.8629964583248,941.3898523696109,948.8629964583248,9448356,-0.0017497464046700717,0.011213216724162978,1
2021-07-16,956.7437744140625,957.8081403899708,945.5114158643191,945.5793426478567,8828185,0.014430795775981942,-0.016829162331287062,0
2021-07-19,950.652099609375,961.9976700838799,947.6175572445412,951.1276470202398,8354449,-0.006367091135155989,-0.020939124588359448,0
2021-07-20,948.3195190429688,954.7509997157346,943.8809767465054,950.9011562369292,6741464,-0.002453663719214072,-0.026960597381766038,0
2021-07-22,960.5029907226562,961.9523350417173,950.289713605715,959.7330340406753,7972397,0.01284743320688242,-0.03180554011941761,0
2021-07-23,953.7091674804688,966.7305632803343,952.0559830257894,966.7305632803343,9937030,-0.007073193220435536,-0.03343289022845952,0
2021-07-26,940.642578125,960.6388700312618,938.0382987131833,954.750983452507,12389668,-0.013700811317551187,-0.002094541422606344,0
2021-07-27,930.7462768554688,943.745031435626,924.8583903750485,940.6199201537044,10824523,-0.010520788128959402,0.015936747980093813,1
2021-07-28,922.7522583007812,932.1050093559254,913.1956670017476,932.1050093559254,12897848,-0.008588826787140458,0.03259140385013648,1
2021-07-29,929.9536743164062,939.5329082786225,925.4924300252735,930.2933681370648,13765738,0.007804278939274711,0.039449708496667846,1
2021-07-30,921.8239135742188,936.6116474595756,919.9216040760916,932.1051183084293,11350608,-0.008742113684494623,0.02640877278487963,1
2021-08-02,938.67236328125,941.7974744869755,924.4733894897529,930.4292625094815,10925104,0.018277297278722404,0.002243678608157218,1
2021-08-03,945.579345703125,947.0513322851771,934.9131634487219,946.5984271599676,11817299,0.007358246276401248,0.0001436836141037734,1
2021-08-04,952.8260498046875,957.4684320780918,945.2396345210956,948.5912282263394,13169800,0.00766377156448339,0.006440929026022557,1
2021-08-05,966.6400756835938,975.9474827845528,953.0525024475675,957.604315821072,21252078,0.014497951521936114,-0.011128004283017856,0
2021-08-06,946.1681518554688,972.392083052254,941.5030673967123,964.6924564242829,16620987,-0.02117843481054471,0.027093632126241163,1
2021-08-09,940.7784423828125,946.5078930939915,935.9548618556917,942.522196064497,7494143,-0.005696354778045309,0.04638564073525697,1
2021-08-10,945.7152099609375,957.0155553586313,939.238504866793,942.9750770172923,11919198,0.005247534760279171,0.03649336368713785,1
2021-08-11,958.963134765625,960.1859966454768,943.6092248291548,949.7462363911606,9184963,0.01400836601246458,0.02614174499282451,1
2021-08-12,955.88330078125,962.9941092821113,953.3922326146494,962.4052906590396,8137612,-0.0032116291781412176,0.017886697257782247,1
2021-08-13,971.8032836914062,973.7282353115995,955.181228214771,958.9630848706249,12780901,0.01665473483755253,0.007783243651482863,1
2021-08-16,984.4170532226562,997.7781437654177,963.8772277608733,973.4791039346753,21935444,0.012979756029776413,0.004693003876508506,1
2021-08-17,980.2275390625,989.7161436724384,972.7996796494008,982.310986419895,12658169,-0.004255832572628848,0.017719872319186036,1
2021-08-18,984.0321044921875,990.4408829212671,974.9511198541776,984.6435653646352,10075860,0.003881308449389387,0.02660351305408848,1
2021-08-20,972.9808959960938,983.7376470917055,967.88554870858,970.6030393085123,9426282,-0.011230536529899915,0.03684393995252222,1
2021-08-23,979.3670654296875,984.6435509846982,965.7568499022403,984.6435509846982,9854395,0.006563509581609894,0.04989932038925704,1
2021-08-24,989.0369262695312,992.7961409161452,976.3098780018888,980.5899844960273,11864472,0.00987358180724729,0.03409343436197898,1
2021-08-25,997.5970458984375,1005.4778714076189,987.4064100092222,989.8069092436782,13380559,0.008655005087821577,0.029283501676085733,1
2021-08-26,1010.2108154296875,1016.7555077395328,998.6840464816695,1000.0428218830655,18589616,0.01264415285020215,0.02867135343013061,1
2021-08-27,1008.829345703125,1015.7817181947378,1003.6887734868195,1013.1773788430729,10480636,-0.0013675063714051472,0.07232649228673105,1
2021-08-30,1028.23681640625,1030.7732288164937,1013.0867479284576,1019.0652631807153,14027062,0.01923761514847544,0.06842875181223174,1
2021-08-31,1022.756591796875,1034.3512267943545,1015.5551545716548,1031.2487577395646,26485463,-0.0053297300018188,0.08092908187245751,1
2021-09-01,1026.8101806640625,1038.495504793424,1024.9532755584123,1029.482446811587,11145486,0.003963395493805422,0.07244934364080957,1
2021-09-02,1039.1749267578125,1045.2440116453542,1021.3299483032399,1021.3299483032399,9956770,0.01204190056408816,0.057182722593102975,1
2021-09-03,1081.79443359375,1084.7384068201698,1042.8435137983438,1046.2403322593964,30664428,0.04101283214069529,-0.0070963184632015786,0
2021-09-06,1098.5977783203125,1123.2365131929273,1092.4380047519112,1092.8909697996994,33641710,0.015532844507936128,-0.023561195784798872,0
2021-09-07,1105.52734375,1113.272195169168,1092.4379602260194,1100.5904921516135,17349882,0.006307645588253807,-0.025646277582460297,0
2021-09-08,1101.201904296875,1111.460525484485,1090.01483063056,1110.5547152662286,14301651,-0.003912557638287684,-0.00129552603988492,0
2021-09-09,1098.5977783203125,1104.145971203985,1094.2950296674799,1099.6394421897962,8963249,-0.0023648033720258255,-0.014450127465175822,0
2021-09-13,1074.11767578125,1101.949452386577,1072.5324776130421,1101.949452386577,16311160,-0.022283043914844813,0.009613859122199253,1
2021-09-14,1072.7135009765625,1084.2854942866497,1071.6037904973264,1075.6801166083583,8908356,-0.0013072820942697794,0.01530531020228465,1
2021-09-15,1077.1746826171875,1085.0780298856923,1072.7360805602518,1072.7360805602518,9071075,0.0041587820387865015,0.02194858126190269,1
2021-09-16,1099.7752685546875,1103.6476943262978,1072.0567074838173,1078.6466838742622,13448882,0.02098135641527321,0.025409798854724386,1
2021-09-17,1082.722900390625,1112.2984866148895,1075.9517858407112,1107.837242193017,34882133,-0.015505320633798725,0.038547561993878876,1
2021-09-20,1084.444091796875,1095.3140549772365,1073.415512979037,1074.3666078022443,11779819,0.001589687819135488,0.054336077740003486,1
2021-09-21,1089.1317138671875,1094.521410709491,1079.756260196694,1089.2675674362638,9915736,0.004322603724591589,0.05961242375310838,1
2021-09-22,1100.817138671875,1106.0255780999046,1086.210482648724,1090.6264428510565,10995912,0.010729119954827171,0.040053365009613096,1
2021-09-23,1127.7203369140625,1130.9360171926044,1107.6107744419755,1108.4713001643795,15748397,0.024439298133244858,0.011787685701404538,1
2021-09-24,1124.459228515625,1134.7631343059459,1119.613065939266,1133.9026086017536,15192163,-0.002891770496363799,0.01651434011791686,1
2021-09-27,1143.3685302734375,1145.8370159244848,1121.1077134942575,1126.4068411721403,15373834,0.01681635160998618,0.012557232043004518,1
2021-09-28,1154.0574951171875,1161.689135216267,1138.092065214608,1147.6939414575027,18035258,0.009348661049114027,0.023998737470831255,1
2021-09-29,1144.9085693359375,1163.9989904714507,1141.3757775989957,1163.9989904714507,9719875,-0.007927616968789741,0.012659115899397833,1
2021-09-30,1141.0135498046875,1147.965922997723,1132.4534560345573,1143.6178894191034,13590654,-0.003402035442453877,0.021097586299529958,1
2021-10-01,1143.0289306640625,1150.320936930379,1130.0302358504632,1133.1779894261922,8958928,0.0017663075602563083,0.05846582112420817,1
2021-10-04,1157.72607421875,1166.1955973057436,1149.075293250508,1156.2993722307872,10918552,0.012858067858482869,0.03775205892140221,1
2021-10-05,1181.75341796875,1183.0216242133338,1153.7403880823629,1157.2505376163047,13533634,0.020753910864635294,0.022459013209896073,1
2021-10-06,1159.402099609375,1186.62241515062,1155.4391042037028,1186.62241515062,10258881,-0.018913690470041877,0.0527764154771484,1
2021-10-07,1165.086181640625,1177.020571318369,1162.9574494692135,1175.3220421537414,6336665,0.004902597669234066,0.04975877966377307,1
2021-10-08,1209.8570556640625,1215.8129290316733,1169.207605953432,1170.906015220909,15772493,0.03842709211467343,0.01360790761999442,1
2021-10-11,1201.4326171875,1231.9366542030143,1198.1263679197398,1223.5124154081877,14768666,-0.006963168447977175,0.029857035098884932,1
2021-10-12,1208.29443359375,1215.1788796176056,1196.2694750157295,1197.9680041586355,6682011,0.005711361842591911,0.012219715855615432,1
2021-10-13,1220.5911865234375,1231.7103344750674,1208.9737889938256,1213.3671067441883,9959762,0.010176950739658741,-0.02688366523210184,0
2021-10-14,1223.0594482421875,1230.7817769408248,1217.0809330176019,1223.036805981498,8623469,0.0020221854344042445,-0.027033018165036005,0
2021-10-18,1226.3206787109375,1243.2597273294034,1205.8034336758178,1208.656838063519,13594479,0.002666452945878639,-0.03907527947140055,0
2021-10-19,1237.3038330078125,1246.1357531841286,1226.501796349313,1233.6578296621897,8833409,0.008956184534391287,-0.025916553020508215,0
2021-10-20,1223.0594482421875,1242.2405578545067,1219.0285268378586,1242.2405578545067,12710570,-0.01151243888980591,-0.027033018165036005,0
2021-10-21,1187.7772216796875,1235.5600608138357,1179.0358711096487,1235.2883536749923,20831669,-0.028847515640558985,-0.009113415237869571,0
2021-10-22,1189.9964599609375,1206.9809106504802,1182.7950231580921,1186.6448064236538,11027475,0.0018683960600891503,-0.03469187053409817,0
2021-10-25,1178.40185546875,1213.8201056097269,1163.9990998346134,1213.8201056097269,17198417,-0.009743394104355652,-0.024598310161695225,0
2021-10-26,1205.2371826171875,1208.7926167498356,1179.013250231775,1185.3315195274101,9750178,0.022772645022493432,-0.06022057663985392,0
2021-10-27,1189.9964599609375,1212.3706072222662,1186.6221641632774,1201.1382490708493,9896298,-0.012645413596645394,-0.05473095161477448,0
2021-10-28,1176.9525146484375,1194.7748510901267,1173.283988789091,1186.6449607541927,9886181,-0.01096133118995013,-0.038385972445430405,0
2021-10-29,1148.7132568359375,1175.843002928945,1133.0649360229452,1175.843002928945,14233025,-0.02399354048785496,-0.013524069847599351,0
2021-11-01,1149.4151611328125,1157.6582624374937,1129.6225892164332,1148.7131311991511,15481114,0.0006110352541837116,-0.006344195295480248,0
2021-11-02,1132.6571044921875,1154.0348738636576,1130.143454028727,1152.6760985535552,10569130,-0.014579637721246819,0.01963361999981239,1
2021-11-03,1124.8668212890625,1141.353021347838,1114.6308430788376,1135.0347529223884,11989430,-0.006877883140650631,0.028567509456685958,1
2021-11-04,1131.7740478515625,1134.5142410032367,1127.7657681126252,1129.101781492045,1705656,0.006140483861533541,0.03771722634100039,1
2021-11-08,1133.177978515625,1141.3531527093287,1112.5475239087214,1141.0813257713814,20337183,0.001240469037726788,0.03031651210805486,1
2021-11-09,1142.123046875,1145.384011549245,1126.429444729638,1134.5593339553402,15682497,0.007893789439053833,-0.0015067967241653157,0
2021-11-10,1154.895263671875,1158.5639086571884,1133.947819541091,1139.8584075840783,10253470,0.011182872836531521,-0.03368748561183699,0
2021-11-11,1157.00146484375,1164.2254244154967,1148.3959679290283,1150.4341308509872,10722478,0.0018237161742082897,-0.03180608126728446,0
2021-11-12,1174.46142578125,1177.0204805624614,1158.1110771767962,1160.783343266853,8712341,0.015090699076909075,-0.08844625008886642,0
2021-11-15,1167.531982421875,1178.5832047502897,1163.9991900791144,1177.5867054893083,4803269,-0.005900102981045596,-0.07446294193208958,0
2021-11-16,1140.402099609375,1166.2636363626991,1130.0302662731583,1164.9275032865714,11337581,-0.02323695043986973,-0.0661265782461341,0
2021-11-17,1115.98974609375,1131.819202659116,1114.6309708056715,1131.819202659116,10202029,-0.02140679460690842,0.011749156766410751,1
2021-11-18,1120.2017822265625,1127.3126501781812,1109.6714536653499,1114.177982402732,8505625,0.0037742606036978987,-0.024541956454247726,0
2021-11-22,1070.584716796875,1109.1960026578379,1064.8099816539602,1103.3533407297432,24124307,-0.044292971335098574,0.03289275195747421,1
2021-11-23,1080.5941162109375,1087.5691305828452,1045.7874503355001,1056.6800550508478,25326999,0.009349469740246308,0.00819409624267431,1
2021-11-24,1064.9912109375,1091.4868494573443,1061.4357769402945,1077.9446209027212,16820296,-0.014439191403473939,0.049162304193018036,1
2021-11-25,1129.1016845703125,1133.2006528139436,1067.5954770563671,1074.7742721480843,42401936,0.06019812461773921,-0.004051418001706275,0
2021-11-26,1092.7098388671875,1122.149452357917,1087.6824179851199,1117.7108501017365,15763138,-0.03223079568513276,-0.0018030539981158666,0
2021-11-29,1105.7991943359375,1132.2949564813318,1086.5954393266575,1104.712245845007,24325354,0.011978802609043715,-0.03231631180917982,0
2021-11-30,1089.4486083984375,1121.3793456985663,1081.9528225027632,1117.8012696969345,32172299,-0.01478621617853404,-0.009790400036393088,0
2021-12-01,1117.3486328125,1120.519028933976,1098.3713010103995,1101.9493776790864,10104610,0.025609307496456735,-0.019821660337451363,0
2021-12-02,1124.5272216796875,1130.5736640269113,1114.9027029403865,1118.571348380323,12720411,0.006424663400820707,-0.010632940687856363,0
2021-12-03,1090.7396240234375,1131.6154976946157,1087.0030516324528,1131.5702131686844,19222481,-0.030046046911858637,0.021052586812878582,1
2021-12-06,1070.0638427734375,1098.3259382907745,1067.595476803198,1094.2497321105475,10332254,-0.01895574415251622,0.01991464029679335,1
2021-12-07,1078.782470703125,1088.814549469748,1068.8862454989733,1076.2008936152106,11235122,0.008147764255906687,-0.0007137857280422599,0
2021-12-08,1095.200927734375,1101.4058665244686,1089.8565147837464,1097.9184786382343,8744178,0.015219432533556843,-0.01856844815014369,0
2021-12-09,1112.5701904296875,1120.9265028973477,1098.3259314492311,1102.8551026436394,13213547,0.015859430224592685,-0.02139283039880191,0
2021-12-10,1113.7025146484375,1116.8955527047663,1100.7489847314073,1105.2328712872275,8364414,0.0010177553097237002,-0.04819141353419887,0
2021-12-13,1091.373779296875,1120.564329866256,1088.8147242582452,1120.292622697696,12901733,-0.02004910203386856,-0.054904326743794085,0
2021-12-14,1078.012451171875,1089.7204159270498,1074.9552669933066,1077.9445243946013,12991523,-0.01224266917389949,-0.02894765508808772,0
2021-12-15,1074.86474609375,1089.2674997267343,1069.3843607457343,1079.7561930783932,9366969,-0.0029199153263055333,-0.002991837181549495,0
2021-12-16,1088.7691650390625,1094.023007574745,1072.8038571070083,1089.5844061394005,9761279,0.012935970777573358,-0.01607779265330722,0
2021-12-17,1060.0316162109375,1090.6262198818429,1050.7693748912868,1086.1196915464664,21049821,-0.026394528565744202,0.013822208050204843,1
2021-12-20,1031.45263671875,1049.7957435304404,1017.7517924627566,1049.7957435304404,14325846,-0.02696049726737637,0.04079288397402969,1
2021-12-21,1046.8065185546875,1062.5454064146618,1038.1784989493156,1046.8518030785813,12836561,0.014885687708144468,0.03770699086075946,1
2021-12-22,1071.64892578125,1074.275907104783,1051.6753379399179,1052.9887088013688,17658543,0.023731613040451904,0.015384189540705862,1
2021-12-23,1071.26416015625,1077.944705915956,1068.0031950967277,1075.2271551661324,9072401,-0.0003590407415557939,-0.0026001060188728387,0
2021-12-24,1074.68359375,1083.3795393185057,1058.7181649806878,1073.4153876003008,7886494,0.0031919611622694966,-0.001959492983036437,0
2021-12-27,1073.528564453125,1077.038713611814,1063.4964862774043,1069.5882123719496,4017223,-0.0010747621938143048,0.014175812504988894,1
2021-12-28,1086.2784423828125,1089.1997736760372,1074.7970173887559,1075.951892667275,6374613,0.011876607993362986,0.024891577992655955,1
2021-12-29,1088.1353759765625,1095.6085205634522,1078.8957755234705,1082.926817028114,15425312,0.0017094453146624389,0.027929084625821998,1
2021-12-30,1068.478759765625,1089.245070757408,1062.3643899373753,1087.003127167027,29333171,-0.01806449513995112,0.024331261885954802,1
2021-12-31,1072.5777587890625,1079.7111505236876,1068.8864705630906,1074.774417912502,9477290,0.00383629434462196,0.02865081282691273,1
2022-01-03,1088.7467041015625,1090.603728995159,1070.4941656370397,1071.1509110384136,5421611,0.015074846723238666,0.014206392568325565,1
2022-01-04,1113.317626953125,1114.6311178916164,1088.8147434123907,1094.2045607530267,10847728,0.02256808012276701,-0.0010374661003401675,0
2022-01-05,1118.5260009765625,1121.8776545605729,1101.9265882823174,1115.0838981501056,11643813,0.00467824625905866,0.020853621071345252,1
2022-01-06,1094.4761962890625,1111.4606489189575,1091.0792578429503,1110.1924425923644,14447422,-0.02150133717633973,0.04916189016912775,1
2022-01-07,1103.3079833984375,1113.294777565113,1092.2341211399646,1101.0207557139988,13112115,0.008069419087706198,0.042282402916743456,1
2022-01-10,1104.2138671875,1112.8193642531028,1094.2723568788356,1110.5547786779957,9246731,0.0008210615736434779,0.04686227298656154,1
2022-01-11,1112.16259765625,1120.9491128479206,1102.8550708538112,1103.3080358803265,16205164,0.0071985425151341875,0.026979851245264364,1
2022-01-12,1141.851318359375,1143.595131948247,1116.4426269818646,1119.2960312179016,14800442,0.026694586534100617,0.00019841681343035766,1
2022-01-13,1148.28271484375,1150.8644117443653,1136.0992618786104,1141.9192812349345,11856712,0.0056324290045184355,-0.0228177011952716,0
2022-01-14,1149.95849609375,1162.776052313962,1144.0026230998735,1148.146875628832,19930176,0.0014593803671667516,-0.024084174233530042,0
2022-01-17,1155.9598388671875,1161.7345747001148,1149.0528700123114,1149.5058351012956,8036453,0.005218747279856828,-0.0683123288012627,0
2022-01-18,1142.1685791015625,1160.5343313379433,1139.4283858183082,1157.0922278353653,6215029,-0.011930569992068318,-0.05890637081988259,0
2022-01-19,1142.077880859375,1151.3173615953267,1136.3710722869748,1145.882379974198,9755485,-7.94088051860875e-05,-0.07277128383773157,0
2022-01-20,1122.08154296875,1136.8014098425185,1111.913489734347,1132.3175229917704,16494486,-0.017508734058992892,-0.05715565074849116,0
2022-01-21,1122.2626953125,1133.3139167394952,1110.5548482538704,1110.5548482538704,13338594,0.00016144311871557626,-0.036826366584667425,0
2022-01-24,1076.9935302734375,1134.4461715764583,1066.666981959244,1120.9717499530957,21868937,-0.04033740516203921,0.0003364037733895042,1
2022-01-25,1074.8875732421875,1081.8624687571998,1043.9758512681215,1064.1533431011624,24510205,-0.0019554036046208756,0.004340025113909185,1
2022-01-27,1058.9674072265625,1067.119939925388,1046.7160258148951,1058.0163123551283,20020431,-0.01481100573858618,0.00626566199361589,1
2022-01-28,1057.9482421875,1076.087568078922,1054.5740661673967,1071.1508364816766,14667727,-0.0009624139818729116,-0.0019479128878402419,0
2022-01-31,1080.933837890625,1089.9016105598887,1067.1650674426833,1068.9768076649402,12143683,0.02172657866097305,-0.029120915730191155,0
2022-02-01,1077.3558349609375,1096.333045361315,1063.0436492942567,1090.6263567842825,13200509,-0.003310103545902221,-0.009521965342348504,0
2022-02-02,1079.5526123046875,1090.1735114618948,1075.7254706378199,1090.1735114618948,10017691,0.002039045292616448,-2.1031932919468588e-05,0
2022-02-03,1065.6025390625,1087.6596951339798,1063.0888887078768,1083.3795890325775,9572839,-0.012922087430649709,0.012028639716562983,1
2022-02-04,1055.887451171875,1063.655064440526,1051.2677111603737,1060.280768575064,11061241,-0.009116990185826901,0.01934558251433849,1
2022-02-07,1049.4560546875,1067.4368843783152,1043.9756693517945,1060.7336971993545,10714467,-0.006090986759277328,0.00925737663577575,1
2022-02-08,1067.0972900390625,1068.8863882514995,1046.2404110052712,1055.5932232086295,12060849,0.01680988477103562,0.02627269577257696,1
2022-02-09,1079.5299072265625,1081.2056742872649,1067.9805561051007,1073.9363098694528,11486225,0.011650875045371878,0.012355728930676824,1
2022-02-10,1078.4202880859375,1085.0554293647551,1071.1962083846827,1085.0554293647551,12464491,-0.0010278725334027516,0.0262277575922083,1
2022-02-11,1076.314208984375,1079.982854527415,1061.6849113374171,1074.887506839841,15943370,-0.0019529297851957894,0.02019855359420486,1
2022-02-14,1059.1712646484375,1066.599124811997,1047.5991516117767,1059.9412213800138,10719633,-0.01592745333364487,0.026234073639023636,1
2022-02-15,1095.1328125,1097.8277206759533,1057.8803043046898,1064.9004831978962,11212671,0.033952533505994476,-0.011972920842934331,0
2022-02-16,1092.8682861328125,1101.9492706042658,1085.16871921443,1100.5904953127101,10392840,-0.0020678098047468563,-0.01612136658826646,0
2022-02-17,1106.704833984375,1111.8681080705421,1091.5321231787168,1096.1065786813085,12853252,0.012660764363950916,-0.07683645693871888,0
2022-02-18,1098.05419921875,1112.5475227496659,1096.1292475949579,1107.112541400613,6775458,-0.007816569061581569,-0.05793184410456176,0
2022-02-21,1086.9576416015625,1103.987376793005,1080.028031731223,1092.4379072087868,11107193,-0.010105655645306522,-0.016813117443516656,0
2022-02-22,1082.0208740234375,1085.146105195485,1063.066305633856,1065.6705251768456,13494914,-0.004541821492556997,0.003997556384509604,1
2022-02-23,1075.249755859375,1089.9696221846223,1072.5096827529123,1087.5012562225045,7310110,-0.006257844304689342,0.0017902136199734464,1
2022-02-24,1021.6695556640625,1059.7827129241718,1016.0760782454672,1043.975778151862,24846650,-0.049830469528904464,0.030943243200294512,1
2022-02-25,1034.44189453125,1045.3118571320392,1030.9543872983322,1032.698081014629,14570089,0.012501438255039021,-0.019439948417233177,0
2022-02-28,1068.6824951171875,1072.2152872381166,1015.894992677199,1015.894992677199,21297446,0.033100554769635915,-0.052573564645153614,0
2022-03-02,1086.3463134765625,1087.4560239699686,1054.9364629191114,1057.3142599474093,21471786,0.01652859332877732,-0.01853214207016718,0
2022-03-03,1077.1746826171875,1093.7288113845136,1073.4381104672327,1087.002981514595,10186748,-0.00844264001782602,0.00586545092113,1
2022-03-04,1053.2833251953125,1070.833834303542,1050.928170459011,1065.7158442994964,10805667,-0.022179649974530258,0.03164826968126655,1
2022-03-07,1014.3323974609375,1047.1915918601796,1006.3836454479082,1032.0640445664155,17983310,-0.03698048455020608,0.08006054821454844,1
2022-03-08,1012.498046875,1017.253760796074,987.3611211647836,1001.6280233273343,21289374,-0.0018084314279315228,0.0572354740267631,1
2022-03-09,1066.2139892578125,1072.05665089973,1011.8864606126765,1012.7244638561707,20414228,0.05305288493997873,0.020921010827845032,1
2022-03-10,1083.4927978515625,1089.267532756051,1068.8862634347242,1087.0029472759036,17980493,0.016205760539474534,0.03739173158818754,1
2022-03-11,1086.617919921875,1091.9850941858494,1076.1555181267943,1076.1555181267943,12257423,0.002884303501148544,0.028447665547688628,1
2022-03-14,1095.5404052734375,1098.0541754406872,1075.2270625884603,1081.0697243173254,8340678,0.00821124443834309,0.046427126488369996,1
2022-03-15,1070.4488525390625,1099.6620420875429,1060.2128731362302,1099.6620420875429,15925769,-0.02290335674850108,0.07436153491851005,1
2022-03-16,1088.520263671875,1090.5810688907009,1076.6311594559988,1078.8504605069668,11149828,0.016882087443923943,0.07293983127808201,1
2022-03-17,1124.0064697265625,1131.1172183134404,1093.8420644373464,1101.8361008572806,21422098,0.03260040923352481,0.04599656749814107,1
2022-03-21,1117.5296630859375,1125.0480919172617,1104.6668219311773,1106.9314074851866,11999466,-0.00576225032067712,0.06263695679743186,1
2022-03-22,1146.4031982421875,1148.124249688356,1111.2794206216663,1114.2232739689239,22557065,0.025836929533054942,0.03611009510362484,1
2022-03-23,1150.049072265625,1161.6664689349448,1142.7119015169374,1142.7119015169374,15462187,0.003180272027352826,0.05267427659443036,1
2022-03-24,1167.916748046875,1170.4078760728964,1136.8240104486479,1136.8240104486479,13168266,0.015536446410978177,0.021755462774575962,1
2022-03-25,1175.7069091796875,1184.8331776508987,1167.169339474114,1169.6604672992412,14222488,0.0066701339336388,0.023113899124228343,1
2022-03-28,1187.5283203125,1191.060992805179,1171.4723190412603,1182.1158606493575,9891424,0.010054726259166591,0.015923139990904778,1
2022-03-29,1187.7999267578125,1194.7974641560254,1180.9382429362058,1194.7974641560254,8684065,0.00022871576253535864,0.0013345724666375958,1
2022-03-30,1210.6270751953125,1217.4434746814534,1185.331593767139,1195.6581430818142,15811550,0.01921800795173345,-0.020165048358666948,0
2022-03-31,1193.3253173828125,1209.1548925411073,1190.5399600350615,1207.0035184657995,13223718,-0.014291566880501705,-0.023493510095061065,0
2022-04-01,1202.882080078125,1207.094259791017,1187.55087204633,1193.8916640782966,7922880,0.008008514154608237,-0.01513647743405988,0
2022-04-04,1206.4375,1211.555489970758,1196.45070474843,1202.7009276541294,7929162,0.0029557510089801564,-0.020084819231466655,0
2022-04-05,1189.3851318359375,1209.2456310104756,1186.9620503043643,1200.7307025551163,13149870,-0.014134481201108606,-0.024751928040221527,0
2022-04-06,1186.2147216796875,1193.2122590361132,1171.744039651222,1171.744039651222,12257215,-0.002665587513571932,-0.025734576413966148,0
2022-04-07,1165.2899169921875,1180.3041331292436,1162.6402930619627,1175.3672812713683,15496499,-0.017639980608123218,-0.011271567155228035,0
2022-04-08,1184.6746826171875,1188.909504082465,1159.4697737682463,1159.4697737682463,15152495,0.016635144046414974,0.00961518744999279,1
2022-04-11,1182.2064208984375,1195.0466201854251,1169.8869936426172,1177.5865608022991,9254209,-0.0020834932618777335,0.041471774620313484,1
2022-04-12,1159.945556640625,1178.7642727503164,1157.3865016457235,1171.6986884850992,13217742,-0.018829930090292546,0.0863121816946133,1
2022-04-13,1155.68798828125,1174.2349955581562,1152.9025109003892,1166.0371790472568,10354235,-0.0036704898216994852,0.08118282999887194,1
2022-04-18,1152.1552734375,1159.3793533809223,1142.1684779905993,1147.2411835351893,9974224,-0.0030568067502405594,0.05941787512703356,1
2022-04-19,1196.0655517578125,1208.3849780863475,1155.416224906424,1158.5639783200388,26141820,0.03811142415666291,0.051064234552394394,1
2022-04-20,1231.234619140625,1238.2775602010167,1199.8247720277507,1203.4481327307994,25072240,0.02940396312821303,0.022034796992427497,1
2022-04-21,1260.06298828125,1263.1880996959114,1237.3717275306717,1245.9319403276972,21708633,0.023414196362303796,0.013568793257715539,1
2022-04-22,1249.510009765625,1269.0760391912017,1242.8973909745034,1249.5552942902013,15054154,-0.008374961104142487,0.01139987881968585,1
2022-04-25,1220.6138916015625,1249.3288344946673,1206.41491600151,1242.0822318802027,17063215,-0.023125959726791323,0.0317068177683788,1
2022-04-26,1257.1417236328125,1265.9057172545076,1226.3659755709643,1227.4076394974306,12227666,0.029925787575071805,-0.029542734600798815,0
2022-04-27,1258.3646240234375,1280.851985416539,1247.811532355269,1248.1739283672139,19338945,0.0009727625514577287,-0.04947187875508452,0
2022-04-28,1277.1605224609375,1291.2689267231667,1261.874481071713,1272.676636154816,25614076,0.014936766401937529,-0.0706420139203836,0
2022-04-29,1263.7542724609375,1293.6015662528664,1257.8889681093667,1293.6015662528664,18214862,-0.010496918566013758,-0.09746437514941786,0
2022-05-02,1259.315673828125,1270.6612443033114,1249.1702630612974,1250.9593611931234,9467006,-0.00351223234574638,-0.10998230569561962,0
2022-05-04,1220.0023193359375,1263.6410258882418,1212.1442565160846,1261.3764403153348,19247660,-0.031218030005678354,-0.09071337855062589,0
2022-05-05,1196.1109619140625,1236.4659436174286,1192.0800401164388,1233.5219702392728,17210669,-0.01958304262477084,-0.09144596118952808,0
2022-05-06,1186.9393310546875,1204.3087009820067,1174.6651887519583,1183.112189870724,19649948,-0.007667876268517948,-0.07404647362801953,0
2022-05-09,1140.583251953125,1176.2732081933118,1135.4652620079833,1166.2410086662385,18083752,-0.03905513777218217,-0.03617512541661949,0
2022-05-10,1120.813232421875,1144.3423749690376,1113.2721615832613,1130.0301899582084,19511677,-0.017333254277928423,0.022023367780831915,1
2022-05-11,1109.331787109375,1125.4783543216395,1096.9444341111473,1119.9073998813726,16643899,-0.010243852392508468,0.03635738011801948,1
2022-05-12,1086.7314453125,1102.7873270518787,1073.4156370472006,1099.458434885726,20490321,-0.02037293266044915,0.03352899364044104,1
2022-05-13,1099.0506591796875,1122.3306194635952,1093.9553113783713,1098.7789520224087,19308778,0.011336024111867848,0.0815337677681034,1
2022-05-16,1099.322509765625,1123.689419002713,1094.544153545097,1102.60611718799,13437911,0.00024735036885426,0.07403585526863687,1
2022-05-17,1145.497314453125,1150.366239393939,1101.496331090796,1102.9003909379085,16551828,0.042002964805427645,0.0342802587491744,1
2022-05-18,1149.6641845703125,1163.9990123371506,1136.0313867118257,1150.2530031709177,17276788,0.0036376079320419308,0.02901492655219773,1
2022-05-19,1123.16845703125,1137.956250241304,1116.918234266966,1125.0481241931686,14699118,-0.0230464929626083,0.04324868742470933,1
2022-05-20,1188.660400390625,1197.6961004424857,1133.2006360812218,1137.956229855782,21793091,0.05830999165742501,-0.018803890852544747,0
2022-05-23,1180.7117919921875,1201.8403770570499,1174.4161648907582,1191.8534622113486,15252755,-0.006687030539442085,0.022210123639542667,1
2022-05-24,1184.7652587890625,1194.7973375363194,1176.5448004718992,1180.7569797022973,13527818,0.0034330704786438293,0.00642247972999499,1
2022-05-25,1183.0216064453125,1203.2670225299603,1178.2658929997126,1193.4387237828619,12714544,-0.0014717281172914598,0.008231289196830138,1
2022-05-26,1171.7440185546875,1193.3934954511844,1154.0348942869591,1188.637781781663,17882023,-0.0095328672183016,0.05303238580728875,1
2022-05-27,1166.3089599609375,1179.9191164627784,1150.4568600156867,1174.4388502012214,16521973,-0.004638435108424099,0.07937555072776403,1
2022-05-30,1206.935546875,1211.1023215122134,1174.9595259097239,1184.3801432114667,13853398,0.034833468925269395,0.038558275656160435,1
2022-05-31,1192.3743896484375,1213.2765527152142,1184.697464521731,1196.3373846577454,70620653,-0.012064569035408979,0.05321638738029577,1
2022-06-01,1192.7593994140625,1202.587698682473,1184.9238588339676,1193.121675611818,9776989,0.00032289335377155837,0.03438389902451977,1
2022-06-02,1233.8843994140625,1237.575687367432,1192.9858825014019,1192.9858825014019,22126569,0.03447887312412079,0.027328108353191327,1
2022-06-03,1258.8853759765625,1276.0283243723425,1241.9009234208313,1242.8068535360608,23939791,0.020262008802746978,-0.02347541484655602,0
2022-06-06,1253.472900390625,1274.5109147154305,1246.3393903599856,1259.1117816339226,11093152,-0.004299418905981733,-0.037813204524538735,0
2022-06-07,1255.8282470703125,1264.1392757142605,1246.452912224144,1254.5373984290559,12358255,0.0018790567222901622,-0.05216857532919017,0
2022-06-08,1233.7711181640625,1259.564728048269,1230.260968517713,1255.8281557796806,12479250,-0.017563810144983205,-0.04689715191955557,0
2022-06-09,1267.6041259765625,1269.528957983228,1227.4076388685442,1227.4076388685442,17278305,0.027422434610761437,-0.08530593507663986,0
2022-06-10,1229.33251953125,1263.5957731905057,1223.5577842447772,1255.4432409626409,18093057,-0.03019208099833859,-0.045777092577153566,0
2022-06-13,1206.0750732421875,1210.558959942895,1184.9691305419672,1200.2325310142617,17620803,-0.018918759505305083,-0.04500733641445531,0
2022-06-14,1190.3134765625,1210.1286894158018,1183.6782159302647,1200.2551062805883,14714312,-0.013068503801605735,-0.016741995321938763,0
2022-06-15,1175.9107666015625,1194.4804162045639,1170.5210697144335,1185.5352852287417,11195535,-0.012099930181863505,-0.034934274785553665,0
2022-06-16,1159.469970703125,1204.3314838613276,1156.7524198124486,1188.0037758538701,17111475,-0.013981329506789208,-0.037128865581049775,0
2022-06-17,1173.0572509765625,1188.8414216894157,1157.7034029954712,1159.4697388409886,24457187,0.011718527100100573,-0.03472954628585645,0
2022-06-20,1151.7928466796875,1185.3314250139977,1141.8512172581657,1179.8510396489687,12066797,-0.01812733716037518,-0.019818690863545263,0
2022-06-21,1170.38525390625,1174.5973137201734,1145.112415821389,1159.4698864092793,11720049,0.01614214507422873,-0.02182597543794218,0
2022-06-22,1134.8311767578125,1158.6999555030718,1132.7477291666964,1158.6093864513275,10617206,-0.03037809732288843,0.029753337183512585,1
2022-06-23,1116.420166015625,1143.6179599230293,1107.384464334416,1139.1114302153533,19446323,-0.016223567980205966,0.05302330687358037,1
2022-06-24,1132.3175048828125,1137.2768791745684,1117.8014186070498,1123.2365200121847,14240234,0.014239566205547227,-0.03653934989912078,0
2022-06-27,1128.9658203125,1152.6534598644344,1123.9383995696694,1152.6534598644344,15474529,-0.002960021863001594,-0.03167306915465529,0
2022-06-28,1144.8404541015625,1147.6712157735933,1124.1874785863165,1124.1874785863165,13572847,0.014061217357907552,-0.037365865215807204,0
2022-06-29,1168.59619140625,1176.2279518820312,1132.7477384681235,1135.555858296585,19205146,0.020750260195277814,-0.06522885907863041,0
2022-06-30,1175.616455078125,1184.7880089664673,1162.1874370508547,1168.5282289340553,23112959,0.006007433297747555,-0.07996075031280336,0
2022-07-01,1090.943359375,1173.9631898181497,1071.150907551117,1166.2183382001654,81997149,-0.07202442202758896,-0.007182269502276406,0
2022-07-04,1093.2080078125,1106.025565464495,1071.6490989100685,1077.4691189892487,41857728,0.0020758625258028296,0.004225866389148125,1
2022-07-05,1102.0625,1116.3973279805082,1094.7478514073186,1097.42011751126,17647327,0.008099549330248479,-0.005260466880281256,0
2022-07-06,1092.3699951171875,1106.0027924376789,1081.5679595799388,1096.106567126978,23943726,-0.008794877679634827,-0.01422151498067592,0
2022-07-07,1081.61328125,1102.0624779330788,1075.6800503518655,1098.7335863010783,23301033,-0.009847134135200775,0.003789595619968722,1
2022-07-08,1083.10791015625,1095.155510044553,1079.0995110804106,1095.155510044553,19010108,0.0013818514733128229,0.0043488992225695355,1
2022-07-11,1097.8277587890625,1100.046939975301,1073.4154479368833,1076.3594210782474,13847467,0.01359038051036765,-0.0006807210394728092,0
2022-07-12,1096.26513671875,1104.983845261713,1088.8146344584836,1088.8146344584836,10778989,-0.0014233763518933795,0.006879047333564703,1
2022-07-13,1076.8348388671875,1102.402142980226,1074.7741536418605,1099.3676009909502,14224132,-0.017724086264131023,0.05276445510938088,1
2022-07-14,1085.712158203125,1102.3796184650857,1076.5632467388843,1081.5680252499114,16970315,0.008243900564432138,0.03719004640576262,1
2022-07-15,1087.8182373046875,1093.796752824721,1079.3487135847495,1093.796752824721,9603210,0.0019398134999686345,0.042176841434803825,1
2022-07-18,1097.0804443359375,1098.3258884954794,1083.5154537448523,1096.5142680086967,15160908,0.00851448037330127,-0.0007638571078711909,0
2022-07-19,1103.806396484375,1108.2902834767385,1087.1389350761635,1087.1389350761635,16439888,0.006130773894624131,-0.006401189421106124,0
2022-07-20,1133.6534423828125,1151.543703777921,1126.0670869457035,1150.4114709277653,23924246,0.027040109564050674,-0.033479672256231385,0
2022-07-21,1126.08984375,1132.2949020971544,1117.484465892399,1129.577351299841,16523230,-0.006671879032903227,-0.011744373506221373,0
2022-07-22,1133.698974609375,1139.6774905895736,1130.0303289124045,1132.29491466853,10969995,0.006757125909275352,0.002536700267527614,1
2022-07-25,1096.242431640625,1117.5522733397709,1088.361726850526,1117.5522733397709,23110452,-0.03303923158407718,0.06381184038426713,1
2022-07-26,1096.74072265625,1106.886133119494,1092.143624721455,1096.5595845623452,11303288,0.00045454454347226836,0.06737559129612114,1
2022-07-27,1095.6990966796875,1099.2317688342157,1087.908840568981,1096.0387306174957,8655086,-0.0009497467861316888,0.07736013289710186,1
2022-07-28,1112.8646240234375,1117.7787135139506,1096.5142758027298,1103.3080323769393,12496073,0.015666278630480646,0.04672165142503437,1
2022-07-29,1136.5748291015625,1140.0396942059215,1115.989778235377,1120.8359411287292,15130683,0.02130556095170255,0.009783025578517623,1
2022-08-01,1166.1956787109375,1172.038340631328,1135.7369249153332,1140.9681259695833,15700044,0.026061504135886704,-0.002990430183781312,0
2022-08-02,1170.63427734375,1181.1193216829413,1160.1718752661886,1165.1313691654111,13917913,0.0038060496311551617,-0.0008318181875059949,0
2022-08-03,1180.4625244140625,1182.11564904104,1162.8440902328596,1177.586478112168,14250977,0.008395659738080985,-0.005850978077419966,0
2022-08-04,1164.8594970703125,1185.6258045890304,1148.1468730281574,1182.1156551708407,14467127,-0.01321772357957296,0.023756909724874875,1
2022-08-05,1147.6939697265625,1167.9846710602349,1144.5009315875282,1166.7165845896059,13942438,-0.01473613546262209,0.04629049270738528,1
2022-08-08,1162.708251953125,1170.1361123075012,1146.3352600049257,1146.3352600049257,10165178,0.013082130448188733,0.03817465495197547,1
2022-08-10,1169.6605224609375,1173.0120563323646,1158.1336946618562,1167.1241099957583,10724688,0.005979376594372754,0.033875472390065386,1
2022-08-11,1173.5556640625,1182.0704726435374,1168.618812190309,1178.990645714219,8198226,0.003330147104022352,0.012071437546651742,1
2022-08-12,1192.532958984375,1196.3148161235515,1169.5248244491684,1173.1933504665235,12650587,0.016170766758673683,-0.006796543842247593,0
2022-08-16,1200.8212890625,1203.5388398516432,1189.9513255065965,1198.511418811862,6607378,0.006950189523637018,0.0015600081649846942,1
2022-08-17,1207.09423828125,1212.4160085847718,1202.746205068067,1207.0263114935751,6595965,0.0052238824177137655,-0.006298821784785469,0
2022-08-18,1209.2833251953125,1212.7820913718717,1199.6955520359063,1208.6925853891362,7410035,0.001813517822087718,-0.010990921166605716,0
2022-08-19,1187.72216796875,1209.464997552082,1183.6779742626552,1204.148579928399,9460724,-0.017829698613499145,0.0015876963808170164,1
2022-08-22,1184.4278564453125,1195.6514326976853,1175.0673642837935,1189.1536549981986,9471680,-0.0027736381556904277,-0.003433636341056312,0
2022-08-23,1202.694580078125,1205.6027266806439,1177.4982950302235,1178.7024907985585,9678484,0.01542240292087893,-0.0033438301892498856,0
2022-08-24,1199.490966796875,1213.2365143204822,1197.4917062121833,1199.6500999587201,10369622,-0.0026636964482220638,-0.030059850013687828,0
2022-08-25,1195.9921875,1210.0102083418858,1191.6981161929027,1203.671444195302,7871946,-0.0029168867408965182,-0.03858212568670105,0
2022-08-26,1189.60791015625,1204.148643044039,1184.6096383933834,1196.4238336256965,10742038,-0.00533805940412968,-0.01841098674761943,0
2022-08-29,1180.3609619140625,1206.4205794013706,1171.4547933496005,1174.6128173581192,19838975,-0.0077731058807207765,-0.00030797815444139065,0
2022-08-30,1198.6729736328125,1201.990130578996,1170.795826558723,1187.790261371782,23139054,0.015513908295522905,-0.021304382318133586,0
2022-09-01,1163.4344482421875,1183.6777688235838,1159.0267970935467,1173.5448105614641,19909939,-0.029397947701972238,0.009764286624862173,1
2022-09-02,1149.8482666015625,1170.2278880627014,1147.6671567250864,1163.4346809089884,12999345,-0.011677651165608927,0.015332992836075032,1
2022-09-05,1167.7060546875,1173.0224725362493,1150.0754462865928,1150.0754462865928,11327815,0.015530560513620673,0.010993066166219645,1
2022-09-06,1179.9974365234375,1184.1552111927028,1168.7057123414318,1169.1601553219334,10899618,0.010526092407071586,0.008818357842450109,1
2022-09-07,1173.135986328125,1179.1112920563703,1167.7968526449285,1170.0688269822717,7488501,-0.005814800933405473,0.002556415856687533,1
2022-09-08,1174.7945556640625,1180.519984126391,1168.2513462113554,1176.0896159479148,7057077,0.001413791201758885,-0.008780000908154117,0
2022-09-09,1167.4788818359375,1185.9727033347192,1165.0704903678632,1185.9727033347192,8314850,-0.006227194187148566,-0.02728370500712729,0
2022-09-12,1180.542724609375,1186.8816091364133,1168.046804859231,1168.046804859231,7435419,0.011189789362950897,-0.03679679239160849,0
2022-09-13,1190.403076171875,1194.9243089400052,1181.8832020191865,1189.607891122723,8888657,0.008352388572605562,-0.04462261359000852,0
2022-09-14,1176.135009765625,1185.9726599528265,1169.046493026583,1170.0688394223355,8678219,-0.011985911908203084,-0.030366797863350503,0
2022-09-15,1164.4798583984375,1183.041828116281,1161.776157155841,1173.7040529111878,10365600,-0.009909705323294493,-0.029890394792387198,0
2022-09-16,1135.625732421875,1160.0722649582217,1131.899684568862,1155.8690579820689,20217708,-0.02477855307540222,-0.023887552528494393,0
2022-09-19,1137.1025390625,1146.3040180403946,1127.5147655140897,1135.6257495827476,7580254,0.0013004342878666364,-0.0499910683076934,0
2022-09-20,1137.2841796875,1153.119972213298,1133.5808482063046,1146.1903481529216,8411448,0.00015973988163797692,-0.04259146438326644,0
2022-09-21,1140.4195556640625,1150.9842421176709,1133.7172134827065,1134.512398474311,9207309,0.0027568975569711718,-0.07064446646372624,0
2022-09-22,1129.673095703125,1137.3523524884633,1123.3116153435435,1129.6276634257686,10308170,-0.009423251212734463,-0.06467957211591346,0
2022-09-23,1108.4984130859375,1134.149023023791,1106.9534751005983,1129.1734669494883,9528051,-0.018744079767614608,-0.025312694813100056,0
2022-09-26,1080.257568359375,1098.6379294477279,1079.257938059937,1087.845960638479,12479523,-0.02547666680725602,-0.0033020056568359157,0
2022-09-27,1088.8455810546875,1102.3638454814661,1072.4191704410875,1087.8231145473603,16154822,0.007949967625179744,0.0070735708544888976,1
2022-09-28,1059.855224609375,1080.5529923156532,1057.4242371952328,1072.5328732525227,16997059,-0.026624855672584546,0.03843586298338675,1
2022-09-29,1056.6063232421875,1075.7817488504493,1051.0171916607421,1072.3738473223364,14671827,-0.003065419966566618,0.046037076758152606,1
2022-09-30,1080.4393310546875,1091.458340177691,1050.108360317172,1050.108360317172,18613024,0.02255618510721069,0.011796913758158833,1
2022-10-03,1076.6905517578125,1098.251530811662,1073.7369732258553,1086.687214378407,11852723,-0.0034696805171055,-0.004895553402177177,0
2022-10-04,1096.547607421875,1098.7287171700252,1086.0737854797874,1089.5499554327275,8948850,0.018442676618313225,-0.015725958981257504,0
2022-10-06,1100.5916748046875,1113.269322563035,1098.7968595905177,1103.7271026820092,13352162,0.003687999823665411,-0.016225514352354198,0
2022-10-07,1105.2493896484375,1110.4976589700225,1097.2065545320427,1097.2065545320427,7714340,0.004232009881936172,-0.025346018859970343,0
2022-10-10,1093.1851806640625,1098.547030597458,1085.0969133921378,1092.8216022630288,6329527,-0.010915372672779755,0.0012260795837315541,1
2022-10-11,1071.4195556640625,1096.911150105876,1068.329679997323,1096.911150105876,9215177,-0.019910281793957707,0.039590323375605196,1
2022-10-12,1079.3033447265625,1082.2342073300697,1064.6944639855953,1068.7386577474495,7417103,0.007358265042692436,0.04995265025668849,1
2022-10-13,1082.7340087890625,1087.8231445652352,1072.419200033899,1077.5538882747444,7328492,0.0031785911525819,0.04943765652204446,1
2022-10-14,1077.2357177734375,1097.9789154976827,1076.508681223135,1097.3654596284905,9106089,-0.0050781549032290485,0.04256126118520531,1
2022-10-17,1094.5255126953125,1096.911067683068,1064.9216983657,1070.1018190034106,16729355,0.016050150061503343,0.029517352261281715,1
2022-10-18,1113.83740234375,1119.1765361724479,1099.7056807153497,1100.5462980220425,12415820,0.017644074463720072,-0.0039571240507483285,0
2022-10-19,1133.2174072265625,1148.6441893082867,1109.497912475689,1115.3142054707246,19247142,0.017399312361061625,-0.01714182549190124,0
2022-10-20,1136.2618408203125,1144.6227018334394,1129.173323936751,1129.173323936751,8717053,0.0026865397357431764,0.010217487548957793,1
2022-10-21,1123.084228515625,1143.6229813098248,1120.994103570685,1139.4879233106462,8243452,-0.011597337718543876,0.031558732937795764,1
2022-10-24,1126.8330078125,1137.1251004905544,1115.6777019334577,1117.81325918146,3370033,0.003337932455724779,0.02016267765108415,1
2022-10-25,1109.4298095703125,1135.5348605120162,1107.8167232856267,1135.5348605120162,12233241,-0.015444345454498132,0.04263675793306421,1
2022-10-27,1113.7919921875,1121.6530982836084,1105.453847178534,1116.904583955269,12513059,0.003931914015251614,0.042428999678217894,1
2022-10-28,1147.87158203125,1151.8929390234955,1117.5633290375395,1120.085180684718,17609592,0.030597804691356423,0.02636439469959906,1
2022-10-31,1158.52734375,1163.684748855419,1150.620804946696,1154.6195667238408,12419943,0.009283060828018552,0.022356410347187827,1
2022-11-01,1149.552978515625,1181.428769564145,1139.6244632866772,1181.428769564145,13963166,-0.007746355994780574,0.029310072763083728,1
2022-11-02,1156.7322998046875,1158.7998289194838,1142.8051438822936,1150.666129478395,8981896,0.00624531572118836,0.010547542932630272,1
2022-11-03,1161.049072265625,1163.048452941367,1147.3717940343818,1149.5529038103175,6693449,0.0037318681787188446,0.02999827363495733,1
2022-11-04,1178.134521484375,1181.4288426079638,1159.2089717466056,1160.4811958004998,12575815,0.014715527213169599,0.010143527105943795,1
2022-11-07,1184.4278564453125,1186.1092114125374,1169.614649236392,1177.3393389028124,11789748,0.0053417796068044865,0.000268581351446473,1
2022-11-09,1183.2464599609375,1191.4028762322173,1176.9075752515669,1186.109174333478,11254205,-0.0009974406443973294,-0.004473878731950487,0
2022-11-10,1168.9329833984375,1179.8611290593667,1164.616195791804,1176.8848340514855,5966242,-0.012096783761324392,0.010320702004062543,1
2022-11-11,1195.8785400390625,1197.7869359415272,1175.9759587388326,1181.4286729917058,12310132,0.023051412718534392,-0.012975881417265911,0
2022-11-14,1190.0849609375,1200.5133505404451,1183.7687931045677,1195.4013783558953,9043112,-0.004844621679868322,-0.02602086576342455,0
2022-11-15,1184.7459716796875,1193.4248592098502,1176.8848651845096,1191.561895358841,7086433,-0.004486225297399504,-0.016204625056115418,0
2022-11-16,1177.9527587890625,1188.6764594316192,1172.954366703904,1185.9727580356148,9716161,-0.005733898281159666,-0.013616981677008644,0
2022-11-17,1180.9971923828125,1187.3359568517499,1172.3409009131724,1174.5901593039591,6661451,0.002584512469650857,-0.007675977280603985,0
2022-11-18,1180.3609619140625,1185.518366679259,1168.2967693410817,1184.495900066872,5303197,-0.0005387231001509063,0.007680011318041968,1
2022-11-21,1159.117919921875,1175.9759375856167,1155.5736016352212,1175.9759375856167,6390268,-0.017997072656266044,0.06140965388425279,1
2022-11-22,1165.547607421875,1167.1152613187112,1152.5746494360667,1156.4369938334312,6611488,0.005547052107030881,0.05736735201294163,1
2022-11-23,1161.91259765625,1171.3867910548404,1159.731487519947,1170.0690144783027,6413408,-0.0031187141069813906,0.06816437825396493,1
2022-11-24,1171.931884765625,1178.702375351731,1157.8910283853108,1165.9792953074673,9389439,0.0086230987852145,0.055910827661907136,1
2022-11-25,1189.4261474609375,1192.7431844497548,1173.295044904841,1176.430472976704,7349922,0.014927712883937128,0.03994107419718773,1
2022-11-28,1230.2989501953125,1236.4332684225644,1136.8978915395971,1185.472802558626,31527484,0.034363464113872144,-0.009270426107412244,0
2022-11-29,1232.4119873046875,1241.2500078770877,1224.1419904117938,1228.6632233258865,11058913,0.001717498912796378,-0.008111495347773667,0
2022-11-30,1241.1136474609375,1247.5206802015884,1226.0504438987869,1232.54834119291,26164986,0.007060674714208792,-0.029600766307115167,0
2022-12-01,1237.45556640625,1251.8598796480708,1234.1385299270664,1245.8618584705512,9485801,-0.00294741828209788,-0.027191139675548648,0
2022-12-02,1236.93310546875,1248.6792715763747,1227.1408877532265,1240.5001400003844,11589592,-0.00042220581625995734,-0.04152963853785607,0
2022-12-05,1218.8935546875,1234.4793482971581,1216.8715781623773,1232.3209547622266,14828536,-0.014584095697247723,-0.02585312467201384,0
2022-12-06,1222.415283203125,1225.5051588426245,1209.146894711336,1211.0099786652759,8594245,0.0028892830732276664,-0.02423610643711127,0
2022-12-07,1204.375732421875,1224.5963402295367,1200.5815364526634,1220.0523915216042,8462111,-0.014757301409043633,-0.013204921101703682,0
2022-12-08,1203.8077392578125,1210.9645247591304,1199.6500849785011,1208.6925503476532,7757008,-0.00047160794490630487,-0.02676230909144195,0
2022-12-09,1185.563720703125,1208.6924740397408,1182.2692798901842,1202.330873974504,12655763,-0.01515525939876039,-0.016672436079470887,0
2022-12-12,1187.38134765625,1191.8798642806923,1174.6128344148897,1174.8401159938364,9479842,0.001533133075333204,-0.005281160905468707,0
2022-12-13,1192.7886962890625,1196.4237590933476,1184.473147579326,1187.381293975718,8333348,0.004554011770090405,-0.0012190772489912849,0
2022-12-14,1188.4720458984375,1199.1275984061572,1186.4272326920325,1198.5368585654778,7268947,-0.0036189564874773428,-0.01185244849430922,0
2022-12-15,1171.591064453125,1188.244637773301,1168.2513114103942,1182.564761948623,8688551,-0.014203936477572898,-0.0002131766509260169,0
2022-12-16,1165.7974853515625,1189.9714223850988,1162.412300039899,1168.2513090093973,15837349,-0.0049450523116330025,-0.024711490728007823,0
2022-12-19,1181.110595703125,1183.246273075343,1166.2972711057284,1172.7951677670053,7729933,0.013135309128707418,-0.02895007243951786,0
2022-12-20,1191.3345947265625,1193.242990634255,1165.9792991040035,1174.1129983269077,7467588,0.008656258830148866,-0.02940719897805333,0
2022-12-21,1174.3857421875,1196.423883640869,1170.5688296926967,1190.9711686756098,8527550,-0.014226777778540534,-0.015496278390215612,0
2022-12-22,1171.34130859375,1183.5417989966502,1166.3202002479723,1180.5200715713056,7451122,-0.0025923625299462127,-0.01338359511227405,0
2022-12-23,1136.9888916015625,1177.112082738486,1132.4676588679463,1164.7524600759673,10257115,-0.029327418695264118,0.017984128127626064,1
2022-12-26,1146.9173583984375,1155.0737739248264,1132.5357596211306,1142.6915558359974,5990242,0.008732246084559137,0.020542497419256067,1
2022-12-27,1156.30078125,1158.1637450751377,1142.9188116159999,1149.6211545027727,5763271,0.00818142892585172,0.004853249688358208,1
2022-12-28,1156.1871337890625,1158.6181211536698,1145.7587436629801,1153.2562711921107,7459393,-9.828537935829829e-05,-0.01017897404683632,0
2022-12-29,1155.66455078125,1158.209118855438,1147.5762834083114,1148.2578877514563,6930648,-0.0004519882573852385,-0.011500861289140962,0
2022-12-30,1157.4366455078125,1170.97762738263,1154.6649160603042,1156.4824475075623,7289476,0.0015333988789087982,-0.0040435697274787685,0
2023-01-02,1170.4779052734375,1171.8865462707408,1157.8911210447166,1158.7090222381169,5316175,0.011267363804524422,0.008113631303152458,1
2023-01-03,1161.91259765625,1169.1602486359825,1157.7095105638098,1165.547781216755,7658932,-0.00731778667380012,0.0005278204670791098,1
2023-01-04,1144.4183349609375,1163.7301788455284,1142.350805656606,1161.8898109401732,9264891,-0.015056436026772646,0.0030174691935798137,1
2023-01-05,1142.3734130859375,1152.5292093307505,1137.8067482537933,1146.6674842652508,13637099,-0.0017868657050743586,-0.016885183381680657,0
2023-01-06,1152.7564697265625,1157.777577935928,1144.3047436595773,1148.0989399434065,6349597,0.00908902161209868,-0.02731680528403968,0
2023-01-09,1179.9747314453125,1182.3376907366148,1155.6873320113693,1156.57338165,10722753,0.023611458650244055,-0.05880314944012499,0
2023-01-10,1162.52587890625,1184.155127696438,1156.891435377878,1184.155127696438,8047142,-0.014787479828224814,-0.031113113661364267,0
2023-01-11,1147.87158203125,1162.344044167369,1145.5767715508584,1159.8449086559888,11509553,-0.01260556615633135,-0.02036696654516401,0
2023-01-12,1123.084228515625,1150.7569299071174,1120.0852177263125,1147.280880250268,17688773,-0.02159418693140025,0.00018227654601932208,1
2023-01-13,1121.266845703125,1123.675117069892,1106.2717897707075,1117.0863548772086,20618583,-0.0016182070465916576,-0.010111134844380532,0
2023-01-16,1110.5885009765625,1126.7421991055548,1102.8182596793808,1123.584175159578,13623855,-0.009523464256063208,-0.005646332505343743,0
2023-01-17,1126.3560791015625,1128.2644751675343,1113.5421334042796,1116.9046027544262,10751000,0.014197498093249994,-0.025355070586030815,0
2023-01-18,1124.492919921875,1131.9450149571076,1117.9724269094495,1123.947732620178,13448286,-0.0016541475775349035,-0.03723683613469009,0
2023-01-19,1123.2889404296875,1127.4238787769261,1116.2911675478767,1123.6751148013898,11940054,-0.0010706865920251385,-0.05448934213418999,0
2023-01-20,1109.9295654296875,1124.6291897175156,1107.4758620574123,1124.6291897175156,14930286,-0.011893088696208198,-0.03393847023874397,0
2023-01-23,1104.3177490234375,1120.6305800710875,1101.9094778576764,1112.8150268033937,10954118,-0.005056011283092077,-0.031456891235364215,0
2023-01-24,1097.7972412109375,1110.3839043654414,1084.8014472016187,1108.7253859560433,16488755,-0.00590455764952269,-0.03147816311405727,0
2023-01-25,1082.620361328125,1097.2292417944516,1081.4617181061994,1096.2068953996695,12385018,-0.013824847898207038,-0.023336234130650446,0
2023-01-27,1062.0816650390625,1084.8014072954272,1050.403647808396,1083.4610350495245,25830975,-0.018971282106560627,-0.003572293456994169,0
2023-01-30,1072.26025390625,1077.781116815708,1045.564464693845,1059.5144571522903,21772103,0.009583621676411358,-0.0204683402330339,0
2023-01-31,1069.579345703125,1084.9379802131518,1063.7403362487162,1082.3705756526113,22691594,-0.0025002402106749644,-0.02037093383081523,0
2023-02-01,1063.2406005859375,1081.4391134749721,1047.382090519888,1081.4391134749721,19347800,-0.005926390727955311,0.005149673360721474,1
2023-02-02,1057.3560791015625,1066.9210156997124,1050.1084290116537,1053.2891691648742,13662663,-0.005534515406138696,0.012505626677685067,1
2023-02-03,1058.28759765625,1067.3754956611733,1041.9293331709027,1067.3754956611733,24699575,0.0008809885081277891,0.0032846215210764473,1
2023-02-06,1050.3128662109375,1054.6523697762398,1047.7455820077842,1051.9259524136774,14837879,-0.007535504963843365,0.0051483218065486724,1
2023-02-07,1047.791015625,1057.560517598404,1041.9292904027159,1050.5628652677376,15135435,-0.002401047028049108,0.03131110558112393,1
2023-02-08,1068.7159423828125,1072.3284093286718,1048.290888887822,1051.017186057536,21160332,0.019970515537710565,0.03401424181897239,1
2023-02-09,1070.5789794921875,1077.3040386110727,1060.559599329042,1069.3976200283605,13172763,0.0017432481686585621,0.03140835259651942,1
2023-02-10,1061.763671875,1070.0563840638993,1054.7886158361225,1070.0563840638993,10790445,-0.008234149732109342,0.04431552288994389,1
2023-02-13,1055.72021484375,1067.8298390073717,1051.267130813873,1063.3767549774948,10352493,-0.00569190413209153,0.03918917356384832,1
2023-02-14,1080.5985107421875,1082.3251778031881,1055.8566674193971,1058.7193818882063,14321920,0.02356523589170778,0.023548102897530176,1
2023-02-15,1105.0675048828125,1107.4531801088635,1078.2809718116707,1079.6440602664363,33503591,0.022643927321183366,-0.02181379217478785,0
2023-02-16,1104.2041015625,1119.5400175721072,1101.9321273600988,1113.0194047366483,17264487,-0.0007813127401696818,-0.02574024612962711,0
2023-02-17,1108.8162841796875,1112.1334412904273,1095.3661670147737,1099.6375221146495,11809520,0.004176929437828658,-0.02315371639083641,0
2023-02-20,1097.093017578125,1113.1558521216361,1095.1390690194628,1110.9974583087273,8836937,-0.010572776364152547,-0.019280355823150352,0
2023-02-21,1106.0445556640625,1111.8152960708703,1096.161352929149,1101.4551746278107,13311592,0.008159324635661491,-0.04582816128127609,0
2023-02-22,1080.9617919921875,1104.181409716533,1079.2124090771258,1102.34116225432,11024335,-0.022677896241544704,-0.01471264637803682,0
2023-02-23,1075.7816162109375,1088.1639533747034,1072.987170955967,1080.5528460297141,9851910,-0.0047921913795889726,-0.017507823560789948,0
2023-02-24,1083.14306640625,1088.8003468562933,1076.009116649248,1077.8266482510571,9434053,0.006842885288596667,0.0007129407193060544,1
2023-02-27,1075.940673828125,1085.846592046861,1068.6022799971277,1082.370422196558,11199715,-0.006649530243517776,0.017252004911218366,1
2023-02-28,1055.3565673828125,1075.5544571553608,1051.3124942776465,1070.601498241021,21994038,-0.019131265269557662,0.040817509170397726,1
2023-03-01,1065.0579833984375,1065.7850199744744,1055.6746563210354,1065.1034156724897,11551145,0.00919254810692438,0.0065489162981355875,1
2023-03-02,1056.947021484375,1068.5796069332716,1054.9249246750653,1061.9226969308686,9333535,-0.007615512057082219,-0.0014402016051260347,0
2023-03-03,1083.915283203125,1087.5731818872284,1063.99010787448,1067.443441152776,14643807,0.025515244539764836,-0.04229875462782873,0
2023-03-06,1094.5028076171875,1101.7277412564927,1090.5495987349282,1090.5495987349282,10171916,0.00976785232031685,-0.055112736579633226,0
2023-03-08,1098.43359375,1099.1833465971572,1083.733846641011,1094.5029801942796,15782657,0.003591389720936533,-0.07458608049815252,0
2023-03-09,1072.032958984375,1098.2288726400263,1070.147279158801,1097.8199821583767,16235128,-0.024034802755344087,-0.05652216885858885,0
2023-03-10,1055.4248046875,1065.1034417835135,1051.9486346812796,1063.967514713159,13334091,-0.015492204934267395,-0.042881018362163514,0
2023-03-13,1038.0670166015625,1065.1035499544928,1033.7502288751577,1058.2876262665352,12771592,-0.016446257477411574,-0.03644133918245218,0
2023-03-14,1034.1817626953125,1047.359164622662,1031.0464552108242,1036.0220100653578,16027522,-0.003742777531810626,-0.0027460993055136163,0
2023-03-15,1016.5057373046875,1044.3374508988734,1012.1208019221261,1037.8851067638673,21728555,-0.01709179762033053,0.017679740465449623,1
2023-03-16,1011.4393310546875,1024.207844384365,1000.6701985245505,1019.2095726723305,18363159,-0.004984139355114547,0.009838805625733249,1
2023-03-17,1010.1671142578125,1023.2763697645565,1005.4413760837782,1020.0047649704466,34014213,-0.001257828085000745,-0.008906577160024298,0
2023-03-20,1000.2384643554688,1008.7583980790381,990.5825434751304,1006.4864237654998,19524589,-0.009828720181252915,0.016490574421736737,1
2023-03-21,1031.341796875,1033.2957451749278,1007.3951430408976,1008.2811925498517,21400360,0.03109591725166605,-0.009560701982967434,0
2023-03-22,1034.477294921875,1041.2250703817986,1031.4782836063534,1038.2942074878824,10920094,0.003040212329584291,-0.018404701291106274,0
2023-03-23,1021.3906860351562,1031.4327819622354,1019.2322922558061,1030.5694484887376,16249370,-0.01265045540483034,0.03703620044022915,1
2023-03-24,1001.1699829101562,1022.3902814688943,998.7617116838695,1020.231887763167,12375945,-0.019797226860852724,0.05816272453207061,1
2023-03-27,1016.7329711914062,1024.207782359069,999.7613722312702,1007.6224178329715,14054323,0.015544801129586672,0.03946289843778006,1
2023-03-28,1021.4814453125,1025.3437895017669,1016.4830539075199,1020.1182367301237,12576424,0.00467032569577186,0.04157026740994474,1
2023-03-29,1015.4380493164062,1020.0274303318191,1004.7142894261991,1017.3918775634875,18804065,-0.0059163052092883195,0.040340899289334375,1
2023-03-31,1059.2191162109375,1064.8536804760474,1024.5260415402947,1024.6623383806666,28171201,0.043115448474680074,0.0022735646365736883,1
2023-04-03,1059.4007568359375,1067.3754434349298,1051.9259454677697,1065.5579119993613,10293043,0.00017148541054456956,0.0065197068977973505,1
2023-04-05,1056.856201171875,1066.9210129823457,1048.995215362799,1066.9210129823457,16262928,-0.0024018820523238338,0.012747976787545356,1
2023-04-06,1063.9447021484375,1069.6474143387793,1053.3572991214214,1053.3572991214214,18435046,0.006707157481502746,0.01110415697405931,1
2023-04-10,1056.4017333984375,1068.0116029231133,1054.9022279148219,1067.829873819937,12961408,-0.007089624803590211,0.0066671727884874965,1
2023-04-11,1061.6273193359375,1063.7402807994256,1056.0383079017138,1060.559540630498,10542367,0.0049465897037950235,0.006698516509021424,1
2023-04-12,1066.3077392578125,1075.9181086673711,1058.7647789480902,1061.6273731304518,18179087,0.004408722191515002,-0.00025586154764978275,0
2023-04-13,1070.3289794921875,1075.0092249147228,1064.1946609026813,1069.1929322468407,12378208,0.0037711817014232096,-0.002759423754310375,0
2023-04-17,1075.7589111328125,1101.8866740573628,1067.3980510351955,1101.8866740573628,17929479,0.005073142692260113,-0.003991436369015,0
2023-04-18,1063.4449462890625,1080.0985197030036,1056.9243329412964,1080.0985197030036,10405576,-0.011446770011677598,0.01525401179856023,1
2023-04-19,1068.7386474609375,1071.4195123263064,1059.741614492453,1062.8542061722762,12273475,0.004977879852029687,0.004294293604863997,1
2023-04-20,1066.034912109375,1071.9193532094926,1059.6961482625013,1069.692811176778,7007330,-0.0025298377278542006,0.013213850335705324,1
2023-04-21,1067.37548828125,1072.8282030082607,1061.6500596936005,1068.1252410633845,7647317,0.0012575349612353737,0.030438337865996257,1
2023-04-24,1071.465087890625,1081.8706418346944,1066.9210188410907,1079.1897769115358,12936186,0.0038314535552623763,0.035220397924588864,1
2023-04-25,1079.666748046875,1081.7342770992536,1068.0569991057368,1075.1000833366595,9236126,0.007654621927436267,0.018539271851959915,1
2023-04-26,1073.328125,1084.2336751201349,1069.6702254865136,1081.0073822687018,8617834,-0.0058709069797153735,0.03636571866856886,1
2023-04-27,1080.121337890625,1083.2793621459462,1074.1914637637067,1079.1898559504257,9167125,0.006329111044793612,0.027218508662741225,1
2023-04-28,1099.8646240234375,1101.409681900637,1082.2568535921685,1082.3704342762564,15565210,0.018278766875737595,0.021235412605710602,1
2023-05-02,1109.2025146484375,1111.3609082117491,1103.3180737047812,1106.9986888116582,12981805,0.008490036338145712,0.015771928447942063,1
2023-05-03,1099.6829833984375,1110.9974233118683,1096.4795270846325,1110.9974233118683,7061872,-0.008582320292536694,0.03161022857817142,1
2023-05-04,1112.3604736328125,1114.564299341236,1097.1836913545592,1100.159985858142,8635233,0.011528313546506519,0.013194575294017907,1
2023-05-05,1109.5206298828125,1118.4267984938415,1106.9079133744922,1109.1798878043744,8746585,-0.0025529887274090557,0.017446433363226044,1
2023-05-08,1123.220703125,1128.5598368262858,1110.6112034431017,1113.269352129285,9153782,0.012347740883046576,0.007018804915413179,1
2023-05-09,1126.69677734375,1129.9912183396398,1119.290114376559,1124.6292481933926,6464721,0.0030947383796247063,-0.010384836238745865,0
2023-05-10,1134.4442138671875,1135.9210031175069,1127.4464419348942,1131.4452030936898,10872255,0.006876239179189447,-0.022951208103586085,0
2023-05-11,1127.03759765625,1140.3058651251242,1125.3335267806174,1135.51203899488,10557860,-0.006528850092759719,-0.01864678254186325,0
2023-05-12,1128.8778076171875,1130.2637323324755,1116.2228762779578,1122.2663301444138,6955341,0.0016327848909072351,-0.017066822725961828,0
2023-05-15,1131.1043701171875,1138.056589765274,1123.7885720856236,1131.3998000896127,6833343,0.001972368032196359,-0.013759108966785782,0
2023-05-16,1114.9962158203125,1135.8074445597895,1113.3375770795326,1133.2628763872494,8717229,-0.014241085723332603,0.00030555999863812744,1
2023-05-17,1108.4073486328125,1120.0852459817609,1103.7271032383842,1119.1764803056624,8798967,-0.005909317981543594,0.0003894241819422106,1
2023-05-18,1106.02197265625,1116.4503639599598,1102.8865442699205,1113.0650580248443,10525531,-0.002152075209087001,0.002423809109663777,1
2023-05-19,1109.6114501953125,1111.4291017814717,1099.1149119209986,1106.0218196807168,8050447,0.0032453944205483864,0.026433956582977425,1
2023-05-22,1115.5413818359375,1120.5397737195674,1105.2494084549478,1106.4534840047638,7434906,0.005344151450114465,0.026720971623945378,1
2023-05-23,1115.3369140625,1121.4485168171577,1113.9282731003457,1118.1087637100431,6092034,-0.00018329017351292887,0.026644332176113394,1
2023-05-24,1108.8389892578125,1119.630957590089,1105.749113749558,1111.4063935962217,8112254,-0.005825974844694715,0.01215045693842609,1
2023-05-25,1108.7027587890625,1112.8151011277312,1097.8427615845399,1105.9537453747698,11487863,-0.00012285865672989615,0.009549250409551568,1
2023-05-26,1138.94287109375,1140.0787982471202,1113.6102893364032,1116.904610291511,12626260,0.027275220580957216,-0.020466934327379227,0
2023-05-29,1145.3497314453125,1149.6210865747194,1139.2608448772517,1145.5314605509366,10010304,0.0056252692862548415,-0.01719823867424164,0
2023-05-30,1145.0543212890625,1153.1198717474913,1142.50963326853,1145.3496310598186,11342504,-0.00025792135636792946,-0.016111450771485125,0
2023-05-31,1122.3118896484375,1140.4650896335454,1118.2678159183406,1135.9892890678166,27107927,-0.019861443442283466,0.011437811637377004,1
2023-06-01,1119.2900390625,1129.1278089205925,1116.9044841377781,1126.9694153626442,14592692,-0.0026925230088082897,0.014777259231533613,1
2023-06-02,1115.6322021484375,1128.1962696801756,1113.7238061790024,1122.8117036497752,15800644,-0.0032679973790584738,0.010895412855681297,1
2023-06-05,1125.6517333984375,1128.6053121788445,1117.1090229973545,1121.085068396339,10908682,0.008981034458045212,0.0027853872414840275,1
2023-06-06,1126.6058349609375,1130.4000307352399,1118.7221336360576,1128.4689187387335,7493309,0.0008475992477881,0.016738260436627295,1
2023-06-07,1135.148681640625,1135.9892989888378,1123.5388113588674,1130.0821412207565,10312545,0.007582817711913936,0.02149575584317609,1
2023-06-08,1135.830078125,1143.6457515710592,1131.899585359948,1138.7155083681228,12071109,0.0006002706917564993,0.021163022637973095,1
2023-06-09,1127.7874755859375,1139.8743850627466,1125.9925399615922,1139.170064535181,5877018,-0.007080814898245191,0.038457662681496085,1
2023-06-12,1128.787109375,1131.0818000837537,1120.085385478967,1124.8566162073034,6391969,0.0008863671664229855,0.027232545303224054,1
2023-06-13,1145.4632568359375,1146.6447363478687,1129.7411659431393,1133.7172110839526,11248016,0.014773509834082876,0.014380141597579277,1
2023-06-14,1159.549560546875,1160.9809175855808,1143.7138887627082,1145.5314201372407,13277380,0.012297473207344423,0.004878919215961952,1
2023-06-15,1159.86767578125,1164.4116242878063,1152.1201510303479,1159.5268135380984,11813494,0.0002743438014196631,-0.0066795865469904125,0
2023-06-16,1171.1595458984375,1173.431520437393,1163.3438717544047,1163.3438717544047,24171579,0.0097354813423709,-0.024307444367858366,0
2023-06-19,1159.52685546875,1174.1584519189826,1155.3692013285906,1174.1584519189826,6798554,-0.009932626575454018,-0.02204320862622866,0
2023-06-20,1161.9351806640625,1165.070488566,1151.893084884151,1157.5957972211602,6921096,0.002076989578942534,-0.023718261130108442,0
2023-06-21,1165.2069091796875,1167.728761153971,1157.800246036839,1161.889751966922,6961603,0.0028157582024113115,-0.013570970234275781,0
2023-06-22,1152.1202392578125,1169.296404389101,1150.52986917785,1161.4354185434336,7619166,-0.011231198355224348,0.005817335968449022,1
2023-06-23,1142.691650390625,1151.1660925456156,1141.4420223330224,1149.1212794125972,6628570,-0.008183684780384892,0.04014312680470855,1
2023-06-26,1133.9671630859375,1142.9869124040958,1130.8545713330911,1139.1700001634836,12641159,-0.0076350319893429,0.037346415975354486,1
2023-06-27,1134.3760986328125,1140.3058517527372,1129.9230146151945,1134.4215309070003,9689466,0.0003606237995130712,0.03527017503534191,1
2023-06-28,1149.3939208984375,1153.1881169201986,1135.0122016455275,1141.896393407388,11354006,0.01323883876231613,0.04319043398700173,1
2023-06-30,1158.822509765625,1161.7306560822208,1151.1886857801614,1157.0731268247234,11151555,0.008203096167254342,0.03268319619124438,1
2023-07-03,1188.5628662109375,1191.425580555085,1161.1400387375704,1162.3669506539804,12154387,0.025664289565213494,0.04562826014996646,1
2023-07-04,1176.3167724609375,1192.788615416969,1169.2735683249591,1192.788615416969,8061643,-0.01030327810008047,0.06796717483430248,1
2023-07-05,1174.3857421875,1185.5184537103503,1170.4325328520283,1185.5184537103503,10248062,-0.001641590359540368,0.07090340196129796,1
2023-07-06,1199.0367431640625,1201.626743759331,1170.5461356600117,1170.5461356600117,19117987,0.020990548582994206,0.03950711574812504,1
2023-07-07,1196.696533203125,1210.9418359205672,1194.1518448825288,1197.332705283274,13375267,-0.001951741657859496,0.040666862654332725,1
2023-07-10,1242.794921875,1252.3145466417043,1215.5085119378625,1221.8245601360636,33240016,0.03852136894596514,0.0225407662290924,1
2023-07-11,1256.2677001953125,1258.6759714064597,1243.9536302912918,1250.9058502676546,20069348,0.010840709181516583,0.02016490555899164,1
2023-07-12,1257.6536865234375,1273.2167658916628,1254.8818367760516,1256.9947982953927,18733835,0.0011032571544340453,0.026772693252515634,1
2023-07-13,1246.4072265625,1271.8533855353082,1243.7945103332902,1264.9920307015198,14682934,-0.008942414021801515,0.03478249202199124,1
2023-07-14,1245.3624267578125,1254.5411899868595,1238.273788876465,1249.588229926287,15124144,-0.0008382491551890414,0.0035911554283083458,1
2023-07-17,1270.8084716796875,1279.1466167196916,1239.5914489485467,1248.225023984058,22220040,0.020432642237425913,-0.03639703632777913,0
2023-07-18,1281.6002197265625,1289.3249082218795,1269.1270172578058,1280.0325658904894,25867313,0.008492033447503822,-0.04512552733061059,0
2023-07-19,1291.324462890625,1297.7542122517561,1270.9448400838094,1285.9398963552078,39122156,0.007587579195435179,-0.0369142026349597,0
2023-07-20,1289.7603759765625,1295.2248684894755,1270.142048583782,1270.142048583782,38717624,-0.0012112268906927515,-0.044716227019898414,0
2023-07-21,1249.834716796875,1287.3235564344566,1242.3763715855305,1284.4190157057792,30249238,-0.03095587360517038,-0.004293438800403893,0
2023-07-24,1224.5548095703125,1238.117785416934,1215.6441946530279,1221.4041174807796,23727866,-0.02022660027507539,0.024865442070634458,1
2023-07-25,1223.767333984375,1233.3179681079685,1220.9119513502328,1227.8041962368873,12026020,-0.0006430709183313787,0.011022531242076195,1
2023-07-26,1243.65625,1253.8961800235134,1223.3733833366434,1223.3733833366434,12911012,0.016252203718226443,-0.015774587280448227,0
2023-07-27,1232.087158203125,1249.2931304965796,1226.0072859774648,1247.5209111436616,17226898,-0.009302483541473006,-0.010708534350355459,0
2023-07-28,1244.4686279296875,1251.853175548335,1231.0287272255082,1236.6902137331379,20827852,0.010049183326137134,-0.0072393590896905335,0
2023-07-31,1255.00390625,1257.2930680054526,1239.594792375287,1244.4686660676819,8551174,0.008465684135275486,-0.009963629968781196,0
2023-08-01,1237.25634765625,1259.803857697837,1233.3672005487501,1257.8346449464532,9536632,-0.014141436935268481,-0.001810548241624299,0
2023-08-02,1224.0380859375,1236.665614699006,1212.8381883521488,1235.2871417271826,12748214,-0.010683527099125012,0.015625311648576057,1
2023-08-03,1218.893310546875,1231.2008891912403,1210.105771509517,1218.5980007741289,10168350,-0.004203117084126129,0.024455858255449492,1
2023-08-04,1235.45947265625,1238.6348041373592,1216.776590964359,1230.1672134573323,22885610,0.013591150239344874,0.014982683330823754,1
2023-08-07,1242.49951171875,1244.7393951840495,1233.2195480808575,1241.0963994857652,5982870,0.0056983164711699175,0.02115791277269574,1
2023-08-08,1235.0162353515625,1247.7176805176769,1230.5363488514104,1244.5423492739476,9844072,-0.006022760006429206,0.026508381277012605,1
2023-08-09,1243.1640625,1245.034838767312,1221.453562693164,1233.145764124846,11486586,0.006597344160514718,0.005068833464257683,1
2023-08-10,1248.702392578125,1255.3731247892663,1234.9179033647526,1243.0409059369185,15470598,0.004455027494108421,0.008023074734807789,1
2023-08-11,1253.969970703125,1259.7300139419374,1236.837916549459,1246.733138146324,22179330,0.004218441604908252,-0.007164160855532842,0
2023-08-14,1268.7882080078125,1271.2743627863513,1243.065370150248,1249.9576137867246,9575812,0.011817059140880826,-0.018993135693939345,0
2023-08-16,1267.7545166015625,1271.5207081344915,1255.8654425931288,1255.8654425931288,10203112,-0.0008147076081933546,-0.017102107805683775,0
2023-08-17,1249.4654541015625,1269.2068594315797,1246.930140835009,1263.791524524126,13673744,-0.014426343791720031,-0.019480010055081154,0
2023-08-18,1258.7208251953125,1268.960755625946,1234.9671961841154,1246.142454602955,18639978,0.0074074645788466675,-0.031183808354234843,0
2023-08-21,1244.986328125,1262.5000997685252,1242.8371963360953,1254.8424457661688,9221746,-0.010911472024133229,-0.03025788592683465,0
2023-08-22,1244.68994140625,1253.8544488619668,1234.6115281978846,1243.4548358358238,7713044,-0.00023806423577066305,-0.03931486294316677,0
2023-08-23,1246.0732421875,1256.2752862282496,1243.4795205761563,1247.061326610869,9517952,0.001111361741774175,-0.04129339119217479,0
2023-08-24,1225.1258544921875,1254.8177179260883,1220.7782590700385,1254.8177179260883,14140020,-0.016810719455414236,-0.029357235798976755,0
2023-08-25,1219.4691162109375,1237.5757146480018,1206.747529523438,1213.3676467766436,22222400,-0.004617271164842673,-0.022565711677935196,0
2023-08-28,1207.315673828125,1227.2008731617648,1201.0660879981488,1221.272366528133,12580826,-0.009966174806111505,-0.013524422339800557,0
2023-08-29,1195.755126953125,1212.107851949824,1189.7277154191993,1211.4162410930335,16876644,-0.009575413560518165,0.0013427421585920918,1
2023-08-30,1194.61865234375,1206.9449799395882,1193.1117996537475,1201.510516255865,12168946,-0.0009504241995356155,0.004404517491566784,1
2023-08-31,1189.1595458984375,1198.0523052778192,1185.6517981191516,1197.0642209023324,21638600,-0.004569748207599256,0.010386492150412652,1
2023-09-01,1191.950927734375,1198.3734766692594,1186.5164632510111,1188.9373425267036,18112842,0.0023473568753371588,0.014734759580200096,1
2023-09-04,1190.9874267578125,1197.3852486913688,1188.3196473047951,1191.9507848594153,9347626,-0.0008083394661170251,0.02650706411239434,1
2023-09-05,1197.3607177734375,1202.4739821466742,1191.852074903386,1195.582117616625,8675876,0.005351266413428757,0.0062924243680073655,1
2023-09-06,1199.88037109375,1203.5609616798479,1194.2236115362405,1196.125722417537,8200370,0.002104339388215415,0.00920247583275513,1
2023-09-07,1201.5107421875,1204.5985062247828,1191.1358550222296,1196.4220829309013,13652572,0.0013587780357335877,0.008758199922460852,1
2023-09-08,1209.5140380859375,1213.3675912039566,1197.039473070506,1205.4629163426932,23109288,0.00666102733619045,0.003941831219137715,1
2023-09-11,1222.5570068359375,1223.6686019045655,1211.3916036780722,1211.3916036780722,13271074,0.010783643958891531,-0.01541668667794216,0
2023-09-12,1204.89501953125,1226.70693716321,1203.4622246012573,1226.70693716321,16255666,-0.014446759706034484,-0.02324877159211791,0
2023-09-13,1210.9222412109375,1216.653058753229,1198.6699696902265,1205.4630504045967,12803338,0.005002279519781272,-0.03518905228140479,0
2023-09-14,1212.0338134765625,1218.2093412827492,1207.9332388900991,1215.3438722575231,9209636,0.000917955115361746,-0.040088907411546026,0
2023-09-15,1214.28173828125,1219.2962186489121,1210.156437431325,1219.2962186489121,25468592,0.0018546716928957707,-0.04776536492565486,0
2023-09-18,1203.709228515625,1210.8975674516837,1201.535490839137,1205.487828880595,7516300,-0.00870680125733403,-0.03856031354904166,0
2023-09-20,1176.8826904296875,1199.3370070481767,1163.4694916701224,1197.089090701199,57081884,-0.0222865601180271,-0.005562272800303414,0
2023-09-21,1168.31103515625,1180.8103271156433,1165.9396084396587,1173.3255153106452,12226182,-0.0072833557185788544,-0.012981981451088087,0
2023-09-22,1163.4447021484375,1177.0308632017375,1160.9992172819989,1173.8443150051187,19176786,-0.004165271799526971,-0.004225082124646895,0
2023-09-25,1156.2811279296875,1166.2854832156668,1153.638074334712,1161.1968240581607,14254884,-0.0061572107428239375,-0.009528142981792609,0
2023-09-26,1157.2938232421875,1161.0979239595738,1153.8849803976213,1155.3423807263628,10087782,0.0008758210162205238,-0.012102461133324471,0
2023-09-27,1170.3365478515625,1171.7693426359385,1155.3177128519035,1157.7879239120957,11722778,0.011270020065289543,-0.023133077726936735,0
2023-09-28,1153.14404296875,1177.3026603074284,1148.6482103293206,1177.3026603074284,14518346,-0.014690223008393177,-0.006897751942612773,0
2023-09-29,1158.529052734375,1170.435518964013,1153.1440405649926,1156.9481416896208,12342014,0.004669850049054958,-0.01993610567009496,0
2023-10-03,1145.263916015625,1153.885049186791,1144.2017734963838,1151.0936382938999,8859056,-0.011449981929621433,-0.004205925345144856,0
2023-10-04,1143.2877197265625,1145.683872665596,1133.8763122199225,1140.7434506187415,10286386,-0.0017255378969222024,0.013352711611901658,1
2023-10-05,1143.2630615234375,1150.821810414835,1140.743398149127,1145.8073305142325,10953682,-2.156780196227448e-05,0.01525421032327734,1
2023-10-06,1145.18994140625,1148.5494528467332,1142.2504141267464,1144.7206253894863,5431026,0.001685421271500509,0.013503001045899854,1
2023-10-09,1135.4324951171875,1142.200849187487,1133.826857954507,1140.2988590719287,7576878,-0.00852037372689518,0.019928262897997984,1
2023-10-10,1140.447021484375,1145.1404226117538,1138.1497733893898,1139.5331157395624,10236032,0.0044164020219183975,0.02029554697211955,1
2023-10-11,1158.5537109375,1160.8509589721596,1142.7196339530417,1143.4359710357805,9814118,0.01587683523392247,-0.008976414390584941,0
2023-10-12,1160.70263671875,1165.618452848462,1155.1446622546925,1157.9607991424273,12554450,0.0018548348349867183,-0.0184088385983201,0
2023-10-13,1160.6534423828125,1164.7045645712087,1150.6984190160554,1156.058825491677,10150316,-4.238323786065479e-05,-0.02136805218049964,0
2023-10-16,1158.0596923828125,1163.2471357038708,1154.0826283801794,1158.5290083696577,5929036,-0.002234732526769645,-0.03449162391000149,0
2023-10-17,1163.593017578125,1165.7914814830851,1156.7011522648252,1163.963549268257,7928180,0.0047781001546882695,-0.04131196369676782,0
2023-10-18,1148.154052734375,1169.397866963109,1146.6719261602773,1163.5928712145596,8918320,-0.013268354665692539,-0.04195338177641206,0
2023-10-19,1139.33544921875,1147.0672825471008,1136.7911799610206,1142.2256445327594,12032556,-0.007680679691565051,-0.017496664679545693,0
2023-10-20,1135.8525390625,1143.559525479833,1134.4691966955595,1136.2971288231192,8913312,-0.0030569663733699404,0.005828217034802297,1
2023-10-23,1118.1163330078125,1139.3848747937852,1114.1887214650121,1131.356688684127,7853962,-0.01561488436635139,0.010913675463657846,1
2023-10-25,1115.522705078125,1127.009187707913,1108.1367973597628,1111.6198194416302,11620688,-0.00231964049993838,0.017471511852999555,1
2023-10-26,1099.985107421875,1115.5474388316163,1096.922069489782,1112.089142962785,15222534,-0.013928535551557264,0.04208386610347836,1
2023-10-27,1119.40087890625,1123.204979852311,1104.6536704890175,1106.654565590137,11771084,0.017650940320347974,0.023788425292024185,1
2023-10-30,1142.4725341796875,1148.6480613914696,1121.4510154276281,1123.4519103673986,16813304,0.020610717490217256,0.011459499195171308,1
2023-10-31,1130.319091796875,1150.130232099537,1127.84888081728,1150.130232099537,12808438,-0.010637842065532754,0.015691326620425494,1
2023-11-01,1135.0125732421875,1144.9428703315039,1124.0448598372486,1130.9367248364767,10309190,0.004152350853289688,0.016758078572186808,1
2023-11-02,1146.2767333984375,1148.302354744411,1140.2247162104195,1143.1889695269997,10562104,0.009924260243279637,-0.004159079492569884,0
2023-11-03,1146.0296630859375,1153.5638066087804,1144.078220526126,1149.7349795725816,8850156,-0.00021554159244552284,-0.0020692832282820373,0
2023-11-06,1155.564697265625,1156.0587394619763,1148.9445800808262,1152.2546386732256,10647304,0.008320058796743801,-0.010431752941407635,0
2023-11-07,1148.0552978515625,1155.614167696399,1145.9556184844287,1153.1192304428853,6960204,-0.0064984673137140625,0.014050275447749394,1
2023-11-08,1154.033203125,1156.552866758098,1147.042553778562,1152.1064866637696,7884494,0.005206983744271199,0.01061684987264444,1
2023-11-09,1141.50927734375,1154.0331752710283,1138.3720609954937,1154.0085696526105,14513610,-0.010852309749265876,0.019475911440231863,1
2023-11-10,1143.658203125,1144.3746607841822,1135.333664696756,1139.0389810755562,7734954,0.001882530281532624,0.014881979086436292,1
2023-11-13,1143.5101318359375,1148.4505538682092,1142.0773370771153,1147.610585630105,3854810,-0.0001294716276750707,0.02778011739355768,1
2023-11-15,1164.185791015625,1166.9030232858888,1149.6362714370953,1156.0588204395372,12220648,0.018080870998923526,0.013473614896073238,1
2023-11-16,1166.285400390625,1172.9302438744137,1159.4923201233041,1161.542667627995,13134910,0.0018035002584666504,0.014741459524125977,1
2023-11-17,1163.7412109375,1172.4857343750468,1162.012063114762,1162.4319266451018,7758634,-0.0021814467130196746,0.016280605133463855,1
2023-11-20,1160.6781005859375,1165.1490860409533,1154.2801575494677,1160.2828426994563,4490186,-0.002632123295775446,0.01917550764991538,1
2023-11-21,1175.2769775390625,1179.7728099438689,1166.0384122376151,1168.9038812090425,8214450,0.01257788610447208,0.00916391778907677,1
2023-11-22,1179.87158203125,1182.9593458443583,1171.9669066696931,1173.3502489811203,8534814,0.00390938015463238,-0.004501263668707289,0
2023-11-23,1183.4781494140625,1185.7013394254852,1179.8716170501546,1179.8716170501546,8531542,0.003056745698208463,-0.0005009771478299285,0
2023-11-24,1182.6876220703125,1186.9858858764198,1181.2796741129466,1181.5514214570694,6749486,-0.0006679695304399047,0.010986236678513173,1
2023-11-28,1182.9346923828125,1185.5531403805655,1173.4738317237427,1182.6876712625676,13792174,0.00020890580732335629,0.018104759446808227,1
2023-11-29,1186.047119140625,1191.605094048659,1184.7379555197092,1189.6536514263266,12531306,0.0026311061615269526,0.02515937982511085,1
2023-11-30,1174.5606689453125,1186.0471507278282,1170.8306260067593,1183.0828973645985,28439984,-0.009684649125605738,0.03348128939084494,1
2023-12-01,1182.88525390625,1183.9226701483003,1174.6347733568996,1174.8323419889748,14342842,0.007087403129556913,0.025665218742737528,1
2023-12-04,1195.680908203125,1210.403389884879,1185.009669053603,1210.403389884879,15590990,0.01081732505720212,0.016176386812152943,1
2023-12-05,1204.3514404296875,1205.8830195816831,1196.3973123183705,1204.9689932142376,12693624,0.007251543590833576,-0.005619879978272957,0
2023-12-06,1215.8873291015625,1221.7416569101222,1202.9927791973269,1208.9707381739393,16422442,0.009578506974475154,-0.011031721243477621,0
2023-12-07,1213.886474609375,1215.813191043024,1206.4511149904754,1215.3438750518303,8142096,-0.0016455920250981748,0.0028895357455100967,1
2023-12-08,1213.2442626953125,1223.594423771572,1207.9333084760417,1217.2460531905654,10204894,-0.0005290543452748375,0.016227152771580267,1
2023-12-11,1215.022705078125,1219.098553135076,1211.5890153738967,1213.367615499601,7066138,0.0014658568249574788,0.02506754933407107,1
2023-12-12,1197.5831298828125,1217.7894094868202,1195.6562927549994,1215.3439244936176,9197124,-0.014353291607164809,0.05529997601574044,1
2023-12-13,1202.4739990234375,1204.6478570918039,1188.8137803209581,1196.570218805253,10031182,0.004083949596971781,0.03829172176868845,1
2023-12-14,1217.39404296875,1222.7297228698085,1206.7721356331074,1212.3795628682321,16972354,0.01240778923904351,0.039932749697880965,1
2023-12-15,1232.9317626953125,1235.1055001292314,1220.3089603608373,1224.236571728094,15932152,0.012763098206618473,0.027828918245690115,1
2023-12-18,1245.4803466796875,1252.3474847954778,1230.634354917611,1232.9317234441762,14165188,0.010177841437828183,0.022629968220053476,1
2023-12-19,1263.8094482421875,1271.615218807123,1247.5553868731267,1262.2778691174958,16820604,0.014716492003557846,0.011238826684923264,1
2023-12-20,1248.518798828125,1283.9417239360823,1244.9864450577063,1270.207325538083,17736722,-0.012098856702907224,0.031023089273950255,1
2023-12-21,1266.0079345703125,1271.4176728398502,1244.1218397625619,1248.44470925444,13765454,0.014007907416855092,0.008741278800964647,1
2023-12-22,1267.242919921875,1275.07341611771,1258.6465136069178,1264.5504141598008,16541784,0.0009754957436201028,0.009824439321107103,1
2023-12-26,1273.66552734375,1280.5326657287192,1266.0819312708138,1268.7003790735205,7465664,0.005068173844893886,0.013052494051103647,1
2023-12-27,1278.01318359375,1284.4603381656593,1271.2201029702012,1275.6170305456778,9204156,0.003413499193204217,-0.0013722739344174117,0
2023-12-28,1287.251708984375,1290.4382571270967,1278.0131437475463,1279.4705441490948,12302636,0.0072288185358513335,-0.003415877948246604,0
2023-12-29,1277.074462890625,1291.4264140714613,1274.2831724837226,1289.9937398232034,10864584,-0.007906181846734306,0.008800880613783812,1
2024-01-01,1279.69287109375,1287.8940202608817,1271.2447008145452,1274.9006856426909,4030540,0.002050317565037041,-0.0011195007957460756,0
2024-01-02,1290.2900390625,1291.920402508132,1271.1706293129728,1277.099135940161,7448800,0.008281024461512132,-0.011946294324268525,0
2024-01-03,1276.2593994140625,1301.3073179716814,1273.2456933698636,1289.4503036849235,9037536,-0.010874019967349269,0.02585824721043295,1
2024-01-04,1282.8546142578125,1289.376067708453,1274.1842702494187,1278.5811975278393,9612778,0.00516761314101033,0.04742669360828122,1
2024-01-05,1288.3138427734375,1294.3165279752034,1283.521657474919,1285.9424160498672,8086406,0.004255531729745909,0.05129039431707838,1
2024-01-08,1278.26025390625,1300.2944657165137,1269.1698042070248,1289.4502625359673,7734652,-0.00780367992130282,0.0776468871532161,1
2024-01-09,1274.8758544921875,1287.8691880410897,1273.2454911635218,1284.5096770702141,5403074,-0.002647660680773045,0.06539440737135194,1
2024-01-10,1309.26123046875,1313.6581576278165,1272.1833407081513,1273.146698836737,11102740,0.026971548527961575,0.027565044247952697,1
2024-01-11,1343.6961669921875,1346.2651626289091,1312.6702888458758,1313.6583733689063,23725852,0.026301043460294604,0.005919386850436137,1
2024-01-12,1354.3919677734375,1356.9609630954171,1329.714583957277,1343.6960023683716,15012164,0.007959984588772118,-0.0023892359014667797,0
2024-01-15,1377.51318359375,1379.8104316098675,1349.723309451493,1358.616069177015,8610594,0.01707128834965177,-0.0470187303249352,0
2024-01-16,1358.24560546875,1379.6623844587446,1354.1697570573224,1373.4126778584214,9069024,-0.013987218673823132,-0.022369698675659744,0
2024-01-17,1345.35107421875,1369.7568331827044,1338.8791932605309,1343.30084717423,12197382,-0.009493519580024645,-0.006242834210256065,0
2024-01-18,1351.6500244140625,1354.663730119792,1335.1490629645289,1335.2972997496222,10279438,0.004682012239050959,0.05855491475127561,1
2024-01-19,1351.156005859375,1359.6041759840746,1342.8067406703178,1359.6041759840746,10422704,-0.00036549294992371806,0.029379500879509468,1
2024-01-23,1312.7442626953125,1355.4048574857818,1306.791150318716,1355.4048574857818,20055420,-0.02842879948539434,0.07380081143752926,1
2024-01-24,1327.862060546875,1333.4200358723897,1308.1498229720294,1319.3151054787043,21919128,0.01151617895516277,0.06159417958297997,1
2024-01-25,1336.9522705078125,1347.895377764627,1319.2902616038493,1326.9479158139593,11808872,0.006845748689584319,0.07732394061418812,1
2024-01-29,1430.7957763671875,1435.192704047216,1343.9678528779282,1348.241269998228,23893438,0.07019211375715795,-0.006232617321323408,0
2024-01-30,1390.852294921875,1442.5784888178382,1387.690473107798,1442.5537625848374,14093978,-0.027916969077676157,0.01433271703659389,1
2024-01-31,1409.6258544921875,1417.159997760743,1385.7883192326594,1387.2704457772934,15130226,0.013497881578695692,0.010882382613612851,1
2024-02-01,1409.650634765625,1426.1515960154993,1401.1531330404457,1417.9011153905622,13349362,1.757932671186957e-05,0.01645465332185414,1
2024-02-02,1440.3306884765625,1457.3258137867138,1416.0980132616144,1416.0980132616144,19652588,0.021764296027886765,0.0020923471943707916,1
2024-02-05,1421.878173828125,1452.9781061073709,1414.4675408489986,1443.3442832345067,8814432,-0.012811304234553789,0.00925976641879056,1
2024-02-06,1410.7869873046875,1424.6695010773788,1402.9069175392074,1424.6695010773788,9047984,-0.007800377506025469,0.02612396273238926,1
2024-02-07,1424.9659423828125,1432.2283386037336,1412.2196294925052,1418.8151411125152,9296568,0.010050386915755327,0.027198943642516182,1
2024-02-08,1432.845947265625,1442.0845126481563,1410.515263064875,1432.7224367107362,14694634,0.0055299601544409605,0.014119422307651286,1
2024-02-09,1443.3443603515625,1454.4355841797649,1433.661084495157,1436.6747903139974,12556798,0.007326965683905007,-0.0001198422480206407,0
2024-02-12,1435.04443359375,1443.5913882496639,1425.163589047209,1443.3443671360003,6674430,-0.005750482688546277,0.014906833037821698,1
2024-02-13,1447.642333984375,1461.3767303535824,1436.674621997369,1438.1567484987418,7715594,0.008778752835601367,0.004044240846216907,1
2024-02-14,1463.7235107421875,1465.9714268487612,1440.1329959711338,1440.1329959711338,7117888,0.011108528937221696,-0.009231226246939062,0
2024-02-15,1453.076904296875,1467.0335965408115,1449.0505085860837,1465.674980481667,10006782,-0.007273645854000144,0.007581988180724419,1
2024-02-16,1443.17138671875,1459.4007219371786,1441.170612214809,1458.8819534815811,9767498,-0.006816925896236836,0.022628116314201918,1
2024-02-19,1456.4364013671875,1461.8708655513933,1436.2053974591388,1444.6288410678121,6729828,0.009191572650700364,0.009040051287694695,1
2024-02-20,1453.4969482421875,1457.9186020207894,1444.3818933388152,1457.4492860314679,7117496,-0.002018250245764741,0.009942095634627224,1
2024-02-21,1450.2115478515625,1470.7884795851646,1440.1825868389801,1456.4365283424868,12720292,-0.0022603421318484473,-0.00822718062163108,0
2024-02-22,1464.0941162109375,1467.2559381666686,1440.6271108051608,1450.6561919754163,18493728,0.009572788452789194,-0.014138568745889035,0
2024-02-23,1475.82763671875,1479.7059164315408,1465.6750448712426,1471.7517883622584,14438584,0.008014184592298523,-0.001004302736646423,0
2024-02-26,1469.6026611328125,1476.7169415654328,1464.8352018923576,1475.753583346703,7513106,-0.004217955695542952,0.013497400320708008,1
2024-02-27,1467.94775390625,1482.0772898132236,1460.4383358684995,1465.3540321072526,10826044,-0.001126091609882418,0.009793580735754315,1
2024-02-28,1438.2803955078125,1473.5056294891751,1432.8953836215212,1465.3292067243183,8647950,-0.020210091482814607,0.032546105022977834,1
2024-02-29,1443.3939208984375,1461.3522847525776,1437.1936663872107,1447.5438276529026,23628976,0.003555304936781578,0.012407517648215904,1
2024-03-01,1474.345458984375,1482.1266237591103,1445.0734581651325,1446.061542580972,12132926,0.02144358351368969,-0.01710645564214386,0
2024-03-04,1489.4384765625,1494.4282305064353,1469.503825173054,1472.7150995331629,10024420,0.010237097069856427,-0.02121193494559681,0
2024-03-05,1482.32421875,1489.4384990399915,1468.3429205099196,1487.8328618357061,7107668,-0.004776469739736444,-0.045343896172343356,0
2024-03-06,1485.0908203125,1491.0193265812127,1460.8827530485903,1475.6545662551582,7805676,0.0018663943606298528,-0.047588153212957174,0
2024-03-07,1461.3028564453125,1485.1897258668157,1457.968071396935,1485.0662153094684,8315726,-0.016017851259885862,-0.0410433787740081,0
2024-03-11,1449.1246337890625,1471.2577496463198,1446.0615961097308,1471.2577496463198,11277130,-0.008333811572690752,-0.01849513643448375,0
2024-03-12,1457.8446044921875,1470.269718687064,1447.5685016900354,1449.1246865128974,9432678,0.006017405611499882,-0.034007239423904045,0
2024-03-13,1415.10986328125,1465.4279903850718,1410.7622676768488,1462.142657909758,13522134,-0.029313646378533842,0.008082066287228518,1
2024-03-14,1414.4180908203125,1431.2649780682007,1408.514310659922,1422.5450608782721,18571102,-0.0004888471763835334,0.013622351354497964,1
2024-03-15,1401.3260498046875,1416.1473166057365,1396.0645483366263,1408.9589780840722,19223818,-0.00925613232791167,0.025947974256735673,1
2024-03-18,1422.3228759765625,1424.5460660460144,1399.6463855144648,1403.0799549430176,9169392,0.01498354089314291,0.001458846796969615,1
2024-03-19,1408.267333984375,1420.4701525728194,1400.3626585436627,1411.7256294896865,8275764,-0.009882103585331814,0.04743022292846222,1
2024-03-20,1426.546875,1427.7819805194806,1407.056934025752,1410.935092987457,8488806,0.012980164045918174,0.029160111967272417,1
2024-03-21,1433.685791015625,1440.5283239841642,1427.460931435626,1435.2173701383908,13006936,0.005004333289521323,0.02329465563944555,1
2024-03-22,1437.6876220703125,1442.6033181580033,1430.1040255590262,1432.6977472783171,19527608,0.002791288774545597,0.021941090059831803,1
2024-03-26,1424.3978271484375,1435.0939139473653,1421.853557874578,1427.7820647176966,11415906,-0.00924386822134371,0.020827914619553356,1
2024-03-27,1475.061767578125,1482.1265951381042,1429.7581221098912,1430.74620650665,16326644,0.03556867292553645,-0.020045505906879924,0
2024-03-28,1468.1451416015625,1488.0056133770977,1461.0309823617722,1475.0864584455267,21854364,-0.0046890415903863,-0.017330108933657384,0
2024-04-01,1467.0830078125,1476.1733358521226,1464.8350917273362,1474.6912092837645,5013880,-0.0007234528514693528,0.0008081812269644661,1
2024-04-02,1469.2320556640625,1476.198098955644,1457.4244952875333,1466.3172549197961,8910166,0.0014648440750240077,-0.015669557921855648,0
2024-04-03,1454.0650634765625,1466.7619246317818,1451.397283687729,1464.4152240453116,7008292,-0.010323074649119857,0.005419293180713547,1
2024-04-04,1445.493408203125,1462.117879861305,1432.7223691832353,1462.117879861305,14490272,-0.005894959922180698,0.0028880675577600545,1
2024-04-05,1442.7020263671875,1453.274601948929,1438.6509043996564,1443.467815909923,7442298,-0.0019310927466680283,0.0032360813851708414,1
2024-04-08,1468.2686767578125,1473.2090987059642,1443.5912932499484,1445.5427357963142,8357118,0.017721365828398783,-0.01361051082481568,0
2024-04-09,1446.2098388671875,1472.0482715276003,1445.0735176190665,1471.2577557160955,7071414,-0.015023706655197921,0.0004611157380245423,1
2024-04-10,1461.945068359375,1469.281643980642,1448.8776750369068,1448.8776750369068,9138330,0.010880322529483566,-0.006386972086597331,0
2024-04-12,1449.6680908203125,1468.7627741208264,1445.6415744118667,1458.2891033204971,15551012,-0.008397700983963752,0.008656177275223165,1
2024-04-15,1447.3707275390625,1464.4646364315843,1429.0911655763507,1443.591352839028,12902062,-0.0015847512239508532,-0.0037547037112098947,0
2024-04-16,1448.2847900390625,1453.6451964542034,1433.6364862387566,1436.0325186728678,9366184,0.0006315330845154676,-0.010625951748384987,0
2024-04-18,1446.876708984375,1468.2934876101954,1441.9610129858208,1446.0615875622616,19005692,-0.0009722404490967174,-0.0029706869609191777,0
2024-04-19,1452.607666015625,1456.4364932961696,1425.8306012864564,1439.4167626045175,15741778,0.003960915947892163,-0.011954776910664267,0
2024-04-22,1462.2166748046875,1465.1562017707047,1450.3103301575065,1454.9048261235944,10350362,0.006615006249704791,-0.010017799421779716,0
2024-04-23,1441.936279296875,1475.7041133303053,1438.20635702296,1461.3768889290402,14605554,-0.013869624014868687,0.005259329606271068,1
2024-04-24,1432.8953857421875,1451.051437133562,1432.2283805059903,1446.0615625184662,10462776,-0.0062699674628452495,0.011291774543781052,1
2024-04-25,1442.5784912109375,1450.483166375014,1424.3236561270523,1425.3117405225619,15943926,0.0067577197645412035,-0.01779134059588905,0
2024-04-26,1435.2420654296875,1447.5436681516292,1432.7224019248206,1446.5061312694434,9413848,-0.005085633694074887,-0.022735864919617765,0
2024-04-29,1447.5684814453125,1450.4092243096331,1432.7224880920985,1432.7224880920985,7247974,0.008588388197732222,-0.043378152733052455,0
2024-04-30,1449.5198974609375,1465.403306850403,1445.4440490785064,1450.5079819172845,11474262,0.0013480647310561977,-0.03302666132298826,0
2024-05-02,1449.0753173828125,1459.7218309784546,1446.6791643138517,1454.460329459568,14512646,-0.0003067085032111283,-0.04938468893274062,0
2024-05-03,1416.9130859375,1457.3750954799905,1399.275802819383,1453.4722101911175,17226958,-0.022195003295895632,-0.018532047619474246,0
2024-05-06,1402.610595703125,1422.841600588335,1401.1037428015688,1418.3952205864964,7394208,-0.010094119657954703,-0.011852549645410493,0
2024-05-07,1384.775634765625,1403.8209867220144,1375.4135586957902,1399.1028593353728,14517472,-0.012715546989404691,0.013271677690623207,1
2024-05-08,1401.6470947265625,1415.8754127905866,1380.847871034619,1380.847871034619,9439002,0.012183533229044086,-0.0016035995597742936,0
2024-05-09,1377.51318359375,1406.7851843569276,1373.437335386219,1396.1632769069981,11009612,-0.017218250744864272,0.022397539015159396,1
2024-05-10,1390.65478515625,1393.1990543318577,1371.535254832905,1380.106935558881,10505096,0.009540091317467692,0.020089808469692105,1
2024-05-13,1385.986083984375,1390.2101693574684,1367.5089520262873,1383.2195197456997,8456620,-0.003357196352184899,0.02382896315465266,1
2024-05-14,1403.1539306640625,1410.070521585227,1383.342910466477,1384.2815424166113,7188300,0.012386738134003483,0.02857245513712181,1
2024-05-15,1399.3994140625,1412.9361236084007,1396.188139403763,1403.5740469957013,5046534,-0.0026757695784564994,0.049266565944514396,1
2024-05-16,1408.3660888671875,1410.4904944706304,1381.3667306256436,1401.6471872524828,14711774,0.006407516477841657,0.038516867196800586,1
2024-05-17,1418.5927734375,1420.0749000882806,1396.4103261437938,1406.0936018418706,10916476,0.007261382286290585,0.021278858684091517,1
2024-05-21,1419.0126953125,1424.6447280920645,1408.613082979292,1408.613082979292,11176128,0.00029601298051340486,0.013978689243250075,1
2024-05-22,1443.2454833984375,1451.2736690394956,1419.1609264752628,1419.1609264752628,10281604,0.01707721725534017,-0.013606875441034005,0
2024-05-23,1468.343017578125,1474.444366988288,1437.6629456463684,1441.1706938631594,14608260,0.017389650248958333,-0.041183120389243544,0
2024-05-24,1462.6119384765625,1470.7636348065282,1458.5113640783345,1465.9467233388211,7094776,-0.0039030928284150557,-0.03367672596506832,0
2024-05-27,1448.77880859375,1467.2066075031105,1444.134859977049,1462.587264504762,6629010,-0.009457826453420637,0.030059664338803582,1
2024-05-28,1438.8486328125,1460.8829659012893,1435.4397894576246,1450.5080784194065,7820162,-0.006854169678868094,-0.04046492387237244,0
2024-05-29,1423.607421875,1440.6271526936466,1421.310053120064,1429.264181324664,7383556,-0.010592643722160067,-0.013898759341297029,0
2024-05-30,1407.8720703125,1423.2368313836507,1403.178669288835,1418.3951935729253,13206858,-0.011053153643843294,0.0047373307594504865,1
2024-05-31,1413.35595703125,1425.0647331073133,1405.3030450073677,1414.245257118902,31069832,0.003895159819125249,0.02764951963221951,1
2024-06-03,1492.32861328125,1496.4539141466187,1441.6152266357983,1465.3292536675044,21527942,0.055875984996647254,-0.025772595458086633,0
2024-06-04,1380.625732421875,1480.1999676014107,1343.1032493273078,1480.1999676014107,36709098,-0.07485139657931561,0.042511347835905156,1
2024-06-05,1403.821044921875,1414.097147783154,1367.6077240917773,1405.0561505394378,17464890,0.016800579588873044,0.029966429862969823,1
2024-06-06,1414.5416259765625,1426.4974232883105,1404.4137607114592,1417.9011371144834,17855722,0.007636714874355022,0.02350524360487327,1
2024-06-07,1452.4345703125,1454.4601915157414,1409.5023527154926,1411.478521453965,18558696,0.02678814369268001,0.0051703833743586,1
2024-06-10,1453.867431640625,1475.5558362929214,1450.5819785928986,1452.4346368701142,9251760,0.000986523838947706,0.006541432712218187,1
2024-06-11,1439.3179931640625,1456.1154291491666,1437.3418242246385,1451.4960860069511,11774902,-0.010007403811325588,0.0013558769467250098,1
2024-06-12,1445.8885498046875,1458.41256776401,1437.835758473946,1440.1330064471847,10081742,0.004565048635417179,0.007089995127786519,1
2024-06-13,1447.790771484375,1454.7073627830548,1442.7021123343332,1454.4603416652449,9181160,0.0013156074027589337,-0.007541376265123745,0
2024-06-14,1459.9442138671875,1462.0438933040555,1439.8613252368543,1452.4841280922399,8157998,0.008394474272240382,-0.024415580680146598,0
2024-06-18,1463.3778076171875,1469.6768460329972,1453.8180422457062,1469.6273935638167,7196766,0.00235186640515872,-0.01814624318620195,0
2024-06-19,1441.26953125,1469.7757459645413,1438.6510831088215,1469.7757459645413,8725874,-0.015107702366476627,0.03796303511173149,1
2024-06-20,1456.139892578125,1465.1808887163045,1432.8211254931246,1441.6151005379975,16113776,0.01031754366945381,0.03857654875662031,1
2024-06-21,1436.8724365234375,1457.1281688420868,1423.4097851653107,1456.0660262473004,31170360,-0.013231871575590248,0.07646816600215844,1
2024-06-24,1424.298828125,1432.228228955547,1420.3712170566394,1428.3006178871863,8878386,-0.008750678264007772,0.08232900714578584,1
2024-06-25,1436.822998046875,1438.576872033328,1423.8296636688654,1425.8058325289194,7045386,0.008793217879960125,0.07635041095271267,1
2024-06-26,1495.9844970703125,1500.875466568816,1427.905458276952,1428.8194845866847,22014882,0.04117521720062789,0.02536289978747641,1
2024-06-27,1512.312744140625,1519.1798830077462,1488.0552219900264,1495.7128766848623,28383030,0.010914716764972576,0.015337561968948643,1
2024-06-28,1546.7474365234375,1562.1615299634889,1512.782033239127,1512.782033239127,28957336,0.02276955776259104,0.014836450764760922,1
2024-07-01,1541.5599365234375,1560.5805616644209,1537.138282854078,1543.9066370278445,7724306,-0.0033538119265674737,0.026119338867869768,1
2024-07-02,1546.5250244140625,1554.750778666898,1538.4473863262538,1550.798441129772,7749246,0.0032208205292505454,0.01603661434448589,1
2024-07-03,1533.927001953125,1556.2329594590622,1524.391963189475,1547.661278880494,9049620,-0.008146019147482364,0.020484038984778685,1
2024-07-04,1535.5079345703125,1548.822348177101,1532.321386398175,1538.447461634288,6837176,0.0010306439714371507,0.017132923031865976,1
2024-07-05,1569.6956787109375,1579.4530127748421,1529.5547474353805,1535.3102911811948,12269710,0.02226477856019149,0.005098706760359173,1
2024-07-08,1581.824462890625,1589.6303543798022,1563.6684106310508,1570.0662334946016,9500806,0.0077268379751467275,-0.0022955932665890133,0
2024-07-09,1571.3260498046875,1581.4291893561121,1561.6675000170792,1578.5637202787966,6960002,-0.006636901459187605,-0.00881932316229661,0
2024-07-10,1565.3480224609375,1578.4648673124634,1544.5241914718106,1575.9946562525065,7134578,-0.0038044474248314364,0.001546634022002502,1
2024-07-11,1561.815673828125,1585.1344421846698,1551.786592769845,1568.5840280306456,11940946,-0.00225658996090794,-0.016132534295879908,0
2024-07-12,1577.6990966796875,1586.023756297877,1555.7389442164904,1565.619788574804,12924784,0.010169844699170483,-0.06015438417747487,0
2024-07-15,1578.1932373046875,1586.7154660951303,1566.607970695329,1585.332123675554,5329688,0.00031320333898898767,-0.06844691662852764,0
2024-07-16,1557.468017578125,1580.9350218080888,1550.427916309136,1574.5124732819936,9386838,-0.013132244668566662,-0.05110230776019464,0
2024-07-18,1567.76904296875,1574.9079294522828,1539.2627082750141,1557.2211925457696,12298374,0.00661395628954442,-0.059416822832753624,0
2024-07-19,1536.61962890625,1571.029623251694,1534.2976544625544,1567.1020115011324,13140390,-0.01986862427358238,-0.029659545274431487,0
2024-07-22,1482.7935791015625,1519.179738244426,1481.4102368427714,1518.9327171487766,19674376,-0.03502887038023872,0.012944135795989853,1
2024-07-23,1470.1707763671875,1487.8080584659276,1445.5674511277782,1483.1146576505776,18052044,-0.008512852302761664,0.016970286140260527,1
2024-07-24,1477.8778076171875,1491.5134207568017,1458.8078508242754,1467.3053526491226,11913362,0.005242269383863185,0.006502061862056596,1
2024-07-25,1474.6171875,1482.595920809754,1459.474721651074,1463.3530011800513,12519876,-0.002206285323713364,0.015344455128714518,1
2024-07-26,1491.044189453125,1494.4037007697482,1472.59166375446,1474.6172851615388,9859940,0.011139841643223125,-0.006428109102573187,0
2024-07-29,1501.987060546875,1509.2989091727318,1493.7613062276428,1493.9341486268256,7538550,0.007339065583135795,-0.04787505613901122,0
2024-07-30,1495.1199951171875,1506.8287716127938,1492.0075050067665,1498.9488223237445,8228208,-0.0045719870763648585,-0.03773588602830025,0
2024-07-31,1487.487060546875,1492.4520883459395,1483.2629754591517,1486.0789919790418,10057346,-0.0051052320852108535,-0.02696919796604058,0
2024-08-01,1497.244384765625,1499.9121644798522,1486.37545603751,1493.9836579008804,10764222,0.006559602753897442,-0.04367129197143249,0
2024-08-02,1481.4595947265625,1491.3404387261814,1475.481756476256,1487.0670219426547,10268248,-0.010542560853573302,-0.01669067626820009,0
2024-08-05,1430.079345703125,1466.2186085334113,1416.1721046606897,1462.3650548737628,17046704,-0.03468218047007954,0.009189250555474482,1
2024-08-06,1438.7003173828125,1459.8946792000177,1434.0315221699125,1437.8110173129378,10236186,0.006028317034009634,0.0052025172934317965,1
2024-08-07,1447.3707275390625,1454.954323788822,1444.0853950542364,1451.4960282823629,8174568,0.0060265574779483355,-0.0020309759893448742,0
2024-08-08,1431.8577880859375,1447.5436277380477,1428.6959662921352,1440.1577210643813,12387192,-0.010718013814954852,0.020063890376792237,1
2024-08-09,1456.7330322265625,1458.9067698886504,1438.6510375603623,1442.6033755756382,6249776,0.017372705828472945,0.012990175519336011,1
2024-08-12,1443.220703125,1455.4482469512195,1440.3799606199186,1452.483993902439,8184584,-0.009275775864647895,0.02766097960697178,1
2024-08-13,1446.1851806640625,1452.5582774619256,1440.6272053348387,1443.3444377180147,6265064,0.0020540708241252315,0.027422631385829677,1
2024-08-14,1444.43115234375,1454.460233101401,1436.3782403810737,1446.1109681889411,6267466,-0.0012128656438776808,0.028292675094103048,1
2024-08-16,1460.58642578125,1462.7602840003062,1440.676620060605,1451.1502913945535,9416902,0.01118452299459638,0.01817473851503748,1
2024-08-19,1475.65625,1485.47150978375,1467.8238660907393,1469.8067419652286,13797742,0.01031765320610134,0.016259152442769098,1
2024-08-20,1483.1416015625,1491.0484162933285,1477.2674041310693,1484.4057091952604,8411808,0.005072557760318563,0.003008173897126376,1
2024-08-21,1485.8433837890625,1494.964564922092,1477.2426107826689,1480.464784262564,7769996,0.001821661683359288,-0.0002501637155153391,0
2024-08-22,1485.2979736328125,1493.6012664349316,1477.8869991875908,1490.1312336221058,10445782,-0.0003670710938989963,0.015219073074710598,1
2024-08-23,1487.1322021484375,1498.3849993365056,1485.5955458508122,1490.8749048344312,9249654,0.001234922923336823,0.006433444719089687,1
2024-08-26,1499.649169921875,1509.9601498448217,1490.1313888488291,1494.0723308917522,8816114,0.008416849393318548,0.002413080663560052,1
2024-08-27,1487.6031494140625,1500.516654009415,1486.6117113802566,1497.5671500638725,6251156,-0.008032559047420396,0.005781587657434084,1
2024-08-28,1485.4716796875,1494.5680511870519,1480.2170096090344,1492.1142662167426,9610286,-0.0014328214668017925,0.010845523340321517,1
2024-08-29,1507.90283203125,1523.8401488737275,1481.2083164719252,1490.2303777286736,38335358,0.015100356775882062,-0.01837697547264816,0
2024-08-30,1496.6995849609375,1526.5418444404818,1490.4534771750382,1520.865886117465,41620730,-0.00742968766443719,-0.029676298672461576,0
2024-09-02,1503.2679443359375,1513.7276641806195,1493.7253530981907,1497.9389648135596,11240852,0.0043885623013462105,-0.035482348798853036,0
2024-09-03,1496.203857421875,1509.9600595401412,1494.5927706873033,1508.2250430567562,10923800,-0.004699153561198988,-0.031541412340573505,0
2024-09-04,1501.5823974609375,1504.50709100704,1486.6612078847159,1487.850885016148,11983304,0.0035947909186186955,-0.04162950494201145,0
2024-09-05,1480.192138671875,1512.7113538076746,1474.3179410781217,1506.0439573959175,16264168,-0.014245144871990911,-0.008824702900459447,0
2024-09-06,1452.2830810546875,1484.182646260627,1449.110527949692,1479.721175380084,19394228,-0.01885502353919355,0.005324909770050734,1
2024-09-09,1449.928466796875,1457.3395627288749,1443.1371406451965,1453.943839140462,9010298,-0.0016213190723826099,0.006085715772279343,1
2024-09-10,1449.011474609375,1459.446383962114,1445.0952218200862,1447.995226435091,10768260,-0.000632439605469437,0.007372432478971458,1
2024-09-11,1439.072265625,1456.1745712275017,1435.1561339115874,1450.5234230036904,9760202,-0.006859303158420094,0.00823275832818715,1
2024-09-12,1467.1298828125,1473.2767495080643,1433.4953029575859,1444.5250498204912,22349376,0.01949701752838262,-0.006842071806600458,0
2024-09-13,1460.016357421875,1470.451266381587,1456.918113729867,1463.7590600068495,8711328,-0.004848599618861527,0.009031513352252274,1
2024-09-16,1458.7523193359375,1468.2206009201684,1452.2088525514882,1464.8993077290233,5481774,-0.000865769811079109,0.014969248371917265,1
2024-09-17,1459.6942138671875,1464.8248328952707,1454.0677548146177,1461.3796100548857,5935328,0.0006456850273792725,0.011597436488187896,1
2024-09-18,1450.9197998046875,1469.3110219373734,1448.0447266088618,1457.413766699014,8574714,-0.006011131632325806,0.02084118750439079,1
2024-09-19,1457.0916748046875,1463.8581906691413,1443.0876132109174,1453.6959512825117,16955902,0.00425376716261705,0.019238897180453796,1
2024-09-20,1473.2025146484375,1482.1997658201985,1458.7770437683578,1461.3795684407844,30897320,0.011056847089535138,0.027087515199724965,1
2024-09-23,1480.5887451171875,1488.6441789861601,1476.2015834923338,1478.2340798324108,8832314,0.005013723772059109,-0.01124974781480026,0
2024-09-24,1476.6229248046875,1487.6526722077606,1475.1357678514642,1475.7554165819738,17137444,-0.0026785427929117978,-0.016483452438082247,0
2024-09-25,1481.15869140625,1483.6869066134093,1467.5264194610884,1471.1948125268714,7069002,0.0030717162285438526,-0.05821808636014947,0
2024-09-26,1485.12451171875,1491.122760061236,1475.309372285805,1477.8870868947113,18818998,0.00267751209611089,-0.07438497337692973,0
2024-09-27,1513.10791015625,1520.345334807694,1479.2254687210307,1486.1655345930462,20597478,0.01884245948180774,-0.10185601409557432,0
2024-09-30,1463.9324951171875,1511.9181178232873,1461.7761901136828,1506.3908994638518,27008814,-0.03249960872518631,-0.05365462764961704,0
2024-10-01,1452.2830810546875,1475.2100841908111,1450.3002051077794,1467.9726595996829,16431642,-0.007957616967555259,-0.06159432258424591,0
2024-10-03,1394.928466796875,1436.9902726871705,1390.070396353704,1424.2750076222521,37757294,-0.03949272356471989,-0.025533518376330777,0
2024-10-04,1374.653564453125,1405.2145916660443,1369.9442340651563,1391.9046094477658,37072876,-0.01453472549048096,-0.010403722102568125,0
2024-10-07,1358.98876953125,1384.5431070803497,1349.7188488374588,1381.568793209071,22181340,-0.011395449244047784,0.0013132323156470616,1
2024-10-08,1385.3857421875,1389.004514771482,1353.4118695241307,1361.2194430814652,17020808,0.01942398145450097,-0.038161419251604545,0
2024-10-09,1362.8306884765625,1388.979866453412,1360.7486928237201,1385.5594536683957,14310610,-0.016280702929224233,-0.014931600334601947,0
2024-10-10,1359.31103515625,1374.132983939481,1357.699948504806,1368.209166456891,22358646,-0.0025826049780599547,-0.010666988999841642,0
2024-10-11,1360.35205078125,1371.4314188021033,1357.1050671377104,1358.2700551936466,7980122,0.0007658406340240731,-0.009328783442647759,0
2024-10-14,1360.7734375,1368.2587216327886,1356.5350159311083,1367.6390728953818,12221432,0.0003097629900348231,-0.0024225258211379996,0
2024-10-15,1332.5174560546875,1359.9554295521655,1329.2208521541709,1346.8933067731043,33762794,-0.020764648005787145,-0.0005022909984377932,0
2024-10-16,1342.4814453125,1352.3215164873245,1326.1723376036346,1328.5270030007441,20034438,0.0074775675264426855,-0.01148395178296957,0
2024-10-17,1344.811279296875,1356.7332239102464,1340.4737382347967,1354.0067695283685,15543660,0.0017354682945600608,-0.012256399242821847,0
2024-10-18,1347.66162109375,1356.70849216764,1329.840427555484,1340.5976258716714,12082452,0.0021195106263276475,-0.023136954888947958,0
2024-10-21,1357.4769287109375,1362.2358797577067,1346.1002013000875,1355.4197431686716,14067408,0.007283213726322124,-0.025452924526172538,0
2024-10-22,1331.84814453125,1364.2186177698431,1328.749900940748,1357.4767913068545,15831960,-0.018879719896252367,-0.0024937445579945594,0
2024-10-23,1327.064453125,1345.8521531156357,1323.5696102860716,1326.048205061888,17214742,-0.003591769396453004,0.004015706659876939,1
2024-10-24,1328.3287353515625,1332.1952468902052,1311.7964576126847,1323.8424540123256,22155934,0.000952690898761821,-0.005784498683060524,0
2024-10-25,1316.4808349609375,1332.8395608533488,1310.6809472586556,1331.996862815434,18597496,-0.008919403815719762,0.008133533977257024,1
2024-10-28,1322.9251708984375,1341.4155124030337,1310.7800563182918,1325.552505604476,10824350,0.004895123245520772,-0.024131519331707096,0
2024-10-29,1328.52685546875,1331.6994085045892,1308.995576227512,1316.728719636798,12008361,0.004234317022260736,-0.025895473538705027,0
2024-10-30,1332.3935546875,1338.4413022928309,1314.0023313459362,1323.569732267355,11984423,0.0029105164135998507,-0.013803155446722282,0
2024-10-31,1320.64501953125,1331.5012170832633,1314.7955112005386,1328.5269031210519,9331650,-0.008817616322833066,-0.01981906553859769,0
2024-11-01,1327.1884765625,1330.4601492824747,1321.5868277686543,1321.6364480777281,2127335,0.004954743276563756,-0.041011547848814,0
2024-11-04,1291.0009765625,1328.52687951389,1274.0969107675833,1326.3952636738204,19796890,-0.027266285564600312,-0.022616557676524263,0
2024-11-05,1294.1240234375,1298.337634786513,1275.1379622128013,1281.9292880644173,16267479,0.0024190894752966763,-0.023787658006479084,0
2024-11-06,1314.0023193359375,1316.9271340293028,1289.0676296160968,1298.7837703539942,21625209,0.015360425692149793,-0.05530611492221471,0
2024-11-07,1294.4710693359375,1312.6639327180499,1291.4471349781516,1312.6639327180499,9611974,-0.014863938756113138,-0.02914259272199493,0
2024-11-08,1272.7584228515625,1290.505185727704,1264.0833410989228,1286.5394340693545,19814406,-0.016773373309542983,-0.017916187476124446,0
2024-11-11,1261.802978515625,1274.9891511168566,1256.151830843746,1267.9994654475693,9056552,-0.008607638448302146,-0.024396881400138737,0
2024-11-12,1263.33984375,1278.2610337323058,1256.6476373969983,1264.6287615317467,10671091,0.0012179914460044294,-0.040219706105159014,0
2024-11-13,1241.3299560546875,1264.5295076822267,1238.8017408266169,1259.374078659472,14633633,-0.017421984911027644,0.010662431562669772,1
2024-11-14,1256.746826171875,1261.7040163358736,1240.38809863068,1242.866693712679,12612633,0.012419639147505102,0.015304406780977997,1
2024-11-18,1249.9554443359375,1262.0014401044657,1233.24973843027,1256.7467703539512,13620611,-0.0054039379248916886,0.027721593591959026,1
2024-11-19,1231.0189208984375,1270.5276979121372,1224.5745744010292,1249.9553610165642,14183746,-0.015149758756049403,0.041517349335966625,1
2024-11-21,1212.5286865234375,1233.299264427905,1206.8279179645579,1231.0190296194417,19433843,-0.015020268219358646,0.03908422752965235,1
2024-11-22,1254.5655517578125,1257.9859641270039,1211.983221035894,1218.8737871048172,20471957,0.034668759346967004,0.02117908992750217,1
2024-11-25,1275.9805908203125,1293.2811339485756,1271.4694999174592,1278.9549045518283,28923341,0.01706968522489305,0.017210740858482954,1
2024-11-26,1284.606201171875,1286.737817131633,1273.2046638791435,1283.8626226527838,9247557,0.006759985546502145,0.021301195211400392,1
2024-11-27,1282.1275634765625,1292.6864023015983,1274.9892583407009,1282.4250432843673,9572746,-0.0019294922389845315,0.012179062949357666,1
2024-11-28,1259.91943359375,1285.4984608667178,1258.184417128475,1278.905374093644,15027412,-0.01732131069906484,0.04032889395287009,1
2024-11-29,1281.1361083984375,1288.3736540571424,1264.3312830599236,1269.0406134614407,13202307,0.016839707555085237,0.014974463717096764,1
2024-12-02,1297.941162109375,1300.1222774340952,1266.1160245478172,1276.9722229086012,11024152,0.013117305492189812,-0.010694051031465701,0
2024-12-03,1311.9698486328125,1315.4398813546288,1295.8093621182986,1305.7237413234882,16869482,0.010808414844197145,-0.029056193363818705,0
2024-12-04,1297.74267578125,1317.0262168141671,1292.884726573221,1314.6467414933138,19608540,-0.010844130958031162,-0.023492095085479336,0
2024-12-05,1310.7305908203125,1318.5628538088617,1294.966703202915,1303.0964459866593,16858723,0.010008081942164404,-0.044741120027417924,0
2024-12-06,1300.3204345703125,1312.5646685095264,1298.783657405313,1312.5646685095264,9037514,-0.007942254741674204,-0.029506980935907756,0
2024-12-09,1284.0609130859375,1303.7409326166044,1282.0284168341586,1291.8436769577456,14650002,-0.012504242071492144,-0.020731099939186426,0
2024-12-10,1273.8489990234375,1283.812998621138,1269.238788448007,1278.2113501165884,16043729,-0.007952826815636138,-0.03078175179397069,0
2024-12-11,1267.2559814453125,1278.9549980546296,1265.1244866020038,1273.9978081396894,11724373,-0.005175666490439101,-0.019519598634514246,0
2024-12-12,1252.0870361328125,1267.25596445406,1249.8066803924569,1259.1262215126183,20906813,-0.011969914156727657,-0.02569489203426667,0
2024-12-13,1261.951904296875,1264.2817595214547,1228.986588963027,1249.2119494931856,28630222,0.007878739959269243,-0.05306991451850518,0
2024-12-16,1257.44091796875,1270.0321327010022,1255.7059013940218,1264.0835044447913,9486781,-0.0035746103419356245,-0.03626906085221604,0
2024-12-17,1234.6376953125,1253.078416496042,1232.1591005022085,1250.2528426173371,17462791,-0.018134627504476253,-0.01810809250246581,0
2024-12-18,1242.5196533203125,1249.162239402372,1230.027558928225,1230.027558928225,12670179,0.006384025076941802,-0.029283836348397818,0
2024-12-19,1219.914794921875,1234.2411461229626,1218.4772582835096,1228.3916379278016,14244653,-0.01819275722362368,-0.007639333481562427,0
2024-12-20,1194.980224609375,1228.8873545167635,1191.2127119418244,1213.5200660980383,20312896,-0.020439599893611327,0.004480207835552363,1
2024-12-23,1211.834716796875,1216.6926661807136,1202.8125341694108,1204.5971709809228,10052824,0.014104410968817094,-0.005604315351025235,0
2024-12-24,1212.28076171875,1222.9883400626134,1210.5457452942906,1211.834663048231,6734917,0.00036807405803163107,-0.0012267641821511743,0
2024-12-26,1206.1339111328125,1217.1883476811242,1203.8535553911518,1213.767935093776,10016178,-0.005070484313569934,0.02075541798924352,1
2024-12-27,1210.595458984375,1217.3867853075249,1206.5800865394056,1207.86900439277,7000397,0.003699048513918557,0.024650914502261534,1
2024-12-30,1200.333984375,1212.7269598518426,1197.756269680847,1205.9852538075309,8818766,-0.008476386172787898,0.0060295108295054245,1
2024-12-31,1205.043212890625,1208.6619856280877,1195.8229125326573,1197.6570485426987,6405475,0.0039232651719653955,0.02089758678178888,1
2025-01-01,1210.7935791015625,1215.800389087432,1201.2261788160188,1204.4483521073844,5892590,0.004771917014613658,0.03623343943801394,1
2025-01-02,1231.167724609375,1233.7949384205442,1209.554328364606,1210.7936258321927,15486276,0.016827100720942623,0.010428302335399486,1
2025-01-03,1240.437744140625,1251.244443122699,1224.921714407087,1233.2498182568117,15521102,0.00752945301111696,-0.0073932758663786124,0
2025-01-06,1207.5714111328125,1251.1946805005002,1204.5970973122883,1243.213556672038,14816766,-0.026495753747466266,0.017939281824224107,1
2025-01-07,1230.2257080078125,1233.8444805890147,1210.7935491517349,1211.5371275851955,10070505,0.01876021299125341,-0.0016922985482549224,0
2025-01-08,1254.664794921875,1260.167324257905,1234.6872949225542,1238.3060678446636,19346579,0.019865530979382928,-0.010509802578541394,0
2025-01-09,1244.0067138671875,1258.8782824728921,1237.364128300027,1256.1518282285128,12794704,-0.008494763778998937,0.009324590764920426,1
2025-01-10,1231.266845703125,1245.9896754309787,1225.4173374439545,1243.114481097643,8120332,-0.010240996308177985,0.04867537305664249,1
2025-01-13,1229.234375,1234.5881643828388,1215.899582365329,1219.4687349455062,13764861,-0.0016507150421680716,0.05290962521132303,1
2025-01-14,1228.143798828125,1242.6187691440975,1216.742262047884,1233.4479678208604,13095266,-0.0008871995398558319,0.028213924842514837,1
2025-01-15,1241.478515625,1246.2374660533972,1231.2171573529768,1234.2905907014622,9578856,0.010857618472363662,0.019885071982908453,1
2025-01-16,1255.6065673828125,1264.0834104275011,1240.586378973141,1248.1212833322295,14117603,0.011380021144143493,-0.002210884403343605,0
2025-01-17,1291.19921875,1314.6467509950228,1273.997794139219,1310.9288585996749,29366277,0.028346977701285025,-0.043037468952978,0
2025-01-20,1294.272705078125,1304.7324245206253,1289.1172758229052,1304.7324245206253,14040244,0.0023803347179069956,-0.05829411841268084,0
2025-01-21,1262.7945556640625,1301.7581181984158,1259.324522599558,1299.2795231523412,14562976,-0.024321110451110406,-0.03085488350538579,0
2025-01-22,1266.1654052734375,1271.9157939003728,1257.83730213362,1267.3552034506358,10273590,0.00266935709712679,-0.03257376504071807,0
2025-01-23,1252.83056640625,1266.4132176584087,1250.7980702365203,1259.126173066555,8720682,-0.01053167209564354,-0.008388329240388126,0
2025-01-24,1235.6292724609375,1262.1006196074513,1232.8531975505623,1255.1605533566642,14235970,-0.013729944340881262,0.015084553620604124,1
2025-01-27,1218.82421875,1229.8291557820492,1209.5542981292017,1228.4907387555406,9536019,-0.013600401095603454,0.02867373461231537,1
2025-01-28,1223.8311767578125,1234.0925365684338,1208.0672872533735,1227.400329601704,10568025,0.004108023069107958,0.009316227167882385,1
2025-01-29,1224.921630859375,1232.1095562529247,1217.53546627882,1225.4173498520336,5928156,0.0008910167695281856,0.04022658496766862,1
2025-01-30,1242.3214111328125,1246.237542749693,1221.8481926097397,1224.971246456504,9269259,0.01420481101409754,0.02007094950554178,1
2025-01-31,1254.2681884765625,1256.1519448799122,1238.306060895825,1245.09738698474,6584612,0.0096164947627011,0.013002964000363937,1
2025-02-01,1253.7724609375,1259.6715896071485,1230.374548522757,1254.2681799336815,7118453,-0.00039523248984307813,0.001660613320891624,1
2025-02-03,1235.232666015625,1245.2461659154887,1226.9541826685895,1240.2889757645512,9252345,-0.014787208604033264,0.006220361524913454,1
2025-02-04,1274.196044921875,1277.7653184740125,1235.9265630557768,1237.3642207434832,16691069,0.03154335209732628,-0.039176721228363354,0
2025-02-05,1267.2559814453125,1279.4507170461238,1265.7688244708304,1271.6679530846961,10112028,-0.005446621423933262,-0.0482318262509126,0
2025-02-06,1270.577392578125,1276.9721191435924,1259.4732145791813,1262.7945076095025,9956001,0.0026209472919784815,-0.05107099246102009,0
2025-02-07,1255.8544921875,1272.7089385364054,1251.1947819010975,1265.2236540965398,8764283,-0.01158756678390982,-0.03903844882756158,0
2025-02-10,1242.916259765625,1255.6562137259161,1234.8856362555493,1253.673337746878,6970972,-0.010302333990412138,-0.022933086622726195,0
2025-02-11,1224.2772216796875,1253.7230036544372,1219.567891058193,1253.7230036544372,8859714,-0.014996213895739241,-0.007652693678179667,0
2025-02-12,1206.1339111328125,1216.3952699200001,1183.1324776076385,1209.0089844264594,21131654,-0.014819609664862288,0.008959735337223274,1
2025-02-13,1205.687744140625,1217.4858807075602,1201.622872489872,1206.629682868639,8511216,-0.0003699149721845263,0.01389683946350484,1
2025-02-14,1206.827880859375,1213.5200872227356,1195.1288642881832,1208.56289732395,10298145,0.0009456318389988727,0.008954583165003305,1
2025-02-17,1214.412353515625,1216.9900679473901,1194.1869953911457,1200.7304615718228,8166683,0.006284634931411404,-0.008449644397437783,0
2025-02-18,1214.908203125,1219.3696743222742,1205.6877809072391,1214.362863790828,6673250,0.0004083041546305566,-0.017463804171161335,0
2025-02-19,1216.9405517578125,1222.1952216847485,1207.125412159616,1209.0586678925579,6217338,0.0016728413122777397,-0.016579101765371362,0
2025-02-20,1222.4429931640625,1228.738599945727,1211.5371757067999,1213.4704313005311,7795582,0.004521536732671194,-0.026682868906946933,0
2025-02-21,1217.634521484375,1229.3830367840985,1211.6858938870325,1218.1797397323817,6904025,-0.003933493591583903,-0.046329864012153776,0
2025-02-24,1204.1510009765625,1212.7764626626977,1200.1356289010387,1206.1338768607443,7172498,-0.011073536656446947,-0.04334939613691857,0
2025-02-25,1193.6912841796875,1210.5457292220917,1191.2126893205104,1200.6313497853835,11552182,-0.008686383010429899,-0.023587956663853382,0
2025-02-27,1196.7647705078125,1204.597154814102,1190.370043898487,1202.416039651657,11509215,0.002574774875932162,0.002071115190214634,1
2025-02-28,1189.82470703125,1206.9270123506615,1183.0830013175257,1191.7084634163882,23007298,-0.005799020532345489,0.04141327360377156,1
2025-03-03,1161.2216796875,1196.1202465389174,1146.1022512006402,1193.6912720117396,17944938,-0.024039698599903736,0.05733192413364496,1
2025-03-04,1151.9517822265625,1163.948157257321,1149.6219272411693,1152.2491409974891,11377373,-0.007982883563999676,0.07350031880547503,1
2025-03-05,1165.5345458984375,1172.8712116641736,1147.0938223968292,1151.0595745918054,8664095,0.01179108698944109,0.06928371515090137,1
2025-03-06,1199.243408203125,1203.5561393973805,1175.002796955133,1186.75131332057,14468014,0.02892137553821139,0.031663436887800156,1
2025-03-07,1239.0992431640625,1244.0564330934674,1201.622838887705,1205.5885908312287,16474965,0.03323414970498373,-0.008761562378795329,0
2025-03-10,1227.7967529296875,1247.2289120927182,1224.8224391488623,1234.3402190424754,11931051,-0.009121537517458145,0.000363288891920055,1
2025-03-11,1236.62060546875,1238.801720552263,1219.2208210077197,1229.3830600118497,10089838,0.0071867371517375656,-0.00012023221994483801,0
2025-03-12,1246.287109375,1252.1861167007874,1233.3487958636417,1247.2289270068015,11977555,0.007816871127249048,0.009625759482462692,1
2025-03-13,1237.215576171875,1253.326444606414,1233.2002036288977,1249.2615727756533,9505270,-0.0072788470127675975,0.02279810996648335,1
2025-03-17,1228.2427978515625,1246.6340190017775,1222.5420300210542,1231.5145912773855,16640917,-0.007252396828106189,0.05105545597616312,1
2025-03-18,1228.2427978515625,1228.2427978515625,1228.2427978515625,1228.2427978515625,0,0.0,0.03761566683380102,1
2025-03-19,1236.471923828125,1242.5196714129374,1228.1934407470596,1230.4241762433128,16162399,0.006699917956740187,0.020767331761767815,1
2025-03-20,1258.2835693359375,1262.1005814534499,1239.347127629136,1241.1316434245866,15971477,0.01764022707469448,0.007130675730042446,1
2025-03-21,1265.4217529296875,1270.0319634187874,1259.2252659887295,1264.0833359554676,21780769,0.005672953035154915,-0.0009793239365696316,0
2025-03-24,1290.9512939453125,1294.8179260458828,1273.254151243817,1279.9463572168718,20299319,0.020174729062875096,-0.0380155100391254,0
2025-03-25,1274.4439697265625,1296.50346593687,1271.6183955406093,1296.50346593687,13713899,-0.012786945794292182,-0.02668318607465625,0
2025-03-26,1262.150146484375,1282.7224842048433,1257.8869148358597,1279.9464094999762,12074747,-0.009646421132837424,-0.01912726434286105,0
2025-03-27,1267.2559814453125,1273.9978081396894,1260.4151561828103,1267.2064821612498,15028056,0.004045346724523613,-0.05750276866395454,0
2025-03-28,1264.1824951171875,1284.6557128160619,1258.1347478785124,1269.0405652360093,18147129,-0.002425308203808707,-0.08579724788563503,0
2025-04-01,1241.8751220703125,1266.9585500115554,1238.603449529153,1253.7723771839194,12099648,-0.017645690501992828,-0.05620300938492684,0
2025-04-02,1240.437744140625,1244.8000957785905,1233.2498182568117,1236.8685913550723,10142590,-0.0011574254964470398,-0.05259167148379018,0
2025-04-03,1238.0086669921875,1241.08222182284,1222.4927580494818,1222.4927580494818,7434366,-0.0019582418867142293,-0.023824842357352494,0
2025-04-04,1194.38525390625,1234.7863505024063,1182.9342181609516,1230.473619610667,17908652,-0.03523675903814394,0.029385029481611813,1
2025-04-07,1155.7191162109375,1161.2216449878495,1105.304523000697,1122.5059464290011,22156106,-0.032373254415905106,0.06313825889864333,1
2025-04-08,1172.0780029296875,1186.3547349162204,1153.3399207865864,1161.9653833278503,19555040,0.014154725390701506,0.07807480849931925,1
2025-04-09,1175.2010498046875,1179.613021672609,1157.9996241138485,1159.4867811653644,10223104,0.0026645384242292014,0.09292604625185175,1
2025-04-11,1208.5133056640625,1212.1816988912137,1184.917153801556,1184.917153801556,11224242,0.02834600587270697,0.059272388140734655,1
2025-04-15,1229.4822998046875,1240.288998738938,1226.5079856590305,1240.288998738938,13378535,0.01735106601006997,0.04830251315563605,1
2025-04-16,1228.689208984375,1230.2754856402491,1218.477348782242,1223.5336585713449,8248464,-0.0006450607873236258,0.05027022215263299,1
2025-04-17,1263.5877685546875,1269.238916912585,1217.0893007676923,1229.5813957339365,15398401,0.028403081361119353,0.020321677128626536,1
2025-04-21,1284.4078369140625,1289.7616259352505,1256.1518559398821,1259.126169726638,10429964,0.016476946736505127,0.056580632205171844,1
2025-04-22,1280.144775390625,1292.7361113748846,1275.2868257139828,1288.8694787336528,13051707,-0.003319087131763432,0.08403027916802475,1
2025-04-23,1288.869384765625,1294.8180126953125,1274.3944143417477,1285.8950708007812,10480888,0.006815330221019433,0.08076920235588325,1
2025-04-24,1290.4556884765625,1293.3308829080645,1279.2525115884996,1281.3345072026398,10468940,0.0012307715038371025,0.09081132295181349,1
2025-04-25,1289.2659912109375,1313.85358083958,1277.071255478384,1292.3394247863746,14431012,-0.0009219202768825374,0.10066138233670885,1
2025-04-28,1357.0804443359375,1362.8307123815491,1308.8964585313056,1328.5269802313521,31104496,0.05259927244439733,0.03806245149971632,1
2025-04-29,1387.7156982421875,1398.8198762816546,1358.2700385179512,1359.2614765022709,32538970,0.022574383142954124,0.00450098947350086,1
2025-04-30,1392.9703369140625,1400.3070020394923,1357.2785702742715,1389.9960230274132,25480745,0.0037865383223170124,0.001423512119176129,1
2025-05-02,1407.6436767578125,1414.4845019236116,1397.0352178747166,1401.8932881277126,13007841,0.010533849468939094,-0.03000429175356334,0
2025-05-05,1419.0452880859375,1427.1750314493302,1414.6829365878357,1418.747808269532,12685649,0.008099785134819015,0.00363291677917732,1
2025-05-06,1408.7342529296875,1419.7391903256466,1398.5223933042987,1418.7477523435755,14084117,-0.007266177649733696,-0.0036597673675610176,0
2025-05-07,1393.9617919921875,1412.2042749259901,1390.6899982666434,1408.7342420156256,13440169,-0.010486336160832499,0.013086839119791138,1
2025-05-08,1394.9532470703125,1408.6351396947061,1386.030305191398,1392.0780527042998,16106175,0.0007112498232164643,0.03354657121002513,1
2025-05-09,1365.4083251953125,1382.8577303043132,1362.731491083779,1373.637308764333,13668904,-0.021179865301615197,0.057508051772731106,1
2025-05-12,1424.2005615234375,1426.6791563050656,1388.013077711669,1388.013077711669,10674081,0.04305835495745569,0.0029934728150240453,1
2025-05-13,1403.57861328125,1435.304626683893,1400.3069407641844,1421.226256646525,11407896,-0.014479665855579138,0.006286682096440899,1
2025-05-14,1412.204345703125,1417.6572548355593,1403.3805230837922,1407.8419941921477,5570160,0.006145528537022882,0.003369673097711745,1
2025-05-15,1441.7491455078125,1448.8875719918406,1400.6044669576877,1412.7992032271827,20177211,0.020921051471469054,-0.030807288476174643,0
2025-05-16,1443.9302978515625,1448.4908883531898,1434.9082364412498,1440.757623701411,9036695,0.0015128514905287105,-0.02032399734983037,0
2025-05-19,1428.4638671875,1442.1456384779733,1425.886031660542,1439.667043567546,6195791,-0.010711341598050206,-0.004164339424384433,0
2025-05-20,1412.4024658203125,1432.6278240113834,1409.6265122020175,1425.88599760598,11270560,-0.011243827538186757,-0.0017548224992375294,0
2025-05-21,1416.9630126953125,1423.9030780659657,1405.9580760983038,1411.708464386899,6136364,0.003228928712150969,-0.011404783403104135,0
2025-05-22,1397.332763671875,1411.6094953044076,1384.9397884743898,1409.031659643212,12134466,-0.013853748367148477,0.005960015549993702,1
2025-05-23,1414.5838623046875,1421.5239286750705,1394.5567410207764,1394.5567410207764,6474883,0.012345734016484755,-0.004135215684893834,0
2025-05-26,1422.5152587890625,1428.6621258406371,1412.898237790455,1419.7391840414937,4842944,0.0056068761250060994,-0.01470594671269676,0
2025-05-27,1409.9239501953125,1424.696400543767,1401.794207036506,1413.8897021801247,12640414,-0.008851440092437768,-0.011672888980932328,0
2025-05-28,1400.8028564453125,1410.4197571984832,1398.621620102477,1407.9411620533203,5944611,-0.006469209739104365,0.007502150038295019,1
2025-05-29,1405.660888671875,1407.842003929875,1396.5395861721686,1400.0096192804465,13771917,0.003468034209246351,0.017350758225624707,1
2025-05-30,1408.7342529296875,1418.3511529457182,1397.6300749154059,1405.8590585766528,13788484,0.0021864194149390226,0.015905322117152343,1
2025-06-02,1401.5958251953125,1405.3633379328091,1383.650821945961,1400.0095486308933,8098668,-0.0050672635520357945,0.02482852754075915,1
2025-06-03,1393.466064453125,1414.2862617875367,1391.3840689247124,1410.1222707307113,11252626,-0.005800360272230853,0.023479156085083996,1
2025-06-04,1411.3118896484375,1413.493004678654,1394.0608455067168,1402.5871874772963,8126827,0.012806788518611167,0.017843410356142453,1
2025-06-05,1430.0501708984375,1442.244785474372,1411.4110884077945,1415.7734397380668,13716817,0.013277207814544667,-0.0005546748685933967,0
2025-06-06,1431.140625,1439.0721282906131,1424.6962785763767,1428.6620302216834,8182161,0.0007625285628107825,-0.010806980336925287,0
2025-06-09,1436.3953857421875,1445.0208477095387,1432.9253528317358,1444.5251287223314,7885125,0.0036717291441485944,-0.00759253607837751,0
2025-06-10,1426.1834716796875,1441.4516401070769,1423.704876838395,1437.5850079496329,7913181,-0.007109403277025583,-0.005074767007081427,0
2025-06-11,1436.4945068359375,1456.0257865422643,1430.7441181682645,1433.4210733170682,8195700,0.007229809741173154,-0.012975363286973018,0
2025-06-12,1429.2569580078125,1444.5251270006308,1422.1186530105915,1441.055094094315,8828114,-0.005038340761961302,-0.005757454452002375,0
2025-06-13,1415.67431640625,1423.2092208521976,1402.1907840779525,1411.8076840776937,9757276,-0.00950328877215667,0.026822585857763537,1
2025-06-16,1425.489501953125,1430.050092219024,1412.204209506703,1414.6828043278585,8458093,0.006933222869926148,0.013214690334751644,1
2025-06-17,1418.9459228515625,1435.602128554236,1413.5922548276174,1435.602128554236,10366599,-0.004590408482557651,0.013694849580673685,1
2025-06-18,1417.85546875,1430.4468040463896,1413.4931173168031,1417.7563491543892,6681735,-0.0007684958841638334,0.02601223651476281,1
2025-06-19,1421.028076171875,1427.5715425014369,1413.4930508573852,1417.8554020854735,10007230,0.0022376098916994103,0.04325679220675904,1
2025-06-20,1453.6463623046875,1458.4053131642288,1415.8725983169522,1418.7477927518771,29010635,0.0229540053991637,0.03355608887301953,1
2025-06-23,1444.326904296875,1451.266970188698,1429.6535737155343,1440.5593915455418,5989078,-0.006411090241396078,0.030065857409858676,1
2025-06-24,1438.378173828125,1462.3709229333156,1430.7440292763747,1452.4565437947847,16402744,-0.004118687016805178,0.053487789473720015,1
2025-06-25,1454.737060546875,1459.7933702625824,1447.9952335758323,1451.4652666586912,7525851,0.011373147212886403,0.03509849540236187,1
2025-06-26,1482.4971923828125,1485.9672251547677,1452.55569413543,1456.5214458748073,14657893,0.01908257690602988,0.015047160400365023,1
2025-06-27,1502.425048828125,1508.9685148979506,1484.0834473001275,1486.5620421012081,11117052,0.013442087140335568,0.007852864176454366,1
2025-06-30,1487.7518310546875,1511.7447031481738,1483.191240482831,1500.838885203447,8409527,-0.009766355922302017,0.027255758548624165,1
2025-07-01,1515.3138427734375,1518.2881567329412,1487.256099345396,1487.7518183386467,10368523,0.018525947099128137,0.00601935755012839,1
2025-07-02,1505.796142578125,1516.9002002088087,1495.7825215605471,1515.3139235508756,6361002,-0.006281009205256427,0.0001315716726755234,1
2025-07-03,1504.8045654296875,1518.783816287235,1500.0456148706696,1507.7788792727886,11283291,-0.0006585068990413445,-0.00039529959336792597,0
2025-07-04,1514.223388671875,1516.900223008299,1504.2097675037892,1510.9515946827762,6603501,0.006259167109516239,-0.021017584077027474,0
2025-07-07,1528.3016357421875,1531.5734294639212,1511.9429091838053,1513.5291857359532,7251074,0.009297338276263556,-0.03749598537426213,0
2025-07-08,1524.43505859375,1531.6726044702705,1517.0983931213486,1522.8487819842126,7171261,-0.002529982994201152,-0.03394900390545552,0
2025-07-09,1505.9942626953125,1537.7202774459709,1497.1704406377573,1523.5426661942138,8870660,-0.012096806482165712,-0.021988140653743327,0
2025-07-10,1504.209716796875,1511.6455019531181,1494.5928164048603,1506.688311848956,10047129,-0.00118496195014961,-0.02689165157095741,0
2025-07-11,1482.3980712890625,1502.0285923917668,1477.540121836759,1499.0542783474266,7234991,-0.014500401948113417,-0.012841115284706883,0
2025-07-14,1470.9964599609375,1487.1569471972039,1466.4358695278945,1479.4236826617216,10311846,-0.007691329035668826,-0.03713684928213601,0
2025-07-15,1472.6820068359375,1483.6869442622558,1469.7076928815193,1473.4750846086956,8132454,0.0011458537942672375,-0.04887572009474972,0
2025-07-16,1472.8802490234375,1478.234038357326,1458.9009976142222,1460.388154594461,10409983,0.0001346130302264381,-0.04106089632420795,0
2025-07-17,1463.759033203125,1476.845965908467,1461.2804382949055,1474.6648507992907,11854613,-0.006192774888766461,-0.0497832811863852,0
2025-07-18,1463.3624267578125,1472.0871292027396,1456.521480639079,1472.0871292027396,10296318,-0.00027095063894810867,-0.05711383970373374,0
2025-07-21,1416.3682861328125,1463.362470991638,1410.9153771961905,1452.4566531183941,22442744,-0.03211380842210021,-0.028699404088068037,0
2025-07-22,1400.70361328125,1419.640054314783,1398.6214967228645,1415.178583447059,20396320,-0.011059745551301958,0.0030436014823744806,1
2025-07-23,1412.4024658203125,1413.7905031420296,1402.2898472373465,1413.7905031420296,8354596,0.008352125623248163,-0.010178212492376049,0
2025-07-24,1390.8883056640625,1410.8161839876018,1384.0473596954969,1407.0486714179167,14740507,-0.015232315630201554,-0.009052710086406512,0
2025-07-25,1379.7841796875,1389.0046012536307,1372.2492752918665,1386.9226057137396,11854722,-0.007983477847461673,0.001437116170370345,1
2025-07-28,1375.7193603515625,1395.746480796028,1373.1416457270684,1380.379191620021,7748361,-0.002945981984557977,0.017223943474884873,1
2025-07-29,1404.966796875,1408.0402305383973,1371.1587845273314,1371.1587845273314,10750072,0.02125974044296597,-0.017923994533901033,0
2025-07-30,1398.0267333984375,1411.1137879299629,1389.3021514025702,1405.9582375902166,7209849,-0.004939663693119933,-0.012268617658730885,0
2025-07-31,1378.2969970703125,1390.5908519212596,1370.365493427784,1376.215001569177,17065827,-0.01411256012262685,-0.0005754135879264544,0
2025-08-01,1381.76708984375,1393.8627060383,1372.4476694796913,1375.025384070285,10321171,0.002517666933043783,-0.018583611409614398,0
2025-08-04,1399.4146728515625,1403.975263237478,1379.7841529413568,1383.155066191865,6312820,0.012771749405182442,-0.017924189670189383,0
2025-08-05,1379.7841796875,1398.918980991344,1376.2150271869518,1398.918980991344,9315972,-0.014027645661354837,-0.008119476339073062,0
2025-08-06,1380.8748779296875,1383.9483114870873,1371.456217044825,1379.9825595355662,5834312,0.0007904846701709545,-0.007323467991474986,0
2025-08-07,1377.50390625,1381.7670168023217,1354.3042341107182,1375.818389126872,9976705,-0.002441185464059914,-0.007278737441193783,0
2025-08-08,1356.0888671875,1385.2370458989403,1353.312792536344,1373.1415514013454,8793606,-0.015546263763997925,0.014196765168672743,1
2025-08-11,1374.331298828125,1376.1159356273254,1349.5453489789295,1358.2700517359046,9997486,0.01345223906930193,0.02854690873278032,1
2025-08-12,1368.5810546875,1389.8969719255274,1363.4255044148417,1370.0682117041065,12244664,-0.004184030550368867,0.027704529026485236,1
2025-08-13,1370.7620849609375,1379.8833867126677,1365.7057756228248,1376.115874093997,7457021,0.00159364347911084,0.03463809755262193,1
2025-08-14,1367.4774169921875,1374.3455639562076,1363.794372575189,1370.961308962897,7126128,-0.002396234915443829,0.025767839409053916,1
2025-08-18,1375.3409423828125,1388.4802648218374,1370.6626218339861,1383.602791829514,11785109,0.005750387752597064,0.022363772903256418,1
2025-08-19,1413.564208984375,1414.460091190419,1382.7068811681168,1383.6027633741608,14384719,0.0277918481328272,-0.024786963085576263,0
2025-08-20,1406.4969482421875,1418.342205158243,1403.510755146132,1406.4969482421875,8725641,-0.004999603624136206,-0.019179010491473636,0
2025-08-21,1418.24267578125,1425.3099750709036,1413.7633861810953,1418.4417067156319,11021323,0.008351050852788644,-0.047445293798271115,0
2025-08-22,1402.71435546875,1416.84907536351,1401.4204113959267,1413.464698965694,5818868,-0.010948986783200665,-0.03924206659869489,0
2025-08-25,1406.0987548828125,1412.9670232567023,1399.230486508923,1408.1890657335161,5979407,0.002412750251587381,-0.032634846751312896,0
2025-08-26,1378.5262451171875,1403.5107021083375,1375.241384232256,1401.519906786198,12145259,-0.019609227068779322,-0.008881519845191033,0
2025-08-28,1379.521728515625,1385.7926612650012,1360.2109883890075,1383.50331940736,13161813,0.0007221359781603987,-0.01919336287751161,0
2025-08-29,1350.9537353515625,1397.0406983353935,1343.7869203796088,1374.7437651325777,18758842,-0.02070862138199292,0.013115282325953714,1
2025-09-01,1347.6689453125,1356.9260708455383,1334.430107544873,1349.759256141992,11232238,-0.0024314600515965568,0.018169756371860357,1
2025-09-02,1360.2109375,1378.128095842481,1348.2661652716795,1348.5648331807902,11517006,0.009306434069823899,0.007098364798658219,1
2025-09-03,1366.2828369140625,1370.1649121838109,1354.2385492379765,1363.3961593284287,7847563,0.004463939560155561,0.003205603279098357,1
2025-09-04,1353.0440673828125,1367.6763641601647,1350.8541196588233,1365.4865379446771,13223177,-0.009689625876550978,0.017656223484065592,1
2025-09-05,1368.671875,1374.6442613636364,1353.0441792852228,1356.7271022727273,5777575,0.011550109855192225,0.014545457788686544,1
2025-09-08,1372.15576171875,1379.6212446443146,1366.0838599076599,1373.6488583038629,6986720,0.0025454506535760313,0.015088828987518621,1
2025-09-09,1369.8662109375,1374.843199236951,1362.4007284883235,1370.2643943031567,9754452,-0.001668579358936717,0.021145266809386998,1
2025-09-10,1370.66259765625,1382.1096709119122,1367.7759200987732,1377.5308659113482,7790815,0.0005813609478000359,0.026724839043046567,1
2025-09-11,1376.9337158203125,1379.1235422027225,1368.6718661340626,1369.6672638548873,9766072,0.004575245705825681,0.02291610316138315,1
2025-09-12,1388.579833984375,1389.873899637371,1374.146566892781,1376.9337291414593,7403368,0.008458009292861446,0.008888862711188938,1
2025-09-15,1392.8599853515625,1394.3530818320328,1382.2091575524387,1386.5889315301856,5396697,0.0030823948774383325,-0.006217447748347538,0
2025-09-16,1398.8323974609375,1401.5199225726963,1391.7649767809332,1398.2350616507645,8686961,0.004287876866437168,-0.011029619341954344,0
2025-09-17,1407.2933349609375,1409.6821922648512,1400.4250664409112,1400.5245819104894,7519417,0.0060485713051525725,-0.021785312581021676,0
2025-09-18,1408.4876708984375,1415.4554544293837,1404.2074124117412,1413.8628424954393,9332642,0.0008486758999204369,-0.030105913931572914,0
2025-09-19,1400.9227294921875,1410.4785229891424,1397.1401696768169,1408.3882121473878,13461373,-0.005370967430211482,-0.021173788655443726,0
2025-09-22,1384.199951171875,1404.2074196840813,1381.6119415772491,1397.4387885526373,7757970,-0.01193697408733907,-0.012800186536002123,0
2025-09-23,1383.40380859375,1388.5798281670254,1370.4636381520502,1384.5982372618869,14014702,-0.0005751644315916682,-0.018563919171568966,0
2025-09-24,1376.635009765625,1389.5751797778832,1374.0470000648747,1378.9244730635044,5922759,-0.004892858315176718,-0.010339888807644693,0
2025-09-25,1366.0838623046875,1378.128150477363,1362.6994857374575,1374.942926360271,11411143,-0.007664448009885971,-0.006557883019676858,0
2025-09-26,1371.2598876953125,1376.3363918134596,1359.7132983361805,1365.685684712474,9879109,0.0037889514205171615,-0.0018873247285473571,0
2025-09-29,1366.48193359375,1382.6073268149732,1361.7039763015719,1375.2413599514077,14231999,-0.0034843534361621575,0.008741296847837532,1
2025-09-30,1357.722412109375,1370.7620971908361,1356.5279835173724,1370.7620971908361,14604684,-0.006410272444172027,0.0024927035039543632,1
2025-10-01,1362.4007568359375,1372.255218175594,1356.4283707523282,1360.7086293823172,12045916,0.003445729911237372,0.006648724682228879,1
2025-10-03,1357.125244140625,1365.287456651113,1350.6551591113212,1356.926091696157,12842347,-0.0038722179717254335,0.013422267635823326,1
2025-10-06,1368.671875,1371.0608538471567,1352.7455113636363,1353.740909090909,12396580,0.008508154209957652,0.0,0
2025-10-07,1378.4267578125,1389.47564777439,1369.5676941462978,1369.667209612737,11244040,0.00712726183001311,-0.0064268984469811885,0
2025-10-08,1361.1068115234375,1382.6073771032557,1358.2201339506064,1378.426755451918,8525081,-0.012565010212474692,0.005046103711085825,1
2025-10-09,1371.458984375,1373.6488106871855,1362.7989515764332,1367.676424553763,8826633,0.007605702038898432,0.014878782290187686,1
2025-10-10,1375.3409423828125,1381.6119964455866,1368.7713419175536,1371.45898859096,6373084,0.0028305316105254885,0.025403590888729344,1
2025-10-13,1368.671875,1371.3594002602317,1361.505059967041,1370.5631549835205,7600682,-0.0048490284679943985,0.06676358525029968,1
2025-10-14,1369.5677490234375,1381.612037149334,1363.7943936365562,1373.6488553790207,9768174,0.0006545571950453688,0.06490289807058236,1
2025-10-15,1367.97509765625,1377.6304066718624,1366.382364141153,1376.6350089791804,10882743,-0.001162886150263942,0.053918314199712825,1
2025-10-16,1391.8646240234375,1394.0544503152107,1368.671809484766,1368.7713249510273,12315932,0.017463421964418302,0.03811770669667269,1
2025-10-17,1410.279541015625,1416.7496262080865,1392.6609284325848,1394.5522084059296,19335561,0.013230393728203227,0.04750130052687562,1
2025-10-20,1460.04931640625,1467.0170999313523,1426.7034952504036,1433.3726108781723,24721978,0.035290716445324666,0.013703351068045766,1
2025-10-21,1458.4566650390625,1467.2162134241023,1453.2806455896807,1461.2438272093502,2066169,-0.0010908202546936474,0.026617475514277844,1
2025-10-23,1441.7340087890625,1476.0752283864208,1437.9514490416038,1468.2115624957596,18707090,-0.0114659946029676,0.027685693082154073,1
2025-10-24,1444.9193115234375,1453.0816457634617,1434.3681199531734,1443.3266994671071,9700837,0.002209355342217556,0.02397358267819305,1
2025-10-27,1477.2696533203125,1478.16553552233,1451.289798512833,1456.266786847925,14113867,0.022389029988648,0.00040432025237913116,1
2025-10-28,1480.056884765625,1485.1333888036675,1470.79963742504,1477.26972256393,17631577,0.0018867452120525652,-0.009281111021486321,0
2025-10-29,1497.277099609375,1501.3583271895798,1481.2512217130793,1483.1425015536738,11884745,0.01163483310742941,-0.005384856331814625,0
2025-10-30,1481.6494140625,1496.1821955688695,1477.1701246011085,1493.0964871305005,9318663,-0.010437403705000348,-0.007054070994833239,0
2025-10-31,1479.5592041015625,1490.6080945575152,1475.4780977270138,1483.540795005222,8758053,-0.0014107318108448341,0.0019509842334699545,1
2025-11-03,1477.866943359375,1488.1195884585134,1472.4918928888083,1479.1610089962214,8452085,-0.0011437600722541408,0.005859819937512167,1
2025-11-04,1466.3203125,1485.9297198935935,1463.334119430687,1477.07065615293,10007806,-0.0078130381840249,0.02606747398622189,1
2025-11-06,1489.2144775390625,1494.6891648996161,1469.406038969176,1477.1701896475465,16772678,0.015613345081491259,0.009892419000716801,1
2025-11-07,1471.19775390625,1491.5038906434634,1469.1074431042953,1487.7213309001133,7821765,-0.012098138921255441,0.02767254903978178,1
2025-11-10,1482.44580078125,1494.0919049344996,1468.7092643110286,1471.0982430243503,7068438,0.007645503023053557,0.019472264775700188,1
2025-11-11,1486.5269775390625,1491.9021495222175,1473.3876547459602,1490.1103850249956,7127506,0.0027530023395538894,0.017409875107871953,1
2025-11-12,1504.5435791015625,1517.6827797499902,1493.0965058897411,1498.0734942427068,12384459,0.01211992909292925,0.004895814849891877,1
2025-11-13,1503.9464111328125,1515.0948167835015,1499.8653048593553,1508.0275174062697,7196443,-0.00039690971869799085,0.025282928726984455,1
2025-11-14,1511.9095458984375,1513.900341239272,1498.5711928131457,1498.5711928131457,7682823,0.005294826136542197,0.018236877887585656,1
2025-11-17,1511.3123779296875,1516.6874283079178,1504.5436249599409,1513.900387650411,5871416,-0.0003949759893837612,0.011591859601147725,1
2025-11-18,1512.4072265625,1520.7685911952462,1503.5481631005248,1514.696568271851,11045042,0.0007244356949636099,0.013360517335451183,1
2025-11-19,1511.9095458984375,1515.2939222795571,1505.0412776708577,1510.4164493928117,5692366,-0.0003290652512906167,0.03357691531664719,1
2025-11-20,1541.9705810546875,1543.7623455509595,1519.6736478639639,1522.9585089376258,18171724,0.019882826481121718,0.009231129980209474,1
2025-11-21,1539.4820556640625,1550.6305827884978,1533.0119706260582,1533.9078528560988,9615271,-0.001613860485537244,0.0135135274433833,1
2025-11-24,1528.831298828125,1542.8663816107544,1524.7501927010492,1542.8663816107544,18433951,-0.006918402716518335,0.019662754928743365,1
2025-11-25,1532.61376953125,1552.4222077972818,1518.0809876078647,1528.8313312270848,15033482,0.0024740929270772316,0.004286599976487837,1
2025-11-26,1562.6748046875,1564.3669320995493,1533.4100892950657,1535.2018536795324,14054299,0.019614227507197768,-0.01981012749198685,0
2025-11-27,1556.2047119140625,1568.2489991897637,1548.8387449947777,1567.7513003642512,9794643,-0.004140396168178739,-0.017781720398646783,0
2025-11-28,1560.285888671875,1574.0224254817672,1555.806599039324,1560.7835875199362,8959508,0.002622519213936192,-0.01716111471083004,0
2025-12-01,1558.892333984375,1570.2398922139623,1556.403839701944,1567.7513979315313,8920233,-0.0008931406081523763,-0.014749993852994692,0
2025-12-02,1539.1834716796875,1560.2858537619331,1534.9032130787248,1553.9152843475838,11389150,-0.012642863060538412,-0.010929343989538931,0
2025-12-03,1531.718017578125,1545.2554018922647,1525.9446623591427,1538.0884656023031,6090883,-0.004850269145247221,-0.0012347150910667626,0
2025-12-04,1528.53271484375,1553.3181423785347,1510.6155558800758,1528.9308982335338,11867930,-0.002079562098127874,0.006121353741572744,1
2025-12-05,1533.5096435546875,1538.685784402705,1513.6016899280953,1523.356635808528,10183266,0.003256017134998901,0.010320707380873095,1
2025-12-08,1535.898681640625,1543.861863398969,1527.9354998822807,1532.1161217020071,11301491,0.001557889183141814,0.00855470501622868,1
2025-12-09,1522.3612060546875,1535.4008911036892,1513.1039592099478,1533.211064854301,11503971,-0.008814042063944538,0.008434725077805405,1
2025-12-10,1529.8267822265625,1540.3779737710465,1524.3520947592017,1526.9401045329791,7991629,0.004903945359473916,0.004879934243729789,1
2025-12-11,1537.889404296875,1542.8663926602953,1516.9860531705099,1529.826707449835,4706197,0.005270284298839245,-0.0003883035848231131,0
2025-12-12,1549.3365478515625,1552.62140892391,1538.9843872841,1543.6628294631555,5106655,0.007443411420030577,0.005525140903856807,1
2025-12-15,1549.037841796875,1551.4268205626304,1539.3825327747268,1544.060853330096,5774543,-0.00019279610688960336,0.01233778402325414,1
2025-12-16,1535.201904296875,1544.5585453663573,1531.7180123854912,1537.8894294536826,11731856,-0.008931955777110256,0.01841397210356499,1
2025-12-17,1537.292236328125,1542.8664391614582,1532.2157323461342,1542.8664391614582,7116649,0.0013616007284771303,0.008935484009287897,1
2025-12-18,1537.292236328125,1544.3595357154854,1528.1345045583196,1528.1345045583196,6580829,0.0,0.009582960985105249,1
2025-12-19,1557.8968505859375,1566.9549449740825,1543.8617679066683,1547.2461442463334,13937275,0.013403186310904314,-0.012459205012642305,0
2025-12-22,1568.1495361328125,1570.2398469681211,1558.0960438231807,1566.2582562309594,10184852,0.00658110679344337,-0.022597435008622324,0
2025-12-23,1563.4710693359375,1573.6241984599117,1560.8830596994947,1573.6241984599117,7506564,-0.002983431547231463,-0.00019089698550622813,0
2025-12-24,1551.0286865234375,1568.448146711295,1546.4498812900458,1565.4619535362338,8815745,-0.00795817911602592,,0
2025-12-26,1552.0240478515625,1553.8158123179846,1547.1466963201515,1547.5447581940155,2311495,0.0006417426942348925,,0
2025-12-29,1538.4866943359375,1550.9291658570105,1536.495898892566,1547.7439417510202,5972105,-0.008722386443924313,,0
2025-12-30,1532.71337890625,1546.449793829553,1530.7225835687998,1539.8801935176687,8815884,-0.0037525936694431383,,0
2025-12-31,1563.172607421875,1569.7422080874378,1533.9078900841737,1533.9078900841737,5771830,0.019872749161595316,,0
